metric,column,direction,stratum,stratum_key,method_a,method_b,n,median_diff,ci_lo,ci_hi,p_raw,p_holm
ΔSNR,delta_snr_db,higher,global,global,fk_filter,fx_deconv,54,0.3349761160155389,-0.3010681978077816,2.0936146722035307,0.006999300069993001,0.041995800419958006
ΔSNR,delta_snr_db,higher,global,global,fk_filter,ssa_decomposition,54,0.7518279415380871,-0.9581921303637069,4.077115516267798,0.0006999300069993001,0.005599440055994401
ΔSNR,delta_snr_db,higher,global,global,fk_filter,svd_lowrank,54,0.024392022985399553,-1.4742756446524314,0.5342865611039909,0.7332266773322668,1.0
ΔSNR,delta_snr_db,higher,global,global,fk_filter,wavelet_threshold,54,-0.1691636081933081,-1.3596394057677283,1.713652211896402,0.00029997000299970003,0.0026997300269973002
ΔSNR,delta_snr_db,higher,global,global,fx_deconv,ssa_decomposition,54,0.17034313499135667,-0.3152117690690397,0.8753178880266668,0.06369363063693631,0.19108089191080893
ΔSNR,delta_snr_db,higher,global,global,fx_deconv,svd_lowrank,54,-1.0416184043794272,-3.1703993694857875,-0.4282142010296238,0.021897810218978103,0.10948905109489052
ΔSNR,delta_snr_db,higher,global,global,fx_deconv,wavelet_threshold,54,-0.023997447081316056,-0.1453678144880911,-1.8127498065290126e-05,0.041995800419958006,0.16798320167983202
ΔSNR,delta_snr_db,higher,global,global,ssa_decomposition,svd_lowrank,54,-0.9583231525461291,-1.6731135784682465,-0.4395273910398664,0.0008999100089991,0.0062993700629937
ΔSNR,delta_snr_db,higher,global,global,ssa_decomposition,wavelet_threshold,54,0.046653923505026305,-0.07292777574408404,0.390104069833622,0.5214478552144786,1.0
ΔSNR,delta_snr_db,higher,global,global,svd_lowrank,wavelet_threshold,54,1.032880019969208,0.6797839795007934,1.6115019538128985,9.999000099990002e-05,0.000999900009999
ΔSNR,delta_snr_db,higher,model,M1,fk_filter,fx_deconv,27,-0.01056197954156346,-4.57632038085579,9.448437039109244,0.1075892410758924,0.2993700629937006
ΔSNR,delta_snr_db,higher,model,M1,fk_filter,ssa_decomposition,27,3.89672676462071,-0.961664736993928,9.462598217366526,0.0015998400159984002,0.011198880111988802
ΔSNR,delta_snr_db,higher,model,M1,fk_filter,svd_lowrank,27,0.02041618236031084,-3.3255781807329896,5.55658514307299,0.7253274672532747,0.7253274672532747
ΔSNR,delta_snr_db,higher,model,M1,fk_filter,wavelet_threshold,27,-0.010628529760694505,-1.373126979708836,9.420765498146064,0.0045995400459954,0.023997600239976002
ΔSNR,delta_snr_db,higher,model,M1,fx_deconv,ssa_decomposition,27,2.191432882574631,0.6511721696617094,3.561739718450768,0.00029997000299970003,0.0029997000299970002
ΔSNR,delta_snr_db,higher,model,M1,fx_deconv,svd_lowrank,27,-0.8405115498242983,-3.7982497240659647,1.2017170786730578,0.09979002099790021,0.2993700629937006
ΔSNR,delta_snr_db,higher,model,M1,fx_deconv,wavelet_threshold,27,-1.8100684371802345e-05,-0.02392343102940231,2.9328956706837293,0.003999600039996,0.023997600239976002
ΔSNR,delta_snr_db,higher,model,M1,ssa_decomposition,svd_lowrank,27,-3.6650888497238707,-7.416552894911117,-0.446253077514319,0.00039996000399960006,0.0035996400359964006
ΔSNR,delta_snr_db,higher,model,M1,ssa_decomposition,wavelet_threshold,27,-0.20229059003833338,-2.0461909980200126,0.3764000960689531,0.057694230576942306,0.23077692230776922
ΔSNR,delta_snr_db,higher,model,M1,svd_lowrank,wavelet_threshold,27,1.6188978517038581,0.39771489447085007,3.774159793024861,0.0006999300069993001,0.005599440055994401
ΔSNR,delta_snr_db,higher,model,M2,fk_filter,fx_deconv,27,0.505374386953938,0.17786343607778576,5.3936615562705015,0.0197980201979802,0.18398160183981602
ΔSNR,delta_snr_db,higher,model,M2,fk_filter,ssa_decomposition,27,-0.2077387400719366,-2.281548647544617,4.06824124912775,0.08649135086491351,0.3849615038496151
ΔSNR,delta_snr_db,higher,model,M2,fk_filter,svd_lowrank,27,0.028367863610488264,-1.3184897172330814,1.1844749593551374,0.1401859814018598,0.42055794420557946
ΔSNR,delta_snr_db,higher,model,M2,fk_filter,wavelet_threshold,27,-0.4370668601066363,-1.5688348667968608,4.007998230917332,0.024797520247975203,0.18398160183981602
ΔSNR,delta_snr_db,higher,model,M2,fx_deconv,ssa_decomposition,27,-0.532790885198108,-1.3046043668349245,-0.11588291032497966,0.021597840215978402,0.18398160183981602
ΔSNR,delta_snr_db,higher,model,M2,fx_deconv,svd_lowrank,27,-1.0836484773917539,-3.1958657670368034,-0.43965695679350536,0.07699230076992301,0.3849615038496151
ΔSNR,delta_snr_db,higher,model,M2,fx_deconv,wavelet_threshold,27,-0.39008597789048505,-0.951915304841819,-0.16426584680398287,0.44815518448155184,0.6355364463553644
ΔSNR,delta_snr_db,higher,model,M2,ssa_decomposition,svd_lowrank,27,-0.6335323847648526,-1.1483246737231365,-0.2794663895524523,0.3177682231776822,0.6355364463553644
ΔSNR,delta_snr_db,higher,model,M2,ssa_decomposition,wavelet_threshold,27,0.19026295355468248,-0.010416663653016259,0.7831122439810132,0.0183981601839816,0.18398160183981602
ΔSNR,delta_snr_db,higher,model,M2,svd_lowrank,wavelet_threshold,27,0.7091069813571798,0.29010330528943334,1.3122324528057963,0.022297770222977704,0.18398160183981602
ΔSNR,delta_snr_db,higher,noise,N1,fk_filter,fx_deconv,18,-4.656875357922243,-5.327602944684923,-3.6648250181680058,9.999000099990002e-05,0.000999900009999
ΔSNR,delta_snr_db,higher,noise,N1,fk_filter,ssa_decomposition,18,-2.3181859370041984,-2.885357221227591,-1.556716578450911,0.0030996900309969004,0.015498450154984501
ΔSNR,delta_snr_db,higher,noise,N1,fk_filter,svd_lowrank,18,-0.004614963611860645,-2.9673131889580926,0.4298867731457501,0.0301969803019698,0.1207879212078792
ΔSNR,delta_snr_db,higher,noise,N1,fk_filter,wavelet_threshold,18,-1.572445893590623,-1.7112657184824815,-1.4823281163605402,9.999000099990002e-05,0.000999900009999
ΔSNR,delta_snr_db,higher,noise,N1,fx_deconv,ssa_decomposition,18,2.428311752844057,0.6565188787393694,3.5618281988380422,0.0008999100089991,0.0062993700629937
ΔSNR,delta_snr_db,higher,noise,N1,fx_deconv,svd_lowrank,18,4.135488921393847,2.1632973450342643,5.456179400795731,0.0011998800119988001,0.007199280071992801
ΔSNR,delta_snr_db,higher,noise,N1,fx_deconv,wavelet_threshold,18,3.122300723281919,1.9088696719537073,3.7565377598253815,0.00039996000399960006,0.0031996800319968005
ΔSNR,delta_snr_db,higher,noise,N1,ssa_decomposition,svd_lowrank,18,1.8897529367048125,-0.0077233084208137015,2.960210840487863,0.25507449255074494,0.5101489851014899
ΔSNR,delta_snr_db,higher,noise,N1,ssa_decomposition,wavelet_threshold,18,0.853138325802093,0.018954694164808217,1.2773665546278532,0.7895210478952105,0.7895210478952105
ΔSNR,delta_snr_db,higher,noise,N1,svd_lowrank,wavelet_threshold,18,-1.578803894555274,-1.909343699875524,1.2736073967848824,0.07839216078392161,0.23517648235176483
ΔSNR,delta_snr_db,higher,noise,N2,fk_filter,fx_deconv,18,0.2976513623082917,-0.010216361982680944,1.190219897446604,0.013798620137986202,0.068993100689931
ΔSNR,delta_snr_db,higher,noise,N2,fk_filter,ssa_decomposition,18,-0.20705865930523237,-1.7204923355881139,2.1017117650775834,0.865013498650135,1.0
ΔSNR,delta_snr_db,higher,noise,N2,fk_filter,svd_lowrank,18,-4.161505670956144,-6.5229219436067964,-2.1773497931138914,9.999000099990002e-05,0.000999900009999
ΔSNR,delta_snr_db,higher,noise,N2,fk_filter,wavelet_threshold,18,-0.1691636081933081,-0.5162123423808263,0.5329734229744094,0.8378162183781622,1.0
ΔSNR,delta_snr_db,higher,noise,N2,fx_deconv,ssa_decomposition,18,-1.3161532520027368,-2.0625010490874702,2.0900566698309344,0.5766423357664233,1.0
ΔSNR,delta_snr_db,higher,noise,N2,fx_deconv,svd_lowrank,18,-4.528708354020305,-7.452531261919656,-3.1703993694857875,9.999000099990002e-05,0.000999900009999
ΔSNR,delta_snr_db,higher,noise,N2,fx_deconv,wavelet_threshold,18,-0.15633314697002354,-0.882375242019258,-1.8127498065290126e-05,9.999000099990002e-05,0.000999900009999
ΔSNR,delta_snr_db,higher,noise,N2,ssa_decomposition,svd_lowrank,18,-4.553764541973418,-8.24694839587412,-1.192334677312136,9.999000099990002e-05,0.000999900009999
ΔSNR,delta_snr_db,higher,noise,N2,ssa_decomposition,wavelet_threshold,18,0.3459341398056772,-2.092829166055675,1.9649339678553455,0.6795320467953204,1.0
ΔSNR,delta_snr_db,higher,noise,N2,svd_lowrank,wavelet_threshold,18,3.751416229994719,1.604106055921939,7.452488936467905,9.999000099990002e-05,0.000999900009999
ΔSNR,delta_snr_db,higher,noise,N3,fk_filter,fx_deconv,18,12.495304654289836,10.432643012581327,13.7135341925152,9.999000099990002e-05,0.000999900009999
ΔSNR,delta_snr_db,higher,noise,N3,fk_filter,ssa_decomposition,18,12.744718728760088,11.276388934190837,13.63298827969397,9.999000099990002e-05,0.000999900009999
ΔSNR,delta_snr_db,higher,noise,N3,fk_filter,svd_lowrank,18,11.262389450866714,7.354188159897296,13.133286164878172,9.999000099990002e-05,0.000999900009999
ΔSNR,delta_snr_db,higher,noise,N3,fk_filter,wavelet_threshold,18,12.469447501051015,9.69086494998979,13.685854035145525,9.999000099990002e-05,0.000999900009999
ΔSNR,delta_snr_db,higher,noise,N3,fx_deconv,ssa_decomposition,18,-0.05298332119505049,-0.37546086675890944,0.17034313499135667,0.8524147585241476,0.8524147585241476
ΔSNR,delta_snr_db,higher,noise,N3,fx_deconv,svd_lowrank,18,-0.942951555599739,-3.818251062333326,-0.43965695679350536,9.999000099990002e-05,0.000999900009999
ΔSNR,delta_snr_db,higher,noise,N3,fx_deconv,wavelet_threshold,18,-0.08443764532229295,-0.3682451937102389,-0.024050923251075496,9.999000099990002e-05,0.000999900009999
ΔSNR,delta_snr_db,higher,noise,N3,ssa_decomposition,svd_lowrank,18,-0.7922742880043683,-3.556144853156029,-0.5511364359432327,9.999000099990002e-05,0.000999900009999
ΔSNR,delta_snr_db,higher,noise,N3,ssa_decomposition,wavelet_threshold,18,-0.11355339755013372,-0.46397015698654065,-0.036881244572993035,0.0100989901009899,0.0201979802019798
ΔSNR,delta_snr_db,higher,noise,N3,svd_lowrank,wavelet_threshold,18,0.7609761005792923,0.3794785765577583,3.30748836194564,9.999000099990002e-05,0.000999900009999
ΔSNR,delta_snr_db,higher,level,L1,fk_filter,fx_deconv,18,1.7352138994970927,-0.1373973868290772,5.736458253553694,0.055594440555944404,0.277972202779722
ΔSNR,delta_snr_db,higher,level,L1,fk_filter,ssa_decomposition,18,2.9306320082877866,-0.18457850811578247,6.8698196696158425,0.022797720227977204,0.15958404159584041
ΔSNR,delta_snr_db,higher,level,L1,fk_filter,svd_lowrank,18,-2.298687380514937,-3.39227391282562,2.541883608330145,0.5346465353464653,1.0
ΔSNR,delta_snr_db,higher,level,L1,fk_filter,wavelet_threshold,18,1.4086266693837368,-1.4957487909421872,5.894728978282777,0.0362963703629637,0.2177782221777822
ΔSNR,delta_snr_db,higher,level,L1,fx_deconv,ssa_decomposition,18,-0.20273719517275213,-1.3536275493106578,2.191432882574631,0.42045795420457954,1.0
ΔSNR,delta_snr_db,higher,level,L1,fx_deconv,svd_lowrank,18,-3.62904027982934,-4.723506601403622,-2.6710704880461478,0.0007999200079992001,0.006399360063993601
ΔSNR,delta_snr_db,higher,level,L1,fx_deconv,wavelet_threshold,18,-0.1683257297568479,-1.299447029985199,7.152323178161168e-11,0.936906309369063,1.0
ΔSNR,delta_snr_db,higher,level,L1,ssa_decomposition,svd_lowrank,18,-3.6242225458617687,-5.73046230099588,-1.6903762017434332,9.999000099990002e-05,0.000999900009999
ΔSNR,delta_snr_db,higher,level,L1,ssa_decomposition,wavelet_threshold,18,-0.1805029391607027,-2.0461909980200126,0.362731153576787,0.198980101989801,0.795920407959204
ΔSNR,delta_snr_db,higher,level,L1,svd_lowrank,wavelet_threshold,18,3.21787886086282,1.5664660530003172,3.801795495148829,9.999000099990002e-05,0.000999900009999
ΔSNR,delta_snr_db,higher,level,L2,fk_filter,fx_deconv,18,0.08399634582699367,-2.8105179355850343,10.60311610229429,0.14658534146585342,0.9895010498950105
ΔSNR,delta_snr_db,higher,level,L2,fk_filter,ssa_decomposition,18,0.015454709144070211,-2.2380705529201435,10.303514560439531,0.058894110588941104,0.53004699530047
ΔSNR,delta_snr_db,higher,level,L2,fk_filter,svd_lowrank,18,-0.004614963611860645,-1.7844293291326356,8.16309726807824,0.8284171582841716,1.0
ΔSNR,delta_snr_db,higher,level,L2,fk_filter,wavelet_threshold,18,-0.3685586847934017,-1.4833623893471697,8.852917766366994,0.034096590340965904,0.34096590340965904
ΔSNR,delta_snr_db,higher,level,L2,fx_deconv,ssa_decomposition,18,0.18540184892534306,-0.4415963859421894,1.376018181294845,0.3304669533046695,1.0
ΔSNR,delta_snr_db,higher,level,L2,fx_deconv,svd_lowrank,18,-0.9304478179853852,-2.153120791489123,2.3673974198075705,0.47325267473252675,1.0
ΔSNR,delta_snr_db,higher,level,L2,fx_deconv,wavelet_threshold,18,-0.011991347547662734,-0.322657253968857,1.181509012243668,0.1367863213678632,0.9895010498950105
ΔSNR,delta_snr_db,higher,level,L2,ssa_decomposition,svd_lowrank,18,-0.6833242840242932,-1.249695328172352,0.8084380481775182,0.21497850214978503,1.0
ΔSNR,delta_snr_db,higher,level,L2,ssa_decomposition,wavelet_threshold,18,0.22264552326958365,-0.06663178825704286,0.9019661289844976,0.8045195480451954,1.0
ΔSNR,delta_snr_db,higher,level,L2,svd_lowrank,wavelet_threshold,18,0.7013347404292243,-1.3796507580774993,1.1961357300598894,0.12368763123687632,0.9895010498950105
ΔSNR,delta_snr_db,higher,level,L3,fk_filter,fx_deconv,18,0.09510858707681624,-4.326900915656059,11.292426065423324,0.1653834616538346,0.9923007699230076
ΔSNR,delta_snr_db,higher,level,L3,fk_filter,ssa_decomposition,18,-0.5812291319027112,-2.4170715803230403,11.12217895102421,0.05979402059794021,0.47835216478352166
ΔSNR,delta_snr_db,higher,level,L3,fk_filter,svd_lowrank,18,0.5127891456336275,-1.7153938482326303,10.807045839533455,0.5092490750924907,1.0
ΔSNR,delta_snr_db,higher,level,L3,fk_filter,wavelet_threshold,18,-0.3709907322266348,-1.4563931141566555,12.144245432619975,0.029697030296970302,0.296970302969703
ΔSNR,delta_snr_db,higher,level,L3,fx_deconv,ssa_decomposition,18,0.5267890623429674,-0.11588291032497966,2.151170221257555,0.12868713128687131,0.9008099190080991
ΔSNR,delta_snr_db,higher,level,L3,fx_deconv,svd_lowrank,18,-0.40180785712425326,-1.7315675783812234,4.819875807353802,0.7312268773122688,1.0
ΔSNR,delta_snr_db,higher,level,L3,fx_deconv,wavelet_threshold,18,-0.01204925290794505,-0.1447324972116027,2.733883356778759,0.0524947505249475,0.4724527547245275
ΔSNR,delta_snr_db,higher,level,L3,ssa_decomposition,svd_lowrank,18,-0.38982436721252034,-1.136663256517983,2.3308560646396557,0.36206379362063795,1.0
ΔSNR,delta_snr_db,higher,level,L3,ssa_decomposition,wavelet_threshold,18,0.08992314495083312,-0.1340528561858929,1.0205226837898767,0.7570242975702429,1.0
ΔSNR,delta_snr_db,higher,level,L3,svd_lowrank,wavelet_threshold,18,0.3229747993065928,-1.909343699875524,0.9606515111492326,0.28817118288171184,1.0
ΔSNR,delta_snr_db,higher,f_main,15Hz,fk_filter,fx_deconv,18,0.18932129488649085,-2.3299163008242534,7.31398720756331,0.28017198280171984,1.0
ΔSNR,delta_snr_db,higher,f_main,15Hz,fk_filter,ssa_decomposition,18,-2.736427036451265,-3.5033189658422623,6.4822273502448615,0.5098490150984901,1.0
ΔSNR,delta_snr_db,higher,f_main,15Hz,fk_filter,svd_lowrank,18,-0.15588974113956056,-5.097531057641686,3.104245038041509,0.3304669533046695,1.0
ΔSNR,delta_snr_db,higher,f_main,15Hz,fk_filter,wavelet_threshold,18,-0.971095598052977,-1.711396261002541,5.264880755238726,0.10798920107989202,0.771922807719228
ΔSNR,delta_snr_db,higher,f_main,15Hz,fx_deconv,ssa_decomposition,18,-0.23314239850562524,-2.075845871691511,0.3897659633372239,0.31416858314168583,1.0
ΔSNR,delta_snr_db,higher,f_main,15Hz,fx_deconv,svd_lowrank,18,-1.6768753650964148,-5.7685105399817305,1.2243621235197675,0.0964903509649035,0.771922807719228
ΔSNR,delta_snr_db,higher,f_main,15Hz,fx_deconv,wavelet_threshold,18,-0.024056467460808584,-0.6001287411926843,1.0883514534240226,0.2886711328867113,1.0
ΔSNR,delta_snr_db,higher,f_main,15Hz,ssa_decomposition,svd_lowrank,18,-0.788327942217689,-2.6336353483790695,0.36245512111137224,0.11238876112388761,0.771922807719228
ΔSNR,delta_snr_db,higher,f_main,15Hz,ssa_decomposition,wavelet_threshold,18,1.5685408098635882,-0.032099309690685834,1.9649339678553455,0.0004999500049995,0.004999500049995
ΔSNR,delta_snr_db,higher,f_main,15Hz,svd_lowrank,wavelet_threshold,18,1.4205292514422458,0.34390909988014173,4.17338021725589,0.010198980101989802,0.09179082091790822
ΔSNR,delta_snr_db,higher,f_main,25Hz,fk_filter,fx_deconv,18,0.5228366565629736,-1.9502597553328624,9.165526605908264,0.0917908209179082,0.5507449255074492
ΔSNR,delta_snr_db,higher,f_main,25Hz,fk_filter,ssa_decomposition,18,1.4646372962549146,-1.373991496375432,8.700974263216832,0.024897510248975102,0.23397660233976603
ΔSNR,delta_snr_db,higher,f_main,25Hz,fk_filter,svd_lowrank,18,0.009893178708420436,-2.915893265242774,7.429205539895382,0.3003699630036996,0.974902509749025
ΔSNR,delta_snr_db,higher,f_main,25Hz,fk_filter,wavelet_threshold,18,-0.010258687434432368,-1.373126979708836,7.781459725648222,0.029897010298970104,0.23917608239176083
ΔSNR,delta_snr_db,higher,f_main,25Hz,fx_deconv,ssa_decomposition,18,0.2599502020308639,-0.7448091412248612,2.0927870768406276,0.194980501949805,0.974902509749025
ΔSNR,delta_snr_db,higher,f_main,25Hz,fx_deconv,svd_lowrank,18,-1.8552151004212445,-3.5816497369780285,0.7921535348765206,0.20687931206879312,0.974902509749025
ΔSNR,delta_snr_db,higher,f_main,25Hz,fx_deconv,wavelet_threshold,18,-0.0239439859064845,-0.6251005793230062,0.7881431747123067,0.19988001199880012,0.974902509749025
ΔSNR,delta_snr_db,higher,f_main,25Hz,ssa_decomposition,svd_lowrank,18,-1.0960890380101027,-3.5833562419996667,-0.4233335285605686,0.055594440555944404,0.3891610838916108
ΔSNR,delta_snr_db,higher,f_main,25Hz,ssa_decomposition,wavelet_threshold,18,0.046653923505026305,-0.4405567043830172,0.5271925387032774,0.44145585441455854,0.974902509749025
ΔSNR,delta_snr_db,higher,f_main,25Hz,svd_lowrank,wavelet_threshold,18,1.2768553633759518,0.3106513083189403,2.4941572906638356,0.023397660233976603,0.23397660233976603
ΔSNR,delta_snr_db,higher,f_main,40Hz,fk_filter,fx_deconv,18,0.3349761160155389,-1.3286599751691681,9.448437039109244,0.0714928507149285,0.285971402859714
ΔSNR,delta_snr_db,higher,f_main,40Hz,fk_filter,ssa_decomposition,18,3.9113551928876147,0.19306457111191744,11.995557674887147,0.0022997700229977,0.022997700229977002
ΔSNR,delta_snr_db,higher,f_main,40Hz,fk_filter,svd_lowrank,18,0.26533963085621465,-1.1795792656320994,6.050932097394671,0.0817918208179182,0.285971402859714
ΔSNR,delta_snr_db,higher,f_main,40Hz,fk_filter,wavelet_threshold,18,-0.037839341250044845,-1.393664629460512,9.420765498146064,0.027797220277972202,0.16678332166783322
ΔSNR,delta_snr_db,higher,f_main,40Hz,fx_deconv,ssa_decomposition,18,0.7901086898836782,-0.15009397511272793,3.7839515640679386,0.005699430056994301,0.04559544045595441
ΔSNR,delta_snr_db,higher,f_main,40Hz,fx_deconv,svd_lowrank,18,-1.01527468305913,-3.106837963672678,0.4106557843084603,0.4764523547645235,0.5293470652934706
ΔSNR,delta_snr_db,higher,f_main,40Hz,fx_deconv,wavelet_threshold,18,-0.0240023646773162,-0.3176276977360397,0.3933567604163586,0.2646735326467353,0.5293470652934706
ΔSNR,delta_snr_db,higher,f_main,40Hz,ssa_decomposition,svd_lowrank,18,-0.9446278914238283,-5.70295214700263,-0.2758157785269295,0.011998800119988001,0.08399160083991601
ΔSNR,delta_snr_db,higher,f_main,40Hz,ssa_decomposition,wavelet_threshold,18,-0.8042409705176826,-2.689336494758995,0.11732813291506439,0.004399560043995601,0.03959604039596041
ΔSNR,delta_snr_db,higher,f_main,40Hz,svd_lowrank,wavelet_threshold,18,0.7201929679082353,0.28868055471620674,2.400118445037002,0.051094890510948905,0.25547445255474455
ΔSNR,delta_snr_db,higher,model_x_noise,M1_N1,fk_filter,fx_deconv,9,-5.358978260259928,-6.291653477421331,-4.631073486116183,0.0035996400359964,0.035996400359964
ΔSNR,delta_snr_db,higher,model_x_noise,M1_N1,fk_filter,ssa_decomposition,9,-1.7932634690173783,-3.14833929726451,0.6730640183111767,0.20177982201779823,1.0
ΔSNR,delta_snr_db,higher,model_x_noise,M1_N1,fk_filter,svd_lowrank,9,0.02041618236031084,-3.287425372397209,0.5287240496874173,0.24087591240875914,1.0
ΔSNR,delta_snr_db,higher,model_x_noise,M1_N1,fk_filter,wavelet_threshold,9,-1.4455346338682815,-1.6183706021755384,-1.393664629460512,0.004899510048995101,0.035996400359964
ΔSNR,delta_snr_db,higher,model_x_noise,M1_N1,fx_deconv,ssa_decomposition,9,3.5657147912425495,3.0886842830449464,5.624286119984829,0.0045995400459954,0.035996400359964
ΔSNR,delta_snr_db,higher,model_x_noise,M1_N1,fx_deconv,svd_lowrank,9,5.456179400795731,1.9591972702609581,6.263115787809709,0.004299570042995701,0.035996400359964
ΔSNR,delta_snr_db,higher,model_x_noise,M1_N1,fx_deconv,wavelet_threshold,9,3.9349803976859468,3.2135937778008987,4.670292110571602,0.0036996300369963003,0.035996400359964
ΔSNR,delta_snr_db,higher,model_x_noise,M1_N1,ssa_decomposition,svd_lowrank,9,1.8568965885693804,-3.6650888497238707,3.2098104866969717,0.8602139786021398,1.0
ΔSNR,delta_snr_db,higher,model_x_noise,M1_N1,ssa_decomposition,wavelet_threshold,9,0.4038080435982909,-2.0461909980200126,1.6343419631214031,0.7103289671032896,1.0
ΔSNR,delta_snr_db,higher,model_x_noise,M1_N1,svd_lowrank,wavelet_threshold,9,-1.5001392408033007,-1.9963353620109612,1.6188978517038581,0.27757224277572246,1.0
ΔSNR,delta_snr_db,higher,model_x_noise,M1_N2,fk_filter,fx_deconv,9,-0.01056197954156346,-0.5926039749411576,1.5115505099047741,0.35796420357964204,0.7099290070992901
ΔSNR,delta_snr_db,higher,model_x_noise,M1_N2,fk_filter,ssa_decomposition,9,2.104740802410335,-2.4793199341823,4.180329493513042,0.1257874212578742,0.5564443555644436
ΔSNR,delta_snr_db,higher,model_x_noise,M1_N2,fk_filter,svd_lowrank,9,-7.455955692972154,-29.48468878038222,-3.3255781807329896,0.004399560043995601,0.036896310368963105
ΔSNR,delta_snr_db,higher,model_x_noise,M1_N2,fk_filter,wavelet_threshold,9,-0.010628529760694505,-0.5926152906870055,1.5115505099783757,0.35496450354964504,0.7099290070992901
ΔSNR,delta_snr_db,higher,model_x_noise,M1_N2,fx_deconv,ssa_decomposition,9,2.0955174838503208,-2.046598681553572,4.382674962473059,0.11248875112488751,0.5564443555644436
ΔSNR,delta_snr_db,higher,model_x_noise,M1_N2,fx_deconv,svd_lowrank,9,-7.459668810408722,-28.888731763567385,-3.1901977273764146,0.0040995900409959,0.036896310368963105
ΔSNR,delta_snr_db,higher,model_x_noise,M1_N2,fx_deconv,wavelet_threshold,9,-1.8100684371802345e-05,-6.65502191310452e-05,8.175327081971773e-11,0.0332966703329667,0.1997800219978002
ΔSNR,delta_snr_db,higher,model_x_noise,M1_N2,ssa_decomposition,svd_lowrank,9,-8.317521458275243,-27.00536884619992,-7.418072738270826,0.0040995900409959,0.036896310368963105
ΔSNR,delta_snr_db,higher,model_x_noise,M1_N2,ssa_decomposition,wavelet_threshold,9,-2.0955354757288482,-4.382674962333125,2.0465873658077243,0.11128887111288871,0.5564443555644436
ΔSNR,delta_snr_db,higher,model_x_noise,M1_N2,svd_lowrank,wavelet_threshold,9,7.45965070972435,3.190197727458173,28.88869385325238,0.0032996700329967,0.032996700329967
ΔSNR,delta_snr_db,higher,model_x_noise,M1_N3,fk_filter,fx_deconv,9,13.7135341925152,9.478015750461566,14.524873855590247,0.0036996300369963003,0.029597040295970403
ΔSNR,delta_snr_db,higher,model_x_noise,M1_N3,fk_filter,ssa_decomposition,9,13.632453695212527,12.417153501060291,14.427724873604195,0.0030996900309969004,0.028997100289971
ΔSNR,delta_snr_db,higher,model_x_noise,M1_N3,fk_filter,svd_lowrank,9,11.721340616013142,5.679766026395601,13.684362305765948,0.0038996100389961006,0.029597040295970403
ΔSNR,delta_snr_db,higher,model_x_noise,M1_N3,fk_filter,wavelet_threshold,9,13.685854035145525,9.453925819420462,14.497207525567353,0.0044995500449955,0.029597040295970403
ΔSNR,delta_snr_db,higher,model_x_noise,M1_N3,fx_deconv,ssa_decomposition,9,0.17826023665926793,0.009916267934878686,0.8753178880266668,0.0664933506649335,0.100989901009899
ΔSNR,delta_snr_db,higher,model_x_noise,M1_N3,fx_deconv,svd_lowrank,9,-0.8405115498242983,-3.8382524006006875,-0.38040551005613726,0.0028997100289971,0.028997100289971
ΔSNR,delta_snr_db,higher,model_x_noise,M1_N3,fx_deconv,wavelet_threshold,9,-0.0240485284916776,-0.024062387688969268,-0.023956200862954802,0.004299570042995701,0.029597040295970403
ΔSNR,delta_snr_db,higher,model_x_noise,M1_N3,ssa_decomposition,svd_lowrank,9,-1.255723398082804,-4.302783329481295,-0.446253077514319,0.0036996300369963003,0.029597040295970403
ΔSNR,delta_snr_db,higher,model_x_noise,M1_N3,ssa_decomposition,wavelet_threshold,9,-0.20229059003833338,-0.8944811394381376,-0.034078397941771844,0.0504949505049495,0.100989901009899
ΔSNR,delta_snr_db,higher,model_x_noise,M1_N3,svd_lowrank,wavelet_threshold,9,0.8138952860705517,0.36124225864466647,3.829431197272797,0.004399560043995601,0.029597040295970403
ΔSNR,delta_snr_db,higher,model_x_noise,M2_N1,fk_filter,fx_deconv,9,-3.2658199512178596,-4.682677229728304,-0.6346995594478653,0.006799320067993201,0.061193880611938804
ΔSNR,delta_snr_db,higher,model_x_noise,M2_N1,fk_filter,ssa_decomposition,9,-2.742129966354255,-3.4972259789889275,-1.8369384493455572,0.007499250074992501,0.061193880611938804
ΔSNR,delta_snr_db,higher,model_x_noise,M2_N1,fk_filter,svd_lowrank,9,-0.07164991364203566,-3.3715675549304027,0.4926540098280112,0.2161783821617838,0.8843115688431157
ΔSNR,delta_snr_db,higher,model_x_noise,M2_N1,fk_filter,wavelet_threshold,9,-1.7021523617203869,-2.030198445344933,-1.557427911032808,0.0032996700329967,0.032996700329967
ΔSNR,delta_snr_db,higher,model_x_noise,M2_N1,fx_deconv,ssa_decomposition,9,0.5514664932039999,-1.402650731786391,1.7829610611895643,0.5021497850214979,0.8843115688431157
ΔSNR,delta_snr_db,higher,model_x_noise,M2_N1,fx_deconv,svd_lowrank,9,3.1802736696425438,-2.6710704880461478,5.140898790925075,0.16848315168483152,0.8843115688431157
ΔSNR,delta_snr_db,higher,model_x_noise,M2_N1,fx_deconv,wavelet_threshold,9,1.57628634934286,-1.3028909062012808,3.0310076687629386,0.1473852614738526,0.8843115688431157
ΔSNR,delta_snr_db,higher,model_x_noise,M2_N1,ssa_decomposition,svd_lowrank,9,2.7265562080579624,-1.1483246737231365,3.227772082118716,0.10618938106189381,0.7433256674332567
ΔSNR,delta_snr_db,higher,model_x_noise,M2_N1,ssa_decomposition,wavelet_threshold,9,1.1178809599565804,0.10372451066306887,1.5027396566057734,0.15448455154484553,0.8843115688431157
ΔSNR,delta_snr_db,higher,model_x_noise,M2_N1,svd_lowrank,wavelet_threshold,9,-1.603803542911602,-2.04962340702286,1.3002806798562485,0.1703829617038296,0.8843115688431157
ΔSNR,delta_snr_db,higher,model_x_noise,M2_N2,fk_filter,fx_deconv,9,0.505374386953938,0.20077915369519594,2.2283520553176506,0.0033996600339966003,0.031996800319968
ΔSNR,delta_snr_db,higher,model_x_noise,M2_N2,fk_filter,ssa_decomposition,9,-0.9424819122194616,-4.741591322120556,0.8305918647649975,0.12738726127387262,0.25477452254774524
ΔSNR,delta_snr_db,higher,model_x_noise,M2_N2,fk_filter,svd_lowrank,9,-2.7246380141560014,-5.469531908610193,-0.7061496823092592,0.015198480151984802,0.04559544045595441
ΔSNR,delta_snr_db,higher,model_x_noise,M2_N2,fk_filter,wavelet_threshold,9,-0.4370668601066363,-2.3810592319142856,1.305702828789098,0.39636036396360363,0.39636036396360363
ΔSNR,delta_snr_db,higher,model_x_noise,M2_N2,fx_deconv,ssa_decomposition,9,-2.031529539515569,-4.153223821437658,-0.5857860307855827,0.0032996700329967,0.031996800319968
ΔSNR,delta_snr_db,higher,model_x_noise,M2_N2,fx_deconv,svd_lowrank,9,-3.1958657670368034,-5.809074776630718,-1.0161971285506262,0.0035996400359964,0.031996800319968
ΔSNR,delta_snr_db,higher,model_x_noise,M2_N2,fx_deconv,wavelet_threshold,9,-0.9154981316145605,-2.0399492463764943,-0.322657253968857,0.004399560043995601,0.031996800319968
ΔSNR,delta_snr_db,higher,model_x_noise,M2_N2,ssa_decomposition,svd_lowrank,9,-1.1190714720795913,-1.6903762017434332,-0.2794663895524523,0.0040995900409959,0.031996800319968
ΔSNR,delta_snr_db,higher,model_x_noise,M2_N2,ssa_decomposition,wavelet_threshold,9,0.5527797513498829,0.17268255580369107,2.436736685763716,0.0031996800319968005,0.031996800319968
ΔSNR,delta_snr_db,higher,model_x_noise,M2_N2,svd_lowrank,wavelet_threshold,9,1.573445533894879,0.6916949835987767,4.264691448085774,0.0040995900409959,0.031996800319968
ΔSNR,delta_snr_db,higher,model_x_noise,M2_N3,fk_filter,fx_deconv,9,11.416848986053411,9.165526605908264,13.367852761243501,0.0037996200379962005,0.0314968503149685
ΔSNR,delta_snr_db,higher,model_x_noise,M2_N3,fk_filter,ssa_decomposition,9,11.276388934190837,8.10997498535178,13.22161903292062,0.0040995900409959,0.0314968503149685
ΔSNR,delta_snr_db,higher,model_x_noise,M2_N3,fk_filter,svd_lowrank,9,10.807045839533455,4.445665031453348,12.979006964525754,0.0038996100389961006,0.0314968503149685
ΔSNR,delta_snr_db,higher,model_x_noise,M2_N3,fk_filter,wavelet_threshold,9,11.070884048905803,7.781459725648222,13.217606816334147,0.0034996500349965005,0.0314968503149685
ΔSNR,delta_snr_db,higher,model_x_noise,M2_N3,fx_deconv,ssa_decomposition,9,-0.3504018866862708,-1.0890984356181743,-0.11588291032497966,0.014798520147985201,0.0314968503149685
ΔSNR,delta_snr_db,higher,model_x_noise,M2_N3,fx_deconv,svd_lowrank,9,-1.0836484773917539,-4.795463766293512,-0.412455268479606,0.0038996100389961006,0.0314968503149685
ΔSNR,delta_snr_db,higher,model_x_noise,M2_N3,fx_deconv,wavelet_threshold,9,-0.39008597789048505,-1.3856633253531694,-0.1460031317645795,0.0034996500349965005,0.0314968503149685
ΔSNR,delta_snr_db,higher,model_x_noise,M2_N3,ssa_decomposition,svd_lowrank,9,-0.7331161832837338,-3.5833562419996667,-0.3222570420879313,0.0034996500349965005,0.0314968503149685
ΔSNR,delta_snr_db,higher,model_x_noise,M2_N3,ssa_decomposition,wavelet_threshold,9,-0.06024301821041789,-0.3358083724672957,-0.010416663653016259,0.07129287071292871,0.07129287071292871
ΔSNR,delta_snr_db,higher,model_x_noise,M2_N3,svd_lowrank,wavelet_threshold,9,0.6935624995012688,0.2654563233141284,3.369416729623813,0.0029997000299970002,0.029997000299970003
Lsig,lsig,lower,global,global,fk_filter,fx_deconv,54,-0.015853875733549495,-0.019553840502988938,-0.003053756930830191,0.07129287071292871,0.35646435356464357
Lsig,lsig,lower,global,global,fk_filter,ssa_decomposition,54,-0.028583588968585212,-0.03776257074464649,-0.007313666836994108,9.999000099990002e-05,0.000999900009999
Lsig,lsig,lower,global,global,fk_filter,svd_lowrank,54,0.000620015878316264,-0.001347684938875441,0.002718878408421835,0.0093990600939906,0.056394360563943605
Lsig,lsig,lower,global,global,fk_filter,wavelet_threshold,54,0.002946338858714579,0.00023958127853466207,0.00670574430996975,0.1382861713828617,0.5531446855314468
Lsig,lsig,lower,global,global,fx_deconv,ssa_decomposition,54,-0.006085009839066681,-0.027901829636261068,0.0008867524414696227,0.00019998000199980003,0.0015998400159984002
Lsig,lsig,lower,global,global,fx_deconv,svd_lowrank,54,0.016801521362360586,0.01268199640286084,0.01805901406240027,0.9579042095790421,0.9579042095790421
Lsig,lsig,lower,global,global,fx_deconv,wavelet_threshold,54,0.006262733941497678,7.811291671597914e-05,0.019502567006441186,0.28417158284171584,0.5894410558944105
Lsig,lsig,lower,global,global,ssa_decomposition,svd_lowrank,54,0.01688052120157049,0.007221590591630868,0.03491958594829117,0.0004999500049995,0.0034996500349965005
Lsig,lsig,lower,global,global,ssa_decomposition,wavelet_threshold,54,0.01683728421289029,0.006315806991804332,0.03297261881058167,9.999000099990002e-05,0.000999900009999
Lsig,lsig,lower,global,global,svd_lowrank,wavelet_threshold,54,0.00010891193794090267,-0.0001777959540240133,0.0017217685551762093,0.1964803519648035,0.5894410558944105
Lsig,lsig,lower,model,M1,fk_filter,fx_deconv,27,0.000893162918064419,-0.017581887889279474,0.012542211472366236,0.47725227477252274,0.9399060093990601
Lsig,lsig,lower,model,M1,fk_filter,ssa_decomposition,27,-0.03843043065208971,-0.11070691809769087,-0.0241465518257465,0.0006999300069993001,0.005599440055994401
Lsig,lsig,lower,model,M1,fk_filter,svd_lowrank,27,0.00016911512623776743,-0.021377612841285726,0.002725017927486412,0.010498950104989501,0.05249475052494751
Lsig,lsig,lower,model,M1,fk_filter,wavelet_threshold,27,0.0008931629200849556,-0.017541016105215246,0.004629374782935312,0.0912908709129087,0.3651634836516348
Lsig,lsig,lower,model,M1,fx_deconv,ssa_decomposition,27,-0.03943130800041323,-0.1055668975500628,-0.0234948804096291,9.999000099990002e-05,0.000999900009999
Lsig,lsig,lower,model,M1,fx_deconv,svd_lowrank,27,-1.4912338903148768e-08,-0.0014164454605426324,0.012777118516182776,0.13408659134086592,0.40225977402259777
Lsig,lsig,lower,model,M1,fx_deconv,wavelet_threshold,27,1.2470727462736584e-09,-0.007888180922782291,4.087178406423156e-05,0.0030996900309969004,0.0216978302169783
Lsig,lsig,lower,model,M1,ssa_decomposition,svd_lowrank,27,0.0371130333192833,0.007756976453123045,0.08374725248750103,0.005499450054994501,0.032996700329967
Lsig,lsig,lower,model,M1,ssa_decomposition,wavelet_threshold,27,0.033497974450750846,0.0032260231646915327,0.0837131254294293,0.00029997000299970003,0.0026997300269973002
Lsig,lsig,lower,model,M1,svd_lowrank,wavelet_threshold,27,-0.004624841596018735,-0.012736246732118544,6.249588143042502e-08,0.46995300469953005,0.9399060093990601
Lsig,lsig,lower,model,M2,fk_filter,fx_deconv,27,-0.01828304131888247,-0.028452784943893597,-0.015578742400669345,9.999000099990002e-05,0.000999900009999
Lsig,lsig,lower,model,M2,fk_filter,ssa_decomposition,27,-0.011233347029508477,-0.031004806881102052,0.0027444438342887414,0.0173982601739826,0.0695930406959304
Lsig,lsig,lower,model,M2,fk_filter,svd_lowrank,27,0.001920819819788804,-0.0011201986583712464,0.005064156734223172,0.7134286571342866,1.0
Lsig,lsig,lower,model,M2,fk_filter,wavelet_threshold,27,0.006619988631000723,0.0021331646992653825,0.009277407968932123,0.5044495550444955,1.0
Lsig,lsig,lower,model,M2,fx_deconv,ssa_decomposition,27,0.009431424137758795,0.0040106938102731984,0.0195069130143512,0.38686131386861317,1.0
Lsig,lsig,lower,model,M2,fx_deconv,svd_lowrank,27,0.01939816909397568,0.01780654257535488,0.020311984760881013,9.999000099990002e-05,0.000999900009999
Lsig,lsig,lower,model,M2,fx_deconv,wavelet_threshold,27,0.021255130474748144,0.019811627190826336,0.02317408501876536,9.999000099990002e-05,0.000999900009999
Lsig,lsig,lower,model,M2,ssa_decomposition,svd_lowrank,27,0.009083027333954262,0.00032033368121249864,0.021705856407317467,0.0011998800119988001,0.0059994000599940004
Lsig,lsig,lower,model,M2,ssa_decomposition,wavelet_threshold,27,0.010514801674296127,0.003215085834664219,0.030387889206580355,9.999000099990002e-05,0.000999900009999
Lsig,lsig,lower,model,M2,svd_lowrank,wavelet_threshold,27,0.0017744273293678347,0.0006679506048965327,0.003004338864211994,9.999000099990002e-05,0.000999900009999
Lsig,lsig,lower,noise,N1,fk_filter,fx_deconv,18,0.013379404749015483,-0.017584769945537666,0.04713728882992444,0.08489151084891511,0.5093490650934906
Lsig,lsig,lower,noise,N1,fk_filter,ssa_decomposition,18,0.003067517188152565,-0.02414259463487243,0.024230339753969245,0.9918008199180082,1.0
Lsig,lsig,lower,noise,N1,fk_filter,svd_lowrank,18,0.0021920284906511087,-0.001347684938875441,0.010088800902969838,0.8023197680231977,1.0
Lsig,lsig,lower,noise,N1,fk_filter,wavelet_threshold,18,0.015635170116196136,0.0069608320567632435,0.025204567839456384,9.999000099990002e-05,0.000999900009999
Lsig,lsig,lower,noise,N1,fx_deconv,ssa_decomposition,18,-0.0006934232141041479,-0.05824984766604883,0.0195069130143512,0.056194380561943806,0.39336066393360664
Lsig,lsig,lower,noise,N1,fx_deconv,svd_lowrank,18,-0.0024109063837776216,-0.0451230354294554,0.021661202063332205,0.14658534146585342,0.7329267073292671
Lsig,lsig,lower,noise,N1,fx_deconv,wavelet_threshold,18,0.0017538518161051416,-0.030887604588382862,0.026438777565965424,0.5332466753324667,1.0
Lsig,lsig,lower,noise,N1,ssa_decomposition,svd_lowrank,18,0.0004774034558839291,-0.00972720926120925,0.017952451159845277,0.9745025497450255,1.0
Lsig,lsig,lower,noise,N1,ssa_decomposition,wavelet_threshold,18,0.009864821290695583,-0.0007602065096334347,0.03201692719942401,0.030896910308969103,0.24717528247175283
Lsig,lsig,lower,noise,N1,svd_lowrank,wavelet_threshold,18,0.009027867881725557,4.299885541065966e-05,0.023260717969245823,0.0023997600239976003,0.021597840215978402
Lsig,lsig,lower,noise,N2,fk_filter,fx_deconv,18,-0.004580405582623782,-0.01459083769211824,0.0005324561133859124,0.007399260073992601,0.029597040295970403
Lsig,lsig,lower,noise,N2,fk_filter,ssa_decomposition,18,-0.01915923685904808,-0.03762088033486938,0.0006141153092101143,0.010198980101989802,0.030596940305969406
Lsig,lsig,lower,noise,N2,fk_filter,svd_lowrank,18,0.00368907977073826,0.0022931889585693045,0.007655648966778436,9.999000099990002e-05,0.000999900009999
Lsig,lsig,lower,noise,N2,fk_filter,wavelet_threshold,18,0.0034255196429713425,0.0015788737655076962,0.0067432322229871115,0.000999900009999,0.004999500049995
Lsig,lsig,lower,noise,N2,fx_deconv,ssa_decomposition,18,-0.006300275547402871,-0.0361958440348191,0.007269276385173232,0.05319468053194681,0.10638936106389361
Lsig,lsig,lower,noise,N2,fx_deconv,svd_lowrank,18,0.014593762646180829,1.78969643716328e-10,0.018837503389493603,0.00039996000399960006,0.0023997600239976003
Lsig,lsig,lower,noise,N2,fx_deconv,wavelet_threshold,18,0.009043818186372657,1.7097249495856533e-09,0.019991466822856213,9.999000099990002e-05,0.000999900009999
Lsig,lsig,lower,noise,N2,ssa_decomposition,svd_lowrank,18,0.022102447261303663,0.005353567009307003,0.03770331922069764,9.999000099990002e-05,0.000999900009999
Lsig,lsig,lower,noise,N2,ssa_decomposition,wavelet_threshold,18,0.023355322854563834,0.0018526351175257784,0.03771131009609385,0.00029997000299970003,0.0020997900209979003
Lsig,lsig,lower,noise,N2,svd_lowrank,wavelet_threshold,18,0.00023020907037491484,2.9210821363654103e-08,0.0016691097809845839,0.31596840315968405,0.31596840315968405
Lsig,lsig,lower,noise,N3,fk_filter,fx_deconv,18,-0.04212710095935268,-0.08535353509945257,-0.02251599059611591,9.999000099990002e-05,0.000999900009999
Lsig,lsig,lower,noise,N3,fk_filter,ssa_decomposition,18,-0.07989120254679431,-0.15099130165748406,-0.04154404720902968,9.999000099990002e-05,0.000999900009999
Lsig,lsig,lower,noise,N3,fk_filter,svd_lowrank,18,-0.02473071430104925,-0.07099844953170929,-0.00902191014971775,0.00019998000199980003,0.000999900009999
Lsig,lsig,lower,noise,N3,fk_filter,wavelet_threshold,18,-0.026828789686092883,-0.08492440443648724,-0.010631361585992961,0.00039996000399960006,0.0011998800119988001
Lsig,lsig,lower,noise,N3,fx_deconv,ssa_decomposition,18,-0.008152869211755273,-0.052746505246169736,-0.0025129628217157255,0.017598240175982403,0.017598240175982403
Lsig,lsig,lower,noise,N3,fx_deconv,svd_lowrank,18,0.01779814796765046,0.014504947740385507,0.019034995772990157,9.999000099990002e-05,0.000999900009999
Lsig,lsig,lower,noise,N3,fx_deconv,wavelet_threshold,18,0.009073841673211121,0.00035476227153304063,0.019380349604326733,9.999000099990002e-05,0.000999900009999
Lsig,lsig,lower,noise,N3,ssa_decomposition,svd_lowrank,18,0.031738357928544715,0.01688052120157049,0.07973394116328136,9.999000099990002e-05,0.000999900009999
Lsig,lsig,lower,noise,N3,ssa_decomposition,wavelet_threshold,18,0.025069741732402173,0.005333353061310192,0.07162396305018542,9.999000099990002e-05,0.000999900009999
Lsig,lsig,lower,noise,N3,svd_lowrank,wavelet_threshold,18,-0.0065948652514687366,-0.013644439253222895,0.0002122977117506883,0.0034996500349965005,0.006999300069993001
Lsig,lsig,lower,level,L1,fk_filter,fx_deconv,18,-0.015323208133658778,-0.017638743750838327,-0.002034440547071965,0.012198780121987801,0.0463953604639536
Lsig,lsig,lower,level,L1,fk_filter,ssa_decomposition,18,-0.0258372834270155,-0.0418071908369959,-0.0014937439884395985,0.0065993400659934,0.0395960403959604
Lsig,lsig,lower,level,L1,fk_filter,svd_lowrank,18,0.006780873901769126,0.0010248561247543128,0.010738875947703175,0.0115988401159884,0.0463953604639536
Lsig,lsig,lower,level,L1,fk_filter,wavelet_threshold,18,0.003383875711353121,-0.001040434475100317,0.007423712711895978,0.5247475252474753,0.5247475252474753
Lsig,lsig,lower,level,L1,fx_deconv,ssa_decomposition,18,-0.0038811783736574686,-0.03425231144885607,0.007373408262878035,0.07589241075892411,0.15178482151784822
Lsig,lsig,lower,level,L1,fx_deconv,svd_lowrank,18,0.015352474090312419,0.012140498388342923,0.019301792161182826,0.00019998000199980003,0.001999800019998
Lsig,lsig,lower,level,L1,fx_deconv,wavelet_threshold,18,0.008549138134933087,9.584734048107002e-12,0.020212414131521216,0.008799120087991202,0.04399560043995601
Lsig,lsig,lower,level,L1,ssa_decomposition,svd_lowrank,18,0.02426599233944515,0.007221590591630868,0.04280547287674889,0.00029997000299970003,0.0023997600239976003
Lsig,lsig,lower,level,L1,ssa_decomposition,wavelet_threshold,18,0.02184875912440163,0.002504791609414865,0.0370196174897623,0.00019998000199980003,0.001999800019998
Lsig,lsig,lower,level,L1,svd_lowrank,wavelet_threshold,18,-0.002468148693294305,-0.00984571302761822,-0.000243585063358577,0.0031996800319968005,0.022397760223977603
Lsig,lsig,lower,level,L2,fk_filter,fx_deconv,18,-0.017846801051481204,-0.03172565354434444,0.003419369315776015,0.15278472152784722,0.9167083291670833
Lsig,lsig,lower,level,L2,fk_filter,ssa_decomposition,18,-0.027203071820037582,-0.08262177118607109,0.0007378465520827726,0.009099090090990901,0.08189181081891811
Lsig,lsig,lower,level,L2,fk_filter,svd_lowrank,18,0.000620015878316264,-0.009929960539435912,0.0023777044284184006,0.18758124187581243,0.9379062093790622
Lsig,lsig,lower,level,L2,fk_filter,wavelet_threshold,18,0.0029401934714505355,-0.009009194925308679,0.013124893687540162,0.3274672532746725,0.9824017598240176
Lsig,lsig,lower,level,L2,fx_deconv,ssa_decomposition,18,-0.007124049065662521,-0.03332065466947268,0.013871989717255732,0.0570942905709429,0.39966003399660033
Lsig,lsig,lower,level,L2,fx_deconv,svd_lowrank,18,0.014504947740385507,-7.36668462971622e-09,0.01940861505801887,0.5649435056494351,0.9824017598240176
Lsig,lsig,lower,level,L2,fx_deconv,wavelet_threshold,18,0.008970707925933121,5.359606872509899e-09,0.02053337883278724,0.2191780821917808,0.9379062093790622
Lsig,lsig,lower,level,L2,ssa_decomposition,svd_lowrank,18,0.019412087777002332,0.0008821396721772866,0.036805452967292984,0.011498850114988501,0.09199080091990801
Lsig,lsig,lower,level,L2,ssa_decomposition,wavelet_threshold,18,0.01683728421289029,0.0027250876344456654,0.03770081663535986,0.0004999500049995,0.004999500049995
Lsig,lsig,lower,level,L2,svd_lowrank,wavelet_threshold,18,0.001008856220421954,1.3864461823870195e-08,0.0037871581676702385,0.3835616438356164,0.9824017598240176
Lsig,lsig,lower,level,L3,fk_filter,fx_deconv,18,-0.01619852141823537,-0.05516704002311353,0.0034262810598727333,0.30246975302469753,1.0
Lsig,lsig,lower,level,L3,fk_filter,ssa_decomposition,18,-0.032186136273435834,-0.09493592622000488,0.0020023529256132516,0.030996900309969003,0.21697830216978303
Lsig,lsig,lower,level,L3,fk_filter,svd_lowrank,18,-0.012584534260064643,-0.04224091376114662,0.001335875054236797,0.006999300069993001,0.062993700629937
Lsig,lsig,lower,level,L3,fk_filter,wavelet_threshold,18,0.0034262819586927955,-0.03616910982610707,0.01703252822536873,0.2024797520247975,1.0
Lsig,lsig,lower,level,L3,fx_deconv,ssa_decomposition,18,-0.010123619216037825,-0.07775739380524632,0.0040106938102731984,0.014898510148985102,0.11918808119188082
Lsig,lsig,lower,level,L3,fx_deconv,svd_lowrank,18,0.017028544812661167,-2.0063277390887283e-07,0.018526820978565922,0.31296870312968705,1.0
Lsig,lsig,lower,level,L3,fx_deconv,wavelet_threshold,18,0.006262733941497678,1.4783988479296559e-09,0.020606197003465495,0.8101189881011899,1.0
Lsig,lsig,lower,level,L3,ssa_decomposition,svd_lowrank,18,0.011765210265011306,-0.0006041930995287518,0.03628968137088421,0.20327967203279673,1.0
Lsig,lsig,lower,level,L3,ssa_decomposition,wavelet_threshold,18,0.020949335176173704,0.003215085834664219,0.05574486706005767,0.0040995900409959,0.040995900409959006
Lsig,lsig,lower,level,L3,svd_lowrank,wavelet_threshold,18,0.0027705063788778478,2.0199908853141096e-07,0.012712181221040156,0.10168983101689831,0.6101389861013898
Lsig,lsig,lower,f_main,15Hz,fk_filter,fx_deconv,18,-0.0044261551998665835,-0.015578742400669345,0.004526360501853152,0.5516448355164484,1.0
Lsig,lsig,lower,f_main,15Hz,fk_filter,ssa_decomposition,18,0.011261612968447618,-0.005309615860149181,0.0212070625612625,0.7695230476952305,1.0
Lsig,lsig,lower,f_main,15Hz,fk_filter,svd_lowrank,18,0.005882091521318022,-0.009537584955669358,0.014722934908772158,0.36996300369963003,1.0
Lsig,lsig,lower,f_main,15Hz,fk_filter,wavelet_threshold,18,0.010175156565895006,-0.005089284729230336,0.021425540739963486,0.7119288071192881,1.0
Lsig,lsig,lower,f_main,15Hz,fx_deconv,ssa_decomposition,18,0.003801445931208743,-0.0025129628217157255,0.01943230206877688,0.5762423757624238,1.0
Lsig,lsig,lower,f_main,15Hz,fx_deconv,svd_lowrank,18,0.014367558379854765,1.78969643716328e-10,0.01998894759575391,0.9189081091890811,1.0
Lsig,lsig,lower,f_main,15Hz,fx_deconv,wavelet_threshold,18,0.006154095765145778,3.246909613067464e-09,0.019833142780150317,0.9198080191980802,1.0
Lsig,lsig,lower,f_main,15Hz,ssa_decomposition,svd_lowrank,18,0.0001854259215794407,-0.0009250747106232432,0.0018526147801492554,0.4333566643335666,1.0
Lsig,lsig,lower,f_main,15Hz,ssa_decomposition,wavelet_threshold,18,0.0012430151197172778,-0.0007448011409386512,0.0020553621168419803,0.5070492950704929,1.0
Lsig,lsig,lower,f_main,15Hz,svd_lowrank,wavelet_threshold,18,0.00023010679036579055,-0.002512881030631191,0.0034445600174702485,0.4757524247575243,1.0
Lsig,lsig,lower,f_main,25Hz,fk_filter,fx_deconv,18,-0.016507753819311258,-0.021040291816324334,-0.0015194456293410688,0.30786921307869214,1.0
Lsig,lsig,lower,f_main,25Hz,fk_filter,ssa_decomposition,18,-0.02141241556104533,-0.03802571437261271,-0.004535923410568155,0.013898610138986101,0.1250874912508749
Lsig,lsig,lower,f_main,25Hz,fk_filter,svd_lowrank,18,0.00014900377797879451,-0.010619566925092491,0.002897949531318783,0.0882911708829117,0.5297470252974702
Lsig,lsig,lower,f_main,25Hz,fk_filter,wavelet_threshold,18,0.002468393635780091,-0.006919684451193227,0.008057689244132974,0.40335966403359663,1.0
Lsig,lsig,lower,f_main,25Hz,fx_deconv,ssa_decomposition,18,-0.014043427364019062,-0.03770340072646476,0.008178964042564081,0.024297570242975703,0.19438056194380562
Lsig,lsig,lower,f_main,25Hz,fx_deconv,svd_lowrank,18,0.016827674453123338,0.006416719020318877,0.018238679543617076,0.9926007399260074,1.0
Lsig,lsig,lower,f_main,25Hz,fx_deconv,wavelet_threshold,18,0.009073841673211121,4.2590965381260254e-09,0.019934029709396034,0.5748425157484252,1.0
Lsig,lsig,lower,f_main,25Hz,ssa_decomposition,svd_lowrank,18,0.016295119786138006,0.007787322786003304,0.03740691446193398,0.05169483051694831,0.3618638136186382
Lsig,lsig,lower,f_main,25Hz,ssa_decomposition,wavelet_threshold,18,0.01683728421289029,0.010374897105905188,0.03297261881058167,9.999000099990002e-05,0.000999900009999
Lsig,lsig,lower,f_main,25Hz,svd_lowrank,wavelet_threshold,18,7.802589285211883e-08,-0.0023330137037107478,0.0027705063788778478,0.6422357764223577,1.0
Lsig,lsig,lower,f_main,40Hz,fk_filter,fx_deconv,18,-0.02013334339686719,-0.034771625804795855,0.000893162918064419,0.1802819718028197,0.9014098590140985
Lsig,lsig,lower,f_main,40Hz,fk_filter,ssa_decomposition,18,-0.08262177118607109,-0.114818536239976,-0.03232688813985843,9.999000099990002e-05,0.000999900009999
Lsig,lsig,lower,f_main,40Hz,fk_filter,svd_lowrank,18,0.00019065064192106069,-0.0072563154374292544,0.00307011091448353,0.12398760123987601,0.7439256074392561
Lsig,lsig,lower,f_main,40Hz,fk_filter,wavelet_threshold,18,0.0022014806253506836,-0.005372991934832357,0.005191395703952117,0.38046195380461956,1.0
Lsig,lsig,lower,f_main,40Hz,fx_deconv,ssa_decomposition,18,-0.10214395450247696,-0.1213555784519526,-0.0109625489581542,0.0008999100089991,0.0062993700629937
Lsig,lsig,lower,f_main,40Hz,fx_deconv,svd_lowrank,18,0.017976215518336072,0.004922839402565397,0.019419061022062062,0.6992300769923008,1.0
Lsig,lsig,lower,f_main,40Hz,fx_deconv,wavelet_threshold,18,0.009574445856534195,5.087626444150362e-09,0.02213507163333584,0.2638736126387361,1.0
Lsig,lsig,lower,f_main,40Hz,ssa_decomposition,svd_lowrank,18,0.07564744819487856,0.03539181511747956,0.11810086140651131,9.999000099990002e-05,0.000999900009999
Lsig,lsig,lower,f_main,40Hz,ssa_decomposition,wavelet_threshold,18,0.09293471668938091,0.037780008945049376,0.11712213344922114,9.999000099990002e-05,0.000999900009999
Lsig,lsig,lower,f_main,40Hz,svd_lowrank,wavelet_threshold,18,0.0004427537124393295,-0.0028604820476880385,0.0025868208988925187,0.7211278872112789,1.0
Lsig,lsig,lower,model_x_noise,M1_N1,fk_filter,fx_deconv,9,0.05119964671091837,0.014216598025664728,0.1459984635644583,0.004199580041995801,0.035096490350964904
Lsig,lsig,lower,model_x_noise,M1_N1,fk_filter,ssa_decomposition,9,0.008269188601858657,-0.0823383886414175,0.06154108963060964,0.9371062893710629,1.0
Lsig,lsig,lower,model_x_noise,M1_N1,fk_filter,svd_lowrank,9,0.0020142534004690404,-0.026031808461581984,0.011040757640586051,0.40575942405759424,1.0
Lsig,lsig,lower,model_x_noise,M1_N1,fk_filter,wavelet_threshold,9,0.01958934695792889,0.006763608237556283,0.05687669203941126,0.0038996100389961006,0.035096490350964904
Lsig,lsig,lower,model_x_noise,M1_N1,fx_deconv,ssa_decomposition,9,-0.07013003613032184,-0.13455278933150544,-0.0234948804096291,0.0034996500349965005,0.034996500349965
Lsig,lsig,lower,model_x_noise,M1_N1,fx_deconv,svd_lowrank,9,-0.051741000259888675,-0.16971481581111494,-0.003405367307012611,0.004899510048995101,0.035096490350964904
Lsig,lsig,lower,model_x_noise,M1_N1,fx_deconv,wavelet_threshold,9,-0.031610299752989485,-0.08912177152504705,-0.008002066725116226,0.0051994800519948,0.035096490350964904
Lsig,lsig,lower,model_x_noise,M1_N1,ssa_decomposition,svd_lowrank,9,0.0006344732305553595,-0.09170335363521831,0.08374725248750103,0.8582141785821418,1.0
Lsig,lsig,lower,model_x_noise,M1_N1,ssa_decomposition,wavelet_threshold,9,0.015420129760558218,-0.016800726938675035,0.10215630794933252,0.16448355164483552,0.6579342065793421
Lsig,lsig,lower,model_x_noise,M1_N1,svd_lowrank,wavelet_threshold,9,0.020160212748939928,-0.004624841596018735,0.0805930442860679,0.030796920307969204,0.15398460153984603
Lsig,lsig,lower,model_x_noise,M1_N2,fk_filter,fx_deconv,9,0.000893162918064419,-0.0011693745460709375,0.004126002653005983,0.2121787821217878,0.8487151284871512
Lsig,lsig,lower,model_x_noise,M1_N2,fk_filter,ssa_decomposition,9,-0.0376209980931357,-0.11324230824051848,0.0007378465520827726,0.0316968303169683,0.1584841515848415
Lsig,lsig,lower,model_x_noise,M1_N2,fk_filter,svd_lowrank,9,0.00412596842849802,0.0001717305139328434,0.009039165115149631,0.0040995900409959,0.040995900409959006
Lsig,lsig,lower,model_x_noise,M1_N2,fk_filter,wavelet_threshold,9,0.0008931629200849556,-0.0011693745331519938,0.004126007740632427,0.21487851214878512,0.8487151284871512
Lsig,lsig,lower,model_x_noise,M1_N2,fx_deconv,ssa_decomposition,9,-0.03770081051692357,-0.11736831089352447,-0.0018186931692050423,0.014798520147985201,0.11838816118388161
Lsig,lsig,lower,model_x_noise,M1_N2,fx_deconv,svd_lowrank,9,-1.4912338903148768e-08,-1.3536139530502588e-07,0.011694122487146944,0.2526747325267473,0.8487151284871512
Lsig,lsig,lower,model_x_noise,M1_N2,fx_deconv,wavelet_threshold,9,1.2470727462736584e-09,-5.40843411722669e-13,5.087626444150362e-09,0.015198480151984802,0.11838816118388161
Lsig,lsig,lower,model_x_noise,M1_N2,ssa_decomposition,svd_lowrank,9,0.03770584283681062,0.0018865363835524219,0.1173682766690165,0.0045995400459954,0.0413958604139586
Lsig,lsig,lower,model_x_noise,M1_N2,ssa_decomposition,wavelet_threshold,9,0.03770081663535986,0.0018186981055673941,0.11736831598115091,0.016198380161983803,0.11838816118388161
Lsig,lsig,lower,model_x_noise,M1_N2,svd_lowrank,wavelet_threshold,9,1.910950832045316e-08,-0.01169412248617287,1.369422773837845e-07,0.25107489251074894,0.8487151284871512
Lsig,lsig,lower,model_x_noise,M1_N3,fk_filter,fx_deconv,9,-0.08977772779874349,-0.2509789434836222,-0.02178173531691306,0.0047995200479952005,0.032996700329967
Lsig,lsig,lower,model_x_noise,M1_N3,fk_filter,ssa_decomposition,9,-0.12341611647942873,-0.32058542109011096,-0.05075979561572763,0.004199580041995801,0.032996700329967
Lsig,lsig,lower,model_x_noise,M1_N3,fk_filter,svd_lowrank,9,-0.07447006994253828,-0.22597882010505457,-0.008354276413408737,0.0037996200379962005,0.032996700329967
Lsig,lsig,lower,model_x_noise,M1_N3,fk_filter,wavelet_threshold,9,-0.08921281376864997,-0.24938969118488669,-0.021641760216331636,0.0053994600539946005,0.032996700329967
Lsig,lsig,lower,model_x_noise,M1_N3,fx_deconv,ssa_decomposition,9,-0.03230877886289304,-0.15142686937801836,-0.002661109134598008,0.0035996400359964,0.032996700329967
Lsig,lsig,lower,model_x_noise,M1_N3,fx_deconv,svd_lowrank,9,0.013702237624565808,0.012833573402033059,0.018650930523918252,0.0032996700329967,0.032996700329967
Lsig,lsig,lower,model_x_noise,M1_N3,fx_deconv,wavelet_threshold,9,0.0003123978412585132,7.604958198524636e-05,0.0010176774347183948,0.0040995900409959,0.032996700329967
Lsig,lsig,lower,model_x_noise,M1_N3,ssa_decomposition,svd_lowrank,9,0.04280547287674889,0.017968766990803214,0.1648293826572997,0.004199580041995801,0.032996700329967
Lsig,lsig,lower,model_x_noise,M1_N3,ssa_decomposition,wavelet_threshold,9,0.0324472631704125,0.0032260231646915327,0.1517202166738555,0.004199580041995801,0.032996700329967
Lsig,lsig,lower,model_x_noise,M1_N3,svd_lowrank,wavelet_threshold,9,-0.014001394703522893,-0.018134874839870613,-0.012816070960740816,0.004199580041995801,0.032996700329967
Lsig,lsig,lower,model_x_noise,M2_N1,fk_filter,fx_deconv,9,-0.01828304131888247,-0.040855528614856494,0.006327690104289005,0.08599140085991401,0.257974202579742
Lsig,lsig,lower,model_x_noise,M2_N1,fk_filter,ssa_decomposition,9,0.0027444438342887414,-0.020757174241460362,0.02653696650728623,0.7354264573542646,1.0
Lsig,lsig,lower,model_x_noise,M2_N1,fk_filter,svd_lowrank,9,0.005013509966569976,-0.0012283434154585493,0.018045672015415633,0.04659534046595341,0.18638136186381363
Lsig,lsig,lower,model_x_noise,M2_N1,fk_filter,wavelet_threshold,9,0.009277407968932123,0.0031676461721189004,0.02613931729511534,0.0031996800319968005,0.031996800319968
Lsig,lsig,lower,model_x_noise,M2_N1,fx_deconv,ssa_decomposition,9,0.020209276402997224,0.004286775855265781,0.022354163306282544,0.003999600039996,0.035996400359964
Lsig,lsig,lower,model_x_noise,M2_N1,fx_deconv,svd_lowrank,9,0.023010419365783397,0.011717981911126628,0.0418042107807136,0.012798720127987202,0.08959104089591041
Lsig,lsig,lower,model_x_noise,M2_N1,fx_deconv,wavelet_threshold,9,0.030147526691386275,0.019811627190826336,0.050486243579976484,0.0046995300469953,0.0375962403759624
Lsig,lsig,lower,model_x_noise,M2_N1,ssa_decomposition,svd_lowrank,9,0.00032033368121249864,-0.011246845864579481,0.021705856407317467,0.6016398360163984,1.0
Lsig,lsig,lower,model_x_noise,M2_N1,ssa_decomposition,wavelet_threshold,9,0.00729826092229847,-0.0007448011409386512,0.0316176833883004,0.018698130186981302,0.11218878112188782
Lsig,lsig,lower,model_x_noise,M2_N1,svd_lowrank,wavelet_threshold,9,0.004569977471128483,-0.00013155910916080697,0.015526304241702621,0.023397660233976603,0.11698830116988301
Lsig,lsig,lower,model_x_noise,M2_N2,fk_filter,fx_deconv,9,-0.015067673866648212,-0.02072359882428926,-0.006681552381777377,0.003999600039996,0.034996500349965
Lsig,lsig,lower,model_x_noise,M2_N2,fk_filter,ssa_decomposition,9,-0.007040357366474718,-0.03351120905441867,0.018736275387471083,0.3691630836916308,0.5093490650934906
Lsig,lsig,lower,model_x_noise,M2_N2,fk_filter,svd_lowrank,9,0.003252191112978501,0.0009867726316049351,0.017392371112150657,0.0034996500349965005,0.034996500349965
Lsig,lsig,lower,model_x_noise,M2_N2,fk_filter,wavelet_threshold,9,0.006838584063591007,0.002264584610930437,0.01976709562449339,0.0040995900409959,0.034996500349965
Lsig,lsig,lower,model_x_noise,M2_N2,fx_deconv,ssa_decomposition,9,0.009088651699954932,-0.011162556940108613,0.01865532773455653,0.2546745325467453,0.5093490650934906
Lsig,lsig,lower,model_x_noise,M2_N2,fx_deconv,svd_lowrank,9,0.01925510558260615,0.017002391721898418,0.020178810501343302,0.0036996300369963003,0.034996500349965
Lsig,lsig,lower,model_x_noise,M2_N2,fx_deconv,wavelet_threshold,9,0.020128275276238124,0.019325060484519055,0.02299177896913673,0.004399560043995601,0.034996500349965
Lsig,lsig,lower,model_x_noise,M2_N2,ssa_decomposition,svd_lowrank,9,0.009083027333954262,-0.0007788180607562545,0.03591011033000131,0.032096790320967905,0.09629037096290372
Lsig,lsig,lower,model_x_noise,M2_N2,ssa_decomposition,wavelet_threshold,9,0.010234992537514248,0.0010308202370223072,0.037716626945405694,0.0037996200379962005,0.034996500349965
Lsig,lsig,lower,model_x_noise,M2_N2,svd_lowrank,wavelet_threshold,9,0.0017744273293678347,0.0010648667758400556,0.0021693029335730428,0.003999600039996,0.034996500349965
Lsig,lsig,lower,model_x_noise,M2_N3,fk_filter,fx_deconv,9,-0.029813750314047066,-0.05971743490216352,-0.017695599612397184,0.0040995900409959,0.0327967203279672
Lsig,lsig,lower,model_x_noise,M2_N3,fk_filter,ssa_decomposition,9,-0.045183951021902084,-0.08290515373072468,-0.011233347029508477,0.012398760123987601,0.061993800619938005
Lsig,lsig,lower,model_x_noise,M2_N3,fk_filter,svd_lowrank,9,-0.010720893497929977,-0.04656998888435297,0.0001288924297198216,0.058994100589941006,0.23597640235976403
Lsig,lsig,lower,model_x_noise,M2_N3,fk_filter,wavelet_threshold,9,-0.009834489452616075,-0.041123581316641476,0.00030741248862486926,0.0675932406759324,0.23597640235976403
Lsig,lsig,lower,model_x_noise,M2_N3,fx_deconv,ssa_decomposition,9,-0.0030855411912164288,-0.03332065466947268,0.021644968023749017,0.6376362363763624,0.6376362363763624
Lsig,lsig,lower,model_x_noise,M2_N3,fx_deconv,svd_lowrank,9,0.01829159956148464,0.01766083147518751,0.02201457860037695,0.0030996900309969004,0.030996900309969003
Lsig,lsig,lower,model_x_noise,M2_N3,fx_deconv,wavelet_threshold,9,0.019934029709396034,0.017586653580333202,0.024024266107341777,0.0034996500349965005,0.0314968503149685
Lsig,lsig,lower,model_x_noise,M2_N3,ssa_decomposition,svd_lowrank,9,0.020855408563201446,0.0014439456631420745,0.0675476439022561,0.007799220077992201,0.046795320467953205
Lsig,lsig,lower,model_x_noise,M2_N3,ssa_decomposition,wavelet_threshold,9,0.02067219477154963,0.002224152104199798,0.06946418522703751,0.0040995900409959,0.0327967203279672
Lsig,lsig,lower,model_x_noise,M2_N3,svd_lowrank,wavelet_threshold,9,0.0006679506048965327,-0.00036965076923476704,0.0047869684374279575,0.11688831116888311,0.23597640235976403
CNA,cna_db,higher,global,global,fk_filter,fx_deconv,36,15.472631384811447,1.9308043007150582,28.873012496960293,9.999000099990002e-05,0.000999900009999
CNA,cna_db,higher,global,global,fk_filter,ssa_decomposition,36,8.762421306932247,-1.1529271353216122,26.769870261382017,0.00019998000199980003,0.000999900009999
CNA,cna_db,higher,global,global,fk_filter,svd_lowrank,36,11.455119503967373,-4.598565081329454,24.284930572884484,0.4163583641635836,0.4163583641635836
CNA,cna_db,higher,global,global,fk_filter,wavelet_threshold,36,15.770551293652527,2.03883380697501,28.97634567238316,9.999000099990002e-05,0.000999900009999
CNA,cna_db,higher,global,global,fx_deconv,ssa_decomposition,36,-1.8875400009811099,-2.7931372075737646,-1.3704130913096038,9.999000099990002e-05,0.000999900009999
CNA,cna_db,higher,global,global,fx_deconv,svd_lowrank,36,-5.3570507637963125,-7.123945901620296,-1.5422451040774268,9.999000099990002e-05,0.000999900009999
CNA,cna_db,higher,global,global,fx_deconv,wavelet_threshold,36,0.0054846021669566845,0.003019854836809499,0.10654935249079642,9.999000099990002e-05,0.000999900009999
CNA,cna_db,higher,global,global,ssa_decomposition,svd_lowrank,36,-2.443532540526773,-4.859324818678703,-0.8353116901387059,9.999000099990002e-05,0.000999900009999
CNA,cna_db,higher,global,global,ssa_decomposition,wavelet_threshold,36,1.9856193725807454,1.4967248644070303,2.8928658182971505,9.999000099990002e-05,0.000999900009999
CNA,cna_db,higher,global,global,svd_lowrank,wavelet_threshold,36,5.497474744260369,1.6688412165447652,7.297950277280506,9.999000099990002e-05,0.000999900009999
CNA,cna_db,higher,model,M1,fk_filter,fx_deconv,18,16.564744028485837,0.049681558496816894,29.321352094523604,9.999000099990002e-05,0.000999900009999
CNA,cna_db,higher,model,M1,fk_filter,ssa_decomposition,18,8.762421306932247,-1.7308735211869093,26.532206208778497,0.0046995300469953,0.0093990600939906
CNA,cna_db,higher,model,M1,fk_filter,svd_lowrank,18,9.495506799871153,-11.071994846829769,27.67155458422033,0.9286071392860714,0.9286071392860714
CNA,cna_db,higher,model,M1,fk_filter,wavelet_threshold,18,16.56295302091972,0.049557896814353186,29.31887825018967,9.999000099990002e-05,0.000999900009999
CNA,cna_db,higher,model,M1,fx_deconv,ssa_decomposition,18,-2.463114689773783,-4.153775521616048,-1.4343822790575753,9.999000099990002e-05,0.000999900009999
CNA,cna_db,higher,model,M1,fx_deconv,svd_lowrank,18,-7.123945901620296,-14.905038504088512,-1.6840840537441464,9.999000099990002e-05,0.000999900009999
CNA,cna_db,higher,model,M1,fx_deconv,wavelet_threshold,18,0.0013055799341268094,8.384200508746645e-11,0.0032098725085121793,0.0022997700229977,0.007599240075992401
CNA,cna_db,higher,model,M1,ssa_decomposition,svd_lowrank,18,-3.619424393855217,-13.1369596769927,-0.5718208941143659,0.0018998100189981002,0.007599240075992401
CNA,cna_db,higher,model,M1,ssa_decomposition,wavelet_threshold,18,2.4814034088194816,1.4336797794820253,4.133017735190123,9.999000099990002e-05,0.000999900009999
CNA,cna_db,higher,model,M1,svd_lowrank,wavelet_threshold,18,7.125479605998487,1.6763000427461119,14.890758055160546,9.999000099990002e-05,0.000999900009999
CNA,cna_db,higher,model,M2,fk_filter,fx_deconv,18,15.422607132835841,0.03143630593142217,28.683097772463697,0.00039996000399960006,0.0015998400159984002
CNA,cna_db,higher,model,M2,fk_filter,ssa_decomposition,18,12.934170927776073,-1.8602308333185773,27.865819177869334,0.0037996200379962005,0.007599240075992401
CNA,cna_db,higher,model,M2,fk_filter,svd_lowrank,18,11.455119503967373,-2.9749686334862795,26.89759830271696,0.21347865213478653,0.21347865213478653
CNA,cna_db,higher,model,M2,fk_filter,wavelet_threshold,18,15.770551293652527,0.049770260752596635,28.843735222381564,9.999000099990002e-05,0.000999900009999
CNA,cna_db,higher,model,M2,fx_deconv,ssa_decomposition,18,-1.7034447567392959,-2.2574847569670347,-0.409046082973083,0.00019998000199980003,0.000999900009999
CNA,cna_db,higher,model,M2,fx_deconv,svd_lowrank,18,-2.9070836803259055,-6.655625078701856,-1.3181119097761553,9.999000099990002e-05,0.000999900009999
CNA,cna_db,higher,model,M2,fx_deconv,wavelet_threshold,18,0.1270517124265726,0.10278041903680292,0.22864027607303383,9.999000099990002e-05,0.000999900009999
CNA,cna_db,higher,model,M2,ssa_decomposition,svd_lowrank,18,-1.951249201994189,-4.362261341943741,-0.21365073984531763,0.0007999200079992001,0.0023997600239976003
CNA,cna_db,higher,model,M2,ssa_decomposition,wavelet_threshold,18,1.9099020733268448,0.5364274735769192,2.4372809403342703,9.999000099990002e-05,0.000999900009999
CNA,cna_db,higher,model,M2,svd_lowrank,wavelet_threshold,18,3.1275239559609345,1.4723624378184672,7.055315843626435,9.999000099990002e-05,0.000999900009999
CNA,cna_db,higher,noise,N1,fk_filter,fx_deconv,0,,,,,
CNA,cna_db,higher,noise,N1,fk_filter,ssa_decomposition,0,,,,,
CNA,cna_db,higher,noise,N1,fk_filter,svd_lowrank,0,,,,,
CNA,cna_db,higher,noise,N1,fk_filter,wavelet_threshold,0,,,,,
CNA,cna_db,higher,noise,N1,fx_deconv,ssa_decomposition,0,,,,,
CNA,cna_db,higher,noise,N1,fx_deconv,svd_lowrank,0,,,,,
CNA,cna_db,higher,noise,N1,fx_deconv,wavelet_threshold,0,,,,,
CNA,cna_db,higher,noise,N1,ssa_decomposition,svd_lowrank,0,,,,,
CNA,cna_db,higher,noise,N1,ssa_decomposition,wavelet_threshold,0,,,,,
CNA,cna_db,higher,noise,N1,svd_lowrank,wavelet_threshold,0,,,,,
CNA,cna_db,higher,noise,N2,fk_filter,fx_deconv,18,0.04934120462948954,0.010709112715507115,3.7946426460638114,0.021897810218978103,0.021897810218978103
CNA,cna_db,higher,noise,N2,fk_filter,ssa_decomposition,18,-1.8602308333185773,-3.675374401824148,-0.6662139591273255,0.007099290070992901,0.014198580141985802
CNA,cna_db,higher,noise,N2,fk_filter,svd_lowrank,18,-8.840603840126064,-25.03017454543079,-3.5394953913577836,0.00029997000299970003,0.0011998800119988001
CNA,cna_db,higher,noise,N2,fk_filter,wavelet_threshold,18,0.049511423256386314,0.04887618107066592,4.02671035800449,0.00019998000199980003,0.000999900009999
CNA,cna_db,higher,noise,N2,fx_deconv,ssa_decomposition,18,-2.5651810021486057,-4.4125689230812855,-1.8304839966562314,9.999000099990002e-05,0.000999900009999
CNA,cna_db,higher,noise,N2,fx_deconv,svd_lowrank,18,-10.77483637674957,-29.007888012958322,-4.652907487833547,9.999000099990002e-05,0.000999900009999
CNA,cna_db,higher,noise,N2,fx_deconv,wavelet_threshold,18,0.0032365886420905867,8.384200508746645e-11,0.11758459635227084,0.0015998400159984002,0.0047995200479952005
CNA,cna_db,higher,noise,N2,ssa_decomposition,svd_lowrank,18,-8.421291885973268,-24.84785781040474,-2.5909312320014264,9.999000099990002e-05,0.000999900009999
CNA,cna_db,higher,noise,N2,ssa_decomposition,wavelet_threshold,18,2.62026434788626,1.9099020733268448,4.412541109388875,9.999000099990002e-05,0.000999900009999
CNA,cna_db,higher,noise,N2,svd_lowrank,wavelet_threshold,18,10.774834901572568,4.948083419528483,29.152570513913865,9.999000099990002e-05,0.000999900009999
CNA,cna_db,higher,noise,N3,fk_filter,fx_deconv,18,29.16700637980693,28.72679171648305,29.313730745244825,9.999000099990002e-05,0.000999900009999
CNA,cna_db,higher,noise,N3,fk_filter,ssa_decomposition,18,28.16548861644562,26.552578038148326,28.654562211745414,9.999000099990002e-05,0.000999900009999
CNA,cna_db,higher,noise,N3,fk_filter,svd_lowrank,18,27.612348704556744,21.886863063127045,28.15313832675582,9.999000099990002e-05,0.000999900009999
CNA,cna_db,higher,noise,N3,fk_filter,wavelet_threshold,18,29.198175586702913,28.893640809734467,29.31887825018967,9.999000099990002e-05,0.000999900009999
CNA,cna_db,higher,noise,N3,fx_deconv,ssa_decomposition,18,-0.49917163143911786,-2.0173004755364854,-0.037362635054829854,0.0025997400259974,0.0051994800519948
CNA,cna_db,higher,noise,N3,fx_deconv,svd_lowrank,18,-1.541066750283135,-6.655625078701856,-0.8264188655389638,9.999000099990002e-05,0.000999900009999
CNA,cna_db,higher,noise,N3,fx_deconv,wavelet_threshold,18,0.03201548748716526,0.0035277158845560645,0.1364975197415158,9.999000099990002e-05,0.000999900009999
CNA,cna_db,higher,noise,N3,ssa_decomposition,svd_lowrank,18,-0.7617864002035327,-2.021249082393046,0.09337701932769599,0.06519348065193481,0.06519348065193481
CNA,cna_db,higher,noise,N3,ssa_decomposition,wavelet_threshold,18,0.539259959216788,0.0481141815041482,2.0970006244450543,9.999000099990002e-05,0.000999900009999
CNA,cna_db,higher,noise,N3,svd_lowrank,wavelet_threshold,18,1.6333512785343736,0.8335348331737742,7.055315843626435,9.999000099990002e-05,0.000999900009999
CNA,cna_db,higher,level,L1,fk_filter,fx_deconv,12,15.472631384811447,3.9772046664633773,28.87853423430597,0.0010998900109989002,0.0054994500549945015
CNA,cna_db,higher,level,L1,fk_filter,ssa_decomposition,12,8.762421306932247,1.412117489240607,25.813577570378413,0.0021997800219978004,0.006799320067993201
CNA,cna_db,higher,level,L1,fk_filter,svd_lowrank,12,11.455119503967373,-6.71338903041168,21.504983793893285,0.49745025497450257,0.49745025497450257
CNA,cna_db,higher,level,L1,fk_filter,wavelet_threshold,12,15.770551293652527,4.030997903338335,28.97634567238316,0.0008999100089991,0.0053994600539946005
CNA,cna_db,higher,level,L1,fx_deconv,ssa_decomposition,12,-2.3983595996747034,-4.376037648669835,-1.154618977318215,0.0016998300169983002,0.006799320067993201
CNA,cna_db,higher,level,L1,fx_deconv,svd_lowrank,12,-7.214154260504744,-11.455643297517373,-6.460183782569744,0.00029997000299970003,0.0029997000299970002
CNA,cna_db,higher,level,L1,fx_deconv,wavelet_threshold,12,0.05554645500796423,0.001509927460325752,0.2625469123159281,0.0005999400059994001,0.0047995200479952005
CNA,cna_db,higher,level,L1,ssa_decomposition,svd_lowrank,12,-5.188015521237576,-10.456924427347946,-2.5640984500092614,0.0032996700329967,0.006799320067993201
CNA,cna_db,higher,level,L1,ssa_decomposition,wavelet_threshold,12,2.62026434788626,1.424898529120532,4.5182590129016065,0.0005999400059994001,0.0047995200479952005
CNA,cna_db,higher,level,L1,svd_lowrank,wavelet_threshold,12,7.37333057751122,6.6923031438102605,11.460470035849431,0.00029997000299970003,0.0029997000299970002
CNA,cna_db,higher,level,L2,fk_filter,fx_deconv,12,14.127993453835439,-0.0042199338990498055,29.15054871218776,0.0231976802319768,0.0927907209279072
CNA,cna_db,higher,level,L2,fk_filter,ssa_decomposition,12,10.42762263739927,-3.02744859772384,27.44895548386796,0.03189681031896811,0.09569043095690433
CNA,cna_db,higher,level,L2,fk_filter,svd_lowrank,12,12.76404025200858,-10.74042366886913,27.612348704556744,0.8231176882311769,0.8231176882311769
CNA,cna_db,higher,level,L2,fk_filter,wavelet_threshold,12,14.236481461376819,0.049511423256386314,29.198175586702913,0.0007999200079992001,0.0047995200479952005
CNA,cna_db,higher,level,L2,fx_deconv,ssa_decomposition,12,-2.0173004755364854,-4.132978068832441,-0.8986906930833011,0.0014998500149985001,0.007499250074992501
CNA,cna_db,higher,level,L2,fx_deconv,svd_lowrank,12,-1.6777737264718549,-10.78906632140396,-1.392818549374147,0.0005999400059994001,0.0047995200479952005
CNA,cna_db,higher,level,L2,fx_deconv,wavelet_threshold,12,0.05160127874079551,0.0014337263525418854,0.1402660123579929,0.0005999400059994001,0.0047995200479952005
CNA,cna_db,higher,level,L2,ssa_decomposition,svd_lowrank,12,-1.5635903913679159,-8.353067395801528,0.45087639509970323,0.047295270472952705,0.09569043095690433
CNA,cna_db,higher,level,L2,ssa_decomposition,wavelet_threshold,12,2.0970006244450543,1.1095865659719468,4.133017735190123,0.00039996000399960006,0.003999600039996
CNA,cna_db,higher,level,L2,svd_lowrank,wavelet_threshold,12,1.6763000427461119,1.5616529128661156,10.789113808152907,0.0004999500049995,0.0044995500449955
CNA,cna_db,higher,level,L3,fk_filter,fx_deconv,12,14.38010686871008,0.03987225112223554,29.26103161612278,0.0122987701229877,0.046795320467953205
CNA,cna_db,higher,level,L3,fk_filter,ssa_decomposition,12,13.147574669546623,-3.097189742824187,28.654562211745414,0.0313968603139686,0.0627937206279372
CNA,cna_db,higher,level,L3,fk_filter,svd_lowrank,12,13.400852921941025,-10.421887804095926,28.54604823278006,0.5642435756424358,0.5642435756424358
CNA,cna_db,higher,level,L3,fk_filter,wavelet_threshold,12,14.441128370672361,0.04798649374535795,29.288791839070925,0.00029997000299970003,0.0029997000299970002
CNA,cna_db,higher,level,L3,fx_deconv,ssa_decomposition,12,-1.4974523312265395,-3.116103458437128,-0.29674512114898194,0.001999800019998,0.013998600139986002
CNA,cna_db,higher,level,L3,fx_deconv,svd_lowrank,12,-1.0754505401500172,-10.468863251729319,-0.6538166557468412,0.0007999200079992001,0.006399360063993601
CNA,cna_db,higher,level,L3,fx_deconv,wavelet_threshold,12,0.0050405941988393,0.0012683124371961358,0.08204464055641426,0.0032996700329967,0.0197980201979802
CNA,cna_db,higher,level,L3,ssa_decomposition,svd_lowrank,12,-0.7617864002035327,-8.059643017050687,-0.138710882683661,0.011698830116988301,0.046795320467953205
CNA,cna_db,higher,level,L3,ssa_decomposition,wavelet_threshold,12,1.4967248644070303,0.3537245845291792,3.1459205998647004,0.0032996700329967,0.0197980201979802
CNA,cna_db,higher,level,L3,svd_lowrank,wavelet_threshold,12,1.1156764656072986,0.7139321830482903,10.4688120620764,0.0005999400059994001,0.0053994600539946005
CNA,cna_db,higher,f_main,15Hz,fk_filter,fx_deconv,12,15.472631384811447,0.049513820822668565,28.90630411611391,0.0031996800319968005,0.015998400159984
CNA,cna_db,higher,f_main,15Hz,fk_filter,ssa_decomposition,12,13.4118282373628,-4.383664726196152,28.9241255227261,0.0316968303169683,0.0806919308069193
CNA,cna_db,higher,f_main,15Hz,fk_filter,svd_lowrank,12,-2.326136811487414,-41.40972799146948,27.298348778968318,0.41875812418758124,0.41875812418758124
CNA,cna_db,higher,f_main,15Hz,fk_filter,wavelet_threshold,12,15.770551293652527,0.04981673431056351,28.965548112716256,0.0004999500049995,0.0044995500449955
CNA,cna_db,higher,f_main,15Hz,fx_deconv,ssa_decomposition,12,-2.2249657790680577,-4.550832650738753,0.0698854999779366,0.0268973102689731,0.0806919308069193
CNA,cna_db,higher,f_main,15Hz,fx_deconv,svd_lowrank,12,-18.293735495869093,-43.26997641622208,-1.488906869034038,0.0004999500049995,0.0044995500449955
CNA,cna_db,higher,f_main,15Hz,fx_deconv,wavelet_threshold,12,0.004722750822795415,0.0013164321082698878,0.17912363487450622,0.0021997800219978004,0.013198680131986803
CNA,cna_db,higher,f_main,15Hz,ssa_decomposition,svd_lowrank,12,-15.286687401739924,-38.33195207094938,-1.5635903913679159,0.00039996000399960006,0.003999600039996
CNA,cna_db,higher,f_main,15Hz,ssa_decomposition,wavelet_threshold,12,2.231269204685669,0.013780174182012866,4.575035362025952,0.0036996300369963003,0.015998400159984
CNA,cna_db,higher,f_main,15Hz,svd_lowrank,wavelet_threshold,12,18.3178309299073,1.5986855495244567,43.44355300030882,0.0005999400059994001,0.0044995500449955
CNA,cna_db,higher,f_main,25Hz,fk_filter,fx_deconv,12,16.015219460341935,0.04891924667295004,29.170095544397192,0.004899510048995101,0.014698530146985302
CNA,cna_db,higher,f_main,25Hz,fk_filter,ssa_decomposition,12,13.492454744766508,-1.7308735211869093,27.652224327628815,0.0230976902309769,0.0461953804619538
CNA,cna_db,higher,f_main,25Hz,fk_filter,svd_lowrank,12,10.195385458328776,-7.898101207775873,27.51815626480183,0.12868713128687131,0.12868713128687131
CNA,cna_db,higher,f_main,25Hz,fk_filter,wavelet_threshold,12,16.196584549632746,0.049511423256386314,29.21430949030719,0.0006999300069993001,0.006299370062993701
CNA,cna_db,higher,f_main,25Hz,fx_deconv,ssa_decomposition,12,-1.7797927678598593,-2.1554184445922115,-0.6289629054328592,0.0010998900109989002,0.006599340065993401
CNA,cna_db,higher,f_main,25Hz,fx_deconv,svd_lowrank,12,-4.652907487833547,-11.277405169564117,-1.5220368444962837,0.0007999200079992001,0.006299370062993701
CNA,cna_db,higher,f_main,25Hz,fx_deconv,wavelet_threshold,12,0.04764847767910386,0.0018514805836088298,0.20348552537068687,0.0018998100189981002,0.009499050094990502
CNA,cna_db,higher,f_main,25Hz,ssa_decomposition,svd_lowrank,12,-2.5909312320014264,-9.574992609698132,-0.7426631966014883,0.0020997900209979003,0.009499050094990502
CNA,cna_db,higher,f_main,25Hz,ssa_decomposition,wavelet_threshold,12,1.7797913928605484,0.8205712727968044,2.4120404730024685,0.0006999300069993001,0.006299370062993701
CNA,cna_db,higher,f_main,25Hz,svd_lowrank,wavelet_threshold,12,4.855605621402318,1.5955758629315424,11.296051851910729,0.00019998000199980003,0.001999800019998
CNA,cna_db,higher,f_main,40Hz,fk_filter,fx_deconv,12,16.341019124259116,0.04882226121175388,29.291295490582726,0.0029997000299970002,0.011998800119988001
CNA,cna_db,higher,f_main,40Hz,fk_filter,ssa_decomposition,12,8.673579191423698,-1.8602308333185773,25.126843645662838,0.0268973102689731,0.0806919308069193
CNA,cna_db,higher,f_main,40Hz,fk_filter,svd_lowrank,12,12.09825442976473,-1.8621505063466939,27.617696248074868,0.029797020297970205,0.0806919308069193
CNA,cna_db,higher,f_main,40Hz,fk_filter,wavelet_threshold,12,16.44439055480177,0.04935490954377458,29.319707536146318,0.00039996000399960006,0.0035996400359964006
CNA,cna_db,higher,f_main,40Hz,fx_deconv,ssa_decomposition,12,-2.3473229933364674,-4.042861618548919,-1.514472313434692,0.00019998000199980003,0.001999800019998
CNA,cna_db,higher,f_main,40Hz,fx_deconv,svd_lowrank,12,-1.548555431349718,-6.5198086955265335,-1.3181119097761553,0.0007999200079992001,0.0047995200479952005
CNA,cna_db,higher,f_main,40Hz,fx_deconv,wavelet_threshold,12,0.03185431381164551,0.0013055799341268094,0.10278041903680292,0.0022997700229977,0.011498850114988501
CNA,cna_db,higher,f_main,40Hz,ssa_decomposition,svd_lowrank,12,0.29549279980394,-2.6995130578216413,0.5042680756620737,0.6533346665333467,0.6533346665333467
CNA,cna_db,higher,f_main,40Hz,ssa_decomposition,wavelet_threshold,12,2.408734423393116,1.8597704681606673,4.160870422260042,0.00039996000399960006,0.0035996400359964006
CNA,cna_db,higher,f_main,40Hz,svd_lowrank,wavelet_threshold,12,1.6392674060877708,1.4101162321797192,6.5198324725282415,0.00039996000399960006,0.0035996400359964006
CNA,cna_db,higher,model_x_noise,M1_N1,fk_filter,fx_deconv,0,,,,,
CNA,cna_db,higher,model_x_noise,M1_N1,fk_filter,ssa_decomposition,0,,,,,
CNA,cna_db,higher,model_x_noise,M1_N1,fk_filter,svd_lowrank,0,,,,,
CNA,cna_db,higher,model_x_noise,M1_N1,fk_filter,wavelet_threshold,0,,,,,
CNA,cna_db,higher,model_x_noise,M1_N1,fx_deconv,ssa_decomposition,0,,,,,
CNA,cna_db,higher,model_x_noise,M1_N1,fx_deconv,svd_lowrank,0,,,,,
CNA,cna_db,higher,model_x_noise,M1_N1,fx_deconv,wavelet_threshold,0,,,,,
CNA,cna_db,higher,model_x_noise,M1_N1,ssa_decomposition,svd_lowrank,0,,,,,
CNA,cna_db,higher,model_x_noise,M1_N1,ssa_decomposition,wavelet_threshold,0,,,,,
CNA,cna_db,higher,model_x_noise,M1_N1,svd_lowrank,wavelet_threshold,0,,,,,
CNA,cna_db,higher,model_x_noise,M1_N2,fk_filter,fx_deconv,9,0.04935527542238932,0.048483217923510756,4.026749436021437,0.0051994800519948,0.031196880311968805
CNA,cna_db,higher,model_x_noise,M1_N2,fk_filter,ssa_decomposition,9,-1.738913552525903,-4.371568724750937,1.2290181401252993,0.06159384061593841,0.12318768123187682
CNA,cna_db,higher,model_x_noise,M1_N2,fk_filter,svd_lowrank,9,-14.845171112603776,-57.73796457884617,-5.998604495588077,0.0024997500249975004,0.024997500249975005
CNA,cna_db,higher,model_x_noise,M1_N2,fk_filter,wavelet_threshold,9,0.049402459836005205,0.04843328351127311,4.026749436163443,0.003999600039996,0.031196880311968805
CNA,cna_db,higher,model_x_noise,M1_N2,fx_deconv,ssa_decomposition,9,-3.7256250165800164,-4.540331121084865,-1.7721887652703048,0.004299570042995701,0.031196880311968805
CNA,cna_db,higher,model_x_noise,M1_N2,fx_deconv,svd_lowrank,9,-14.919268448742901,-57.78731066199469,-6.380753196988048,0.0038996100389961006,0.031196880311968805
CNA,cna_db,higher,model_x_noise,M1_N2,fx_deconv,wavelet_threshold,9,8.38381477776003e-11,-5.050427357687254e-05,4.74195783203901e-05,1.0,1.0
CNA,cna_db,higher,model_x_noise,M1_N2,ssa_decomposition,svd_lowrank,9,-13.17291009884646,-53.37453174195284,-3.533224692756596,0.0045995400459954,0.031196880311968805
CNA,cna_db,higher,model_x_noise,M1_N2,ssa_decomposition,wavelet_threshold,9,3.725672573999496,1.7722359496839208,4.540362896380749,0.0047995200479952005,0.031196880311968805
CNA,cna_db,higher,model_x_noise,M1_N2,svd_lowrank,wavelet_threshold,9,14.919315868321222,6.380753197071891,57.78728365747622,0.0031996800319968005,0.028797120287971205
CNA,cna_db,higher,model_x_noise,M1_N3,fk_filter,fx_deconv,9,29.33767043990177,29.235548652955227,29.360986181482602,0.0033996600339966003,0.032996700329967
CNA,cna_db,higher,model_x_noise,M1_N3,fk_filter,ssa_decomposition,9,28.03406289161915,22.578078764646456,29.183420402473878,0.0037996200379962005,0.032996700329967
CNA,cna_db,higher,model_x_noise,M1_N3,fk_filter,svd_lowrank,9,27.676902127738455,21.67226284305201,28.611880582283796,0.0034996500349965005,0.032996700329967
CNA,cna_db,higher,model_x_noise,M1_N3,fk_filter,wavelet_threshold,9,29.335048257246974,29.231790916402723,29.357575599390014,0.0032996700329967,0.032996700329967
CNA,cna_db,higher,model_x_noise,M1_N3,fx_deconv,ssa_decomposition,9,-1.2075078920036653,-4.872789589823028,-0.012039961651907752,0.0100989901009899,0.032996700329967
CNA,cna_db,higher,model_x_noise,M1_N3,fx_deconv,svd_lowrank,9,-1.6714633991995635,-7.664001779694113,-0.7512526992429296,0.003999600039996,0.032996700329967
CNA,cna_db,higher,model_x_noise,M1_N3,fx_deconv,wavelet_threshold,9,0.0033998901802148596,0.0026010889206555046,0.004221210174092535,0.0037996200379962005,0.032996700329967
CNA,cna_db,higher,model_x_noise,M1_N3,ssa_decomposition,svd_lowrank,9,-0.29540257936736025,-4.363005500071586,3.0308828112397252,0.5184481551844815,0.5184481551844815
CNA,cna_db,higher,model_x_noise,M1_N3,ssa_decomposition,wavelet_threshold,9,1.2061028927768846,0.027184133891501622,4.880841172607457,0.008599140085991401,0.032996700329967
CNA,cna_db,higher,model_x_noise,M1_N3,svd_lowrank,wavelet_threshold,9,1.6719266138406639,0.7585072416432755,7.70134564866091,0.0036996300369963003,0.032996700329967
CNA,cna_db,higher,model_x_noise,M2_N1,fk_filter,fx_deconv,0,,,,,
CNA,cna_db,higher,model_x_noise,M2_N1,fk_filter,ssa_decomposition,0,,,,,
CNA,cna_db,higher,model_x_noise,M2_N1,fk_filter,svd_lowrank,0,,,,,
CNA,cna_db,higher,model_x_noise,M2_N1,fk_filter,wavelet_threshold,0,,,,,
CNA,cna_db,higher,model_x_noise,M2_N1,fx_deconv,ssa_decomposition,0,,,,,
CNA,cna_db,higher,model_x_noise,M2_N1,fx_deconv,svd_lowrank,0,,,,,
CNA,cna_db,higher,model_x_noise,M2_N1,fx_deconv,wavelet_threshold,0,,,,,
CNA,cna_db,higher,model_x_noise,M2_N1,ssa_decomposition,svd_lowrank,0,,,,,
CNA,cna_db,higher,model_x_noise,M2_N1,ssa_decomposition,wavelet_threshold,0,,,,,
CNA,cna_db,higher,model_x_noise,M2_N1,svd_lowrank,wavelet_threshold,0,,,,,
CNA,cna_db,higher,model_x_noise,M2_N2,fk_filter,fx_deconv,9,-0.02688997088203468,-0.08557617662299183,3.8119270429332994,0.2390760923907609,0.2390760923907609
CNA,cna_db,higher,model_x_noise,M2_N2,fk_filter,ssa_decomposition,9,-1.900461193745084,-4.395760727641365,1.5952168383559147,0.07649235076492351,0.15298470152984703
CNA,cna_db,higher,model_x_noise,M2_N2,fk_filter,svd_lowrank,9,-4.598565081329454,-29.016779846556123,-0.8412827787526078,0.026597340265973404,0.10638936106389361
CNA,cna_db,higher,model_x_noise,M2_N2,fk_filter,wavelet_threshold,9,0.049620386676767415,0.04487356696185297,4.054336807151095,0.0046995300469953,0.031996800319968
CNA,cna_db,higher,model_x_noise,M2_N2,fx_deconv,ssa_decomposition,9,-2.177744717210622,-4.561334180392642,-1.5333182906155423,0.0033996600339966003,0.031996800319968
CNA,cna_db,higher,model_x_noise,M2_N2,fx_deconv,svd_lowrank,9,-4.638631392098986,-29.017332643354028,-1.3244822147610704,0.004199580041995801,0.031996800319968
CNA,cna_db,higher,model_x_noise,M2_N2,fx_deconv,wavelet_threshold,9,0.12449643117716656,0.07333588327975285,0.25604601970136653,0.0040995900409959,0.031996800319968
CNA,cna_db,higher,model_x_noise,M2_N2,ssa_decomposition,svd_lowrank,9,-2.4703653225189384,-26.60107524744482,0.3300259690301557,0.0334966503349665,0.10638936106389361
CNA,cna_db,higher,model_x_noise,M2_N2,ssa_decomposition,wavelet_threshold,9,2.4271703926635633,1.8728970405108873,4.661640022473935,0.0031996800319968005,0.031996800319968
CNA,cna_db,higher,model_x_noise,M2_N2,svd_lowrank,wavelet_threshold,9,4.763127823276153,1.422414366318615,29.26152663202551,0.0038996100389961006,0.031996800319968
CNA,cna_db,higher,model_x_noise,M2_N3,fk_filter,fx_deconv,9,28.710867654271638,28.003689484662434,29.065548771420293,0.004199580041995801,0.035996400359964
CNA,cna_db,higher,model_x_noise,M2_N3,fk_filter,ssa_decomposition,9,28.324961100217763,26.572949867518155,28.841339139793515,0.0037996200379962005,0.035996400359964
CNA,cna_db,higher,model_x_noise,M2_N3,fk_filter,svd_lowrank,9,27.370105488901455,21.23205369541016,28.480215883276326,0.0037996200379962005,0.035996400359964
CNA,cna_db,higher,model_x_noise,M2_N3,fk_filter,wavelet_threshold,9,28.854532782048466,28.3388322921144,29.164560257003103,0.0035996400359964,0.035996400359964
CNA,cna_db,higher,model_x_noise,M2_N3,fx_deconv,ssa_decomposition,9,-0.2640630955510599,-1.9015087790991703,0.2095349653741334,0.11328867113288671,0.11328867113288671
CNA,cna_db,higher,model_x_noise,M2_N3,fx_deconv,svd_lowrank,9,-1.372610289793004,-6.771635789252274,-0.5577896247464854,0.004299570042995701,0.035996400359964
CNA,cna_db,higher,model_x_noise,M2_N3,fx_deconv,wavelet_threshold,9,0.1509250310400072,0.09075339783307568,0.3351428074519649,0.0047995200479952005,0.035996400359964
CNA,cna_db,higher,model_x_noise,M2_N3,ssa_decomposition,svd_lowrank,9,-1.0753733270583465,-6.013025542403566,0.01798081400003826,0.023697630236976304,0.04739526047395261
CNA,cna_db,higher,model_x_noise,M2_N3,ssa_decomposition,wavelet_threshold,9,0.4469371822599729,0.00037621447252410983,2.0243316390186887,0.0115988401159884,0.035996400359964
CNA,cna_db,higher,model_x_noise,M2_N3,svd_lowrank,wavelet_threshold,9,1.5254444852082494,0.6774773556048523,7.106778596704238,0.004299570042995701,0.035996400359964
event_timing_median,event_timing_median_ms,lower,global,global,fk_filter,fx_deconv,54,0.0,0.0,0.0,0.0007999200079992001,0.0031996800319968005
event_timing_median,event_timing_median_ms,lower,global,global,fk_filter,ssa_decomposition,54,-1.7763568394002505e-15,-1.9999999999999964,0.0,9.999000099990002e-05,0.000999900009999
event_timing_median,event_timing_median_ms,lower,global,global,fk_filter,svd_lowrank,54,0.0,0.0,0.0,0.00029997000299970003,0.0017998200179982003
event_timing_median,event_timing_median_ms,lower,global,global,fk_filter,wavelet_threshold,54,0.0,0.0,0.0,0.2946705329467053,0.5893410658934106
event_timing_median,event_timing_median_ms,lower,global,global,fx_deconv,ssa_decomposition,54,-1.9999999999999964,-2.0,-0.9999999999999991,9.999000099990002e-05,0.000999900009999
event_timing_median,event_timing_median_ms,lower,global,global,fx_deconv,svd_lowrank,54,0.0,0.0,0.0,0.12888711128887112,0.3866613338666134
event_timing_median,event_timing_median_ms,lower,global,global,fx_deconv,wavelet_threshold,54,0.0,0.0,0.0,0.38316168383161686,0.5893410658934106
event_timing_median,event_timing_median_ms,lower,global,global,ssa_decomposition,svd_lowrank,54,2.0,1.9999999999999947,2.0,9.999000099990002e-05,0.000999900009999
event_timing_median,event_timing_median_ms,lower,global,global,ssa_decomposition,wavelet_threshold,54,1.9999999999999982,0.4999999999999991,2.0,9.999000099990002e-05,0.000999900009999
event_timing_median,event_timing_median_ms,lower,global,global,svd_lowrank,wavelet_threshold,54,0.0,0.0,0.0,0.0004999500049995,0.0024997500249975
event_timing_median,event_timing_median_ms,lower,model,M1,fk_filter,fx_deconv,27,0.0,0.0,0.0,0.08209179082091791,0.32836716328367166
event_timing_median,event_timing_median_ms,lower,model,M1,fk_filter,ssa_decomposition,27,-2.0,-4.0,-3.552713678800501e-15,9.999000099990002e-05,0.000999900009999
event_timing_median,event_timing_median_ms,lower,model,M1,fk_filter,svd_lowrank,27,0.0,0.0,0.0,0.028197180281971802,0.16918308169183083
event_timing_median,event_timing_median_ms,lower,model,M1,fk_filter,wavelet_threshold,27,0.0,0.0,0.0,0.44175582441755823,0.8835116488351165
event_timing_median,event_timing_median_ms,lower,model,M1,fx_deconv,ssa_decomposition,27,-2.0,-4.0,-2.0,9.999000099990002e-05,0.000999900009999
event_timing_median,event_timing_median_ms,lower,model,M1,fx_deconv,svd_lowrank,27,0.0,0.0,0.0,0.1212878712128787,0.3638636136386361
event_timing_median,event_timing_median_ms,lower,model,M1,fx_deconv,wavelet_threshold,27,0.0,0.0,0.0,1.0,1.0
event_timing_median,event_timing_median_ms,lower,model,M1,ssa_decomposition,svd_lowrank,27,2.0,2.0,4.0000000000000036,9.999000099990002e-05,0.000999900009999
event_timing_median,event_timing_median_ms,lower,model,M1,ssa_decomposition,wavelet_threshold,27,2.0,1.999999999999993,4.0,9.999000099990002e-05,0.000999900009999
event_timing_median,event_timing_median_ms,lower,model,M1,svd_lowrank,wavelet_threshold,27,0.0,0.0,0.0,0.034096590340965904,0.17048295170482952
event_timing_median,event_timing_median_ms,lower,model,M2,fk_filter,fx_deconv,27,0.0,0.0,7.105427357601002e-15,0.007499250074992501,0.059994000599940006
event_timing_median,event_timing_median_ms,lower,model,M2,fk_filter,ssa_decomposition,27,0.0,0.0,0.0,1.0,1.0
event_timing_median,event_timing_median_ms,lower,model,M2,fk_filter,svd_lowrank,27,0.0,0.0,0.0,0.030496950304969503,0.21277872212778723
event_timing_median,event_timing_median_ms,lower,model,M2,fk_filter,wavelet_threshold,27,0.0,0.0,0.0,0.5464453554644536,1.0
event_timing_median,event_timing_median_ms,lower,model,M2,fx_deconv,ssa_decomposition,27,0.0,-1.9999999999999964,0.0,0.000999900009999,0.008999100089991
event_timing_median,event_timing_median_ms,lower,model,M2,fx_deconv,svd_lowrank,27,0.0,0.0,0.0,1.0,1.0
event_timing_median,event_timing_median_ms,lower,model,M2,fx_deconv,wavelet_threshold,27,0.0,0.0,0.0,0.21707829217078292,0.8683131686831317
event_timing_median,event_timing_median_ms,lower,model,M2,ssa_decomposition,svd_lowrank,27,1.9999999999999964,0.0,2.0,0.0004999500049995,0.004999500049995
event_timing_median,event_timing_median_ms,lower,model,M2,ssa_decomposition,wavelet_threshold,27,0.0,0.0,1.9999999999999982,0.0826917308269173,0.4134586541345865
event_timing_median,event_timing_median_ms,lower,model,M2,svd_lowrank,wavelet_threshold,27,0.0,0.0,0.0,0.030396960303969604,0.21277872212778723
event_timing_median,event_timing_median_ms,lower,noise,N1,fk_filter,fx_deconv,18,0.0,0.0,0.0,0.7501249875012499,1.0
event_timing_median,event_timing_median_ms,lower,noise,N1,fk_filter,ssa_decomposition,18,0.0,-1.0124999999999904,0.0,0.13758624137586242,0.7613238676132388
event_timing_median,event_timing_median_ms,lower,noise,N1,fk_filter,svd_lowrank,18,0.0,0.0,0.0,1.0,1.0
event_timing_median,event_timing_median_ms,lower,noise,N1,fk_filter,wavelet_threshold,18,0.0,-0.9999999999999991,0.0,0.09099090090990901,0.636936306369363
event_timing_median,event_timing_median_ms,lower,noise,N1,fx_deconv,ssa_decomposition,18,-0.4999999999999991,-1.9999999999999964,0.0,0.0051994800519948,0.046795320467953205
event_timing_median,event_timing_median_ms,lower,noise,N1,fx_deconv,svd_lowrank,18,0.0,0.0,0.0,0.12688731126887312,0.7613238676132388
event_timing_median,event_timing_median_ms,lower,noise,N1,fx_deconv,wavelet_threshold,18,0.0,-1.4999999999999991,0.0,0.3825617438256174,1.0
event_timing_median,event_timing_median_ms,lower,noise,N1,ssa_decomposition,svd_lowrank,18,0.9999999999999982,0.0,2.0,0.0164983501649835,0.131986801319868
event_timing_median,event_timing_median_ms,lower,noise,N1,ssa_decomposition,wavelet_threshold,18,0.0,-8.881784197001252e-16,1.4999999999999991,0.33096690330966905,1.0
event_timing_median,event_timing_median_ms,lower,noise,N1,svd_lowrank,wavelet_threshold,18,-1.0,-1.4999999999999991,0.0,0.00039996000399960006,0.003999600039996
event_timing_median,event_timing_median_ms,lower,noise,N2,fk_filter,fx_deconv,18,0.0,0.0,1.999999999999993,0.027197280271972803,0.19038096190380963
event_timing_median,event_timing_median_ms,lower,noise,N2,fk_filter,ssa_decomposition,18,-0.9999999999999982,-2.0,0.0,0.05829417058294171,0.23317668233176683
event_timing_median,event_timing_median_ms,lower,noise,N2,fk_filter,svd_lowrank,18,0.0,0.0,2.0,0.029997000299970003,0.19038096190380963
event_timing_median,event_timing_median_ms,lower,noise,N2,fk_filter,wavelet_threshold,18,0.0,0.0,2.0,0.0334966503349665,0.19038096190380963
event_timing_median,event_timing_median_ms,lower,noise,N2,fx_deconv,ssa_decomposition,18,-2.0,-2.0,-1.4999999999999982,0.0005999400059994001,0.0047995200479952005
event_timing_median,event_timing_median_ms,lower,noise,N2,fx_deconv,svd_lowrank,18,0.0,0.0,0.0,1.0,1.0
event_timing_median,event_timing_median_ms,lower,noise,N2,fx_deconv,wavelet_threshold,18,0.0,0.0,0.0,1.0,1.0
event_timing_median,event_timing_median_ms,lower,noise,N2,ssa_decomposition,svd_lowrank,18,2.0,1.4999999999999991,2.0,0.00029997000299970003,0.0026997300269973002
event_timing_median,event_timing_median_ms,lower,noise,N2,ssa_decomposition,wavelet_threshold,18,2.0,1.4999999999999991,2.0,0.00019998000199980003,0.001999800019998
event_timing_median,event_timing_median_ms,lower,noise,N2,svd_lowrank,wavelet_threshold,18,0.0,0.0,0.0,1.0,1.0
event_timing_median,event_timing_median_ms,lower,noise,N3,fk_filter,fx_deconv,18,0.0,0.0,1.999999999999993,0.0314968503149685,0.18898110188981102
event_timing_median,event_timing_median_ms,lower,noise,N3,fk_filter,ssa_decomposition,18,-1.999999999999993,-3.500000000000001,0.0,0.0082991700829917,0.0580941905809419
event_timing_median,event_timing_median_ms,lower,noise,N3,fk_filter,svd_lowrank,18,0.0,0.0,1.0,0.0648935106489351,0.3244675532446755
event_timing_median,event_timing_median_ms,lower,noise,N3,fk_filter,wavelet_threshold,18,0.0,0.0,0.0,0.25377462253774624,1.0
event_timing_median,event_timing_median_ms,lower,noise,N3,fx_deconv,ssa_decomposition,18,-1.9999999999999956,-3.999999999999986,0.0,0.00039996000399960006,0.0031996800319968005
event_timing_median,event_timing_median_ms,lower,noise,N3,fx_deconv,svd_lowrank,18,0.0,0.0,0.0,1.0,1.0
event_timing_median,event_timing_median_ms,lower,noise,N3,fx_deconv,wavelet_threshold,18,0.0,0.0,0.0,1.0,1.0
event_timing_median,event_timing_median_ms,lower,noise,N3,ssa_decomposition,svd_lowrank,18,2.0,1.999999999999993,3.5000000000000027,9.999000099990002e-05,0.000999900009999
event_timing_median,event_timing_median_ms,lower,noise,N3,ssa_decomposition,wavelet_threshold,18,1.9999999999999991,0.9999999999999964,3.9999999999999716,0.00019998000199980003,0.0017998200179982003
event_timing_median,event_timing_median_ms,lower,noise,N3,svd_lowrank,wavelet_threshold,18,0.0,0.0,0.0,1.0,1.0
event_timing_median,event_timing_median_ms,lower,level,L1,fk_filter,fx_deconv,18,0.0,0.0,0.9999999999999858,0.061193880611938804,0.4283571642835716
event_timing_median,event_timing_median_ms,lower,level,L1,fk_filter,ssa_decomposition,18,-0.4999999999999982,-2.0,0.0,0.06209379062093791,0.4283571642835716
event_timing_median,event_timing_median_ms,lower,level,L1,fk_filter,svd_lowrank,18,0.0,0.0,1.0,0.0663933606639336,0.4283571642835716
event_timing_median,event_timing_median_ms,lower,level,L1,fk_filter,wavelet_threshold,18,0.0,0.0,0.0,0.6199380061993801,1.0
event_timing_median,event_timing_median_ms,lower,level,L1,fx_deconv,ssa_decomposition,18,-1.9999999999999973,-2.0,-0.9999999999999964,0.0004999500049995,0.0044995500449955
event_timing_median,event_timing_median_ms,lower,level,L1,fx_deconv,svd_lowrank,18,0.0,0.0,0.0,1.0,1.0
event_timing_median,event_timing_median_ms,lower,level,L1,fx_deconv,wavelet_threshold,18,0.0,0.0,0.0,1.0,1.0
event_timing_median,event_timing_median_ms,lower,level,L1,ssa_decomposition,svd_lowrank,18,1.9999999999999991,1.4999999999999964,2.0,9.999000099990002e-05,0.000999900009999
event_timing_median,event_timing_median_ms,lower,level,L1,ssa_decomposition,wavelet_threshold,18,1.9999999999999956,0.4999999999999991,2.0,0.0025997400259974,0.0207979202079792
event_timing_median,event_timing_median_ms,lower,level,L1,svd_lowrank,wavelet_threshold,18,0.0,0.0,0.0,0.24317568243175683,0.9727027297270273
event_timing_median,event_timing_median_ms,lower,level,L2,fk_filter,fx_deconv,18,0.0,0.0,0.9999999999999858,0.06229377062293771,0.37376262373762625
event_timing_median,event_timing_median_ms,lower,level,L2,fk_filter,ssa_decomposition,18,-0.4999999999999991,-2.000000000000001,0.0,0.05299470052994701,0.37096290370962903
event_timing_median,event_timing_median_ms,lower,level,L2,fk_filter,svd_lowrank,18,0.0,0.0,0.0,0.125987401259874,0.6284371562843716
event_timing_median,event_timing_median_ms,lower,level,L2,fk_filter,wavelet_threshold,18,0.0,0.0,0.0,0.8094190580941906,1.0
event_timing_median,event_timing_median_ms,lower,level,L2,fx_deconv,ssa_decomposition,18,-2.0,-2.0,0.0,0.0005999400059994001,0.0059994000599940004
event_timing_median,event_timing_median_ms,lower,level,L2,fx_deconv,svd_lowrank,18,0.0,0.0,0.0,0.5028497150284972,1.0
event_timing_median,event_timing_median_ms,lower,level,L2,fx_deconv,wavelet_threshold,18,0.0,0.0,0.0,0.49345065493450657,1.0
event_timing_median,event_timing_median_ms,lower,level,L2,ssa_decomposition,svd_lowrank,18,2.0,0.9999999999999982,2.499999999999999,0.0017998200179982,0.0161983801619838
event_timing_median,event_timing_median_ms,lower,level,L2,ssa_decomposition,wavelet_threshold,18,1.9999999999999964,0.0,2.499999999999999,0.008099190080991902,0.06479352064793521
event_timing_median,event_timing_median_ms,lower,level,L2,svd_lowrank,wavelet_threshold,18,0.0,0.0,0.0,0.12568743125687432,0.6284371562843716
event_timing_median,event_timing_median_ms,lower,level,L3,fk_filter,fx_deconv,18,0.0,0.0,3.552713678800501e-15,0.24617538246175383,1.0
event_timing_median,event_timing_median_ms,lower,level,L3,fk_filter,ssa_decomposition,18,-1.7763568394002505e-15,-2.499999999999999,0.0,0.019698030196980302,0.13788621137886212
event_timing_median,event_timing_median_ms,lower,level,L3,fk_filter,svd_lowrank,18,0.0,0.0,0.0,0.2522747725227477,1.0
event_timing_median,event_timing_median_ms,lower,level,L3,fk_filter,wavelet_threshold,18,0.0,0.0,0.0,0.6887311268873113,1.0
event_timing_median,event_timing_median_ms,lower,level,L3,fx_deconv,ssa_decomposition,18,-1.9999999999999822,-2.0,0.0,0.0014998500149985001,0.0134986501349865
event_timing_median,event_timing_median_ms,lower,level,L3,fx_deconv,svd_lowrank,18,0.0,0.0,0.0,0.5000499950005,1.0
event_timing_median,event_timing_median_ms,lower,level,L3,fx_deconv,wavelet_threshold,18,0.0,0.0,0.0,1.0,1.0
event_timing_median,event_timing_median_ms,lower,level,L3,ssa_decomposition,svd_lowrank,18,2.0,0.0,2.5000000000000027,0.0012998700129987,0.012998700129987
event_timing_median,event_timing_median_ms,lower,level,L3,ssa_decomposition,wavelet_threshold,18,2.0,0.0,2.499999999999999,0.010798920107989201,0.08639136086391361
event_timing_median,event_timing_median_ms,lower,level,L3,svd_lowrank,wavelet_threshold,18,0.0,-0.49999999999999645,0.0,0.06829317068293171,0.40975902409759024
event_timing_median,event_timing_median_ms,lower,f_main,15Hz,fk_filter,fx_deconv,18,1.999999999999993,1.9999999999999716,2.0,0.00029997000299970003,0.0029997000299970002
event_timing_median,event_timing_median_ms,lower,f_main,15Hz,fk_filter,ssa_decomposition,18,0.0,0.0,1.9999999999999822,0.1790820917908209,0.7163283671632836
event_timing_median,event_timing_median_ms,lower,f_main,15Hz,fk_filter,svd_lowrank,18,2.0,0.0,2.0000000000000036,0.0008999100089991,0.0080991900809919
event_timing_median,event_timing_median_ms,lower,f_main,15Hz,fk_filter,wavelet_threshold,18,1.9999999999999964,0.0,2.0,0.0027997200279972004,0.019598040195980403
event_timing_median,event_timing_median_ms,lower,f_main,15Hz,fx_deconv,ssa_decomposition,18,0.0,-1.999999999999993,0.0,0.0122987701229877,0.061493850614938506
event_timing_median,event_timing_median_ms,lower,f_main,15Hz,fx_deconv,svd_lowrank,18,0.0,0.0,0.0,0.49295070492950704,0.9859014098590141
event_timing_median,event_timing_median_ms,lower,f_main,15Hz,fx_deconv,wavelet_threshold,18,0.0,0.0,0.0,0.2415758424157584,0.7247275272472753
event_timing_median,event_timing_median_ms,lower,f_main,15Hz,ssa_decomposition,svd_lowrank,18,1.999999999999993,0.0,2.0,0.0064993500649935,0.038996100389961
event_timing_median,event_timing_median_ms,lower,f_main,15Hz,ssa_decomposition,wavelet_threshold,18,1.0,0.0,1.9999999999999964,0.0015998400159984002,0.012798720127987202
event_timing_median,event_timing_median_ms,lower,f_main,15Hz,svd_lowrank,wavelet_threshold,18,0.0,0.0,0.0,0.5049495050494951,0.9859014098590141
event_timing_median,event_timing_median_ms,lower,f_main,25Hz,fk_filter,fx_deconv,18,0.0,0.0,0.0,1.0,1.0
event_timing_median,event_timing_median_ms,lower,f_main,25Hz,fk_filter,ssa_decomposition,18,-1.4999999999999991,-6.999999999999997,0.0,0.004199580041995801,0.033596640335966405
event_timing_median,event_timing_median_ms,lower,f_main,25Hz,fk_filter,svd_lowrank,18,0.0,0.0,0.0,1.0,1.0
event_timing_median,event_timing_median_ms,lower,f_main,25Hz,fk_filter,wavelet_threshold,18,0.0,0.0,0.0,0.1260873912608739,0.6304369563043695
event_timing_median,event_timing_median_ms,lower,f_main,25Hz,fx_deconv,ssa_decomposition,18,-2.0,-5.5,0.0,0.000999900009999,0.00999900009999
event_timing_median,event_timing_median_ms,lower,f_main,25Hz,fx_deconv,svd_lowrank,18,0.0,0.0,0.0,0.4914508549145086,1.0
event_timing_median,event_timing_median_ms,lower,f_main,25Hz,fx_deconv,wavelet_threshold,18,0.0,0.0,0.0,0.25037496250374963,1.0
event_timing_median,event_timing_median_ms,lower,f_main,25Hz,ssa_decomposition,svd_lowrank,18,3.0,0.0,6.9999999999999964,0.0016998300169983002,0.015298470152984701
event_timing_median,event_timing_median_ms,lower,f_main,25Hz,ssa_decomposition,wavelet_threshold,18,2.499999999999999,0.0,6.9999999999999964,0.006099390060993901,0.042695730426957304
event_timing_median,event_timing_median_ms,lower,f_main,25Hz,svd_lowrank,wavelet_threshold,18,0.0,-0.5,0.0,0.06419358064193581,0.38516148385161486
event_timing_median,event_timing_median_ms,lower,f_main,40Hz,fk_filter,fx_deconv,18,0.0,0.0,0.0,1.0,1.0
event_timing_median,event_timing_median_ms,lower,f_main,40Hz,fk_filter,ssa_decomposition,18,-1.9999999999999982,-2.000000000000001,-1.4999999999999973,0.00029997000299970003,0.0023997600239976003
event_timing_median,event_timing_median_ms,lower,f_main,40Hz,fk_filter,svd_lowrank,18,0.0,0.0,0.0,1.0,1.0
event_timing_median,event_timing_median_ms,lower,f_main,40Hz,fk_filter,wavelet_threshold,18,0.0,0.0,0.0,0.5049495050494951,1.0
event_timing_median,event_timing_median_ms,lower,f_main,40Hz,fx_deconv,ssa_decomposition,18,-2.0,-2.0000000000000018,-1.9999999999999973,9.999000099990002e-05,0.000999900009999
event_timing_median,event_timing_median_ms,lower,f_main,40Hz,fx_deconv,svd_lowrank,18,0.0,0.0,0.0,1.0,1.0
event_timing_median,event_timing_median_ms,lower,f_main,40Hz,fx_deconv,wavelet_threshold,18,0.0,0.0,0.0,0.1260873912608739,0.6304369563043695
event_timing_median,event_timing_median_ms,lower,f_main,40Hz,ssa_decomposition,svd_lowrank,18,2.0,1.9999999999999982,2.0000000000000018,9.999000099990002e-05,0.000999900009999
event_timing_median,event_timing_median_ms,lower,f_main,40Hz,ssa_decomposition,wavelet_threshold,18,2.0,0.9999999999999982,2.0000000000000018,0.0012998700129987,0.0090990900909909
event_timing_median,event_timing_median_ms,lower,f_main,40Hz,svd_lowrank,wavelet_threshold,18,0.0,-0.5,0.0,0.0608939106089391,0.3653634636536346
event_timing_median,event_timing_median_ms,lower,model_x_noise,M1_N1,fk_filter,fx_deconv,9,0.0,-0.9999999999999964,0.0,0.49665033496650335,1.0
event_timing_median,event_timing_median_ms,lower,model_x_noise,M1_N1,fk_filter,ssa_decomposition,9,-3.552713678800501e-15,-4.999999999999998,0.0,0.1254874512548745,0.7355264473552645
event_timing_median,event_timing_median_ms,lower,model_x_noise,M1_N1,fk_filter,svd_lowrank,9,0.0,0.0,0.0,1.0,1.0
event_timing_median,event_timing_median_ms,lower,model_x_noise,M1_N1,fk_filter,wavelet_threshold,9,0.0,-0.9999999999999929,0.0,0.4961503849615039,1.0
event_timing_median,event_timing_median_ms,lower,model_x_noise,M1_N1,fx_deconv,ssa_decomposition,9,-2.0,-2.0,1.4210854715202004e-14,0.0321967803219678,0.295970402959704
event_timing_median,event_timing_median_ms,lower,model_x_noise,M1_N1,fx_deconv,svd_lowrank,9,0.0,0.0,1.0,0.12258774122587741,0.7355264473552645
event_timing_median,event_timing_median_ms,lower,model_x_noise,M1_N1,fx_deconv,wavelet_threshold,9,0.0,-1.0,1.0,1.0,1.0
event_timing_median,event_timing_median_ms,lower,model_x_noise,M1_N1,ssa_decomposition,svd_lowrank,9,2.0,0.0,4.999999999999998,0.029597040295970403,0.295970402959704
event_timing_median,event_timing_median_ms,lower,model_x_noise,M1_N1,ssa_decomposition,wavelet_threshold,9,1.0,0.0,2.9999999999999982,0.06079392060793921,0.42555744425557446
event_timing_median,event_timing_median_ms,lower,model_x_noise,M1_N1,svd_lowrank,wavelet_threshold,9,-1.0,-1.0000000000000018,0.0,0.032896710328967106,0.295970402959704
event_timing_median,event_timing_median_ms,lower,model_x_noise,M1_N2,fk_filter,fx_deconv,9,0.0,0.0,2.0,0.24687531246875313,1.0
event_timing_median,event_timing_median_ms,lower,model_x_noise,M1_N2,fk_filter,ssa_decomposition,9,-2.0,-6.999999999999998,0.0,0.030296970302969704,0.21207879212078792
event_timing_median,event_timing_median_ms,lower,model_x_noise,M1_N2,fk_filter,svd_lowrank,9,0.0,0.0,2.0,0.25477452254774524,1.0
event_timing_median,event_timing_median_ms,lower,model_x_noise,M1_N2,fk_filter,wavelet_threshold,9,0.0,0.0,2.0,0.24907509249075094,1.0
event_timing_median,event_timing_median_ms,lower,model_x_noise,M1_N2,fx_deconv,ssa_decomposition,9,-2.0,-6.999999999999998,-2.0,0.004199580041995801,0.040995900409959006
event_timing_median,event_timing_median_ms,lower,model_x_noise,M1_N2,fx_deconv,svd_lowrank,9,0.0,0.0,0.0,1.0,1.0
event_timing_median,event_timing_median_ms,lower,model_x_noise,M1_N2,fx_deconv,wavelet_threshold,9,0.0,0.0,0.0,1.0,1.0
event_timing_median,event_timing_median_ms,lower,model_x_noise,M1_N2,ssa_decomposition,svd_lowrank,9,2.0,2.0,6.999999999999998,0.0045995400459954,0.040995900409959006
event_timing_median,event_timing_median_ms,lower,model_x_noise,M1_N2,ssa_decomposition,wavelet_threshold,9,2.0,2.0,6.999999999999998,0.0040995900409959,0.040995900409959006
event_timing_median,event_timing_median_ms,lower,model_x_noise,M1_N2,svd_lowrank,wavelet_threshold,9,0.0,0.0,0.0,1.0,1.0
event_timing_median,event_timing_median_ms,lower,model_x_noise,M1_N3,fk_filter,fx_deconv,9,0.0,0.0,2.0,0.26207379262073793,1.0
event_timing_median,event_timing_median_ms,lower,model_x_noise,M1_N3,fk_filter,ssa_decomposition,9,-4.0,-6.9999999999999964,-1.999999999999993,0.007999200079992,0.05599440055994401
event_timing_median,event_timing_median_ms,lower,model_x_noise,M1_N3,fk_filter,svd_lowrank,9,0.0,0.0,2.0,0.5027497250274973,1.0
event_timing_median,event_timing_median_ms,lower,model_x_noise,M1_N3,fk_filter,wavelet_threshold,9,0.0,0.0,0.0,1.0,1.0
event_timing_median,event_timing_median_ms,lower,model_x_noise,M1_N3,fx_deconv,ssa_decomposition,9,-4.0,-6.9999999999999964,-1.999999999999993,0.003999600039996,0.036996300369963
event_timing_median,event_timing_median_ms,lower,model_x_noise,M1_N3,fx_deconv,svd_lowrank,9,0.0,0.0,0.0,1.0,1.0
event_timing_median,event_timing_median_ms,lower,model_x_noise,M1_N3,fx_deconv,wavelet_threshold,9,0.0,0.0,0.0,1.0,1.0
event_timing_median,event_timing_median_ms,lower,model_x_noise,M1_N3,ssa_decomposition,svd_lowrank,9,4.0,1.999999999999993,6.9999999999999964,0.003999600039996,0.036996300369963
event_timing_median,event_timing_median_ms,lower,model_x_noise,M1_N3,ssa_decomposition,wavelet_threshold,9,4.0,1.999999999999993,6.9999999999999964,0.0036996300369963003,0.036996300369963
event_timing_median,event_timing_median_ms,lower,model_x_noise,M1_N3,svd_lowrank,wavelet_threshold,9,0.0,0.0,0.0,1.0,1.0
event_timing_median,event_timing_median_ms,lower,model_x_noise,M2_N1,fk_filter,fx_deconv,9,0.0,0.0,1.9999999999999716,0.5081491850814919,1.0
event_timing_median,event_timing_median_ms,lower,model_x_noise,M2_N1,fk_filter,ssa_decomposition,9,0.0,-0.9999999999999982,1.9999999999999716,1.0,1.0
event_timing_median,event_timing_median_ms,lower,model_x_noise,M2_N1,fk_filter,svd_lowrank,9,0.0,0.0,0.0,1.0,1.0
event_timing_median,event_timing_median_ms,lower,model_x_noise,M2_N1,fk_filter,wavelet_threshold,9,-1.0000000000000018,-2.0,0.0,0.22197780221977803,1.0
event_timing_median,event_timing_median_ms,lower,model_x_noise,M2_N1,fx_deconv,ssa_decomposition,9,0.0,-1.9999999999999716,0.0,0.24597540245975402,1.0
event_timing_median,event_timing_median_ms,lower,model_x_noise,M2_N1,fx_deconv,svd_lowrank,9,0.0,0.0,0.0,1.0,1.0
event_timing_median,event_timing_median_ms,lower,model_x_noise,M2_N1,fx_deconv,wavelet_threshold,9,-1.0000000000000018,-2.0,0.0,0.22047795220477953,1.0
event_timing_median,event_timing_median_ms,lower,model_x_noise,M2_N1,ssa_decomposition,svd_lowrank,9,0.0,0.0,1.9999999999999964,0.6238376162383762,1.0
event_timing_median,event_timing_median_ms,lower,model_x_noise,M2_N1,ssa_decomposition,wavelet_threshold,9,0.0,-2.0,0.9999999999999982,0.3735626437356264,1.0
event_timing_median,event_timing_median_ms,lower,model_x_noise,M2_N1,svd_lowrank,wavelet_threshold,9,-1.0000000000000018,-2.0,0.0,0.031596840315968405,0.31596840315968405
event_timing_median,event_timing_median_ms,lower,model_x_noise,M2_N2,fk_filter,fx_deconv,9,0.0,0.0,2.0,0.25307469253074694,1.0
event_timing_median,event_timing_median_ms,lower,model_x_noise,M2_N2,fk_filter,ssa_decomposition,9,0.0,-1.9999999999999964,2.0,1.0,1.0
event_timing_median,event_timing_median_ms,lower,model_x_noise,M2_N2,fk_filter,svd_lowrank,9,0.0,0.0,2.000000000000007,0.24547545245475452,1.0
event_timing_median,event_timing_median_ms,lower,model_x_noise,M2_N2,fk_filter,wavelet_threshold,9,0.0,0.0,2.000000000000007,0.25207479252074794,1.0
event_timing_median,event_timing_median_ms,lower,model_x_noise,M2_N2,fx_deconv,ssa_decomposition,9,-1.9999999999999964,-2.0,0.0,0.0628937106289371,0.61993800619938
event_timing_median,event_timing_median_ms,lower,model_x_noise,M2_N2,fx_deconv,svd_lowrank,9,0.0,0.0,0.0,1.0,1.0
event_timing_median,event_timing_median_ms,lower,model_x_noise,M2_N2,fx_deconv,wavelet_threshold,9,0.0,0.0,0.0,1.0,1.0
event_timing_median,event_timing_median_ms,lower,model_x_noise,M2_N2,ssa_decomposition,svd_lowrank,9,1.9999999999999982,0.0,2.0,0.061993800619938005,0.61993800619938
event_timing_median,event_timing_median_ms,lower,model_x_noise,M2_N2,ssa_decomposition,wavelet_threshold,9,1.9999999999999982,0.0,2.0,0.0648935106489351,0.61993800619938
event_timing_median,event_timing_median_ms,lower,model_x_noise,M2_N2,svd_lowrank,wavelet_threshold,9,0.0,0.0,0.0,1.0,1.0
event_timing_median,event_timing_median_ms,lower,model_x_noise,M2_N3,fk_filter,fx_deconv,9,0.0,0.0,1.999999999999993,0.24807519248075194,1.0
event_timing_median,event_timing_median_ms,lower,model_x_noise,M2_N3,fk_filter,ssa_decomposition,9,0.0,-2.0000000000000018,1.999999999999993,0.8054194580541946,1.0
event_timing_median,event_timing_median_ms,lower,model_x_noise,M2_N3,fk_filter,svd_lowrank,9,0.0,0.0,2.000000000000007,0.24477552244775522,1.0
event_timing_median,event_timing_median_ms,lower,model_x_noise,M2_N3,fk_filter,wavelet_threshold,9,0.0,0.0,2.0,0.250974902509749,1.0
event_timing_median,event_timing_median_ms,lower,model_x_noise,M2_N3,fx_deconv,ssa_decomposition,9,0.0,-2.9999999999999982,0.0,0.2502749725027497,1.0
event_timing_median,event_timing_median_ms,lower,model_x_noise,M2_N3,fx_deconv,svd_lowrank,9,0.0,0.0,0.0,1.0,1.0
event_timing_median,event_timing_median_ms,lower,model_x_noise,M2_N3,fx_deconv,wavelet_threshold,9,0.0,0.0,0.0,1.0,1.0
event_timing_median,event_timing_median_ms,lower,model_x_noise,M2_N3,ssa_decomposition,svd_lowrank,9,2.0,0.0,2.9999999999999982,0.030396960303969604,0.30396960303969606
event_timing_median,event_timing_median_ms,lower,model_x_noise,M2_N3,ssa_decomposition,wavelet_threshold,9,0.0,0.0,2.9999999999999982,0.1227877212278772,1.0
event_timing_median,event_timing_median_ms,lower,model_x_noise,M2_N3,svd_lowrank,wavelet_threshold,9,0.0,0.0,0.0,1.0,1.0
event_energy_median,event_energy_median,lower,global,global,fk_filter,fx_deconv,54,-0.018509616892591757,-0.035764961012352076,-0.0007947476969661838,0.0010998900109989002,0.008799120087991202
event_energy_median,event_energy_median,lower,global,global,fk_filter,ssa_decomposition,54,-0.02913409950291026,-0.08528157446263285,-0.012221083647634683,0.00019998000199980003,0.001999800019998
event_energy_median,event_energy_median,lower,global,global,fk_filter,svd_lowrank,54,-0.003624682858398921,-0.009250127355909868,0.0017044322189381019,0.0013998600139986002,0.0090990900909909
event_energy_median,event_energy_median,lower,global,global,fk_filter,wavelet_threshold,54,0.0017231475680578512,-0.0033735153880347177,0.008239145515792471,0.22627737226277372,0.24597540245975402
event_energy_median,event_energy_median,lower,global,global,fx_deconv,ssa_decomposition,54,0.0009441702380746204,-0.0476566197232657,0.012557818017356457,0.0771922807719228,0.23157684231576842
event_energy_median,event_energy_median,lower,global,global,fx_deconv,svd_lowrank,54,0.017280223822669243,0.008114272554863758,0.022357529699013945,0.12298770122987701,0.24597540245975402
event_energy_median,event_energy_median,lower,global,global,fx_deconv,wavelet_threshold,54,0.0021753021325870777,2.2254065622740365e-06,0.02869238126093651,0.0012998700129987,0.0090990900909909
event_energy_median,event_energy_median,lower,global,global,ssa_decomposition,svd_lowrank,54,0.01180726176295904,0.0003513633358207489,0.05730862614473349,0.0105989401059894,0.052994700529947
event_energy_median,event_energy_median,lower,global,global,ssa_decomposition,wavelet_threshold,54,0.024962571768825298,0.002880077557723006,0.06783842384372338,0.0005999400059994001,0.0053994600539946005
event_energy_median,event_energy_median,lower,global,global,svd_lowrank,wavelet_threshold,54,9.971907853869934e-08,-0.004503811242891183,0.002106416962659787,0.0332966703329667,0.1331866813318668
event_energy_median,event_energy_median,lower,model,M1,fk_filter,fx_deconv,27,0.001661594306925978,-0.017866214399423666,0.004153784512604303,0.20617938206179381,0.8784121587841216
event_energy_median,event_energy_median,lower,model,M1,fk_filter,ssa_decomposition,27,-0.08641806591909046,-0.15664497884303813,-0.009771468367305617,0.0024997500249975004,0.024997500249975005
event_energy_median,event_energy_median,lower,model,M1,fk_filter,svd_lowrank,27,-0.003230462355830646,-0.029972580059938525,0.0017161176191518173,0.0032996700329967,0.029697030296970302
event_energy_median,event_energy_median,lower,model,M1,fk_filter,wavelet_threshold,27,0.001662079980876454,-0.01706623313544008,0.00467717407495359,0.22947705229477053,0.8784121587841216
event_energy_median,event_energy_median,lower,model,M1,fx_deconv,ssa_decomposition,27,-0.06750962371803139,-0.1106067850998178,0.002137744341322008,0.004899510048995101,0.039196080391960805
event_energy_median,event_energy_median,lower,model,M1,fx_deconv,svd_lowrank,27,0.005176294344931824,1.346825958020326e-06,0.014093250608490981,0.2967703229677032,0.8784121587841216
event_energy_median,event_energy_median,lower,model,M1,fx_deconv,wavelet_threshold,27,1.9780247759950775e-06,6.136384379020947e-07,0.0009628384654944422,0.5225477452254774,0.8784121587841216
event_energy_median,event_energy_median,lower,model,M1,ssa_decomposition,svd_lowrank,27,0.011908127971865785,-0.00074015802404152,0.11060726093328645,0.0410958904109589,0.2465753424657534
event_energy_median,event_energy_median,lower,model,M1,ssa_decomposition,wavelet_threshold,27,0.06759522591603742,-0.004400724138567122,0.12986305821614724,0.0072992700729927005,0.051094890510948905
event_energy_median,event_energy_median,lower,model,M1,svd_lowrank,wavelet_threshold,27,-0.00015227719139462165,-0.014024430540177504,1.3694227787533786e-07,0.17568243175682433,0.8784121587841216
event_energy_median,event_energy_median,lower,model,M2,fk_filter,fx_deconv,27,-0.03773705560749,-0.07391883904370847,-0.02392400956192034,9.999000099990002e-05,0.000999900009999
event_energy_median,event_energy_median,lower,model,M2,fk_filter,ssa_decomposition,27,-0.024593560835081303,-0.051895979133531306,-0.00651145882504499,0.010998900109989001,0.065993400659934
event_energy_median,event_energy_median,lower,model,M2,fk_filter,svd_lowrank,27,-0.004018903360967196,-0.019913072662094647,0.0043932131409768795,0.11558844115588442,0.34676532346765326
event_energy_median,event_energy_median,lower,model,M2,fk_filter,wavelet_threshold,27,0.007042962604398866,-0.0021121010429514054,0.013918640890278777,0.7913208679132087,0.7913208679132087
event_energy_median,event_energy_median,lower,model,M2,fx_deconv,ssa_decomposition,27,0.01992703942366965,-0.025489282257970824,0.0339121259965313,0.20077992200779923,0.40155984401559847
event_energy_median,event_energy_median,lower,model,M2,fx_deconv,svd_lowrank,27,0.03307350849442172,0.025200435435926774,0.0437942413414809,0.0004999500049995,0.0044995500449955
event_energy_median,event_energy_median,lower,model,M2,fx_deconv,wavelet_threshold,27,0.036573872895469144,0.02077571442389512,0.06540318509582142,0.0014998500149985001,0.011998800119988001
event_energy_median,event_energy_median,lower,model,M2,ssa_decomposition,svd_lowrank,27,0.010226854820138909,-2.151570019663651e-05,0.03221234468069569,0.07539246075392461,0.3214678532146786
event_energy_median,event_energy_median,lower,model,M2,ssa_decomposition,wavelet_threshold,27,0.0193642458741684,0.0016818085400105342,0.06427234692522568,0.006299370062993701,0.04409559044095591
event_energy_median,event_energy_median,lower,model,M2,svd_lowrank,wavelet_threshold,27,0.0023576116508807737,-0.003220571964649095,0.0033667484707458274,0.06429357064293571,0.3214678532146786
event_energy_median,event_energy_median,lower,noise,N1,fk_filter,fx_deconv,18,-0.024735160905651764,-0.09434814228002253,0.021599468753078874,0.25447455254474555,1.0
event_energy_median,event_energy_median,lower,noise,N1,fk_filter,ssa_decomposition,18,-0.0035544690616344373,-0.0382447699843063,0.0354139084830308,0.8987101289871013,1.0
event_energy_median,event_energy_median,lower,noise,N1,fk_filter,svd_lowrank,18,-0.007625943295669513,-0.029972580059938525,-0.0024580128712801963,0.012898710128987101,0.0902909709029097
event_energy_median,event_energy_median,lower,noise,N1,fk_filter,wavelet_threshold,18,0.024859262098564136,0.008239145515792471,0.05360078483454582,0.0006999300069993001,0.006299370062993701
event_energy_median,event_energy_median,lower,noise,N1,fx_deconv,ssa_decomposition,18,0.05186511484737384,-0.013384126208913803,0.10099075801030412,0.36246375362463756,1.0
event_energy_median,event_energy_median,lower,noise,N1,fx_deconv,svd_lowrank,18,0.021701959453407166,-0.022204224120667426,0.08129247547804316,0.5349465053494651,1.0
event_energy_median,event_energy_median,lower,noise,N1,fx_deconv,wavelet_threshold,18,0.0703466733489323,0.0062680989114062904,0.09214411382060923,0.0022997700229977,0.0183981601839816
event_energy_median,event_energy_median,lower,noise,N1,ssa_decomposition,svd_lowrank,18,-0.007828624030989056,-0.05209078586260468,0.03364700771735269,0.764023597640236,1.0
event_energy_median,event_energy_median,lower,noise,N1,ssa_decomposition,wavelet_threshold,18,0.01999187362552434,-0.009780073402414208,0.06694377936227314,0.12958704129587043,0.7775222477752226
event_energy_median,event_energy_median,lower,noise,N1,svd_lowrank,wavelet_threshold,18,0.03377593277303037,0.005916325884355699,0.07030939012813112,0.00029997000299970003,0.0029997000299970002
event_energy_median,event_energy_median,lower,noise,N2,fk_filter,fx_deconv,18,-0.0007947476969661838,-0.02422697351490405,0.003096138102880336,0.0174982501749825,0.0524947505249475
event_energy_median,event_energy_median,lower,noise,N2,fk_filter,ssa_decomposition,18,-0.05757004429674737,-0.10677339419138145,-0.009993424760223506,0.001999800019998,0.00999900009999
event_energy_median,event_energy_median,lower,noise,N2,fk_filter,svd_lowrank,18,0.00457343600596542,0.0017230501319151245,0.007539469875269447,0.00039996000399960006,0.0023997600239976003
event_energy_median,event_energy_median,lower,noise,N2,fk_filter,wavelet_threshold,18,0.004573671118631438,0.0016774158642114596,0.012059140902426933,0.024697530246975304,0.0524947505249475
event_energy_median,event_energy_median,lower,noise,N2,fx_deconv,ssa_decomposition,18,-0.036032090187113175,-0.09547370478402474,0.004252687238783443,0.008399160083991601,0.033596640335966405
event_energy_median,event_energy_median,lower,noise,N2,fx_deconv,svd_lowrank,18,0.02228253416979222,1.9066175097540963e-06,0.03338043641992526,9.999000099990002e-05,0.000999900009999
event_energy_median,event_energy_median,lower,noise,N2,fx_deconv,wavelet_threshold,18,0.017369741030046466,1.1914985760369712e-06,0.036174800937688295,9.999000099990002e-05,0.000999900009999
event_energy_median,event_energy_median,lower,noise,N2,ssa_decomposition,svd_lowrank,18,0.059255834614073036,0.011908127971865785,0.10916893530258574,0.00019998000199980003,0.0015998400159984002
event_energy_median,event_energy_median,lower,noise,N2,ssa_decomposition,wavelet_threshold,18,0.05723570598346933,0.011807271036281236,0.11059120759351135,0.00019998000199980003,0.0015998400159984002
event_energy_median,event_energy_median,lower,noise,N2,svd_lowrank,wavelet_threshold,18,0.00027505796161852704,2.9210820778866447e-08,0.0023576116508807737,0.43925607439256076,0.43925607439256076
event_energy_median,event_energy_median,lower,noise,N3,fk_filter,fx_deconv,18,-0.03537895019871099,-0.09639676137970246,-0.01661643125636745,0.0005999400059994001,0.004199580041995801
event_energy_median,event_energy_median,lower,noise,N3,fk_filter,ssa_decomposition,18,-0.08528157446263285,-0.1547317415132381,-0.02521335368440411,0.00019998000199980003,0.0017998200179982003
event_energy_median,event_energy_median,lower,noise,N3,fk_filter,svd_lowrank,18,-0.047543212913028425,-0.09701508236293993,-0.0079572996169297,0.0017998200179982,0.010798920107989201
event_energy_median,event_energy_median,lower,noise,N3,fk_filter,wavelet_threshold,18,-0.05948404772724063,-0.11358857174366219,-0.01846468067720637,0.00019998000199980003,0.0017998200179982003
event_energy_median,event_energy_median,lower,noise,N3,fx_deconv,ssa_decomposition,18,-0.032109867988411596,-0.08559715954204017,0.012975442690125034,0.12538746125387462,0.46515348465153483
event_energy_median,event_energy_median,lower,noise,N3,fx_deconv,svd_lowrank,18,0.016716291547452997,-0.01229537807396427,0.021270690190983363,0.527047295270473,0.527047295270473
event_energy_median,event_energy_median,lower,noise,N3,fx_deconv,wavelet_threshold,18,0.00025487388971653403,-0.019165864027756097,0.0012214044523564602,0.0922907709229077,0.46145385461453853
event_energy_median,event_energy_median,lower,noise,N3,ssa_decomposition,svd_lowrank,18,0.008119800520136604,0.00018657711426550531,0.08586619769126527,0.11628837116288371,0.46515348465153483
event_energy_median,event_energy_median,lower,noise,N3,ssa_decomposition,wavelet_threshold,18,-0.004486370052061999,-0.009800849223450113,0.07816958736018007,0.22177782221777823,0.46515348465153483
event_energy_median,event_energy_median,lower,noise,N3,svd_lowrank,wavelet_threshold,18,-0.014086479030892697,-0.01619288459665586,-0.008644312492387672,9.999000099990002e-05,0.000999900009999
event_energy_median,event_energy_median,lower,level,L1,fk_filter,fx_deconv,18,-0.017131160804057296,-0.0253558877960268,-0.005168218491949025,0.0008999100089991,0.0053994600539946005
event_energy_median,event_energy_median,lower,level,L1,fk_filter,ssa_decomposition,18,-0.05146713580117206,-0.08783385754477377,-0.00607822999754795,0.0022997700229977,0.011498850114988501
event_energy_median,event_energy_median,lower,level,L1,fk_filter,svd_lowrank,18,0.0042284846819662224,-0.0029254358556143386,0.007022641397995123,0.0811918808119188,0.19708029197080293
event_energy_median,event_energy_median,lower,level,L1,fk_filter,wavelet_threshold,18,-0.0016713210420601387,-0.008849388054404526,0.008239145515792471,0.7768223177682232,0.7768223177682232
event_energy_median,event_energy_median,lower,level,L1,fx_deconv,ssa_decomposition,18,0.0009441702380746204,-0.070266314794359,0.01574127952747582,0.06569343065693431,0.19708029197080293
event_energy_median,event_energy_median,lower,level,L1,fx_deconv,svd_lowrank,18,0.01951537777967204,0.013971888012400426,0.03145954555626436,0.00019998000199980003,0.0017998200179982003
event_energy_median,event_energy_median,lower,level,L1,fx_deconv,wavelet_threshold,18,0.011423577340366088,0.0006306977166228769,0.03525661650761219,9.999000099990002e-05,0.000999900009999
event_energy_median,event_energy_median,lower,level,L1,ssa_decomposition,svd_lowrank,18,0.05165429069117691,0.0071915356142600965,0.08759455675635798,0.00029997000299970003,0.0023997600239976003
event_energy_median,event_energy_median,lower,level,L1,ssa_decomposition,wavelet_threshold,18,0.048450434038403864,0.0016868663258195746,0.08346329291832907,0.0004999500049995,0.0034996500349965005
event_energy_median,event_energy_median,lower,level,L1,svd_lowrank,wavelet_threshold,18,-0.003822646488340375,-0.012431243852175155,0.0005758371538781689,0.014298570142985701,0.057194280571942806
event_energy_median,event_energy_median,lower,level,L2,fk_filter,fx_deconv,18,-0.003688120040206554,-0.08314580249784778,0.004776398498226827,0.0344965503449655,0.2414758524147585
event_energy_median,event_energy_median,lower,level,L2,fk_filter,ssa_decomposition,18,-0.038622678182819725,-0.10678862363676435,-0.008363419989093193,0.004999500049995001,0.04999500049995001
event_energy_median,event_energy_median,lower,level,L2,fk_filter,svd_lowrank,18,-0.0059272605661524515,-0.023451976657664055,0.0016620701403946255,0.036696330366963306,0.2414758524147585
event_energy_median,event_energy_median,lower,level,L2,fk_filter,wavelet_threshold,18,0.003184962911250028,-0.022831120191863535,0.017883189832718846,0.48505149485051496,0.48505149485051496
event_energy_median,event_energy_median,lower,level,L2,fx_deconv,ssa_decomposition,18,-0.018697538111525115,-0.07120757454245066,0.02041116596777459,0.15948405159484053,0.4784521547845216
event_energy_median,event_energy_median,lower,level,L2,fx_deconv,svd_lowrank,18,0.007047506245170448,-0.009446913484257077,0.03338043641992526,0.18048195180481952,0.4784521547845216
event_energy_median,event_energy_median,lower,level,L2,fx_deconv,wavelet_threshold,18,0.001137336820437318,-9.897672669235356e-05,0.041505178393357975,0.04889511048895111,0.24447555244475555
event_energy_median,event_energy_median,lower,level,L2,ssa_decomposition,svd_lowrank,18,0.008960437096000043,-0.0005910115694271912,0.09138931729208469,0.017698230176982303,0.14158584141585842
event_energy_median,event_energy_median,lower,level,L2,ssa_decomposition,wavelet_threshold,18,0.026423712737547976,-0.005319749520020492,0.08743980884949698,0.006199380061993801,0.05579442055794421
event_energy_median,event_energy_median,lower,level,L2,svd_lowrank,wavelet_threshold,18,0.0009276307932865736,-0.007360046286375167,0.025501237513469506,0.11548845115488451,0.46195380461953806
event_energy_median,event_energy_median,lower,level,L3,fk_filter,fx_deconv,18,-0.04127505873645318,-0.10538930864304061,0.0030889335721827086,0.07039296070392961,0.5631436856314369
event_energy_median,event_energy_median,lower,level,L3,fk_filter,ssa_decomposition,18,-0.028596718871287827,-0.11462998764538672,0.013084232004485278,0.1141885811418858,0.7993200679932007
event_energy_median,event_energy_median,lower,level,L3,fk_filter,svd_lowrank,18,-0.031519396090295006,-0.08695218486589917,0.0017230501319151245,0.001999800019998,0.01999800019998
event_energy_median,event_energy_median,lower,level,L3,fk_filter,wavelet_threshold,18,0.00572844382288434,-0.10169986433703959,0.04107565238502666,0.28247175282471754,1.0
event_energy_median,event_energy_median,lower,level,L3,fx_deconv,ssa_decomposition,18,0.009996204536142424,-0.0716095907239507,0.05465679373114813,0.931006899310069,1.0
event_energy_median,event_energy_median,lower,level,L3,fx_deconv,svd_lowrank,18,0.008837974833162048,-0.026998841146533017,0.02877720084770625,0.7968203179682032,1.0
event_energy_median,event_energy_median,lower,level,L3,fx_deconv,wavelet_threshold,18,0.00048240824513521864,-0.01490163703196902,0.041650665328274716,0.18518148185181482,1.0
event_energy_median,event_energy_median,lower,level,L3,ssa_decomposition,svd_lowrank,18,-0.0001068399487386476,-0.07222224999221538,0.06114073428002024,0.8412158784121588,1.0
event_energy_median,event_energy_median,lower,level,L3,ssa_decomposition,wavelet_threshold,18,0.007983202469485185,-0.027476073929503717,0.09796087606550792,0.46525347465253475,1.0
event_energy_median,event_energy_median,lower,level,L3,svd_lowrank,wavelet_threshold,18,0.0013640770040719862,-0.012314102393182508,0.07059402976904128,0.04509549045095491,0.40585941405859416
event_energy_median,event_energy_median,lower,f_main,15Hz,fk_filter,fx_deconv,18,0.0017099087820550162,-0.05779307369406721,0.005309859213480778,0.3217678232176782,1.0
event_energy_median,event_energy_median,lower,f_main,15Hz,fk_filter,ssa_decomposition,18,0.004454939882443459,-0.009993424760223506,0.035056576478969606,0.9171082891710829,1.0
event_energy_median,event_energy_median,lower,f_main,15Hz,fk_filter,svd_lowrank,18,-0.0007688577685531298,-0.03617265945652398,0.015339052001606122,0.18818118188181182,1.0
event_energy_median,event_energy_median,lower,f_main,15Hz,fk_filter,wavelet_threshold,18,0.004869833791480417,-0.01595052313179975,0.030504107367088078,0.5332466753324667,1.0
event_energy_median,event_energy_median,lower,f_main,15Hz,fx_deconv,ssa_decomposition,18,0.01813324023287883,0.0013445659448186112,0.03335513329337257,0.025397460253974602,0.253974602539746
event_energy_median,event_energy_median,lower,f_main,15Hz,fx_deconv,svd_lowrank,18,0.015319714553436416,9.623592322144463e-07,0.02806867531123234,0.9618038196180382,1.0
event_energy_median,event_energy_median,lower,f_main,15Hz,fx_deconv,wavelet_threshold,18,1.9142047428822283e-06,-0.0004608810491029888,0.035293146930212,0.26147385261473854,1.0
event_energy_median,event_energy_median,lower,f_main,15Hz,ssa_decomposition,svd_lowrank,18,-0.0004661611106610893,-0.0032836739690322307,0.003289032322972984,0.1316868313168683,1.0
event_energy_median,event_energy_median,lower,f_main,15Hz,ssa_decomposition,wavelet_threshold,18,-0.004658296612279645,-0.013253413678226106,0.0016843374329150544,0.041495850414958506,0.37346265373462656
event_energy_median,event_energy_median,lower,f_main,15Hz,svd_lowrank,wavelet_threshold,18,3.5557647192133724e-08,-0.008587245085610037,0.0032658995859771336,0.2950704929507049,1.0
event_energy_median,event_energy_median,lower,f_main,25Hz,fk_filter,fx_deconv,18,-0.02422697351490405,-0.06511808724496446,0.001661594306925978,0.07989201079892011,0.7190280971902809
event_energy_median,event_energy_median,lower,f_main,25Hz,fk_filter,ssa_decomposition,18,-0.026524857125764932,-0.08266751057367092,-0.017064121342835442,0.102989701029897,0.720927907209279
event_energy_median,event_energy_median,lower,f_main,25Hz,fk_filter,svd_lowrank,18,-0.003607625541539784,-0.02882702792473321,0.004063756222955565,0.024297570242975703,0.24297570242975702
event_energy_median,event_energy_median,lower,f_main,25Hz,fk_filter,wavelet_threshold,18,0.0018141316950108562,-0.01666906184141955,0.013329712545422834,0.5086491350864913,1.0
event_energy_median,event_energy_median,lower,f_main,25Hz,fx_deconv,ssa_decomposition,18,0.006472910793791274,-0.0482078102385905,0.04751039995916418,0.5712428757124287,1.0
event_energy_median,event_energy_median,lower,f_main,25Hz,fx_deconv,svd_lowrank,18,0.01951537777967204,1.382691134706178e-06,0.032325910785344705,0.5061493850614939,1.0
event_energy_median,event_energy_median,lower,f_main,25Hz,fx_deconv,wavelet_threshold,18,0.0036154686884503663,1.9780247759950775e-06,0.03565568846539304,0.08499150084991501,0.7190280971902809
event_energy_median,event_energy_median,lower,f_main,25Hz,ssa_decomposition,svd_lowrank,18,0.022216646838100196,-0.007828624030989056,0.05507562739817737,0.9776022397760225,1.0
event_energy_median,event_energy_median,lower,f_main,25Hz,ssa_decomposition,wavelet_threshold,18,0.024962571768825298,-0.0076684261716868825,0.05174097650393015,0.6954304569543046,1.0
event_energy_median,event_energy_median,lower,f_main,25Hz,svd_lowrank,wavelet_threshold,18,0.0005459707543761708,-0.011617616721433504,0.00494198091171932,0.26977302269773024,1.0
event_energy_median,event_energy_median,lower,f_main,40Hz,fk_filter,fx_deconv,18,-0.028858437989567248,-0.06357043103955104,-0.011733266203813528,0.004199580041995801,0.025197480251974803
event_energy_median,event_energy_median,lower,f_main,40Hz,fk_filter,ssa_decomposition,18,-0.1368596605322681,-0.30440902750342896,-0.09053487103089267,9.999000099990002e-05,0.000999900009999
event_energy_median,event_energy_median,lower,f_main,40Hz,fk_filter,svd_lowrank,18,-0.004362696541325112,-0.02168252465987935,0.002171015780251353,0.012798720127987202,0.05119488051194881
event_energy_median,event_energy_median,lower,f_main,40Hz,fk_filter,wavelet_threshold,18,-0.00028040382490750236,-0.01673117017468056,0.007014841043929131,0.5945405459454055,0.5945405459454055
event_energy_median,event_energy_median,lower,f_main,40Hz,fx_deconv,ssa_decomposition,18,-0.12648250452160692,-0.28470124394257934,-0.06254319109716043,0.0023997600239976003,0.016798320167983202
event_energy_median,event_energy_median,lower,f_main,40Hz,fx_deconv,svd_lowrank,18,0.017280223822669243,1.810015253834481e-06,0.03933735133119062,0.07789221077892211,0.23367663233676633
event_energy_median,event_energy_median,lower,f_main,40Hz,fx_deconv,wavelet_threshold,18,0.012613077961776319,0.0007409718062944111,0.0566051357049549,0.0096990300969903,0.0484951504849515
event_energy_median,event_energy_median,lower,f_main,40Hz,ssa_decomposition,svd_lowrank,18,0.10930926486326592,0.0833212013189481,0.29554028230551055,9.999000099990002e-05,0.000999900009999
event_energy_median,event_energy_median,lower,f_main,40Hz,ssa_decomposition,wavelet_threshold,18,0.12028216064083418,0.08691440276465531,0.2864645975932475,9.999000099990002e-05,0.000999900009999
event_energy_median,event_energy_median,lower,f_main,40Hz,svd_lowrank,wavelet_threshold,18,1.5318401780535208e-07,-0.012431243852175155,0.00286988212153337,0.23537646235376464,0.4707529247075293
event_energy_median,event_energy_median,lower,model_x_noise,M1_N1,fk_filter,fx_deconv,9,0.038319509611756106,0.0022005429278277415,0.15811263107919177,0.032296770322967704,0.25837416258374163
event_energy_median,event_energy_median,lower,model_x_noise,M1_N1,fk_filter,ssa_decomposition,9,0.005528417074389919,-0.15664497884303813,0.2014219846093688,0.9428057194280572,1.0
event_energy_median,event_energy_median,lower,model_x_noise,M1_N1,fk_filter,svd_lowrank,9,-0.003230462355830646,-0.03170166637784866,0.007699850824099009,0.20727927207279273,1.0
event_energy_median,event_energy_median,lower,model_x_noise,M1_N1,fk_filter,wavelet_threshold,9,0.05703459257149504,0.008009649192350908,0.13878285928631867,0.015198480151984802,0.15198480151984803
event_energy_median,event_energy_median,lower,model_x_noise,M1_N1,fx_deconv,ssa_decomposition,9,-0.028905996759149614,-0.18713460506435886,0.04318801796261171,0.202979702029797,1.0
event_energy_median,event_energy_median,lower,model_x_noise,M1_N1,fx_deconv,svd_lowrank,9,-0.03999990281958394,-0.17794273254621634,0.005176294344931824,0.050594940505949405,0.3541645835416458
event_energy_median,event_energy_median,lower,model_x_noise,M1_N1,fx_deconv,wavelet_threshold,9,0.0044504414996575144,-0.02908032688128917,0.06677378751866299,0.5748425157484252,1.0
event_energy_median,event_energy_median,lower,model_x_noise,M1_N1,ssa_decomposition,svd_lowrank,9,-0.007213980461119665,-0.23969945009096574,0.15330612202337496,0.8947105289471053,1.0
event_energy_median,event_energy_median,lower,model_x_noise,M1_N1,ssa_decomposition,wavelet_threshold,9,0.035886727091822876,-0.11292011893083737,0.25222166667513085,0.2752724727527247,1.0
event_energy_median,event_energy_median,lower,model_x_noise,M1_N1,svd_lowrank,wavelet_threshold,9,0.057687548022331156,-0.00015227719139462165,0.17102808877386486,0.025197480251974803,0.22677732226777322
event_energy_median,event_energy_median,lower,model_x_noise,M1_N2,fk_filter,fx_deconv,9,0.001690412811938009,-0.007085347283039705,0.004462871453588649,0.6985301469853015,1.0
event_energy_median,event_energy_median,lower,model_x_noise,M1_N2,fk_filter,ssa_decomposition,9,-0.10891473190212601,-0.32203489633181437,-0.009771468367305617,0.004899510048995101,0.036996300369963
event_energy_median,event_energy_median,lower,model_x_noise,M1_N2,fk_filter,svd_lowrank,9,0.0017299826446784319,0.0016620701403946255,0.005835417764070616,0.022997700229977002,0.11498850114988501
event_energy_median,event_energy_median,lower,model_x_noise,M1_N2,fk_filter,wavelet_threshold,9,0.0016927517475464654,-0.007085347395018329,0.004470168162309285,0.7002299770022997,1.0
event_energy_median,event_energy_median,lower,model_x_noise,M1_N2,fx_deconv,ssa_decomposition,9,-0.11057316638847842,-0.3249838900125428,-0.011706233859330853,0.0045995400459954,0.036996300369963
event_energy_median,event_energy_median,lower,model_x_noise,M1_N2,fx_deconv,svd_lowrank,9,1.858148657754624e-06,8.587647596582599e-07,0.01343693264601366,0.0040995900409959,0.036996300369963
event_energy_median,event_energy_median,lower,model_x_noise,M1_N2,fx_deconv,wavelet_threshold,9,8.614621724007174e-07,-2.4009752519482674e-12,1.973173370344104e-06,0.025797420257974202,0.11498850114988501
event_energy_median,event_energy_median,lower,model_x_noise,M1_N2,ssa_decomposition,svd_lowrank,9,0.11057507300598818,0.011706395554052295,0.3249857186771071,0.0036996300369963003,0.036996300369963
event_energy_median,event_energy_median,lower,model_x_noise,M1_N2,ssa_decomposition,wavelet_threshold,9,0.11057514441325442,0.011706409171874608,0.324985772918469,0.004999500049995001,0.036996300369963
event_energy_median,event_energy_median,lower,model_x_noise,M1_N2,svd_lowrank,wavelet_threshold,9,1.9109507210324364e-08,-0.013436932648301588,1.3694227787533786e-07,0.250974902509749,0.7529247075292471
event_energy_median,event_energy_median,lower,model_x_noise,M1_N3,fk_filter,fx_deconv,9,-0.10964772026155714,-0.306171657069198,-0.019153019385759848,0.0037996200379962005,0.03799620037996201
event_energy_median,event_energy_median,lower,model_x_noise,M1_N3,fk_filter,ssa_decomposition,9,-0.08758986425344018,-0.37967480796999276,-0.0723183538374643,0.003999600039996,0.03799620037996201
event_energy_median,event_energy_median,lower,model_x_noise,M1_N3,fk_filter,svd_lowrank,9,-0.09399114424445375,-0.2846647592536452,-0.008766567823237523,0.0038996100389961006,0.03799620037996201
event_energy_median,event_energy_median,lower,model_x_noise,M1_N3,fk_filter,wavelet_threshold,9,-0.10957890019324366,-0.3060521008353713,-0.019213299150588878,0.0037996200379962005,0.03799620037996201
event_energy_median,event_energy_median,lower,model_x_noise,M1_N3,fx_deconv,ssa_decomposition,9,0.007688367512293806,-0.296529005472145,0.01633944104208801,0.33296670332966705,0.6637336266373363
event_energy_median,event_energy_median,lower,model_x_noise,M1_N3,fx_deconv,svd_lowrank,9,0.017674043048814342,0.014093250608490981,0.02160347006101293,0.0040995900409959,0.03799620037996201
event_energy_median,event_energy_median,lower,model_x_noise,M1_N3,fx_deconv,wavelet_threshold,9,0.0007541204421612387,-0.00019881491555710784,0.0014799704392184782,0.061493850614938506,0.24597540245975402
event_energy_median,event_energy_median,lower,model_x_noise,M1_N3,ssa_decomposition,svd_lowrank,9,0.003946177174594764,-0.001319431384684211,0.31087396671848516,0.2181781821817818,0.6545345465453454
event_energy_median,event_energy_median,lower,model_x_noise,M1_N3,ssa_decomposition,wavelet_threshold,9,-0.00782835722431649,-0.01732533828525673,0.29832974825340997,0.33186681331866813,0.6637336266373363
event_energy_median,event_energy_median,lower,model_x_noise,M1_N3,svd_lowrank,wavelet_threshold,9,-0.0165437057100333,-0.021387341581726116,-0.014024430540177504,0.0040995900409959,0.03799620037996201
event_energy_median,event_energy_median,lower,model_x_noise,M2_N1,fk_filter,fx_deconv,9,-0.0972589923183281,-0.15035780576070168,-0.07391883904370847,0.0045995400459954,0.032996700329967
event_energy_median,event_energy_median,lower,model_x_noise,M2_N1,fk_filter,ssa_decomposition,9,-0.00651145882504499,-0.051895979133531306,0.053266468004647016,0.7704229577042295,1.0
event_energy_median,event_energy_median,lower,model_x_noise,M2_N1,fk_filter,svd_lowrank,9,-0.016169150527452075,-0.040643652535199304,-0.004018903360967196,0.056894310568943104,0.2574742525747425
event_energy_median,event_energy_median,lower,model_x_noise,M2_N1,fk_filter,wavelet_threshold,9,0.013918640890278777,-0.0021121010429514054,0.04164236638201309,0.0514948505149485,0.2574742525747425
event_energy_median,event_energy_median,lower,model_x_noise,M2_N1,fx_deconv,ssa_decomposition,9,0.11319061671820685,0.060542211732135975,0.18124950402815188,0.0040995900409959,0.032996700329967
event_energy_median,event_energy_median,lower,model_x_noise,M2_N1,fx_deconv,svd_lowrank,9,0.09000051857776395,0.062234659632975566,0.13854815166347909,0.0032996700329967,0.032996700329967
event_energy_median,event_energy_median,lower,model_x_noise,M2_N1,fx_deconv,wavelet_threshold,9,0.09252049497029528,0.07391955917920161,0.16527584540585133,0.0035996400359964,0.032996700329967
event_energy_median,event_energy_median,lower,model_x_noise,M2_N1,ssa_decomposition,svd_lowrank,9,-0.008443267600858447,-0.0771747661600502,0.04276412180547741,0.551044895510449,1.0
event_energy_median,event_energy_median,lower,model_x_noise,M2_N1,ssa_decomposition,wavelet_threshold,9,0.0193642458741684,-0.0138365168507796,0.06694377936227314,0.1493850614938506,0.44815518448155184
event_energy_median,event_energy_median,lower,model_x_noise,M2_N1,svd_lowrank,wavelet_threshold,9,0.0286456165133083,0.003803912219711558,0.07121268705159255,0.0051994800519948,0.032996700329967
event_energy_median,event_energy_median,lower,model_x_noise,M2_N2,fk_filter,fx_deconv,9,-0.02450501225392219,-0.03855505789165207,0.0052346323222922445,0.031596840315968405,0.09479052094790522
event_energy_median,event_energy_median,lower,model_x_noise,M2_N2,fk_filter,ssa_decomposition,9,-0.0259874764941425,-0.10463205648063688,0.03509910845205257,0.1745825417458254,0.3491650834916508
event_energy_median,event_energy_median,lower,model_x_noise,M2_N2,fk_filter,svd_lowrank,9,0.009018686945423276,0.003413251550428239,0.03668594384722588,0.006899310068993101,0.0344965503449655
event_energy_median,event_energy_median,lower,model_x_noise,M2_N2,fk_filter,wavelet_threshold,9,0.013329712545422834,0.006986719483459396,0.0409993616370892,0.0038996100389961006,0.029697030296970302
event_energy_median,event_energy_median,lower,model_x_noise,M2_N2,fx_deconv,ssa_decomposition,9,0.0065539299804340395,-0.06254319109716043,0.03313396442325538,0.619038096190381,0.619038096190381
event_energy_median,event_energy_median,lower,model_x_noise,M2_N2,fx_deconv,svd_lowrank,9,0.03368736434542881,0.03229611065646607,0.04157984736930385,0.0032996700329967,0.029697030296970302
event_energy_median,event_energy_median,lower,model_x_noise,M2_N2,fx_deconv,wavelet_threshold,9,0.036573872895469144,0.035023997608708786,0.044946595840049675,0.0035996400359964,0.029697030296970302
event_energy_median,event_energy_median,lower,model_x_noise,M2_N2,ssa_decomposition,svd_lowrank,9,0.03162795732648875,-2.151570019663651e-05,0.10633743243864133,0.023397660233976603,0.09359064093590641
event_energy_median,event_energy_median,lower,model_x_noise,M2_N2,ssa_decomposition,wavelet_threshold,9,0.03348317960092755,0.004073288789626437,0.10897967498840724,0.0040995900409959,0.029697030296970302
event_energy_median,event_energy_median,lower,model_x_noise,M2_N2,svd_lowrank,wavelet_threshold,9,0.0023730157723209125,0.0016373611862167032,0.0030634982380110137,0.0025997400259974,0.025997400259974
event_energy_median,event_energy_median,lower,model_x_noise,M2_N3,fk_filter,fx_deconv,9,-0.014079843126975047,-0.06511808724496446,0.012327813069231874,0.1526847315268473,0.513048695130487
event_energy_median,event_energy_median,lower,model_x_noise,M2_N3,fk_filter,ssa_decomposition,9,-0.031205961248433153,-0.12034524338864742,-0.014226786142127967,0.037396260373962605,0.30416958304169583
event_energy_median,event_energy_median,lower,model_x_noise,M2_N3,fk_filter,svd_lowrank,9,-0.023451976657664055,-0.0984756950728137,0.004063756222955565,0.100989901009899,0.513048695130487
event_energy_median,event_energy_median,lower,model_x_noise,M2_N3,fk_filter,wavelet_threshold,9,-0.03147725632395144,-0.11237723238351384,-0.001230541041168872,0.0337966203379662,0.30416958304169583
event_energy_median,event_energy_median,lower,model_x_noise,M2_N3,fx_deconv,ssa_decomposition,9,-0.03873045371885237,-0.10368469536604895,0.01992703942366965,0.07839216078392161,0.513048695130487
event_energy_median,event_energy_median,lower,model_x_noise,M2_N3,fx_deconv,svd_lowrank,9,-0.026998841146533017,-0.03416211276002,0.021551003790473526,0.23927607239276072,0.513048695130487
event_energy_median,event_energy_median,lower,model_x_noise,M2_N3,fx_deconv,wavelet_threshold,9,-0.037608780872863325,-0.045806073532047825,0.018532214964280695,0.07329267073292671,0.513048695130487
event_energy_median,event_energy_median,lower,model_x_noise,M2_N3,ssa_decomposition,svd_lowrank,9,0.010226854820138909,0.0005653184258116693,0.09138931729208469,0.12198780121987801,0.513048695130487
event_energy_median,event_energy_median,lower,model_x_noise,M2_N3,ssa_decomposition,wavelet_threshold,9,-0.0040568710181318295,-0.0076684261716868825,0.08513503798511488,0.40135986401359863,0.513048695130487
event_energy_median,event_energy_median,lower,model_x_noise,M2_N3,svd_lowrank,wavelet_threshold,9,-0.008025279666287386,-0.01584206348327842,-0.004424721012031655,0.0038996100389961006,0.03899610038996101
