metric,column,direction,stratum,stratum_key,method_a,method_b,n,median_diff,ci_lo,ci_hi,p_raw,p_holm
ΔSNR,delta_snr_db,higher,global,global,fk_filter,fx_deconv,270,0.3745727295861041,0.052647384420119514,1.279126289541721,9.999000099990002e-05,0.000999900009999
ΔSNR,delta_snr_db,higher,global,global,fk_filter,ssa_decomposition,270,1.0010689923266343,-0.17591658162313895,2.68126715264669,9.999000099990002e-05,0.000999900009999
ΔSNR,delta_snr_db,higher,global,global,fk_filter,svd_lowrank,270,0.00749024189801073,-0.33219566463943195,0.38223950777045446,0.46085391460853914,0.46085391460853914
ΔSNR,delta_snr_db,higher,global,global,fk_filter,wavelet_threshold,270,-0.17089398205291761,-0.4370668601066363,0.001509151861339042,9.999000099990002e-05,0.000999900009999
ΔSNR,delta_snr_db,higher,global,global,fx_deconv,ssa_decomposition,270,0.12491812891094334,-0.023321012672781347,0.42756981872197086,0.0010998900109989002,0.004399560043995601
ΔSNR,delta_snr_db,higher,global,global,fx_deconv,svd_lowrank,270,-1.067535043233799,-1.9990587542670974,-0.841200811811194,9.999000099990002e-05,0.000999900009999
ΔSNR,delta_snr_db,higher,global,global,fx_deconv,wavelet_threshold,270,-0.019050228989528496,-0.024127686286433914,-6.829220825199656e-05,0.0013998600139986002,0.004399560043995601
ΔSNR,delta_snr_db,higher,global,global,ssa_decomposition,svd_lowrank,270,-0.809084095638446,-1.1399869064059645,-0.6752744088612608,9.999000099990002e-05,0.000999900009999
ΔSNR,delta_snr_db,higher,global,global,ssa_decomposition,wavelet_threshold,270,-0.006076077231842003,-0.0363366422276455,0.17583075801326534,0.09369063093690631,0.18738126187381263
ΔSNR,delta_snr_db,higher,global,global,svd_lowrank,wavelet_threshold,270,0.9271237988325902,0.7367209169330264,1.3096426866764812,9.999000099990002e-05,0.000999900009999
ΔSNR,delta_snr_db,higher,model,M1,fk_filter,fx_deconv,135,-0.020990591790885915,-0.3000323652294359,1.075835691000126,0.00029997000299970003,0.000999900009999
ΔSNR,delta_snr_db,higher,model,M1,fk_filter,ssa_decomposition,135,3.2646743109823113,1.2040778211328167,4.180329493513042,9.999000099990002e-05,0.000999900009999
ΔSNR,delta_snr_db,higher,model,M1,fk_filter,svd_lowrank,135,0.02041618236031084,-2.596011520726316,0.4643015989022269,0.046295370462953706,0.046295370462953706
ΔSNR,delta_snr_db,higher,model,M1,fk_filter,wavelet_threshold,135,-0.02105765079217825,-0.3000505094801671,1.075835691056989,9.999000099990002e-05,0.000999900009999
ΔSNR,delta_snr_db,higher,model,M1,fx_deconv,ssa_decomposition,135,2.644339733003939,1.246898850611343,3.158027810926096,9.999000099990002e-05,0.000999900009999
ΔSNR,delta_snr_db,higher,model,M1,fx_deconv,svd_lowrank,135,-0.8405115498242983,-2.9361970701111986,-0.4097106861217559,9.999000099990002e-05,0.000999900009999
ΔSNR,delta_snr_db,higher,model,M1,fx_deconv,wavelet_threshold,135,-1.8100684371802345e-05,-3.881434980002041e-05,7.359624021319178e-11,9.999000099990002e-05,0.000999900009999
ΔSNR,delta_snr_db,higher,model,M1,ssa_decomposition,svd_lowrank,135,-3.327840426563638,-4.5614336847945385,-1.1316491390887924,9.999000099990002e-05,0.000999900009999
ΔSNR,delta_snr_db,higher,model,M1,ssa_decomposition,wavelet_threshold,135,-0.21754831879612446,-0.7140008015972277,-0.051514210049907805,0.00019998000199980003,0.000999900009999
ΔSNR,delta_snr_db,higher,model,M1,svd_lowrank,wavelet_threshold,135,1.6188978517038581,0.8305291343939532,2.9361970701848,9.999000099990002e-05,0.000999900009999
ΔSNR,delta_snr_db,higher,model,M2,fk_filter,fx_deconv,135,0.6381259938850103,0.3401731095514702,2.1712602459300308,9.999000099990002e-05,0.000999900009999
ΔSNR,delta_snr_db,higher,model,M2,fk_filter,ssa_decomposition,135,-0.6466599799857762,-0.9850855651686605,0.8305918647649975,0.0006999300069993001,0.0027997200279972004
ΔSNR,delta_snr_db,higher,model,M2,fk_filter,svd_lowrank,135,0.002798983940659916,-0.43899136467938193,0.4280019810668223,0.010998900109989001,0.021997800219978002
ΔSNR,delta_snr_db,higher,model,M2,fk_filter,wavelet_threshold,135,-0.31103598391572085,-1.4548014928319946,-0.006259835159042382,9.999000099990002e-05,0.000999900009999
ΔSNR,delta_snr_db,higher,model,M2,fx_deconv,ssa_decomposition,135,-0.5284874382805826,-0.7306167453250776,-0.34064264428515045,9.999000099990002e-05,0.000999900009999
ΔSNR,delta_snr_db,higher,model,M2,fx_deconv,svd_lowrank,135,-1.198928416661011,-2.2701022528010757,-1.0438770959625132,9.999000099990002e-05,0.000999900009999
ΔSNR,delta_snr_db,higher,model,M2,fx_deconv,wavelet_threshold,135,-0.5379986009393898,-0.7686086900334885,-0.3682451937102389,0.0033996600339966003,0.010198980101989802
ΔSNR,delta_snr_db,higher,model,M2,ssa_decomposition,svd_lowrank,135,-0.5511364359432327,-0.733246590705483,-0.3230719960763239,0.012398760123987601,0.021997800219978002
ΔSNR,delta_snr_db,higher,model,M2,ssa_decomposition,wavelet_threshold,135,0.2749160325556801,0.10372451066306887,0.5891348032256101,9.999000099990002e-05,0.000999900009999
ΔSNR,delta_snr_db,higher,model,M2,svd_lowrank,wavelet_threshold,135,0.6935624995012688,0.5559076048027771,1.1598415874850208,9.999000099990002e-05,0.000999900009999
ΔSNR,delta_snr_db,higher,noise,N1,fk_filter,fx_deconv,90,-4.67664524666791,-4.98174489013245,-4.482269263760378,9.999000099990002e-05,0.000999900009999
ΔSNR,delta_snr_db,higher,noise,N1,fk_filter,ssa_decomposition,90,-2.531742913054605,-2.798206121699998,-2.0372696276907787,9.999000099990002e-05,0.000999900009999
ΔSNR,delta_snr_db,higher,noise,N1,fk_filter,svd_lowrank,90,-0.00881183248146078,-0.16015174434322077,0.05950027223451304,9.999000099990002e-05,0.000999900009999
ΔSNR,delta_snr_db,higher,noise,N1,fk_filter,wavelet_threshold,90,-1.5886622699334438,-1.6369562631999184,-1.5404157639277527,9.999000099990002e-05,0.000999900009999
ΔSNR,delta_snr_db,higher,noise,N1,fx_deconv,ssa_decomposition,90,2.5641398621657028,1.9258864277024734,3.1233560469855215,9.999000099990002e-05,0.000999900009999
ΔSNR,delta_snr_db,higher,noise,N1,fx_deconv,svd_lowrank,90,4.14282562340278,3.0397375444928585,4.749658418367698,9.999000099990002e-05,0.000999900009999
ΔSNR,delta_snr_db,higher,noise,N1,fx_deconv,wavelet_threshold,90,3.160248001534138,2.8796324818905124,3.54466921665916,9.999000099990002e-05,0.000999900009999
ΔSNR,delta_snr_db,higher,noise,N1,ssa_decomposition,svd_lowrank,90,1.961001748465363,0.8770354722355824,2.7656858743839465,0.012598740125987402,0.025197480251974803
ΔSNR,delta_snr_db,higher,noise,N1,ssa_decomposition,wavelet_threshold,90,0.9285332979054408,0.46278389426273225,1.219351621387447,0.5520447955204479,0.5520447955204479
ΔSNR,delta_snr_db,higher,noise,N1,svd_lowrank,wavelet_threshold,90,-1.5679029197783905,-1.6160856634768268,-1.475065121708889,0.00019998000199980003,0.000999900009999
ΔSNR,delta_snr_db,higher,noise,N2,fk_filter,fx_deconv,90,0.2976513623082917,0.15302535742717716,0.6150132359236213,9.999000099990002e-05,0.000999900009999
ΔSNR,delta_snr_db,higher,noise,N2,fk_filter,ssa_decomposition,90,-0.20705865930523237,-0.8180234017585102,1.0010689923266343,0.7577242275772422,0.7577242275772422
ΔSNR,delta_snr_db,higher,noise,N2,fk_filter,svd_lowrank,90,-5.043746170296465,-6.0187734549309075,-3.445446764696417,9.999000099990002e-05,0.000999900009999
ΔSNR,delta_snr_db,higher,noise,N2,fk_filter,wavelet_threshold,90,-0.17089398205291761,-0.2782989108361549,-0.02066228784829338,0.17818218178182182,0.5345465453454654
ΔSNR,delta_snr_db,higher,noise,N2,fx_deconv,ssa_decomposition,90,-1.1255771326288362,-1.7872485350728873,-0.5164229351203302,0.1116888311168883,0.4467553244675532
ΔSNR,delta_snr_db,higher,noise,N2,fx_deconv,svd_lowrank,90,-5.846504447591359,-7.088840942906972,-5.455718761134604,9.999000099990002e-05,0.000999900009999
ΔSNR,delta_snr_db,higher,noise,N2,fx_deconv,wavelet_threshold,90,-0.10281161749332235,-0.48272943262561796,-6.585965915739678e-05,9.999000099990002e-05,0.000999900009999
ΔSNR,delta_snr_db,higher,noise,N2,ssa_decomposition,svd_lowrank,90,-6.318736746782676,-8.014972933367496,-3.7131139245444214,9.999000099990002e-05,0.000999900009999
ΔSNR,delta_snr_db,higher,noise,N2,ssa_decomposition,wavelet_threshold,90,0.3019574343332587,-0.32638772970513474,0.691388228777357,0.18958104189581043,0.5345465453454654
ΔSNR,delta_snr_db,higher,noise,N2,svd_lowrank,wavelet_threshold,90,4.459132149588769,3.0234080191074666,6.290122402413405,9.999000099990002e-05,0.000999900009999
ΔSNR,delta_snr_db,higher,noise,N3,fk_filter,fx_deconv,90,12.441322526354675,12.047212186085808,12.869418052524228,9.999000099990002e-05,0.000999900009999
ΔSNR,delta_snr_db,higher,noise,N3,fk_filter,ssa_decomposition,90,12.529094459193619,12.18010758003268,13.141601293600047,9.999000099990002e-05,0.000999900009999
ΔSNR,delta_snr_db,higher,noise,N3,fk_filter,svd_lowrank,90,11.354687085780917,10.494290050802551,11.973777379700145,9.999000099990002e-05,0.000999900009999
ΔSNR,delta_snr_db,higher,noise,N3,fk_filter,wavelet_threshold,90,12.392644728345957,11.690162323134246,12.813782011469398,9.999000099990002e-05,0.000999900009999
ΔSNR,delta_snr_db,higher,noise,N3,fx_deconv,ssa_decomposition,90,-0.056642074123835824,-0.16236326583322608,0.026498791564230125,0.7078292170782922,0.7078292170782922
ΔSNR,delta_snr_db,higher,noise,N3,fx_deconv,svd_lowrank,90,-0.9515230115405875,-1.0970121466665983,-0.8226701330801207,9.999000099990002e-05,0.000999900009999
ΔSNR,delta_snr_db,higher,noise,N3,fx_deconv,wavelet_threshold,90,-0.08169436628825329,-0.15959429772343509,-0.025900827193491224,9.999000099990002e-05,0.000999900009999
ΔSNR,delta_snr_db,higher,noise,N3,ssa_decomposition,svd_lowrank,90,-0.8115992806318708,-1.2599317823188456,-0.7239791876437738,9.999000099990002e-05,0.000999900009999
ΔSNR,delta_snr_db,higher,noise,N3,ssa_decomposition,wavelet_threshold,90,-0.0720443381498157,-0.15690833633093515,-0.042247556360645255,9.999000099990002e-05,0.000999900009999
ΔSNR,delta_snr_db,higher,noise,N3,svd_lowrank,wavelet_threshold,90,0.7529972354747896,0.6853624192014416,0.8207395499040859,9.999000099990002e-05,0.000999900009999
ΔSNR,delta_snr_db,higher,level,L1,fk_filter,fx_deconv,90,1.9164241133385342,1.161412541203486,2.24325436541106,0.00019998000199980003,0.0011998800119988001
ΔSNR,delta_snr_db,higher,level,L1,fk_filter,ssa_decomposition,90,2.641730557041088,1.062278035742187,4.431663313456779,9.999000099990002e-05,0.000999900009999
ΔSNR,delta_snr_db,higher,level,L1,fk_filter,svd_lowrank,90,-2.9247503221003504,-3.162309315786005,-0.9769153608690058,0.025997400259974,0.077992200779922
ΔSNR,delta_snr_db,higher,level,L1,fk_filter,wavelet_threshold,90,1.5032377647697182,0.10840972886284206,1.9157539138144282,0.00019998000199980003,0.0011998800119988001
ΔSNR,delta_snr_db,higher,level,L1,fx_deconv,ssa_decomposition,90,-0.35817597349007546,-0.7450438882153012,0.590222246462563,0.12958704129587043,0.25917408259174085
ΔSNR,delta_snr_db,higher,level,L1,fx_deconv,svd_lowrank,90,-3.7742445791438346,-3.9571719684785593,-3.3247986572734387,9.999000099990002e-05,0.000999900009999
ΔSNR,delta_snr_db,higher,level,L1,fx_deconv,wavelet_threshold,90,-0.11661323182084804,-0.8460637347153286,-0.02147521294130339,0.38866113388661133,0.38866113388661133
ΔSNR,delta_snr_db,higher,level,L1,ssa_decomposition,svd_lowrank,90,-3.802833691111302,-4.272035025731665,-3.4055408517787065,9.999000099990002e-05,0.000999900009999
ΔSNR,delta_snr_db,higher,level,L1,ssa_decomposition,wavelet_threshold,90,-0.19034490954608607,-0.7455382285159802,-0.007996516853010505,0.0038996100389961006,0.015598440155984402
ΔSNR,delta_snr_db,higher,level,L1,svd_lowrank,wavelet_threshold,90,3.23547293851081,1.774400297189585,3.4582083361654847,9.999000099990002e-05,0.000999900009999
ΔSNR,delta_snr_db,higher,level,L2,fk_filter,fx_deconv,90,0.010474060986721767,-0.3882791401085468,0.4860956203149134,0.00039996000399960006,0.0027997200279972004
ΔSNR,delta_snr_db,higher,level,L2,fk_filter,ssa_decomposition,90,-0.017317988768612125,-0.9430373899203706,3.1149780507503286,0.00019998000199980003,0.0017998200179982003
ΔSNR,delta_snr_db,higher,level,L2,fk_filter,svd_lowrank,90,-0.00881183248146078,-0.13291749475196957,0.056787001971673856,0.7104289571042895,1.0
ΔSNR,delta_snr_db,higher,level,L2,fk_filter,wavelet_threshold,90,-0.28867058776317345,-1.2755450778165365,-0.028834450249024535,9.999000099990002e-05,0.000999900009999
ΔSNR,delta_snr_db,higher,level,L2,fx_deconv,ssa_decomposition,90,0.03367018237548036,-0.30906052947297624,0.5802864236342948,0.0751924807519248,0.22557744225577442
ΔSNR,delta_snr_db,higher,level,L2,fx_deconv,svd_lowrank,90,-0.8761970108841779,-1.067535043233799,-0.7989054407257123,0.0046995300469953,0.023497650234976502
ΔSNR,delta_snr_db,higher,level,L2,fx_deconv,wavelet_threshold,90,-0.004487124491402206,-0.02408968383686938,-1.7990992388305926e-05,0.013098690130986902,0.052394760523947606
ΔSNR,delta_snr_db,higher,level,L2,ssa_decomposition,svd_lowrank,90,-0.7125041164366834,-0.8026204602837024,-0.3634011168222333,0.0004999500049995,0.0029997000299970002
ΔSNR,delta_snr_db,higher,level,L2,ssa_decomposition,wavelet_threshold,90,0.16201288389901647,-0.028895957347900847,0.4038080435982909,0.8203179682031797,1.0
ΔSNR,delta_snr_db,higher,level,L2,svd_lowrank,wavelet_threshold,90,0.6972874460981777,0.6524442807849216,0.7870535987765144,0.00029997000299970003,0.0023997600239976003
ΔSNR,delta_snr_db,higher,level,L3,fk_filter,fx_deconv,90,0.009882825163542108,-0.4490532734582411,0.5310667541338847,0.0014998500149985001,0.010498950104989501
ΔSNR,delta_snr_db,higher,level,L3,fk_filter,ssa_decomposition,90,-0.6678904186865557,-1.6958901576064978,3.149822291761163,9.999000099990002e-05,0.000999900009999
ΔSNR,delta_snr_db,higher,level,L3,fk_filter,svd_lowrank,90,0.4954783869072038,0.4308436272034457,0.53453336734908,0.5086491350864913,1.0
ΔSNR,delta_snr_db,higher,level,L3,fk_filter,wavelet_threshold,90,-0.2907396130023763,-1.281687538861469,-0.02966717884931369,9.999000099990002e-05,0.000999900009999
ΔSNR,delta_snr_db,higher,level,L3,fx_deconv,ssa_decomposition,90,0.40795612497736067,0.021300466872424872,1.7112162045127821,0.0035996400359964,0.017998200179982
ΔSNR,delta_snr_db,higher,level,L3,fx_deconv,svd_lowrank,90,-0.40748920004930267,-0.4393059315974045,-0.3763648840556461,0.054094590540945904,0.16228377162283772
ΔSNR,delta_snr_db,higher,level,L3,fx_deconv,wavelet_threshold,90,-0.004575213207361789,-0.02413013832633063,-6.602310536241163e-05,0.0005999400059994001,0.0047995200479952005
ΔSNR,delta_snr_db,higher,level,L3,ssa_decomposition,svd_lowrank,90,-0.34873880889987674,-0.5185238188696466,-0.2544447829524331,0.004999500049995001,0.019998000199980003
ΔSNR,delta_snr_db,higher,level,L3,ssa_decomposition,wavelet_threshold,90,0.09799224918866534,-0.031259594504596505,0.5549942995679995,0.5849415058494151,1.0
ΔSNR,delta_snr_db,higher,level,L3,svd_lowrank,wavelet_threshold,90,0.3158987906136478,0.23117154793237665,0.3634099106046746,0.0018998100189981002,0.011398860113988602
ΔSNR,delta_snr_db,higher,f_main,15Hz,fk_filter,fx_deconv,90,0.11119518102497494,-0.6793470171397926,1.263265389381095,0.013298670132986702,0.05319468053194681
ΔSNR,delta_snr_db,higher,f_main,15Hz,fk_filter,ssa_decomposition,90,-2.7596166881878723,-3.0063479494256136,-2.320782107247564,0.1698830116988301,0.293970602939706
ΔSNR,delta_snr_db,higher,f_main,15Hz,fk_filter,svd_lowrank,90,-0.30037352226493796,-3.124204010129178,0.341664663995613,0.013398660133986601,0.05319468053194681
ΔSNR,delta_snr_db,higher,f_main,15Hz,fk_filter,wavelet_threshold,90,-1.0139894261357139,-1.5257000627121768,0.08863217880646701,0.0006999300069993001,0.004199580041995801
ΔSNR,delta_snr_db,higher,f_main,15Hz,fx_deconv,ssa_decomposition,90,-0.26746085640147427,-1.4724732334112929,0.008472879801407707,0.0084991500849915,0.0424957504249575
ΔSNR,delta_snr_db,higher,f_main,15Hz,fx_deconv,svd_lowrank,90,-1.6300259884531814,-3.7502394342217045,-0.7720880456825334,9.999000099990002e-05,0.000999900009999
ΔSNR,delta_snr_db,higher,f_main,15Hz,fx_deconv,wavelet_threshold,90,-0.01904886981182223,-0.027680157369673837,-3.622689034266102e-05,0.146985301469853,0.293970602939706
ΔSNR,delta_snr_db,higher,f_main,15Hz,ssa_decomposition,svd_lowrank,90,-0.4426706031476001,-0.8601932144468827,-0.19417457812171257,0.00019998000199980003,0.0013998600139986002
ΔSNR,delta_snr_db,higher,f_main,15Hz,ssa_decomposition,wavelet_threshold,90,1.4882176019551805,1.2916519556280592,1.6736138678118868,9.999000099990002e-05,0.000999900009999
ΔSNR,delta_snr_db,higher,f_main,15Hz,svd_lowrank,wavelet_threshold,90,0.844807053054156,0.5398138233688854,1.53253690921711,9.999000099990002e-05,0.000999900009999
ΔSNR,delta_snr_db,higher,f_main,25Hz,fk_filter,fx_deconv,90,0.5310667541338847,-0.0006223432549505858,2.148192485713831,9.999000099990002e-05,0.000999900009999
ΔSNR,delta_snr_db,higher,f_main,25Hz,fk_filter,ssa_decomposition,90,1.0975331964715211,-0.43597942950147406,3.4330803564706436,9.999000099990002e-05,0.000999900009999
ΔSNR,delta_snr_db,higher,f_main,25Hz,fk_filter,svd_lowrank,90,0.04655427204766793,-1.4196976605653828,0.4953859056648876,0.6365363463653635,0.6365363463653635
ΔSNR,delta_snr_db,higher,f_main,25Hz,fk_filter,wavelet_threshold,90,-0.015447727332551509,-0.43843812709064167,1.615816262778666,9.999000099990002e-05,0.000999900009999
ΔSNR,delta_snr_db,higher,f_main,25Hz,fx_deconv,ssa_decomposition,90,0.17760752326034174,-0.20651842523017225,0.7266857417998445,0.006099390060993901,0.024397560243975602
ΔSNR,delta_snr_db,higher,f_main,25Hz,fx_deconv,svd_lowrank,90,-1.551027348384836,-2.727560705347878,-0.7805899624016099,0.0006999300069993001,0.0034996500349965005
ΔSNR,delta_snr_db,higher,f_main,25Hz,fx_deconv,wavelet_threshold,90,-0.01903083316638187,-0.027693035846821937,-6.585965915739678e-05,0.049295070492950704,0.1478852114788521
ΔSNR,delta_snr_db,higher,f_main,25Hz,ssa_decomposition,svd_lowrank,90,-0.842748211479952,-2.1607499460285196,-0.6552406443439329,9.999000099990002e-05,0.000999900009999
ΔSNR,delta_snr_db,higher,f_main,25Hz,ssa_decomposition,wavelet_threshold,90,0.003611143075218804,-0.17077554587895008,0.2820180586905261,0.0968903109689031,0.1937806219378062
ΔSNR,delta_snr_db,higher,f_main,25Hz,svd_lowrank,wavelet_threshold,90,1.2708761039226468,0.7695716362852849,1.588775794908409,9.999000099990002e-05,0.000999900009999
ΔSNR,delta_snr_db,higher,f_main,40Hz,fk_filter,fx_deconv,90,0.5422090622984275,0.03397371207022448,1.7340351908619809,9.999000099990002e-05,0.000999900009999
ΔSNR,delta_snr_db,higher,f_main,40Hz,fk_filter,ssa_decomposition,90,3.5884245442100053,1.811112496566969,5.3038124707392935,9.999000099990002e-05,0.000999900009999
ΔSNR,delta_snr_db,higher,f_main,40Hz,fk_filter,svd_lowrank,90,0.05950027223451304,-0.24830081426129358,0.5339039867172606,0.0831916808319168,0.0831916808319168
ΔSNR,delta_snr_db,higher,f_main,40Hz,fk_filter,wavelet_threshold,90,-0.037839341250044845,-0.3066040271471717,1.5358433326823837,9.999000099990002e-05,0.000999900009999
ΔSNR,delta_snr_db,higher,f_main,40Hz,fx_deconv,ssa_decomposition,90,1.2240307107356099,0.49293204987668204,2.026165059147652,9.999000099990002e-05,0.000999900009999
ΔSNR,delta_snr_db,higher,f_main,40Hz,fx_deconv,svd_lowrank,90,-0.8695805593657528,-1.4438910209693283,-0.6577038680346596,0.005699430056994301,0.017098290170982904
ΔSNR,delta_snr_db,higher,f_main,40Hz,fx_deconv,wavelet_threshold,90,-0.019120998070958246,-0.02773943010513665,-6.793864649905504e-05,0.026497350264973504,0.05299470052994701
ΔSNR,delta_snr_db,higher,f_main,40Hz,ssa_decomposition,svd_lowrank,90,-1.1714920331058178,-3.0062363525805242,-0.6671929447513323,9.999000099990002e-05,0.000999900009999
ΔSNR,delta_snr_db,higher,f_main,40Hz,ssa_decomposition,wavelet_threshold,90,-0.8461684954392178,-1.369117364434584,-0.39330303164700725,9.999000099990002e-05,0.000999900009999
ΔSNR,delta_snr_db,higher,f_main,40Hz,svd_lowrank,wavelet_threshold,90,0.7870535987765144,0.5599359578663936,1.2468447058341052,9.999000099990002e-05,0.000999900009999
ΔSNR,delta_snr_db,higher,model_x_noise,M1_N1,fk_filter,fx_deconv,45,-5.358978260259928,-5.764997986307945,-5.046722834420551,9.999000099990002e-05,0.000999900009999
ΔSNR,delta_snr_db,higher,model_x_noise,M1_N1,fk_filter,ssa_decomposition,45,-1.7932634690173783,-2.562463347532086,-1.133933766898386,0.0046995300469953,0.0187981201879812
ΔSNR,delta_snr_db,higher,model_x_noise,M1_N1,fk_filter,svd_lowrank,45,0.02041618236031084,-0.07388035943467042,0.09720114053580353,0.0007999200079992001,0.003999600039996
ΔSNR,delta_snr_db,higher,model_x_noise,M1_N1,fk_filter,wavelet_threshold,45,-1.5133071166657541,-1.5349927613229537,-1.4209210382760715,9.999000099990002e-05,0.000999900009999
ΔSNR,delta_snr_db,higher,model_x_noise,M1_N1,fx_deconv,ssa_decomposition,45,3.577324712020612,3.438562466460475,4.086498265784188,9.999000099990002e-05,0.000999900009999
ΔSNR,delta_snr_db,higher,model_x_noise,M1_N1,fx_deconv,svd_lowrank,45,5.456179400795731,4.593244535878398,5.731181274414101,9.999000099990002e-05,0.000999900009999
ΔSNR,delta_snr_db,higher,model_x_noise,M1_N1,fx_deconv,wavelet_threshold,45,3.9349803976859468,3.5957600799145544,4.297841732417864,9.999000099990002e-05,0.000999900009999
ΔSNR,delta_snr_db,higher,model_x_noise,M1_N1,ssa_decomposition,svd_lowrank,45,1.6431832639070683,0.19969057426802195,2.561229676081303,0.6887311268873113,0.6887311268873113
ΔSNR,delta_snr_db,higher,model_x_noise,M1_N1,ssa_decomposition,wavelet_threshold,45,0.4038080435982909,-0.5569373535666724,1.0010093877885762,0.266973302669733,0.533946605339466
ΔSNR,delta_snr_db,higher,model_x_noise,M1_N1,svd_lowrank,wavelet_threshold,45,-1.5001392408033007,-1.596473102744696,-1.3690900753749986,0.015498450154984501,0.046495350464953504
ΔSNR,delta_snr_db,higher,model_x_noise,M1_N2,fk_filter,fx_deconv,45,-0.020990591790885915,-0.22473032717511643,0.01113959241318696,0.0704929507049295,0.13738626137386262
ΔSNR,delta_snr_db,higher,model_x_noise,M1_N2,fk_filter,ssa_decomposition,45,3.0079316686347504,0.7204196405008467,3.831190440401272,0.0004999500049995,0.0024997500249975
ΔSNR,delta_snr_db,higher,model_x_noise,M1_N2,fk_filter,svd_lowrank,45,-18.257847327417053,-21.802393263202774,-7.455955692972154,9.999000099990002e-05,0.000999900009999
ΔSNR,delta_snr_db,higher,model_x_noise,M1_N2,fk_filter,wavelet_threshold,45,-0.02105765079217825,-0.22476823749012098,0.011073732754029564,0.06869313068693131,0.13738626137386262
ΔSNR,delta_snr_db,higher,model_x_noise,M1_N2,fx_deconv,ssa_decomposition,45,2.0955174838503208,0.7223898635572787,3.420467683933495,0.000999900009999,0.0031996800319968005
ΔSNR,delta_snr_db,higher,model_x_noise,M1_N2,fx_deconv,svd_lowrank,45,-19.979721293739708,-23.139724292044175,-7.44539371343059,9.999000099990002e-05,0.000999900009999
ΔSNR,delta_snr_db,higher,model_x_noise,M1_N2,fx_deconv,wavelet_threshold,45,-1.8100684371802345e-05,-1.8161974317365548e-05,-1.1315745847895187e-05,9.999000099990002e-05,0.000999900009999
ΔSNR,delta_snr_db,higher,model_x_noise,M1_N2,ssa_decomposition,svd_lowrank,45,-19.54943474723179,-26.609172632250853,-8.317521458275243,9.999000099990002e-05,0.000999900009999
ΔSNR,delta_snr_db,higher,model_x_noise,M1_N2,ssa_decomposition,wavelet_threshold,45,-2.0955354757288482,-3.4205358363703198,-0.722389863479517,0.0007999200079992001,0.0031996800319968005
ΔSNR,delta_snr_db,higher,model_x_noise,M1_N2,svd_lowrank,wavelet_threshold,45,19.979721293796572,7.44534016738378,23.13972429210547,9.999000099990002e-05,0.000999900009999
ΔSNR,delta_snr_db,higher,model_x_noise,M1_N3,fk_filter,fx_deconv,45,12.967469107937669,12.481315017214989,13.810946498556099,9.999000099990002e-05,0.000999900009999
ΔSNR,delta_snr_db,higher,model_x_noise,M1_N3,fk_filter,ssa_decomposition,45,13.614512752343359,12.815746153171865,14.085086025328344,9.999000099990002e-05,0.000999900009999
ΔSNR,delta_snr_db,higher,model_x_noise,M1_N3,fk_filter,svd_lowrank,45,11.983017775817856,10.776308982354864,12.934460588443207,9.999000099990002e-05,0.000999900009999
ΔSNR,delta_snr_db,higher,model_x_noise,M1_N3,fk_filter,wavelet_threshold,45,12.958386993831073,12.458916984020377,13.831236041348458,9.999000099990002e-05,0.000999900009999
ΔSNR,delta_snr_db,higher,model_x_noise,M1_N3,fx_deconv,ssa_decomposition,45,0.17695480986141554,0.032383710806929145,0.45805462936784735,0.00019998000199980003,0.000999900009999
ΔSNR,delta_snr_db,higher,model_x_noise,M1_N3,fx_deconv,svd_lowrank,45,-0.8405115498242983,-0.8764859101128915,-0.7805899624016099,9.999000099990002e-05,0.000999900009999
ΔSNR,delta_snr_db,higher,model_x_noise,M1_N3,fx_deconv,wavelet_threshold,45,-0.0240485284916776,-0.024121599716888653,-0.019078744730445685,9.999000099990002e-05,0.000999900009999
ΔSNR,delta_snr_db,higher,model_x_noise,M1_N3,ssa_decomposition,svd_lowrank,45,-1.1316491390887924,-2.0291349407271877,-0.8187268047742791,9.999000099990002e-05,0.000999900009999
ΔSNR,delta_snr_db,higher,model_x_noise,M1_N3,ssa_decomposition,wavelet_threshold,45,-0.19597256901001447,-0.46687583269573807,-0.053997842772783855,0.0004999500049995,0.000999900009999
ΔSNR,delta_snr_db,higher,model_x_noise,M1_N3,svd_lowrank,wavelet_threshold,45,0.8138952860705517,0.761572203253011,0.8604503738214904,9.999000099990002e-05,0.000999900009999
ΔSNR,delta_snr_db,higher,model_x_noise,M2_N1,fk_filter,fx_deconv,45,-3.2845004020550004,-3.9711246015838135,-2.355215919952209,9.999000099990002e-05,0.000999900009999
ΔSNR,delta_snr_db,higher,model_x_noise,M2_N1,fk_filter,ssa_decomposition,45,-2.798206121699998,-2.982351114384484,-2.511527635837104,9.999000099990002e-05,0.000999900009999
ΔSNR,delta_snr_db,higher,model_x_noise,M2_N1,fk_filter,svd_lowrank,45,-0.07164991364203566,-0.5232174306074224,0.06689772995814014,0.00039996000399960006,0.0027997200279972004
ΔSNR,delta_snr_db,higher,model_x_noise,M2_N1,fk_filter,wavelet_threshold,45,-1.7021523617203869,-1.8306484606214457,-1.6516695609653653,9.999000099990002e-05,0.000999900009999
ΔSNR,delta_snr_db,higher,model_x_noise,M2_N1,fx_deconv,ssa_decomposition,45,0.6565188787393694,0.24104931006212915,1.4698102434752638,0.21277872212778723,0.21277872212778723
ΔSNR,delta_snr_db,higher,model_x_noise,M2_N1,fx_deconv,svd_lowrank,45,3.1802736696425438,2.2681068204697876,3.8290728780070262,0.0013998600139986002,0.006999300069993001
ΔSNR,delta_snr_db,higher,model_x_noise,M2_N1,fx_deconv,wavelet_threshold,45,1.57628634934286,0.7223570415372365,2.1960710489517723,0.0014998500149985001,0.006999300069993001
ΔSNR,delta_snr_db,higher,model_x_noise,M2_N1,ssa_decomposition,svd_lowrank,45,2.4422609146780223,0.955774367476641,3.087785413668045,0.0006999300069993001,0.004199580041995801
ΔSNR,delta_snr_db,higher,model_x_noise,M2_N1,ssa_decomposition,wavelet_threshold,45,1.214797454743385,0.8267471547126224,1.396564102856599,0.0036996300369963003,0.007399260073992601
ΔSNR,delta_snr_db,higher,model_x_noise,M2_N1,svd_lowrank,wavelet_threshold,45,-1.5961524284348219,-1.6523584788926282,-1.5333218659761219,0.0014998500149985001,0.006999300069993001
ΔSNR,delta_snr_db,higher,model_x_noise,M2_N2,fk_filter,fx_deconv,45,0.5919004779622323,0.38924067338249735,1.3996193540206985,9.999000099990002e-05,0.000999900009999
ΔSNR,delta_snr_db,higher,model_x_noise,M2_N2,fk_filter,ssa_decomposition,45,-0.7750612419434368,-1.6422888661330717,-0.2751975261418438,0.00019998000199980003,0.000999900009999
ΔSNR,delta_snr_db,higher,model_x_noise,M2_N2,fk_filter,svd_lowrank,45,-2.307468810340964,-3.929335691548525,-1.397751893154723,9.999000099990002e-05,0.000999900009999
ΔSNR,delta_snr_db,higher,model_x_noise,M2_N2,fk_filter,wavelet_threshold,45,-0.31103598391572085,-0.5593940636506112,-0.03827670690644913,0.0163983601639836,0.0163983601639836
ΔSNR,delta_snr_db,higher,model_x_noise,M2_N2,fx_deconv,ssa_decomposition,45,-2.031529539515569,-3.7586437905489447,-1.2294197835593446,9.999000099990002e-05,0.000999900009999
ΔSNR,delta_snr_db,higher,model_x_noise,M2_N2,fx_deconv,svd_lowrank,45,-3.631455325008858,-5.6899686740282736,-2.3042546365263448,9.999000099990002e-05,0.000999900009999
ΔSNR,delta_snr_db,higher,model_x_noise,M2_N2,fx_deconv,wavelet_threshold,45,-1.544383328544944,-1.769666457646002,-0.7441075197220686,9.999000099990002e-05,0.000999900009999
ΔSNR,delta_snr_db,higher,model_x_noise,M2_N2,ssa_decomposition,svd_lowrank,45,-1.0040677057991383,-1.6903762017434332,-0.6226906512112862,0.0007999200079992001,0.0015998400159984002
ΔSNR,delta_snr_db,higher,model_x_noise,M2_N2,ssa_decomposition,wavelet_threshold,45,0.6754123681073558,0.3870171953396815,1.2072610314816288,9.999000099990002e-05,0.000999900009999
ΔSNR,delta_snr_db,higher,model_x_noise,M2_N2,svd_lowrank,wavelet_threshold,45,1.3615733427107202,1.0701894767539564,2.280367635422243,9.999000099990002e-05,0.000999900009999
ΔSNR,delta_snr_db,higher,model_x_noise,M2_N3,fk_filter,fx_deconv,45,11.416848986053411,11.102309896580191,12.33201536814149,9.999000099990002e-05,0.000999900009999
ΔSNR,delta_snr_db,higher,model_x_noise,M2_N3,fk_filter,ssa_decomposition,45,11.276388934190837,10.33355644525132,12.087841949336005,9.999000099990002e-05,0.000999900009999
ΔSNR,delta_snr_db,higher,model_x_noise,M2_N3,fk_filter,svd_lowrank,45,10.396188828766808,7.576374398807449,11.484041786748243,9.999000099990002e-05,0.000999900009999
ΔSNR,delta_snr_db,higher,model_x_noise,M2_N3,fk_filter,wavelet_threshold,45,11.02436423715755,9.927804080559117,12.17457810650663,9.999000099990002e-05,0.000999900009999
ΔSNR,delta_snr_db,higher,model_x_noise,M2_N3,fx_deconv,ssa_decomposition,45,-0.34064264428515045,-0.5368940712465493,-0.19682230530880465,9.999000099990002e-05,0.000999900009999
ΔSNR,delta_snr_db,higher,model_x_noise,M2_N3,fx_deconv,svd_lowrank,45,-1.0777070520104184,-1.198928416661011,-1.0339169472209857,9.999000099990002e-05,0.000999900009999
ΔSNR,delta_snr_db,higher,model_x_noise,M2_N3,fx_deconv,wavelet_threshold,45,-0.39008597789048505,-0.5379986009393898,-0.341519189112212,9.999000099990002e-05,0.000999900009999
ΔSNR,delta_snr_db,higher,model_x_noise,M2_N3,ssa_decomposition,svd_lowrank,45,-0.7331161832837338,-0.8007691640779422,-0.6335323847648526,9.999000099990002e-05,0.000999900009999
ΔSNR,delta_snr_db,higher,model_x_noise,M2_N3,ssa_decomposition,wavelet_threshold,45,-0.04329568499497949,-0.0897548782809725,-0.030120221439599824,0.0030996900309969004,0.0030996900309969004
ΔSNR,delta_snr_db,higher,model_x_noise,M2_N3,svd_lowrank,wavelet_threshold,45,0.6915769948596253,0.6442885573582355,0.7367209169330264,9.999000099990002e-05,0.000999900009999
Lsig,lsig,lower,global,global,fk_filter,fx_deconv,270,-0.014345466485801766,-0.017642494097031572,-0.008828021119915881,9.999000099990002e-05,0.000999900009999
Lsig,lsig,lower,global,global,fk_filter,ssa_decomposition,270,-0.02458855766363638,-0.0312855315518441,-0.015922358472906458,9.999000099990002e-05,0.000999900009999
Lsig,lsig,lower,global,global,fk_filter,svd_lowrank,270,0.00021253616655423588,-0.00034553933195311155,0.001183782404743589,9.999000099990002e-05,0.000999900009999
Lsig,lsig,lower,global,global,fk_filter,wavelet_threshold,270,0.003181140671579215,0.0016511766529521724,0.0040884123961893275,0.0004999500049995,0.001999800019998
Lsig,lsig,lower,global,global,fx_deconv,ssa_decomposition,270,-0.006975126518247117,-0.0118340858432078,-0.0031983597692771095,9.999000099990002e-05,0.000999900009999
Lsig,lsig,lower,global,global,fx_deconv,svd_lowrank,270,0.015159421793174338,0.013276855510762128,0.01705022339707184,0.6867313268673133,0.6867313268673133
Lsig,lsig,lower,global,global,fx_deconv,wavelet_threshold,270,0.0017484372462763798,0.00041913582045426806,0.016386604470449973,0.0032996700329967,0.0065993400659934
Lsig,lsig,lower,global,global,ssa_decomposition,svd_lowrank,270,0.016085782650051634,0.011596609776559932,0.023253207208822055,9.999000099990002e-05,0.000999900009999
Lsig,lsig,lower,global,global,ssa_decomposition,wavelet_threshold,270,0.015131688724447511,0.010094150077611112,0.021592609457186055,9.999000099990002e-05,0.000999900009999
Lsig,lsig,lower,global,global,svd_lowrank,wavelet_threshold,270,1.6459524769426616e-05,3.807380262539642e-08,0.0006039387716011827,0.0008999100089991,0.0026997300269973002
Lsig,lsig,lower,model,M1,fk_filter,fx_deconv,135,0.000893162918064419,8.522835940289464e-05,0.003485384348219761,0.07999200079992001,0.15998400159984003
Lsig,lsig,lower,model,M1,fk_filter,ssa_decomposition,135,-0.04451935472326074,-0.0825573965497657,-0.030403800521987486,9.999000099990002e-05,0.000999900009999
Lsig,lsig,lower,model,M1,fk_filter,svd_lowrank,135,6.161594401964121e-05,-0.0048047693730967,0.0008904228532010495,9.999000099990002e-05,0.000999900009999
Lsig,lsig,lower,model,M1,fk_filter,wavelet_threshold,135,0.0008931629200849556,8.523067017894243e-05,0.003300234705842975,9.999000099990002e-05,0.000999900009999
Lsig,lsig,lower,model,M1,fx_deconv,ssa_decomposition,135,-0.0432295354479139,-0.05856247350927903,-0.03267478408786936,9.999000099990002e-05,0.000999900009999
Lsig,lsig,lower,model,M1,fx_deconv,svd_lowrank,135,-5.581386552044143e-09,-5.355967613763421e-08,0.006734573779135233,0.00019998000199980003,0.000999900009999
Lsig,lsig,lower,model,M1,fx_deconv,wavelet_threshold,135,2.5372507914123155e-11,-2.282622008076274e-12,1.768746454932872e-09,9.999000099990002e-05,0.000999900009999
Lsig,lsig,lower,model,M1,ssa_decomposition,svd_lowrank,135,0.031018511577548397,0.021686063244826116,0.04280547287674889,9.999000099990002e-05,0.000999900009999
Lsig,lsig,lower,model,M1,ssa_decomposition,wavelet_threshold,135,0.025003006130091494,0.013361090682757926,0.037705993246782005,9.999000099990002e-05,0.000999900009999
Lsig,lsig,lower,model,M1,svd_lowrank,wavelet_threshold,135,-0.0044789377296718825,-0.006892338142102307,7.47686553313987e-09,0.10538946105389461,0.15998400159984003
Lsig,lsig,lower,model,M2,fk_filter,fx_deconv,135,-0.019943558165813446,-0.024022860754778594,-0.017589388581665956,9.999000099990002e-05,0.000999900009999
Lsig,lsig,lower,model,M2,fk_filter,ssa_decomposition,135,-0.009408143381486517,-0.020073634424965965,-0.0034355970922468945,9.999000099990002e-05,0.000999900009999
Lsig,lsig,lower,model,M2,fk_filter,svd_lowrank,135,0.0010040768432873803,9.656867602751869e-05,0.002042669967479543,0.10338966103389662,0.20677932206779323
Lsig,lsig,lower,model,M2,fk_filter,wavelet_threshold,135,0.004888155982263133,0.0031676461721189004,0.007142806762837335,0.5468453154684532,0.5468453154684532
Lsig,lsig,lower,model,M2,fx_deconv,ssa_decomposition,135,0.01345090147994597,0.009088651699954932,0.01751371245847078,0.047995200479952004,0.143985601439856
Lsig,lsig,lower,model,M2,fx_deconv,svd_lowrank,135,0.01980736567581163,0.01909041855986264,0.020291947702659203,9.999000099990002e-05,0.000999900009999
Lsig,lsig,lower,model,M2,fx_deconv,wavelet_threshold,135,0.021476475456796214,0.020296552986804307,0.023206773152175612,9.999000099990002e-05,0.000999900009999
Lsig,lsig,lower,model,M2,ssa_decomposition,svd_lowrank,135,0.006818515559296964,0.0022530532380218016,0.013618103311465011,9.999000099990002e-05,0.000999900009999
Lsig,lsig,lower,model,M2,ssa_decomposition,wavelet_threshold,135,0.011281347238255636,0.006712650660075472,0.015509033298030318,9.999000099990002e-05,0.000999900009999
Lsig,lsig,lower,model,M2,svd_lowrank,wavelet_threshold,135,0.0018343918835566008,0.0012375059997861843,0.002692525372066592,9.999000099990002e-05,0.000999900009999
Lsig,lsig,lower,noise,N1,fk_filter,fx_deconv,90,0.015060882608314828,0.006535589726629183,0.02085883940453001,0.00019998000199980003,0.0011998800119988001
Lsig,lsig,lower,noise,N1,fk_filter,ssa_decomposition,90,0.0041295181070026155,-0.002862418382406316,0.012695863987851785,0.9963003699630038,1.0
Lsig,lsig,lower,noise,N1,fk_filter,svd_lowrank,90,0.0020801932085510655,0.00038980108463946075,0.00511260210241901,0.43185681431856815,1.0
Lsig,lsig,lower,noise,N1,fk_filter,wavelet_threshold,90,0.015840404657792566,0.009645635942605455,0.020456346339445985,9.999000099990002e-05,0.000999900009999
Lsig,lsig,lower,noise,N1,fx_deconv,ssa_decomposition,90,-0.007218270205813253,-0.026478380652925855,0.00925329295656728,9.999000099990002e-05,0.000999900009999
Lsig,lsig,lower,noise,N1,fx_deconv,svd_lowrank,90,-0.0029333474776638987,-0.010352512663038502,0.011014512942315778,0.000999900009999,0.004999500049995
Lsig,lsig,lower,noise,N1,fx_deconv,wavelet_threshold,90,-0.004969172517235519,-0.008836015599825948,0.017414381336367014,0.1825817418258174,0.7303269673032696
Lsig,lsig,lower,noise,N1,ssa_decomposition,svd_lowrank,90,0.0004774034558839291,-0.0016584574161812118,0.004245764540352727,0.8389161083891611,1.0
Lsig,lsig,lower,noise,N1,ssa_decomposition,wavelet_threshold,90,0.0071207655722240765,0.0025537740737283125,0.014935512750286813,9.999000099990002e-05,0.000999900009999
Lsig,lsig,lower,noise,N1,svd_lowrank,wavelet_threshold,90,0.009834329150364021,0.0044348208475828085,0.01562531356807368,9.999000099990002e-05,0.000999900009999
Lsig,lsig,lower,noise,N2,fk_filter,fx_deconv,90,-0.002368529509116261,-0.007721154181738362,0.0001330986524668075,9.999000099990002e-05,0.000999900009999
Lsig,lsig,lower,noise,N2,fk_filter,ssa_decomposition,90,-0.016270715359029735,-0.02792261142016656,-0.0033141694756568607,9.999000099990002e-05,0.000999900009999
Lsig,lsig,lower,noise,N2,fk_filter,svd_lowrank,90,0.0034853226596962177,0.002030188874067481,0.0045911339256992124,9.999000099990002e-05,0.000999900009999
Lsig,lsig,lower,noise,N2,fk_filter,wavelet_threshold,90,0.003485358417048999,0.001870388128838525,0.0040676575467908935,9.999000099990002e-05,0.000999900009999
Lsig,lsig,lower,noise,N2,fx_deconv,ssa_decomposition,90,-0.0027404536466040697,-0.011186837704100021,8.151282857280884e-05,0.00019998000199980003,0.000999900009999
Lsig,lsig,lower,noise,N2,fx_deconv,svd_lowrank,90,0.012673362081571675,0.010003601493507172,0.015911241712270992,9.999000099990002e-05,0.000999900009999
Lsig,lsig,lower,noise,N2,fx_deconv,wavelet_threshold,90,0.007314010598581478,4.792236123472377e-09,0.01921409377844007,9.999000099990002e-05,0.000999900009999
Lsig,lsig,lower,noise,N2,ssa_decomposition,svd_lowrank,90,0.01784178637327926,0.00898573408791109,0.028564008492714302,9.999000099990002e-05,0.000999900009999
Lsig,lsig,lower,noise,N2,ssa_decomposition,wavelet_threshold,90,0.016134383339394986,0.009077582508285992,0.029829496165773912,9.999000099990002e-05,0.000999900009999
Lsig,lsig,lower,noise,N2,svd_lowrank,wavelet_threshold,90,3.5386162295509543e-07,6.26832353142796e-08,0.0010648667758400556,0.6592340765923408,0.6592340765923408
Lsig,lsig,lower,noise,N3,fk_filter,fx_deconv,90,-0.050200185434477365,-0.07261238827869892,-0.03152410541233856,9.999000099990002e-05,0.000999900009999
Lsig,lsig,lower,noise,N3,fk_filter,ssa_decomposition,90,-0.08297000632488874,-0.10722029542376474,-0.05784458602308885,9.999000099990002e-05,0.000999900009999
Lsig,lsig,lower,noise,N3,fk_filter,svd_lowrank,90,-0.03235794457240436,-0.049876901273042645,-0.011135241731044099,9.999000099990002e-05,0.000999900009999
Lsig,lsig,lower,noise,N3,fk_filter,wavelet_threshold,90,-0.030286392212198317,-0.04752029184386984,-0.02251701393468944,9.999000099990002e-05,0.000999900009999
Lsig,lsig,lower,noise,N3,fx_deconv,ssa_decomposition,90,-0.009066171587211937,-0.020586504040978195,-0.004462082625298274,9.999000099990002e-05,0.000999900009999
Lsig,lsig,lower,noise,N3,fx_deconv,svd_lowrank,90,0.017825644286539696,0.017277489277120514,0.019129815243705696,9.999000099990002e-05,0.000999900009999
Lsig,lsig,lower,noise,N3,fx_deconv,wavelet_threshold,90,0.008145335353294059,0.0008780278400305347,0.01782111569510731,9.999000099990002e-05,0.000999900009999
Lsig,lsig,lower,noise,N3,ssa_decomposition,svd_lowrank,90,0.02940916317198793,0.023496084661361067,0.042917922332845214,9.999000099990002e-05,0.000999900009999
Lsig,lsig,lower,noise,N3,ssa_decomposition,wavelet_threshold,90,0.022272995190728437,0.013361090682757926,0.03297850118345423,9.999000099990002e-05,0.000999900009999
Lsig,lsig,lower,noise,N3,svd_lowrank,wavelet_threshold,90,-0.004592575233683428,-0.011624146491970869,-0.0007878955882402526,9.999000099990002e-05,0.000999900009999
Lsig,lsig,lower,level,L1,fk_filter,fx_deconv,90,-0.011174264569197803,-0.01648974367133691,-0.0053946449945093365,9.999000099990002e-05,0.000999900009999
Lsig,lsig,lower,level,L1,fk_filter,ssa_decomposition,90,-0.020223626454614653,-0.028090962553997144,-0.006978278879972384,9.999000099990002e-05,0.000999900009999
Lsig,lsig,lower,level,L1,fk_filter,svd_lowrank,90,0.0056261868466815895,0.0032513993754351494,0.008093494867811035,9.999000099990002e-05,0.000999900009999
Lsig,lsig,lower,level,L1,fk_filter,wavelet_threshold,90,0.0024007763898532927,0.0006035151768705085,0.004641702666259628,0.29157084291570845,0.29157084291570845
Lsig,lsig,lower,level,L1,fx_deconv,ssa_decomposition,90,-0.004182177066645532,-0.008759064555092552,0.002546152002587512,0.00019998000199980003,0.000999900009999
Lsig,lsig,lower,level,L1,fx_deconv,svd_lowrank,90,0.01611062492771524,0.012906266116083209,0.01774251605374521,9.999000099990002e-05,0.000999900009999
Lsig,lsig,lower,level,L1,fx_deconv,wavelet_threshold,90,0.007302536431738742,6.317060916416657e-05,0.01782841271874009,9.999000099990002e-05,0.000999900009999
Lsig,lsig,lower,level,L1,ssa_decomposition,svd_lowrank,90,0.0182600579367014,0.01144223619098233,0.027211912320434045,9.999000099990002e-05,0.000999900009999
Lsig,lsig,lower,level,L1,ssa_decomposition,wavelet_threshold,90,0.0144307566356092,0.005947641644422885,0.024411698728844435,9.999000099990002e-05,0.000999900009999
Lsig,lsig,lower,level,L1,svd_lowrank,wavelet_threshold,90,-0.002691607326214445,-0.004624841596018735,-0.0005115882581914314,9.999000099990002e-05,0.000999900009999
Lsig,lsig,lower,level,L2,fk_filter,fx_deconv,90,-0.0168591988240478,-0.02566595597771417,-8.084419018797306e-05,0.0008999100089991,0.0044995500449955
Lsig,lsig,lower,level,L2,fk_filter,ssa_decomposition,90,-0.025238468582165538,-0.039980329823482215,-0.009960653738415258,9.999000099990002e-05,0.000999900009999
Lsig,lsig,lower,level,L2,fk_filter,svd_lowrank,90,0.00018015995333627661,-0.0011454237723734426,0.0010269921226784204,0.00029997000299970003,0.0017998200179982003
Lsig,lsig,lower,level,L2,fk_filter,wavelet_threshold,90,0.003181140671579215,0.0012116725365025616,0.005120118281740332,0.025997400259974,0.0596940305969403
Lsig,lsig,lower,level,L2,fx_deconv,ssa_decomposition,90,-0.007583110368901792,-0.01929561799205471,-0.0018252905530552685,9.999000099990002e-05,0.000999900009999
Lsig,lsig,lower,level,L2,fx_deconv,svd_lowrank,90,0.014760199622745983,0.011786425525017883,0.018171679033909195,0.09349065093490651,0.09349065093490651
Lsig,lsig,lower,level,L2,fx_deconv,wavelet_threshold,90,0.00781955048592611,0.00029334729583710417,0.018752297930048723,0.001999800019998,0.007999200079992
Lsig,lsig,lower,level,L2,ssa_decomposition,svd_lowrank,90,0.016783266743301835,0.007022462911883788,0.026202220919048627,9.999000099990002e-05,0.000999900009999
Lsig,lsig,lower,level,L2,ssa_decomposition,wavelet_threshold,90,0.015131688724447511,0.006483965649931433,0.02239750039433373,9.999000099990002e-05,0.000999900009999
Lsig,lsig,lower,level,L2,svd_lowrank,wavelet_threshold,90,0.0011947356016730852,5.157274113663857e-08,0.002233098863135027,0.0198980101989801,0.0596940305969403
Lsig,lsig,lower,level,L3,fk_filter,fx_deconv,90,-0.014883419300703242,-0.02898592594402928,0.00013441527936788433,0.011398860113988602,0.03419658034196581
Lsig,lsig,lower,level,L3,fk_filter,ssa_decomposition,90,-0.03240551914056245,-0.0517061977832506,-0.008661685105309314,9.999000099990002e-05,0.000999900009999
Lsig,lsig,lower,level,L3,fk_filter,svd_lowrank,90,-0.01272389997756277,-0.02654579348681599,-0.0022666572414098917,9.999000099990002e-05,0.000999900009999
Lsig,lsig,lower,level,L3,fk_filter,wavelet_threshold,90,0.003499504993960404,0.0009092259793079104,0.006181693094402968,0.0023997600239976003,0.011498850114988501
Lsig,lsig,lower,level,L3,fx_deconv,ssa_decomposition,90,-0.011113563432557245,-0.04116633655382526,-0.0033327238291948136,9.999000099990002e-05,0.000999900009999
Lsig,lsig,lower,level,L3,fx_deconv,svd_lowrank,90,0.014500290836480904,0.004438907585228876,0.017124551276443883,0.035896410358964105,0.07179282071792821
Lsig,lsig,lower,level,L3,fx_deconv,wavelet_threshold,90,0.0017484372462763798,0.0007753369155547862,0.01781753112676785,0.811018898110189,0.811018898110189
Lsig,lsig,lower,level,L3,ssa_decomposition,svd_lowrank,90,0.012178556049483863,0.0019180374054543143,0.028366387616196028,0.0022997700229977,0.011498850114988501
Lsig,lsig,lower,level,L3,ssa_decomposition,wavelet_threshold,90,0.014979964519022863,0.007977003900805139,0.032840319034432776,9.999000099990002e-05,0.000999900009999
Lsig,lsig,lower,level,L3,svd_lowrank,wavelet_threshold,90,0.0031291875906328433,0.00163215657873364,0.008297914330227262,9.999000099990002e-05,0.000999900009999
Lsig,lsig,lower,f_main,15Hz,fk_filter,fx_deconv,90,-0.00014747306226367898,-0.008418775526825977,0.0016876568666692,0.14128587141285873,0.7064293570642937
Lsig,lsig,lower,f_main,15Hz,fk_filter,ssa_decomposition,90,0.010064823357553779,0.0021688836708108374,0.014150255307044689,0.2803719628037196,0.8411158884111589
Lsig,lsig,lower,f_main,15Hz,fk_filter,svd_lowrank,90,0.0031680562664585963,0.001315605106689096,0.007857884467349818,0.010998900109989001,0.10998900109989002
Lsig,lsig,lower,f_main,15Hz,fk_filter,wavelet_threshold,90,0.007936396690591515,0.0034853268542909366,0.013478235641402728,0.17848215178482152,0.7139286071392861
Lsig,lsig,lower,f_main,15Hz,fx_deconv,ssa_decomposition,90,0.003705167175112722,-0.001308889239382827,0.01592862607498108,0.09519048095190481,0.6663333666633336
Lsig,lsig,lower,f_main,15Hz,fx_deconv,svd_lowrank,90,0.013288202283951823,0.010430765659737579,0.016425851844940664,0.5262473752624738,0.8945105489451055
Lsig,lsig,lower,f_main,15Hz,fx_deconv,wavelet_threshold,90,0.0017185977822979648,0.00010801234128333427,0.016343094838537766,0.44725527447255276,0.8945105489451055
Lsig,lsig,lower,f_main,15Hz,ssa_decomposition,svd_lowrank,90,0.0006912787197510244,-0.00026276418665255406,0.0013373888084704563,0.023297670232976703,0.18638136186381363
Lsig,lsig,lower,f_main,15Hz,ssa_decomposition,wavelet_threshold,90,0.001194146642472828,0.0006712155087649945,0.0014737414579327097,0.09619038096190381,0.6663333666633336
Lsig,lsig,lower,f_main,15Hz,svd_lowrank,wavelet_threshold,90,6.26832353142796e-08,-0.00016629311940650343,0.0007802064410577236,0.0168983101689831,0.15208479152084792
Lsig,lsig,lower,f_main,25Hz,fk_filter,fx_deconv,90,-0.015656452222834398,-0.018501060601202008,-0.01112486722527004,0.0065993400659934,0.032996700329967
Lsig,lsig,lower,f_main,25Hz,fk_filter,ssa_decomposition,90,-0.015668144449662667,-0.025583581838978447,-0.008805965789231148,9.999000099990002e-05,0.000999900009999
Lsig,lsig,lower,f_main,25Hz,fk_filter,svd_lowrank,90,7.070672773430161e-05,-0.003198619825057294,0.0002441114009220469,9.999000099990002e-05,0.000999900009999
Lsig,lsig,lower,f_main,25Hz,fk_filter,wavelet_threshold,90,0.0025732231337620526,9.629243051222501e-05,0.004476764026457595,0.011498850114988501,0.045995400459954004
Lsig,lsig,lower,f_main,25Hz,fx_deconv,ssa_decomposition,90,-0.01216103572430531,-0.020586504040978195,-0.0010302513104748449,9.999000099990002e-05,0.000999900009999
Lsig,lsig,lower,f_main,25Hz,fx_deconv,svd_lowrank,90,0.01587080042108764,0.012790284962811305,0.017472550476019783,0.909009099090091,0.909009099090091
Lsig,lsig,lower,f_main,25Hz,fx_deconv,wavelet_threshold,90,0.008045829333710031,0.00014093205034877015,0.017433184592556168,0.1050894910508949,0.2101789821017898
Lsig,lsig,lower,f_main,25Hz,ssa_decomposition,svd_lowrank,90,0.015745902224376072,0.011941014962857406,0.023271274031887335,9.999000099990002e-05,0.000999900009999
Lsig,lsig,lower,f_main,25Hz,ssa_decomposition,wavelet_threshold,90,0.01576358569324042,0.013047309047968563,0.020983940934702443,9.999000099990002e-05,0.000999900009999
Lsig,lsig,lower,f_main,25Hz,svd_lowrank,wavelet_threshold,90,6.300282252805597e-06,2.697413939460933e-09,0.0009915475770026576,0.049295070492950704,0.1478852114788521
Lsig,lsig,lower,f_main,40Hz,fk_filter,fx_deconv,90,-0.02065472430138926,-0.027774417450203454,-0.017581887889279474,0.0004999500049995,0.0024997500249975
Lsig,lsig,lower,f_main,40Hz,fk_filter,ssa_decomposition,90,-0.0827312751402452,-0.10155629773825114,-0.05611994154975396,9.999000099990002e-05,0.000999900009999
Lsig,lsig,lower,f_main,40Hz,fk_filter,svd_lowrank,90,-0.00021589988400411272,-0.0027027899011107153,0.0009677273987310201,0.00019998000199980003,0.0011998800119988001
Lsig,lsig,lower,f_main,40Hz,fk_filter,wavelet_threshold,90,0.0021357706695181566,0.0011839527264401377,0.0032533877424199397,0.011198880111988802,0.033596640335966405
Lsig,lsig,lower,f_main,40Hz,fx_deconv,ssa_decomposition,90,-0.09650671057587884,-0.1150692897467976,-0.03845955784756158,9.999000099990002e-05,0.000999900009999
Lsig,lsig,lower,f_main,40Hz,fx_deconv,svd_lowrank,90,0.017553007667715906,0.013564043411381852,0.018893761252165325,0.12478752124787522,0.24957504249575044
Lsig,lsig,lower,f_main,40Hz,fx_deconv,wavelet_threshold,90,0.009155098227077378,0.00013743538419140264,0.019766937112185516,0.0022997700229977,0.0091990800919908
Lsig,lsig,lower,f_main,40Hz,ssa_decomposition,svd_lowrank,90,0.07442558027256531,0.053008353193359364,0.10201460972334825,9.999000099990002e-05,0.000999900009999
Lsig,lsig,lower,f_main,40Hz,ssa_decomposition,wavelet_threshold,90,0.08047241256855592,0.0612044110082431,0.10174527115903924,9.999000099990002e-05,0.000999900009999
Lsig,lsig,lower,f_main,40Hz,svd_lowrank,wavelet_threshold,90,0.0003194339030641929,4.882360280419741e-08,0.0017217685551762093,0.1314868513148685,0.24957504249575044
Lsig,lsig,lower,model_x_noise,M1_N1,fk_filter,fx_deconv,45,0.05179879207733193,0.03766576363641868,0.06550845838889936,9.999000099990002e-05,0.000999900009999
Lsig,lsig,lower,model_x_noise,M1_N1,fk_filter,ssa_decomposition,45,0.010346563885363832,-0.017274213864405974,0.015162075063941665,0.7834216578342166,1.0
Lsig,lsig,lower,model_x_noise,M1_N1,fk_filter,svd_lowrank,45,6.161594401964121e-05,-0.0020914048057542878,0.0055720462012483225,0.08709129087091291,0.2612738726127387
Lsig,lsig,lower,model_x_noise,M1_N1,fk_filter,wavelet_threshold,45,0.019817919307915016,0.014172763875840808,0.024708317697370613,9.999000099990002e-05,0.000999900009999
Lsig,lsig,lower,model_x_noise,M1_N1,fx_deconv,ssa_decomposition,45,-0.06385344946841429,-0.09716666678759645,-0.0432295354479139,9.999000099990002e-05,0.000999900009999
Lsig,lsig,lower,model_x_noise,M1_N1,fx_deconv,svd_lowrank,45,-0.05131004486411453,-0.07892308547463947,-0.037770040240085394,9.999000099990002e-05,0.000999900009999
Lsig,lsig,lower,model_x_noise,M1_N1,fx_deconv,wavelet_threshold,45,-0.031610299752989485,-0.04181914002648249,-0.014775983565498689,9.999000099990002e-05,0.000999900009999
Lsig,lsig,lower,model_x_noise,M1_N1,ssa_decomposition,svd_lowrank,45,0.0006344732305553595,-0.02573923944370781,0.011426083837919362,0.9164083591640836,1.0
Lsig,lsig,lower,model_x_noise,M1_N1,ssa_decomposition,wavelet_threshold,45,0.007415957098487941,-0.0035755123072557272,0.03426853769182124,0.00029997000299970003,0.0011998800119988001
Lsig,lsig,lower,model_x_noise,M1_N1,svd_lowrank,wavelet_threshold,45,0.019275268026281024,0.013533711308171742,0.030203034857880187,9.999000099990002e-05,0.000999900009999
Lsig,lsig,lower,model_x_noise,M1_N2,fk_filter,fx_deconv,45,0.000893162918064419,0.00019043250263097136,0.0016068572763344774,0.0098990100989901,0.015398460153984602
Lsig,lsig,lower,model_x_noise,M1_N2,fk_filter,ssa_decomposition,45,-0.0376209980931357,-0.044608496362441276,-0.011874388558089023,9.999000099990002e-05,0.000999900009999
Lsig,lsig,lower,model_x_noise,M1_N2,fk_filter,svd_lowrank,45,0.0035155347986051745,0.002712738889357258,0.004499987161864623,9.999000099990002e-05,0.000999900009999
Lsig,lsig,lower,model_x_noise,M1_N2,fk_filter,wavelet_threshold,45,0.0008931629200849556,0.00019043421235592095,0.0016076115584116677,0.007699230076992301,0.015398460153984602
Lsig,lsig,lower,model_x_noise,M1_N2,fx_deconv,ssa_decomposition,45,-0.037357360496340766,-0.044710565085082074,-0.012155024269518082,9.999000099990002e-05,0.000999900009999
Lsig,lsig,lower,model_x_noise,M1_N2,fx_deconv,svd_lowrank,45,-5.581386552044143e-09,-1.8794774562215748e-08,1.9030802494596084e-09,9.999000099990002e-05,0.000999900009999
Lsig,lsig,lower,model_x_noise,M1_N2,fx_deconv,wavelet_threshold,45,1.5808820787586304e-09,6.458929583109193e-10,2.3664596288107156e-09,9.999000099990002e-05,0.000999900009999
Lsig,lsig,lower,model_x_noise,M1_N2,ssa_decomposition,svd_lowrank,45,0.03770584283681062,0.012166911817697235,0.04995708813589456,9.999000099990002e-05,0.000999900009999
Lsig,lsig,lower,model_x_noise,M1_N2,ssa_decomposition,wavelet_threshold,45,0.037357360493534664,0.008707104412788824,0.044710569344178615,9.999000099990002e-05,0.000999900009999
Lsig,lsig,lower,model_x_noise,M1_N2,svd_lowrank,wavelet_threshold,45,9.840483090170169e-09,2.697413939460933e-09,2.192869077366914e-08,0.00019998000199980003,0.000999900009999
Lsig,lsig,lower,model_x_noise,M1_N3,fk_filter,fx_deconv,45,-0.08977772779874349,-0.11921969838597633,-0.06666475656087163,9.999000099990002e-05,0.000999900009999
Lsig,lsig,lower,model_x_noise,M1_N3,fk_filter,ssa_decomposition,45,-0.13751322719453518,-0.22351841353803828,-0.11070691809769087,9.999000099990002e-05,0.000999900009999
Lsig,lsig,lower,model_x_noise,M1_N3,fk_filter,svd_lowrank,45,-0.07434216936227714,-0.09970928434415142,-0.05468819998836584,9.999000099990002e-05,0.000999900009999
Lsig,lsig,lower,model_x_noise,M1_N3,fk_filter,wavelet_threshold,45,-0.08921281376864997,-0.11863954533653398,-0.04680902805859607,9.999000099990002e-05,0.000999900009999
Lsig,lsig,lower,model_x_noise,M1_N3,fx_deconv,ssa_decomposition,45,-0.03267478408786936,-0.0807149333890162,-0.01431245710563675,9.999000099990002e-05,0.000999900009999
Lsig,lsig,lower,model_x_noise,M1_N3,fx_deconv,svd_lowrank,45,0.016338711553992663,0.013628700590070422,0.017472550476019783,9.999000099990002e-05,0.000999900009999
Lsig,lsig,lower,model_x_noise,M1_N3,fx_deconv,wavelet_threshold,45,0.0002307226469382695,0.0001384843075194625,0.0004500252437255742,9.999000099990002e-05,0.000999900009999
Lsig,lsig,lower,model_x_noise,M1_N3,ssa_decomposition,svd_lowrank,45,0.04593747945296346,0.032255833368745254,0.09652928945309255,9.999000099990002e-05,0.000999900009999
Lsig,lsig,lower,model_x_noise,M1_N3,ssa_decomposition,wavelet_threshold,45,0.03281816388104744,0.014748652617193964,0.07378374087333334,9.999000099990002e-05,0.000999900009999
Lsig,lsig,lower,model_x_noise,M1_N3,svd_lowrank,wavelet_threshold,45,-0.015669243431126578,-0.017419575491131836,-0.013345610742817371,9.999000099990002e-05,0.000999900009999
Lsig,lsig,lower,model_x_noise,M2_N1,fk_filter,fx_deconv,45,-0.01828304131888247,-0.02420304292126315,-0.010192666679515027,0.0021997800219978004,0.006599340065993401
Lsig,lsig,lower,model_x_noise,M2_N1,fk_filter,ssa_decomposition,45,0.0027444438342887414,-0.0034355970922468945,0.01280188744444758,0.5127487251274873,0.5857414258574143
Lsig,lsig,lower,model_x_noise,M2_N1,fk_filter,svd_lowrank,45,0.0032506076378917975,0.0009486821658571051,0.006409449741427688,9.999000099990002e-05,0.000999900009999
Lsig,lsig,lower,model_x_noise,M2_N1,fk_filter,wavelet_threshold,45,0.01032567679900992,0.007437826911245806,0.01635702120124777,9.999000099990002e-05,0.000999900009999
Lsig,lsig,lower,model_x_noise,M2_N1,fx_deconv,ssa_decomposition,45,0.019727023907497036,0.015765192443922965,0.02110651686166513,9.999000099990002e-05,0.000999900009999
Lsig,lsig,lower,model_x_noise,M2_N1,fx_deconv,svd_lowrank,45,0.023010419365783397,0.019588272509238787,0.026677126874746125,9.999000099990002e-05,0.000999900009999
Lsig,lsig,lower,model_x_noise,M2_N1,fx_deconv,wavelet_threshold,45,0.02813642198271815,0.02317408501876536,0.033063894468975855,9.999000099990002e-05,0.000999900009999
Lsig,lsig,lower,model_x_noise,M2_N1,ssa_decomposition,svd_lowrank,45,0.00032033368121249864,-0.0015182443524263444,0.0063707462315356934,0.29287071292870714,0.5857414258574143
Lsig,lsig,lower,model_x_noise,M2_N1,ssa_decomposition,wavelet_threshold,45,0.005782258676435607,0.0029472952873671864,0.014143822740730418,9.999000099990002e-05,0.000999900009999
Lsig,lsig,lower,model_x_noise,M2_N1,svd_lowrank,wavelet_threshold,45,0.005634231647050219,0.0029143870470913075,0.00977060010035035,9.999000099990002e-05,0.000999900009999
Lsig,lsig,lower,model_x_noise,M2_N2,fk_filter,fx_deconv,45,-0.014114001517588268,-0.017956222834668453,-0.009936971259822307,9.999000099990002e-05,0.000999900009999
Lsig,lsig,lower,model_x_noise,M2_N2,fk_filter,ssa_decomposition,45,-0.006093090598888587,-0.01734795595309215,0.0037008414357126915,0.052394760523947606,0.10478952104789521
Lsig,lsig,lower,model_x_noise,M2_N2,fk_filter,svd_lowrank,45,0.0025437079496590654,0.001362310850539132,0.005680327492114856,0.00029997000299970003,0.000999900009999
Lsig,lsig,lower,model_x_noise,M2_N2,fk_filter,wavelet_threshold,45,0.007142806762837335,0.004109167245587761,0.009103291077790718,9.999000099990002e-05,0.000999900009999
Lsig,lsig,lower,model_x_noise,M2_N2,fx_deconv,ssa_decomposition,45,0.009088651699954932,0.0038893441670468827,0.01466538563512453,0.0532946705329467,0.10478952104789521
Lsig,lsig,lower,model_x_noise,M2_N2,fx_deconv,svd_lowrank,45,0.01925510558260615,0.01797551148145121,0.02011583383808668,9.999000099990002e-05,0.000999900009999
Lsig,lsig,lower,model_x_noise,M2_N2,fx_deconv,wavelet_threshold,45,0.020326952990916285,0.019680073528363318,0.021519762094560184,9.999000099990002e-05,0.000999900009999
Lsig,lsig,lower,model_x_noise,M2_N2,ssa_decomposition,svd_lowrank,45,0.009083027333954262,0.000943954765757983,0.018936280803950316,9.999000099990002e-05,0.000999900009999
Lsig,lsig,lower,model_x_noise,M2_N2,ssa_decomposition,wavelet_threshold,45,0.010234992537514248,0.0035677052988298506,0.021118573242839882,9.999000099990002e-05,0.000999900009999
Lsig,lsig,lower,model_x_noise,M2_N2,svd_lowrank,wavelet_threshold,45,0.0018065166154043848,0.0012776485899174655,0.0021822924388895646,9.999000099990002e-05,0.000999900009999
Lsig,lsig,lower,model_x_noise,M2_N3,fk_filter,fx_deconv,45,-0.03363755677464181,-0.049783725724891176,-0.027608898605027517,9.999000099990002e-05,0.000999900009999
Lsig,lsig,lower,model_x_noise,M2_N3,fk_filter,ssa_decomposition,45,-0.04317512972557543,-0.0623003613207217,-0.02631556740909699,9.999000099990002e-05,0.000999900009999
Lsig,lsig,lower,model_x_noise,M2_N3,fk_filter,svd_lowrank,45,-0.010720893497929977,-0.0284794452589474,-0.007738302662782158,9.999000099990002e-05,0.000999900009999
Lsig,lsig,lower,model_x_noise,M2_N3,fk_filter,wavelet_threshold,45,-0.010043817435874097,-0.02435149757530368,-0.007912929618832453,9.999000099990002e-05,0.000999900009999
Lsig,lsig,lower,model_x_noise,M2_N3,fx_deconv,ssa_decomposition,45,0.0009999619299689393,-0.007731931862078482,0.017919091969255046,0.24587541245875413,0.24587541245875413
Lsig,lsig,lower,model_x_noise,M2_N3,fx_deconv,svd_lowrank,45,0.0193301271172499,0.018009975755943482,0.021289818633525873,9.999000099990002e-05,0.000999900009999
Lsig,lsig,lower,model_x_noise,M2_N3,fx_deconv,wavelet_threshold,45,0.020774793375902767,0.019053231279379867,0.023265843009720538,9.999000099990002e-05,0.000999900009999
Lsig,lsig,lower,model_x_noise,M2_N3,ssa_decomposition,svd_lowrank,45,0.01627752734715158,0.007490171741432596,0.027171741461893426,9.999000099990002e-05,0.000999900009999
Lsig,lsig,lower,model_x_noise,M2_N3,ssa_decomposition,wavelet_threshold,45,0.02067219477154963,0.006764547627160451,0.026450068384631542,9.999000099990002e-05,0.000999900009999
Lsig,lsig,lower,model_x_noise,M2_N3,svd_lowrank,wavelet_threshold,45,0.00020870424132260652,-0.00025938925870105586,0.0013557323538407051,0.001999800019998,0.003999600039996
CNA,cna_db,higher,global,global,fk_filter,fx_deconv,180,14.296467882229269,4.024828696951821,25.933769500009817,9.999000099990002e-05,0.000999900009999
CNA,cna_db,higher,global,global,fk_filter,ssa_decomposition,180,2.6101552069331726,1.5830587701849739,23.684062291076636,9.999000099990002e-05,0.000999900009999
CNA,cna_db,higher,global,global,fk_filter,svd_lowrank,180,10.490427012734477,-1.3604449921714519,20.946791030336218,0.6254374562543745,0.6254374562543745
CNA,cna_db,higher,global,global,fk_filter,wavelet_threshold,180,14.670215836416654,4.029243053739123,26.01944150226929,9.999000099990002e-05,0.000999900009999
CNA,cna_db,higher,global,global,fx_deconv,ssa_decomposition,180,-1.8875400009811099,-2.1728448109914864,-1.6867717569923346,9.999000099990002e-05,0.000999900009999
CNA,cna_db,higher,global,global,fx_deconv,svd_lowrank,180,-6.45439184551071,-7.2429114805996715,-3.0840660940602733,9.999000099990002e-05,0.000999900009999
CNA,cna_db,higher,global,global,fx_deconv,wavelet_threshold,180,0.035298656932995776,0.00642564680878133,0.06219287269935716,9.999000099990002e-05,0.000999900009999
CNA,cna_db,higher,global,global,ssa_decomposition,svd_lowrank,180,-2.370309997215347,-4.285841871078141,-1.5098121941577887,9.999000099990002e-05,0.000999900009999
CNA,cna_db,higher,global,global,ssa_decomposition,wavelet_threshold,180,2.072333612613925,1.7414560512476756,2.330492609200675,9.999000099990002e-05,0.000999900009999
CNA,cna_db,higher,global,global,svd_lowrank,wavelet_threshold,180,6.751210852325629,3.2986983758431396,7.320585122318499,9.999000099990002e-05,0.000999900009999
CNA,cna_db,higher,model,M1,fk_filter,fx_deconv,90,14.891704193216505,4.026687046819019,26.878076022439483,9.999000099990002e-05,0.000999900009999
CNA,cna_db,higher,model,M1,fk_filter,ssa_decomposition,90,2.4071379419117824,-0.030952653907959204,23.312894861036852,9.999000099990002e-05,0.000999900009999
CNA,cna_db,higher,model,M1,fk_filter,svd_lowrank,90,8.650758541223908,-7.568431850854029,21.84088286608718,0.24807519248075194,0.24807519248075194
CNA,cna_db,higher,model,M1,fk_filter,wavelet_threshold,90,14.90936493308762,4.026698702440168,26.934809332002875,9.999000099990002e-05,0.000999900009999
CNA,cna_db,higher,model,M1,fx_deconv,ssa_decomposition,90,-2.3738079612974645,-3.139870507942406,-1.7592735575833736,9.999000099990002e-05,0.000999900009999
CNA,cna_db,higher,model,M1,fx_deconv,svd_lowrank,90,-7.63863096076499,-9.752583754409255,-6.046915317962821,9.999000099990002e-05,0.000999900009999
CNA,cna_db,higher,model,M1,fx_deconv,wavelet_threshold,90,1.4430606048436876e-10,6.958225375792398e-11,4.718815755320979e-05,0.00019998000199980003,0.000999900009999
CNA,cna_db,higher,model,M1,ssa_decomposition,svd_lowrank,90,-3.8097127573047547,-8.597641416937199,-2.0234935999221824,9.999000099990002e-05,0.000999900009999
CNA,cna_db,higher,model,M1,ssa_decomposition,wavelet_threshold,90,2.3733923521134557,1.7630171639258834,3.137293847215983,9.999000099990002e-05,0.000999900009999
CNA,cna_db,higher,model,M1,svd_lowrank,wavelet_threshold,90,7.661817960879171,6.04686352719027,9.752212886994412,9.999000099990002e-05,0.000999900009999
CNA,cna_db,higher,model,M2,fk_filter,fx_deconv,90,14.27459472484855,3.7944238562300234,25.89739754715408,9.999000099990002e-05,0.000999900009999
CNA,cna_db,higher,model,M2,fk_filter,ssa_decomposition,90,11.587333026863014,1.3683642199111339,25.680840763949604,9.999000099990002e-05,0.000999900009999
CNA,cna_db,higher,model,M2,fk_filter,svd_lowrank,90,10.490427012734477,-0.9724283770419512,21.664170774050675,0.0059994000599940004,0.0059994000599940004
CNA,cna_db,higher,model,M2,fk_filter,wavelet_threshold,90,14.670215836416654,4.03801237278977,26.301199999425275,9.999000099990002e-05,0.000999900009999
CNA,cna_db,higher,model,M2,fx_deconv,ssa_decomposition,90,-1.514472313434692,-1.9778554831383421,-0.9353996820524988,9.999000099990002e-05,0.000999900009999
CNA,cna_db,higher,model,M2,fx_deconv,svd_lowrank,90,-2.651896694564676,-6.562626262344239,-1.419748187759689,9.999000099990002e-05,0.000999900009999
CNA,cna_db,higher,model,M2,fx_deconv,wavelet_threshold,90,0.16850907649655297,0.1242405023047763,0.2020090817075999,9.999000099990002e-05,0.000999900009999
CNA,cna_db,higher,model,M2,ssa_decomposition,svd_lowrank,90,-1.5006088002338374,-3.3774154762624033,-0.8570253333262036,9.999000099990002e-05,0.000999900009999
CNA,cna_db,higher,model,M2,ssa_decomposition,wavelet_threshold,90,1.892523122000187,1.2222444640594217,2.236215491174172,9.999000099990002e-05,0.000999900009999
CNA,cna_db,higher,model,M2,svd_lowrank,wavelet_threshold,90,2.7663278927988935,1.6019656145579022,6.965363285829193,9.999000099990002e-05,0.000999900009999
CNA,cna_db,higher,noise,N1,fk_filter,fx_deconv,0,,,,,
CNA,cna_db,higher,noise,N1,fk_filter,ssa_decomposition,0,,,,,
CNA,cna_db,higher,noise,N1,fk_filter,svd_lowrank,0,,,,,
CNA,cna_db,higher,noise,N1,fk_filter,wavelet_threshold,0,,,,,
CNA,cna_db,higher,noise,N1,fx_deconv,ssa_decomposition,0,,,,,
CNA,cna_db,higher,noise,N1,fx_deconv,svd_lowrank,0,,,,,
CNA,cna_db,higher,noise,N1,fx_deconv,wavelet_threshold,0,,,,,
CNA,cna_db,higher,noise,N1,ssa_decomposition,svd_lowrank,0,,,,,
CNA,cna_db,higher,noise,N1,ssa_decomposition,wavelet_threshold,0,,,,,
CNA,cna_db,higher,noise,N1,svd_lowrank,wavelet_threshold,0,,,,,
CNA,cna_db,higher,noise,N2,fk_filter,fx_deconv,90,0.049503318032524536,0.04788912679029003,0.05518893278979593,9.999000099990002e-05,0.000999900009999
CNA,cna_db,higher,noise,N2,fk_filter,ssa_decomposition,90,-1.9967674031528235,-2.362499308929496,-1.6884239903358242,9.999000099990002e-05,0.000999900009999
CNA,cna_db,higher,noise,N2,fk_filter,svd_lowrank,90,-11.48512816913974,-19.959743866619114,-8.5276508682857,9.999000099990002e-05,0.000999900009999
CNA,cna_db,higher,noise,N2,fk_filter,wavelet_threshold,90,0.04998434192787338,0.04925115526559884,0.05536204033826868,9.999000099990002e-05,0.000999900009999
CNA,cna_db,higher,noise,N2,fx_deconv,ssa_decomposition,90,-2.4577025561994468,-3.2052573241200513,-2.1720127844156436,9.999000099990002e-05,0.000999900009999
CNA,cna_db,higher,noise,N2,fx_deconv,svd_lowrank,90,-12.580704098768242,-22.379909516454788,-9.410206871512369,9.999000099990002e-05,0.000999900009999
CNA,cna_db,higher,noise,N2,fx_deconv,wavelet_threshold,90,4.751442729607212e-05,3.131489543689765e-05,0.057132680450126844,9.999000099990002e-05,0.000999900009999
CNA,cna_db,higher,noise,N2,ssa_decomposition,svd_lowrank,90,-10.662829750935742,-17.34994211172413,-6.029076790956316,9.999000099990002e-05,0.000999900009999
CNA,cna_db,higher,noise,N2,ssa_decomposition,wavelet_threshold,90,2.7029327539128754,2.372021006715971,3.3421051332094125,9.999000099990002e-05,0.000999900009999
CNA,cna_db,higher,noise,N2,svd_lowrank,wavelet_threshold,90,12.580704098848003,9.450265285940402,22.627422808331648,9.999000099990002e-05,0.000999900009999
CNA,cna_db,higher,noise,N3,fk_filter,fx_deconv,90,29.081663259924163,27.909543819325357,29.35069392391559,9.999000099990002e-05,0.000999900009999
CNA,cna_db,higher,noise,N3,fk_filter,ssa_decomposition,90,27.37889087527271,26.56366895635727,28.059313819146738,9.999000099990002e-05,0.000999900009999
CNA,cna_db,higher,noise,N3,fk_filter,svd_lowrank,90,26.147528449755647,24.712893627597893,27.194607542390884,9.999000099990002e-05,0.000999900009999
CNA,cna_db,higher,noise,N3,fk_filter,wavelet_threshold,90,29.177085596775527,27.912525579111893,29.34783670834375,9.999000099990002e-05,0.000999900009999
CNA,cna_db,higher,noise,N3,fx_deconv,ssa_decomposition,90,-0.43103443547991216,-0.8431162850829194,-0.18128597635092683,9.999000099990002e-05,0.000999900009999
CNA,cna_db,higher,noise,N3,fx_deconv,svd_lowrank,90,-1.5436234223901129,-1.6797871416244392,-1.3283499521216235,9.999000099990002e-05,0.000999900009999
CNA,cna_db,higher,noise,N3,fx_deconv,wavelet_threshold,90,0.04005775155789236,0.021616258516657112,0.09418396159254691,9.999000099990002e-05,0.000999900009999
CNA,cna_db,higher,noise,N3,ssa_decomposition,svd_lowrank,90,-0.7652746743478964,-1.197519664365271,-0.4543485040670129,0.0045995400459954,0.0045995400459954
CNA,cna_db,higher,noise,N3,ssa_decomposition,wavelet_threshold,90,0.5804731338649076,0.2693019282367948,1.018678621566593,9.999000099990002e-05,0.000999900009999
CNA,cna_db,higher,noise,N3,svd_lowrank,wavelet_threshold,90,1.5976747184487383,1.5151798663800933,1.6817508229449567,9.999000099990002e-05,0.000999900009999
CNA,cna_db,higher,level,L1,fk_filter,fx_deconv,60,14.296467882229269,4.026749436021437,26.549200202254532,9.999000099990002e-05,0.000999900009999
CNA,cna_db,higher,level,L1,fk_filter,ssa_decomposition,60,2.6101552069331726,2.06201910701978,22.79862911292922,9.999000099990002e-05,0.000999900009999
CNA,cna_db,higher,level,L1,fk_filter,svd_lowrank,60,10.490427012734477,-0.8889196798946752,19.574113784695164,0.5565443455654434,0.5565443455654434
CNA,cna_db,higher,level,L1,fk_filter,wavelet_threshold,60,14.670215836416654,4.046251128150543,26.847302062966406,9.999000099990002e-05,0.000999900009999
CNA,cna_db,higher,level,L1,fx_deconv,ssa_decomposition,60,-2.136790534339593,-3.139870507942406,-1.7004799476612904,9.999000099990002e-05,0.000999900009999
CNA,cna_db,higher,level,L1,fx_deconv,svd_lowrank,60,-7.5393358113604805,-7.846634009184887,-7.175511814664327,9.999000099990002e-05,0.000999900009999
CNA,cna_db,higher,level,L1,fx_deconv,wavelet_threshold,60,0.05266521034856403,0.004221210174092535,0.19920489139270892,9.999000099990002e-05,0.000999900009999
CNA,cna_db,higher,level,L1,ssa_decomposition,svd_lowrank,60,-6.1240469520107155,-7.271253117959544,-4.363005500071586,9.999000099990002e-05,0.000999900009999
CNA,cna_db,higher,level,L1,ssa_decomposition,wavelet_threshold,60,2.5539214362928337,1.8466438958104472,3.14890063920397,9.999000099990002e-05,0.000999900009999
CNA,cna_db,higher,level,L1,svd_lowrank,wavelet_threshold,60,7.661817960879171,7.29115505340632,7.864546717234562,9.999000099990002e-05,0.000999900009999
CNA,cna_db,higher,level,L2,fk_filter,fx_deconv,60,12.670241746987124,0.04939257464390418,27.22381171475316,9.999000099990002e-05,0.000999900009999
CNA,cna_db,higher,level,L2,fk_filter,ssa_decomposition,60,10.1386850725595,-1.9530722886298362,25.626092944027263,9.999000099990002e-05,0.000999900009999
CNA,cna_db,higher,level,L2,fk_filter,svd_lowrank,60,11.545523135888557,-4.834368965067704,25.884722766774246,0.8551144885511449,0.8551144885511449
CNA,cna_db,higher,level,L2,fk_filter,wavelet_threshold,60,12.802096984151563,0.051398710599352936,27.407033276092566,9.999000099990002e-05,0.000999900009999
CNA,cna_db,higher,level,L2,fx_deconv,ssa_decomposition,60,-2.001714792920531,-2.476714852380782,-1.710563532344929,9.999000099990002e-05,0.000999900009999
CNA,cna_db,higher,level,L2,fx_deconv,svd_lowrank,60,-1.7209917716251146,-4.883138905680641,-1.6093363514977441,9.999000099990002e-05,0.000999900009999
CNA,cna_db,higher,level,L2,fx_deconv,wavelet_threshold,60,0.04557852108997286,0.0033998901802148596,0.11067276152737511,9.999000099990002e-05,0.000999900009999
CNA,cna_db,higher,level,L2,ssa_decomposition,svd_lowrank,60,-1.5098121941577887,-2.2123048137131063,-0.9938556446955735,9.999000099990002e-05,0.000999900009999
CNA,cna_db,higher,level,L2,ssa_decomposition,wavelet_threshold,60,2.180817161763639,1.7464057694747626,2.5916103894849463,9.999000099990002e-05,0.000999900009999
CNA,cna_db,higher,level,L2,svd_lowrank,wavelet_threshold,60,1.7240718689007393,1.6335209703941669,4.8831864337158075,9.999000099990002e-05,0.000999900009999
CNA,cna_db,higher,level,L3,fk_filter,fx_deconv,60,12.824482641665538,0.049876899854263974,27.500280544839345,9.999000099990002e-05,0.000999900009999
CNA,cna_db,higher,level,L3,fk_filter,ssa_decomposition,60,11.868866422063286,-2.040462517675811,27.030813300609836,9.999000099990002e-05,0.000999900009999
CNA,cna_db,higher,level,L3,fk_filter,svd_lowrank,60,12.083435356836768,-4.931776318534646,26.907323713046782,0.575042495750425,0.575042495750425
CNA,cna_db,higher,level,L3,fk_filter,wavelet_threshold,60,12.896192419990106,0.04843328351127311,27.579308354530152,9.999000099990002e-05,0.000999900009999
CNA,cna_db,higher,level,L3,fx_deconv,ssa_decomposition,60,-1.341951923561762,-2.0412587696988758,-0.678697196237962,9.999000099990002e-05,0.000999900009999
CNA,cna_db,higher,level,L3,fx_deconv,svd_lowrank,60,-0.877898828498771,-4.979288822373928,-0.7663152517985707,9.999000099990002e-05,0.000999900009999
CNA,cna_db,higher,level,L3,fx_deconv,wavelet_threshold,60,0.007185255017578197,-2.65670142256622e-05,0.044551918458621984,9.999000099990002e-05,0.000999900009999
CNA,cna_db,higher,level,L3,ssa_decomposition,svd_lowrank,60,-0.7493410807522928,-2.3395039669266637,-0.40995306614463,9.999000099990002e-05,0.000999900009999
CNA,cna_db,higher,level,L3,ssa_decomposition,wavelet_threshold,60,1.3611507305759654,0.7246891121780737,2.090511066703132,9.999000099990002e-05,0.000999900009999
CNA,cna_db,higher,level,L3,svd_lowrank,wavelet_threshold,60,0.8724794174097072,0.7841733536151301,4.979236990317973,9.999000099990002e-05,0.000999900009999
CNA,cna_db,higher,f_main,15Hz,fk_filter,fx_deconv,60,14.795842403888113,3.8119270429332994,26.831844241048298,9.999000099990002e-05,0.000999900009999
CNA,cna_db,higher,f_main,15Hz,fk_filter,ssa_decomposition,60,13.65624754616608,-0.9565573544594175,26.67213584048023,9.999000099990002e-05,0.000999900009999
CNA,cna_db,higher,f_main,15Hz,fk_filter,svd_lowrank,60,6.687647458945486,-27.48154024726366,21.861536934275605,0.11128887111288871,0.11128887111288871
CNA,cna_db,higher,f_main,15Hz,fk_filter,wavelet_threshold,60,15.038836809699022,4.024828697011137,26.851138030244183,9.999000099990002e-05,0.000999900009999
CNA,cna_db,higher,f_main,15Hz,fx_deconv,ssa_decomposition,60,-1.1425302311561385,-4.187486468443667,-0.010909583430201653,9.999000099990002e-05,0.000999900009999
CNA,cna_db,higher,f_main,15Hz,fx_deconv,svd_lowrank,60,-8.203168996726395,-29.007888012958322,-6.539614368151439,9.999000099990002e-05,0.000999900009999
CNA,cna_db,higher,f_main,15Hz,fx_deconv,wavelet_threshold,60,0.021035299851176296,0.0013165085480842179,0.10511391685860044,9.999000099990002e-05,0.000999900009999
CNA,cna_db,higher,f_main,15Hz,ssa_decomposition,svd_lowrank,60,-7.25466015285468,-24.63655514821386,-4.433525837303656,9.999000099990002e-05,0.000999900009999
CNA,cna_db,higher,f_main,15Hz,ssa_decomposition,wavelet_threshold,60,1.1731776374842124,0.04664278184369202,4.292600385302268,9.999000099990002e-05,0.000999900009999
CNA,cna_db,higher,f_main,15Hz,svd_lowrank,wavelet_threshold,60,8.256754527724176,7.154613691010059,29.26152663202551,9.999000099990002e-05,0.000999900009999
CNA,cna_db,higher,f_main,25Hz,fk_filter,fx_deconv,60,14.294739131724384,3.7944238562300234,27.029367573505183,9.999000099990002e-05,0.000999900009999
CNA,cna_db,higher,f_main,25Hz,fk_filter,ssa_decomposition,60,12.525976920153427,1.5952168383559147,25.622808201971317,9.999000099990002e-05,0.000999900009999
CNA,cna_db,higher,f_main,25Hz,fk_filter,svd_lowrank,60,9.551378912680018,-3.9728672476771028,22.011553189726044,0.45225477452254775,0.45225477452254775
CNA,cna_db,higher,f_main,25Hz,fk_filter,wavelet_threshold,60,14.57869207377755,4.026545328948892,27.1655811260092,9.999000099990002e-05,0.000999900009999
CNA,cna_db,higher,f_main,25Hz,fx_deconv,ssa_decomposition,60,-1.7439072005301397,-1.9556864420841933,-1.4266217188386323,9.999000099990002e-05,0.000999900009999
CNA,cna_db,higher,f_main,25Hz,fx_deconv,svd_lowrank,60,-6.6560426954572085,-7.760868177317999,-2.6494608250458627,9.999000099990002e-05,0.000999900009999
CNA,cna_db,higher,f_main,25Hz,fx_deconv,wavelet_threshold,60,0.036960653432207884,0.0036555415888972695,0.12449643117716656,9.999000099990002e-05,0.000999900009999
CNA,cna_db,higher,f_main,25Hz,ssa_decomposition,svd_lowrank,60,-3.312649280569793,-6.161474799176779,-0.9781020325336953,9.999000099990002e-05,0.000999900009999
CNA,cna_db,higher,f_main,25Hz,ssa_decomposition,wavelet_threshold,60,1.7501020738213042,1.6075688162438764,2.16966960987142,9.999000099990002e-05,0.000999900009999
CNA,cna_db,higher,f_main,25Hz,svd_lowrank,wavelet_threshold,60,7.046033947955227,2.7342253096385467,7.795785016998448,9.999000099990002e-05,0.000999900009999
CNA,cna_db,higher,f_main,40Hz,fk_filter,fx_deconv,60,14.428650770101465,3.92769897506428,27.527601723126434,9.999000099990002e-05,0.000999900009999
CNA,cna_db,higher,f_main,40Hz,fk_filter,ssa_decomposition,60,2.6101552069331726,1.2290181401252993,21.820065006881627,9.999000099990002e-05,0.000999900009999
CNA,cna_db,higher,f_main,40Hz,fk_filter,svd_lowrank,60,10.606747996817786,-1.0435825361684383,21.990452286784198,0.0040995900409959,0.0081991800819918
CNA,cna_db,higher,f_main,40Hz,fk_filter,wavelet_threshold,60,14.609798923624334,4.025458289917642,27.52085989332458,9.999000099990002e-05,0.000999900009999
CNA,cna_db,higher,f_main,40Hz,fx_deconv,ssa_decomposition,60,-2.5281472801894314,-3.064591586915841,-1.7622242789835123,9.999000099990002e-05,0.000999900009999
CNA,cna_db,higher,f_main,40Hz,fx_deconv,svd_lowrank,60,-2.2315315604916,-6.046912691901126,-1.507058403009013,9.999000099990002e-05,0.000999900009999
CNA,cna_db,higher,f_main,40Hz,fx_deconv,wavelet_threshold,60,0.035883787285455826,0.002563629392853775,0.0718886944987593,9.999000099990002e-05,0.000999900009999
CNA,cna_db,higher,f_main,40Hz,ssa_decomposition,svd_lowrank,60,-0.05610564482766145,-2.0165666497568413,0.3753509508998496,0.0547945205479452,0.0547945205479452
CNA,cna_db,higher,f_main,40Hz,ssa_decomposition,wavelet_threshold,60,2.5776767869984187,2.0243316390186887,3.1113715634684254,9.999000099990002e-05,0.000999900009999
CNA,cna_db,higher,f_main,40Hz,svd_lowrank,wavelet_threshold,60,2.391692473149072,1.5978613405239819,6.046860985388286,9.999000099990002e-05,0.000999900009999
CNA,cna_db,higher,model_x_noise,M1_N1,fk_filter,fx_deconv,0,,,,,
CNA,cna_db,higher,model_x_noise,M1_N1,fk_filter,ssa_decomposition,0,,,,,
CNA,cna_db,higher,model_x_noise,M1_N1,fk_filter,svd_lowrank,0,,,,,
CNA,cna_db,higher,model_x_noise,M1_N1,fk_filter,wavelet_threshold,0,,,,,
CNA,cna_db,higher,model_x_noise,M1_N1,fx_deconv,ssa_decomposition,0,,,,,
CNA,cna_db,higher,model_x_noise,M1_N1,fx_deconv,svd_lowrank,0,,,,,
CNA,cna_db,higher,model_x_noise,M1_N1,fx_deconv,wavelet_threshold,0,,,,,
CNA,cna_db,higher,model_x_noise,M1_N1,ssa_decomposition,svd_lowrank,0,,,,,
CNA,cna_db,higher,model_x_noise,M1_N1,ssa_decomposition,wavelet_threshold,0,,,,,
CNA,cna_db,higher,model_x_noise,M1_N1,svd_lowrank,wavelet_threshold,0,,,,,
CNA,cna_db,higher,model_x_noise,M1_N2,fk_filter,fx_deconv,45,0.05025061475586842,0.04934608314852024,0.059560382269062594,9.999000099990002e-05,0.000999900009999
CNA,cna_db,higher,model_x_noise,M1_N2,fk_filter,ssa_decomposition,45,-1.8636071254174007,-3.0759881406657628,-1.6781235752022041,9.999000099990002e-05,0.000999900009999
CNA,cna_db,higher,model_x_noise,M1_N2,fk_filter,svd_lowrank,45,-35.93602995716012,-42.25796689798473,-14.842938220827394,9.999000099990002e-05,0.000999900009999
CNA,cna_db,higher,model_x_noise,M1_N2,fk_filter,wavelet_threshold,45,0.050298172175347815,0.04938382692988499,0.059592310444575525,9.999000099990002e-05,0.000999900009999
CNA,cna_db,higher,model_x_noise,M1_N2,fx_deconv,ssa_decomposition,45,-3.602466540732281,-4.108977327164179,-2.563695656476726,9.999000099990002e-05,0.000999900009999
CNA,cna_db,higher,model_x_noise,M1_N2,fx_deconv,svd_lowrank,45,-39.960858654111945,-57.78596974505519,-14.890827347617684,9.999000099990002e-05,0.000999900009999
CNA,cna_db,higher,model_x_noise,M1_N2,fx_deconv,wavelet_threshold,45,8.38381477776003e-11,5.931578246728762e-11,1.9377822925342723e-10,0.9537046295370463,0.9537046295370463
CNA,cna_db,higher,model_x_noise,M1_N2,ssa_decomposition,svd_lowrank,45,-36.62710715471741,-42.6277037761078,-13.066040198693177,9.999000099990002e-05,0.000999900009999
CNA,cna_db,higher,model_x_noise,M1_N2,ssa_decomposition,wavelet_threshold,45,3.6024665408079652,2.5637431845118916,4.164872222150641,9.999000099990002e-05,0.000999900009999
CNA,cna_db,higher,model_x_noise,M1_N2,svd_lowrank,wavelet_threshold,45,39.96085865417126,14.890775378387106,46.286788149583685,9.999000099990002e-05,0.000999900009999
CNA,cna_db,higher,model_x_noise,M1_N3,fk_filter,fx_deconv,45,29.33767043990177,27.901881135808797,29.482312866080974,9.999000099990002e-05,0.000999900009999
CNA,cna_db,higher,model_x_noise,M1_N3,fk_filter,ssa_decomposition,45,26.795984480052496,25.880498459292937,27.875146450142577,9.999000099990002e-05,0.000999900009999
CNA,cna_db,higher,model_x_noise,M1_N3,fk_filter,svd_lowrank,45,26.148314667115955,24.390182694834827,27.676902127738455,9.999000099990002e-05,0.000999900009999
CNA,cna_db,higher,model_x_noise,M1_N3,fk_filter,wavelet_threshold,45,29.335048257246974,27.910993137322297,29.490364448865407,9.999000099990002e-05,0.000999900009999
CNA,cna_db,higher,model_x_noise,M1_N3,fx_deconv,ssa_decomposition,45,-1.2075078920036653,-2.183920266118203,-0.35436956211392195,9.999000099990002e-05,0.000999900009999
CNA,cna_db,higher,model_x_noise,M1_N3,fx_deconv,svd_lowrank,45,-1.6714633991995635,-1.744296107604507,-1.550797447044679,9.999000099990002e-05,0.000999900009999
CNA,cna_db,higher,model_x_noise,M1_N3,fx_deconv,wavelet_threshold,45,0.0033998901802148596,-0.0007889267311751644,0.0072545424003459535,9.999000099990002e-05,0.000999900009999
CNA,cna_db,higher,model_x_noise,M1_N3,ssa_decomposition,svd_lowrank,45,-0.35097521313102387,-0.8357183799729629,0.40056397758567064,0.7664233576642335,0.7664233576642335
CNA,cna_db,higher,model_x_noise,M1_N3,ssa_decomposition,wavelet_threshold,45,1.2061028927768846,0.35802510370281926,2.1830415197150193,9.999000099990002e-05,0.000999900009999
CNA,cna_db,higher,model_x_noise,M1_N3,svd_lowrank,wavelet_threshold,45,1.6719266138406639,1.5595010258248219,1.7642509049269586,9.999000099990002e-05,0.000999900009999
CNA,cna_db,higher,model_x_noise,M2_N1,fk_filter,fx_deconv,0,,,,,
CNA,cna_db,higher,model_x_noise,M2_N1,fk_filter,ssa_decomposition,0,,,,,
CNA,cna_db,higher,model_x_noise,M2_N1,fk_filter,svd_lowrank,0,,,,,
CNA,cna_db,higher,model_x_noise,M2_N1,fk_filter,wavelet_threshold,0,,,,,
CNA,cna_db,higher,model_x_noise,M2_N1,fx_deconv,ssa_decomposition,0,,,,,
CNA,cna_db,higher,model_x_noise,M2_N1,fx_deconv,svd_lowrank,0,,,,,
CNA,cna_db,higher,model_x_noise,M2_N1,fx_deconv,wavelet_threshold,0,,,,,
CNA,cna_db,higher,model_x_noise,M2_N1,ssa_decomposition,svd_lowrank,0,,,,,
CNA,cna_db,higher,model_x_noise,M2_N1,ssa_decomposition,wavelet_threshold,0,,,,,
CNA,cna_db,higher,model_x_noise,M2_N1,svd_lowrank,wavelet_threshold,0,,,,,
CNA,cna_db,higher,model_x_noise,M2_N2,fk_filter,fx_deconv,45,-0.012049468628381146,-0.06379550462736405,0.07418782855151898,0.00039996000399960006,0.000999900009999
CNA,cna_db,higher,model_x_noise,M2_N2,fk_filter,ssa_decomposition,45,-2.18848394766302,-2.349935517530711,-1.3041267753951231,9.999000099990002e-05,0.000999900009999
CNA,cna_db,higher,model_x_noise,M2_N2,fk_filter,svd_lowrank,45,-4.887565042311967,-9.438343758663084,-2.58014473553197,9.999000099990002e-05,0.000999900009999
CNA,cna_db,higher,model_x_noise,M2_N2,fk_filter,wavelet_threshold,45,0.049620386676767415,0.047716497690506766,0.07574160242688527,9.999000099990002e-05,0.000999900009999
CNA,cna_db,higher,model_x_noise,M2_N2,fx_deconv,ssa_decomposition,45,-2.1784414090411763,-2.4991477164896856,-2.000024524192491,9.999000099990002e-05,0.000999900009999
CNA,cna_db,higher,model_x_noise,M2_N2,fx_deconv,svd_lowrank,45,-7.5048527676835235,-10.356973390943164,-3.063764063881023,9.999000099990002e-05,0.000999900009999
CNA,cna_db,higher,model_x_noise,M2_N2,fx_deconv,wavelet_threshold,45,0.14285644602365016,0.10654935249079642,0.207976152793687,9.999000099990002e-05,0.000999900009999
CNA,cna_db,higher,model_x_noise,M2_N2,ssa_decomposition,svd_lowrank,45,-4.1381579048526245,-6.2593869991042705,-0.8420041330086954,9.999000099990002e-05,0.000999900009999
CNA,cna_db,higher,model_x_noise,M2_N2,ssa_decomposition,wavelet_threshold,45,2.4271703926635633,2.2560705438938577,2.9555743862581476,9.999000099990002e-05,0.000999900009999
CNA,cna_db,higher,model_x_noise,M2_N2,svd_lowrank,wavelet_threshold,45,8.150127280880241,3.2691745256722586,10.363399037751945,9.999000099990002e-05,0.000999900009999
CNA,cna_db,higher,model_x_noise,M2_N3,fk_filter,fx_deconv,45,28.710867654271638,27.26399109066598,29.21614494589438,9.999000099990002e-05,0.000999900009999
CNA,cna_db,higher,model_x_noise,M2_N3,fk_filter,ssa_decomposition,45,27.41402415416002,26.960096093832593,28.733802032936428,9.999000099990002e-05,0.000999900009999
CNA,cna_db,higher,model_x_noise,M2_N3,fk_filter,svd_lowrank,45,25.884722766774246,24.041403799769743,27.370105488901455,9.999000099990002e-05,0.000999900009999
CNA,cna_db,higher,model_x_noise,M2_N3,fk_filter,wavelet_threshold,45,28.854532782048466,27.607989839876126,29.3137594712464,9.999000099990002e-05,0.000999900009999
CNA,cna_db,higher,model_x_noise,M2_N3,fx_deconv,ssa_decomposition,45,-0.2640630955510599,-0.5540290703951061,-0.11356447225434763,0.00019998000199980003,0.000999900009999
CNA,cna_db,higher,model_x_noise,M2_N3,fx_deconv,svd_lowrank,45,-1.3713706659667446,-1.507058403009013,-1.2395193119354433,9.999000099990002e-05,0.000999900009999
CNA,cna_db,higher,model_x_noise,M2_N3,fx_deconv,wavelet_threshold,45,0.17244597427839115,0.12398457343238604,0.21673743875115337,9.999000099990002e-05,0.000999900009999
CNA,cna_db,higher,model_x_noise,M2_N3,ssa_decomposition,svd_lowrank,45,-1.0753733270583465,-1.5182420118312294,-0.6882611102683596,9.999000099990002e-05,0.000999900009999
CNA,cna_db,higher,model_x_noise,M2_N3,ssa_decomposition,wavelet_threshold,45,0.3715652285182175,0.24358366455693284,0.6259177648938654,9.999000099990002e-05,0.000999900009999
CNA,cna_db,higher,model_x_noise,M2_N3,svd_lowrank,wavelet_threshold,45,1.5235353208330111,1.4592829131121146,1.676352219008462,9.999000099990002e-05,0.000999900009999
event_timing_median,event_timing_median_ms,lower,global,global,fk_filter,fx_deconv,270,0.0,0.0,0.0,9.999000099990002e-05,0.000999900009999
event_timing_median,event_timing_median_ms,lower,global,global,fk_filter,ssa_decomposition,270,-0.9999999999999964,-1.9999999999999964,0.0,9.999000099990002e-05,0.000999900009999
event_timing_median,event_timing_median_ms,lower,global,global,fk_filter,svd_lowrank,270,0.0,0.0,0.0,9.999000099990002e-05,0.000999900009999
event_timing_median,event_timing_median_ms,lower,global,global,fk_filter,wavelet_threshold,270,0.0,0.0,0.0,0.0045995400459954,0.0137986201379862
event_timing_median,event_timing_median_ms,lower,global,global,fx_deconv,ssa_decomposition,270,-1.9999999999999982,-2.0,-1.999999999999993,9.999000099990002e-05,0.000999900009999
event_timing_median,event_timing_median_ms,lower,global,global,fx_deconv,svd_lowrank,270,0.0,0.0,0.0,0.5052494750524947,1.0
event_timing_median,event_timing_median_ms,lower,global,global,fx_deconv,wavelet_threshold,270,0.0,0.0,0.0,0.6617338266173383,1.0
event_timing_median,event_timing_median_ms,lower,global,global,ssa_decomposition,svd_lowrank,270,2.0,1.9999999999999964,2.0,9.999000099990002e-05,0.000999900009999
event_timing_median,event_timing_median_ms,lower,global,global,ssa_decomposition,wavelet_threshold,270,1.9999999999999964,0.9999999999999982,2.0,9.999000099990002e-05,0.000999900009999
event_timing_median,event_timing_median_ms,lower,global,global,svd_lowrank,wavelet_threshold,270,0.0,0.0,0.0,0.0017998200179982,0.0071992800719928
event_timing_median,event_timing_median_ms,lower,model,M1,fk_filter,fx_deconv,135,0.0,0.0,0.0,0.5394460553944606,1.0
event_timing_median,event_timing_median_ms,lower,model,M1,fk_filter,ssa_decomposition,135,-2.0,-2.0,-1.9999999999999982,9.999000099990002e-05,0.000999900009999
event_timing_median,event_timing_median_ms,lower,model,M1,fk_filter,svd_lowrank,135,0.0,0.0,0.0,0.14428557144285573,0.8657134286571344
event_timing_median,event_timing_median_ms,lower,model,M1,fk_filter,wavelet_threshold,135,0.0,0.0,0.0,0.5349465053494651,1.0
event_timing_median,event_timing_median_ms,lower,model,M1,fx_deconv,ssa_decomposition,135,-2.0,-2.0,-2.0,9.999000099990002e-05,0.000999900009999
event_timing_median,event_timing_median_ms,lower,model,M1,fx_deconv,svd_lowrank,135,0.0,0.0,0.0,0.5026497350264973,1.0
event_timing_median,event_timing_median_ms,lower,model,M1,fx_deconv,wavelet_threshold,135,0.0,0.0,0.0,1.0,1.0
event_timing_median,event_timing_median_ms,lower,model,M1,ssa_decomposition,svd_lowrank,135,2.0,2.0,2.0000000000000036,9.999000099990002e-05,0.000999900009999
event_timing_median,event_timing_median_ms,lower,model,M1,ssa_decomposition,wavelet_threshold,135,2.0,2.0,2.0000000000000036,9.999000099990002e-05,0.000999900009999
event_timing_median,event_timing_median_ms,lower,model,M1,svd_lowrank,wavelet_threshold,135,0.0,0.0,0.0,0.21757824217578242,1.0
event_timing_median,event_timing_median_ms,lower,model,M2,fk_filter,fx_deconv,135,0.0,0.0,0.0,9.999000099990002e-05,0.000999900009999
event_timing_median,event_timing_median_ms,lower,model,M2,fk_filter,ssa_decomposition,135,0.0,0.0,0.0,0.5834416558344165,0.5834416558344165
event_timing_median,event_timing_median_ms,lower,model,M2,fk_filter,svd_lowrank,135,0.0,0.0,0.0,9.999000099990002e-05,0.000999900009999
event_timing_median,event_timing_median_ms,lower,model,M2,fk_filter,wavelet_threshold,135,0.0,0.0,0.0,0.00019998000199980003,0.000999900009999
event_timing_median,event_timing_median_ms,lower,model,M2,fx_deconv,ssa_decomposition,135,0.0,-1.9999999999999716,0.0,9.999000099990002e-05,0.000999900009999
event_timing_median,event_timing_median_ms,lower,model,M2,fx_deconv,svd_lowrank,135,0.0,0.0,0.0,0.074992500749925,0.224977502249775
event_timing_median,event_timing_median_ms,lower,model,M2,fx_deconv,wavelet_threshold,135,0.0,0.0,0.0,0.126987301269873,0.253974602539746
event_timing_median,event_timing_median_ms,lower,model,M2,ssa_decomposition,svd_lowrank,135,0.9999999999999982,0.0,1.9999999999999964,9.999000099990002e-05,0.000999900009999
event_timing_median,event_timing_median_ms,lower,model,M2,ssa_decomposition,wavelet_threshold,135,0.0,0.0,0.9999999999999964,9.999000099990002e-05,0.000999900009999
event_timing_median,event_timing_median_ms,lower,model,M2,svd_lowrank,wavelet_threshold,135,0.0,0.0,0.0,0.0007999200079992001,0.0031996800319968005
event_timing_median,event_timing_median_ms,lower,noise,N1,fk_filter,fx_deconv,90,0.0,0.0,0.0,0.9243075692430757,1.0
event_timing_median,event_timing_median_ms,lower,noise,N1,fk_filter,ssa_decomposition,90,0.0,-0.9999999999999982,0.0,0.0004999500049995,0.004999500049995
event_timing_median,event_timing_median_ms,lower,noise,N1,fk_filter,svd_lowrank,90,0.0,0.0,0.0,0.9912008799120088,1.0
event_timing_median,event_timing_median_ms,lower,noise,N1,fk_filter,wavelet_threshold,90,0.0,-0.4999999999999982,0.0,0.37946205379462056,1.0
event_timing_median,event_timing_median_ms,lower,noise,N1,fx_deconv,ssa_decomposition,90,-0.5000000000000018,-1.9999999999999973,0.0,0.014798520147985201,0.10358964103589641
event_timing_median,event_timing_median_ms,lower,noise,N1,fx_deconv,svd_lowrank,90,0.0,0.0,0.0,0.5150484951504849,1.0
event_timing_median,event_timing_median_ms,lower,noise,N1,fx_deconv,wavelet_threshold,90,0.0,-1.0000000000000009,0.0,0.5413458654134586,1.0
event_timing_median,event_timing_median_ms,lower,noise,N1,ssa_decomposition,svd_lowrank,90,1.4999999999999982,0.0,2.0,0.0057994200579942,0.0463953604639536
event_timing_median,event_timing_median_ms,lower,noise,N1,ssa_decomposition,wavelet_threshold,90,0.0,0.0,0.0,0.07799220077992201,0.46795320467953205
event_timing_median,event_timing_median_ms,lower,noise,N1,svd_lowrank,wavelet_threshold,90,-0.9999999999999964,-1.0000000000000018,0.0,0.0017998200179982,0.0161983801619838
event_timing_median,event_timing_median_ms,lower,noise,N2,fk_filter,fx_deconv,90,0.0,0.0,0.0,9.999000099990002e-05,0.000999900009999
event_timing_median,event_timing_median_ms,lower,noise,N2,fk_filter,ssa_decomposition,90,-1.4999999999999964,-2.0,0.0,0.00029997000299970003,0.0011998800119988001
event_timing_median,event_timing_median_ms,lower,noise,N2,fk_filter,svd_lowrank,90,0.0,0.0,0.0,9.999000099990002e-05,0.000999900009999
event_timing_median,event_timing_median_ms,lower,noise,N2,fk_filter,wavelet_threshold,90,0.0,0.0,0.0,9.999000099990002e-05,0.000999900009999
event_timing_median,event_timing_median_ms,lower,noise,N2,fx_deconv,ssa_decomposition,90,-2.0,-2.0,-1.4999999999999982,9.999000099990002e-05,0.000999900009999
event_timing_median,event_timing_median_ms,lower,noise,N2,fx_deconv,svd_lowrank,90,0.0,0.0,0.0,0.1264873512648735,0.37406259374062595
event_timing_median,event_timing_median_ms,lower,noise,N2,fx_deconv,wavelet_threshold,90,0.0,0.0,0.0,0.12468753124687532,0.37406259374062595
event_timing_median,event_timing_median_ms,lower,noise,N2,ssa_decomposition,svd_lowrank,90,2.0,1.9999999999999964,2.0,9.999000099990002e-05,0.000999900009999
event_timing_median,event_timing_median_ms,lower,noise,N2,ssa_decomposition,wavelet_threshold,90,2.0,1.9999999999999964,2.0,9.999000099990002e-05,0.000999900009999
event_timing_median,event_timing_median_ms,lower,noise,N2,svd_lowrank,wavelet_threshold,90,0.0,0.0,0.0,1.0,1.0
event_timing_median,event_timing_median_ms,lower,noise,N3,fk_filter,fx_deconv,90,0.0,0.0,0.0,9.999000099990002e-05,0.000999900009999
event_timing_median,event_timing_median_ms,lower,noise,N3,fk_filter,ssa_decomposition,90,-1.9999999999999964,-2.0,-2.842170943040401e-14,9.999000099990002e-05,0.000999900009999
event_timing_median,event_timing_median_ms,lower,noise,N3,fk_filter,svd_lowrank,90,0.0,0.0,0.0,9.999000099990002e-05,0.000999900009999
event_timing_median,event_timing_median_ms,lower,noise,N3,fk_filter,wavelet_threshold,90,0.0,0.0,0.0,9.999000099990002e-05,0.000999900009999
event_timing_median,event_timing_median_ms,lower,noise,N3,fx_deconv,ssa_decomposition,90,-2.0,-2.0,-1.9999999999999947,9.999000099990002e-05,0.000999900009999
event_timing_median,event_timing_median_ms,lower,noise,N3,fx_deconv,svd_lowrank,90,0.0,0.0,0.0,0.2226777322267773,0.6680331966803319
event_timing_median,event_timing_median_ms,lower,noise,N3,fx_deconv,wavelet_threshold,90,0.0,0.0,0.0,0.45845415458454153,0.9169083091690831
event_timing_median,event_timing_median_ms,lower,noise,N3,ssa_decomposition,svd_lowrank,90,2.0,1.9999999999999982,2.0000000000000036,9.999000099990002e-05,0.000999900009999
event_timing_median,event_timing_median_ms,lower,noise,N3,ssa_decomposition,wavelet_threshold,90,2.0,1.9999999999999973,2.0000000000000053,9.999000099990002e-05,0.000999900009999
event_timing_median,event_timing_median_ms,lower,noise,N3,svd_lowrank,wavelet_threshold,90,0.0,0.0,0.0,0.8346165383461653,0.9169083091690831
event_timing_median,event_timing_median_ms,lower,level,L1,fk_filter,fx_deconv,90,0.0,0.0,0.0,0.66003399660034,1.0
event_timing_median,event_timing_median_ms,lower,level,L1,fk_filter,ssa_decomposition,90,-1.5987211554602254e-14,-1.9999999999999973,0.0,0.00019998000199980003,0.0011998800119988001
event_timing_median,event_timing_median_ms,lower,level,L1,fk_filter,svd_lowrank,90,0.0,0.0,0.0,9.999000099990002e-05,0.000999900009999
event_timing_median,event_timing_median_ms,lower,level,L1,fk_filter,wavelet_threshold,90,0.0,0.0,0.0,0.000999900009999,0.004999500049995
event_timing_median,event_timing_median_ms,lower,level,L1,fx_deconv,ssa_decomposition,90,-1.9999999999999982,-2.0,-7.105427357601002e-15,9.999000099990002e-05,0.000999900009999
event_timing_median,event_timing_median_ms,lower,level,L1,fx_deconv,svd_lowrank,90,0.0,0.0,0.0,0.21477852214778523,0.6443355664433557
event_timing_median,event_timing_median_ms,lower,level,L1,fx_deconv,wavelet_threshold,90,0.0,0.0,0.0,0.9497050294970503,1.0
event_timing_median,event_timing_median_ms,lower,level,L1,ssa_decomposition,svd_lowrank,90,1.9999999999999991,1.4999999999999982,2.0,9.999000099990002e-05,0.000999900009999
event_timing_median,event_timing_median_ms,lower,level,L1,ssa_decomposition,wavelet_threshold,90,1.9999999999999947,0.0,2.0,9.999000099990002e-05,0.000999900009999
event_timing_median,event_timing_median_ms,lower,level,L1,svd_lowrank,wavelet_threshold,90,0.0,0.0,0.0,0.0170982901709829,0.0683931606839316
event_timing_median,event_timing_median_ms,lower,level,L2,fk_filter,fx_deconv,90,0.0,0.0,0.0,9.999000099990002e-05,0.000999900009999
event_timing_median,event_timing_median_ms,lower,level,L2,fk_filter,ssa_decomposition,90,-0.5000000000000107,-1.9999999999999973,0.0,0.0005999400059994001,0.0029997000299970002
event_timing_median,event_timing_median_ms,lower,level,L2,fk_filter,svd_lowrank,90,0.0,0.0,0.0,9.999000099990002e-05,0.000999900009999
event_timing_median,event_timing_median_ms,lower,level,L2,fk_filter,wavelet_threshold,90,0.0,0.0,0.0,0.0046995300469953,0.0187981201879812
event_timing_median,event_timing_median_ms,lower,level,L2,fx_deconv,ssa_decomposition,90,-1.9999999999999964,-2.0,-3.552713678800501e-15,9.999000099990002e-05,0.000999900009999
event_timing_median,event_timing_median_ms,lower,level,L2,fx_deconv,svd_lowrank,90,0.0,0.0,0.0,0.018198180181981802,0.036396360363963605
event_timing_median,event_timing_median_ms,lower,level,L2,fx_deconv,wavelet_threshold,90,0.0,0.0,0.0,0.31756824317568244,0.31756824317568244
event_timing_median,event_timing_median_ms,lower,level,L2,ssa_decomposition,svd_lowrank,90,2.0,1.4999999999999973,2.0,9.999000099990002e-05,0.000999900009999
event_timing_median,event_timing_median_ms,lower,level,L2,ssa_decomposition,wavelet_threshold,90,1.9999999999999947,0.0,2.0,9.999000099990002e-05,0.000999900009999
event_timing_median,event_timing_median_ms,lower,level,L2,svd_lowrank,wavelet_threshold,90,0.0,0.0,0.0,0.0081991800819918,0.0245975402459754
event_timing_median,event_timing_median_ms,lower,level,L3,fk_filter,fx_deconv,90,0.0,0.0,0.0,0.0012998700129987,0.0077992200779922
event_timing_median,event_timing_median_ms,lower,level,L3,fk_filter,ssa_decomposition,90,-1.9999999999999964,-2.0,0.0,9.999000099990002e-05,0.000999900009999
event_timing_median,event_timing_median_ms,lower,level,L3,fk_filter,svd_lowrank,90,0.0,0.0,0.0,0.7627237276272373,1.0
event_timing_median,event_timing_median_ms,lower,level,L3,fk_filter,wavelet_threshold,90,0.0,0.0,0.0,0.8508149185081492,1.0
event_timing_median,event_timing_median_ms,lower,level,L3,fx_deconv,ssa_decomposition,90,-1.9999999999999982,-2.0,-0.5000000000000009,9.999000099990002e-05,0.000999900009999
event_timing_median,event_timing_median_ms,lower,level,L3,fx_deconv,svd_lowrank,90,0.0,0.0,0.0,0.9719028097190281,1.0
event_timing_median,event_timing_median_ms,lower,level,L3,fx_deconv,wavelet_threshold,90,0.0,0.0,0.0,0.647035296470353,1.0
event_timing_median,event_timing_median_ms,lower,level,L3,ssa_decomposition,svd_lowrank,90,2.0,1.9999999999999947,2.0,0.00019998000199980003,0.0015998400159984002
event_timing_median,event_timing_median_ms,lower,level,L3,ssa_decomposition,wavelet_threshold,90,2.0,0.0,2.0,0.0004999500049995,0.0034996500349965005
event_timing_median,event_timing_median_ms,lower,level,L3,svd_lowrank,wavelet_threshold,90,0.0,0.0,0.0,0.563043695630437,1.0
event_timing_median,event_timing_median_ms,lower,f_main,15Hz,fk_filter,fx_deconv,90,1.999999999999993,1.9999999999999716,2.0,0.0016998300169983002,0.013598640135986401
event_timing_median,event_timing_median_ms,lower,f_main,15Hz,fk_filter,ssa_decomposition,90,0.0,0.0,1.999999999999993,0.0025997400259974,0.0181981801819818
event_timing_median,event_timing_median_ms,lower,f_main,15Hz,fk_filter,svd_lowrank,90,2.0,1.9999999999999822,2.0,0.00019998000199980003,0.001999800019998
event_timing_median,event_timing_median_ms,lower,f_main,15Hz,fk_filter,wavelet_threshold,90,1.999999999999993,1.9999999999999716,2.0,0.00029997000299970003,0.0026997300269973002
event_timing_median,event_timing_median_ms,lower,f_main,15Hz,fx_deconv,ssa_decomposition,90,0.0,-7.105427357601002e-15,0.0,0.5055494450554945,1.0
event_timing_median,event_timing_median_ms,lower,f_main,15Hz,fx_deconv,svd_lowrank,90,0.0,0.0,0.0,0.5131486851314868,1.0
event_timing_median,event_timing_median_ms,lower,f_main,15Hz,fx_deconv,wavelet_threshold,90,0.0,0.0,0.0,0.5417458254174583,1.0
event_timing_median,event_timing_median_ms,lower,f_main,15Hz,ssa_decomposition,svd_lowrank,90,0.0,0.0,2.0,0.18148185181481852,0.9074092590740925
event_timing_median,event_timing_median_ms,lower,f_main,15Hz,ssa_decomposition,wavelet_threshold,90,0.0,0.0,1.9999999999999964,0.1351864813518648,0.8111188881111888
event_timing_median,event_timing_median_ms,lower,f_main,15Hz,svd_lowrank,wavelet_threshold,90,0.0,0.0,0.0,0.8525147485251475,1.0
event_timing_median,event_timing_median_ms,lower,f_main,25Hz,fk_filter,fx_deconv,90,0.0,0.0,0.0,1.0,1.0
event_timing_median,event_timing_median_ms,lower,f_main,25Hz,fk_filter,ssa_decomposition,90,-2.0,-2.0,-1.9999999999999982,9.999000099990002e-05,0.000999900009999
event_timing_median,event_timing_median_ms,lower,f_main,25Hz,fk_filter,svd_lowrank,90,0.0,0.0,0.0,0.014498550144985502,0.068993100689931
event_timing_median,event_timing_median_ms,lower,f_main,25Hz,fk_filter,wavelet_threshold,90,0.0,0.0,0.0,0.2328767123287671,0.4657534246575342
event_timing_median,event_timing_median_ms,lower,f_main,25Hz,fx_deconv,ssa_decomposition,90,-2.0,-2.0,-1.9999999999999982,9.999000099990002e-05,0.000999900009999
event_timing_median,event_timing_median_ms,lower,f_main,25Hz,fx_deconv,svd_lowrank,90,0.0,0.0,0.0,0.013798620137986202,0.068993100689931
event_timing_median,event_timing_median_ms,lower,f_main,25Hz,fx_deconv,wavelet_threshold,90,0.0,0.0,0.0,0.1346865313468653,0.40405959404059594
event_timing_median,event_timing_median_ms,lower,f_main,25Hz,ssa_decomposition,svd_lowrank,90,2.0,1.9999999999999982,2.0,9.999000099990002e-05,0.000999900009999
event_timing_median,event_timing_median_ms,lower,f_main,25Hz,ssa_decomposition,wavelet_threshold,90,2.0,0.0,2.0,9.999000099990002e-05,0.000999900009999
event_timing_median,event_timing_median_ms,lower,f_main,25Hz,svd_lowrank,wavelet_threshold,90,0.0,0.0,0.0,0.0005999400059994001,0.0035996400359964006
event_timing_median,event_timing_median_ms,lower,f_main,40Hz,fk_filter,fx_deconv,90,0.0,0.0,0.0,9.999000099990002e-05,0.000999900009999
event_timing_median,event_timing_median_ms,lower,f_main,40Hz,fk_filter,ssa_decomposition,90,-1.9999999999999973,-2.0,-1.9999999999999964,9.999000099990002e-05,0.000999900009999
event_timing_median,event_timing_median_ms,lower,f_main,40Hz,fk_filter,svd_lowrank,90,0.0,0.0,0.0,9.999000099990002e-05,0.000999900009999
event_timing_median,event_timing_median_ms,lower,f_main,40Hz,fk_filter,wavelet_threshold,90,0.0,0.0,0.0,1.0,1.0
event_timing_median,event_timing_median_ms,lower,f_main,40Hz,fx_deconv,ssa_decomposition,90,-2.0,-2.0,-1.9999999999999964,9.999000099990002e-05,0.000999900009999
event_timing_median,event_timing_median_ms,lower,f_main,40Hz,fx_deconv,svd_lowrank,90,0.0,0.0,0.0,0.7776222377762224,1.0
event_timing_median,event_timing_median_ms,lower,f_main,40Hz,fx_deconv,wavelet_threshold,90,0.0,0.0,0.0,9.999000099990002e-05,0.000999900009999
event_timing_median,event_timing_median_ms,lower,f_main,40Hz,ssa_decomposition,svd_lowrank,90,2.0,1.9999999999999982,2.0,9.999000099990002e-05,0.000999900009999
event_timing_median,event_timing_median_ms,lower,f_main,40Hz,ssa_decomposition,wavelet_threshold,90,1.9999999999999973,1.4999999999999867,2.0,9.999000099990002e-05,0.000999900009999
event_timing_median,event_timing_median_ms,lower,f_main,40Hz,svd_lowrank,wavelet_threshold,90,0.0,0.0,0.0,9.999000099990002e-05,0.000999900009999
event_timing_median,event_timing_median_ms,lower,model_x_noise,M1_N1,fk_filter,fx_deconv,45,0.0,0.0,0.0,0.811018898110189,1.0
event_timing_median,event_timing_median_ms,lower,model_x_noise,M1_N1,fk_filter,ssa_decomposition,45,-1.0,-2.0,0.0,0.0007999200079992001,0.007999200079992
event_timing_median,event_timing_median_ms,lower,model_x_noise,M1_N1,fk_filter,svd_lowrank,45,0.0,0.0,1.0,1.0,1.0
event_timing_median,event_timing_median_ms,lower,model_x_noise,M1_N1,fk_filter,wavelet_threshold,45,0.0,-0.9999999999999929,0.0,0.7726227377262274,1.0
event_timing_median,event_timing_median_ms,lower,model_x_noise,M1_N1,fx_deconv,ssa_decomposition,45,-2.0,-2.0,0.0,0.039396060393960604,0.31516848315168483
event_timing_median,event_timing_median_ms,lower,model_x_noise,M1_N1,fx_deconv,svd_lowrank,45,0.0,0.0,0.0,0.49625037496250374,1.0
event_timing_median,event_timing_median_ms,lower,model_x_noise,M1_N1,fx_deconv,wavelet_threshold,45,0.0,-0.9999999999999929,0.0,0.9763023697630236,1.0
event_timing_median,event_timing_median_ms,lower,model_x_noise,M1_N1,ssa_decomposition,svd_lowrank,45,2.0,1.0,2.0,0.013598640135986401,0.12238776122387761
event_timing_median,event_timing_median_ms,lower,model_x_noise,M1_N1,ssa_decomposition,wavelet_threshold,45,1.0,0.0,2.0,0.044195580441955803,0.31516848315168483
event_timing_median,event_timing_median_ms,lower,model_x_noise,M1_N1,svd_lowrank,wavelet_threshold,45,-0.9999999999999964,-1.0,0.0,0.1810818918108189,1.0
event_timing_median,event_timing_median_ms,lower,model_x_noise,M1_N2,fk_filter,fx_deconv,45,0.0,0.0,0.0,0.0006999300069993001,0.0027997200279972004
event_timing_median,event_timing_median_ms,lower,model_x_noise,M1_N2,fk_filter,ssa_decomposition,45,-2.0,-2.0,0.0,9.999000099990002e-05,0.000999900009999
event_timing_median,event_timing_median_ms,lower,model_x_noise,M1_N2,fk_filter,svd_lowrank,45,0.0,0.0,0.0,0.00039996000399960006,0.0023997600239976003
event_timing_median,event_timing_median_ms,lower,model_x_noise,M1_N2,fk_filter,wavelet_threshold,45,0.0,0.0,0.0,0.0004999500049995,0.0024997500249975
event_timing_median,event_timing_median_ms,lower,model_x_noise,M1_N2,fx_deconv,ssa_decomposition,45,-2.0,-2.0000000000000036,-2.0,9.999000099990002e-05,0.000999900009999
event_timing_median,event_timing_median_ms,lower,model_x_noise,M1_N2,fx_deconv,svd_lowrank,45,0.0,0.0,0.0,1.0,1.0
event_timing_median,event_timing_median_ms,lower,model_x_noise,M1_N2,fx_deconv,wavelet_threshold,45,0.0,0.0,0.0,1.0,1.0
event_timing_median,event_timing_median_ms,lower,model_x_noise,M1_N2,ssa_decomposition,svd_lowrank,45,2.0,2.0,2.0000000000000036,9.999000099990002e-05,0.000999900009999
event_timing_median,event_timing_median_ms,lower,model_x_noise,M1_N2,ssa_decomposition,wavelet_threshold,45,2.0,2.0,2.0000000000000036,9.999000099990002e-05,0.000999900009999
event_timing_median,event_timing_median_ms,lower,model_x_noise,M1_N2,svd_lowrank,wavelet_threshold,45,0.0,0.0,0.0,1.0,1.0
event_timing_median,event_timing_median_ms,lower,model_x_noise,M1_N3,fk_filter,fx_deconv,45,0.0,0.0,0.0,0.004299570042995701,0.021497850214978503
event_timing_median,event_timing_median_ms,lower,model_x_noise,M1_N3,fk_filter,ssa_decomposition,45,-2.0000000000000036,-4.0,-2.0,9.999000099990002e-05,0.000999900009999
event_timing_median,event_timing_median_ms,lower,model_x_noise,M1_N3,fk_filter,svd_lowrank,45,0.0,0.0,0.0,0.0082991700829917,0.0331966803319668
event_timing_median,event_timing_median_ms,lower,model_x_noise,M1_N3,fk_filter,wavelet_threshold,45,0.0,0.0,0.0,0.0032996700329967,0.0197980201979802
event_timing_median,event_timing_median_ms,lower,model_x_noise,M1_N3,fx_deconv,ssa_decomposition,45,-2.0000000000000036,-4.0,-2.0,9.999000099990002e-05,0.000999900009999
event_timing_median,event_timing_median_ms,lower,model_x_noise,M1_N3,fx_deconv,svd_lowrank,45,0.0,0.0,0.0,1.0,1.0
event_timing_median,event_timing_median_ms,lower,model_x_noise,M1_N3,fx_deconv,wavelet_threshold,45,0.0,0.0,0.0,1.0,1.0
event_timing_median,event_timing_median_ms,lower,model_x_noise,M1_N3,ssa_decomposition,svd_lowrank,45,2.0000000000000036,2.0,4.0,9.999000099990002e-05,0.000999900009999
event_timing_median,event_timing_median_ms,lower,model_x_noise,M1_N3,ssa_decomposition,wavelet_threshold,45,3.0,2.0,4.0,9.999000099990002e-05,0.000999900009999
event_timing_median,event_timing_median_ms,lower,model_x_noise,M1_N3,svd_lowrank,wavelet_threshold,45,0.0,0.0,0.0,1.0,1.0
event_timing_median,event_timing_median_ms,lower,model_x_noise,M2_N1,fk_filter,fx_deconv,45,0.0,0.0,0.0,0.33166683331666835,1.0
event_timing_median,event_timing_median_ms,lower,model_x_noise,M2_N1,fk_filter,ssa_decomposition,45,0.0,0.0,0.0,0.4360563943605639,1.0
event_timing_median,event_timing_median_ms,lower,model_x_noise,M2_N1,fk_filter,svd_lowrank,45,0.0,0.0,0.0,0.1131886811318868,0.5915408459154085
event_timing_median,event_timing_median_ms,lower,model_x_noise,M2_N1,fk_filter,wavelet_threshold,45,0.0,-1.9999999999999964,0.0,0.09859014098590141,0.5915408459154085
event_timing_median,event_timing_median_ms,lower,model_x_noise,M2_N1,fx_deconv,ssa_decomposition,45,0.0,-0.9999999999999982,0.0,0.047795220477952205,0.33456654334566543
event_timing_median,event_timing_median_ms,lower,model_x_noise,M2_N1,fx_deconv,svd_lowrank,45,0.0,0.0,0.0,0.9005099490050995,1.0
event_timing_median,event_timing_median_ms,lower,model_x_noise,M2_N1,fx_deconv,wavelet_threshold,45,-1.0000000000000018,-1.9999999999999964,0.0,0.0033996600339966003,0.030596940305969402
event_timing_median,event_timing_median_ms,lower,model_x_noise,M2_N1,ssa_decomposition,svd_lowrank,45,0.0,0.0,1.9999999999999964,0.040195980401959805,0.32156784321567844
event_timing_median,event_timing_median_ms,lower,model_x_noise,M2_N1,ssa_decomposition,wavelet_threshold,45,0.0,0.0,0.0,0.2705729427057294,1.0
event_timing_median,event_timing_median_ms,lower,model_x_noise,M2_N1,svd_lowrank,wavelet_threshold,45,-1.0000000000000018,-1.9999999999999964,0.0,0.0018998100189981002,0.018998100189981004
event_timing_median,event_timing_median_ms,lower,model_x_noise,M2_N2,fk_filter,fx_deconv,45,0.0,0.0,1.9999999999999716,9.999000099990002e-05,0.000999900009999
event_timing_median,event_timing_median_ms,lower,model_x_noise,M2_N2,fk_filter,ssa_decomposition,45,0.0,-1.9999999999999964,0.0,0.9002099790020998,1.0
event_timing_median,event_timing_median_ms,lower,model_x_noise,M2_N2,fk_filter,svd_lowrank,45,0.0,0.0,1.9999999999999716,9.999000099990002e-05,0.000999900009999
event_timing_median,event_timing_median_ms,lower,model_x_noise,M2_N2,fk_filter,wavelet_threshold,45,0.0,0.0,1.9999999999999716,9.999000099990002e-05,0.000999900009999
event_timing_median,event_timing_median_ms,lower,model_x_noise,M2_N2,fx_deconv,ssa_decomposition,45,0.0,-1.9999999999999982,0.0,9.999000099990002e-05,0.000999900009999
event_timing_median,event_timing_median_ms,lower,model_x_noise,M2_N2,fx_deconv,svd_lowrank,45,0.0,0.0,0.0,0.11938806119388061,0.47755224477552244
event_timing_median,event_timing_median_ms,lower,model_x_noise,M2_N2,fx_deconv,wavelet_threshold,45,0.0,0.0,0.0,0.1304869513048695,0.47755224477552244
event_timing_median,event_timing_median_ms,lower,model_x_noise,M2_N2,ssa_decomposition,svd_lowrank,45,1.9999999999999964,0.0,2.0,9.999000099990002e-05,0.000999900009999
event_timing_median,event_timing_median_ms,lower,model_x_noise,M2_N2,ssa_decomposition,wavelet_threshold,45,1.9999999999999964,0.0,2.0,9.999000099990002e-05,0.000999900009999
event_timing_median,event_timing_median_ms,lower,model_x_noise,M2_N2,svd_lowrank,wavelet_threshold,45,0.0,0.0,0.0,1.0,1.0
event_timing_median,event_timing_median_ms,lower,model_x_noise,M2_N3,fk_filter,fx_deconv,45,1.4210854715202004e-14,0.0,1.9999999999999716,9.999000099990002e-05,0.000999900009999
event_timing_median,event_timing_median_ms,lower,model_x_noise,M2_N3,fk_filter,ssa_decomposition,45,0.0,-2.842170943040401e-14,0.0,0.6397360263973603,0.9929007099290071
event_timing_median,event_timing_median_ms,lower,model_x_noise,M2_N3,fk_filter,svd_lowrank,45,1.0000000000000018,0.0,1.999999999999993,9.999000099990002e-05,0.000999900009999
event_timing_median,event_timing_median_ms,lower,model_x_noise,M2_N3,fk_filter,wavelet_threshold,45,1.0000000000000018,0.0,1.999999999999993,9.999000099990002e-05,0.000999900009999
event_timing_median,event_timing_median_ms,lower,model_x_noise,M2_N3,fx_deconv,ssa_decomposition,45,-1.4210854715202004e-14,-1.9999999999999982,0.0,9.999000099990002e-05,0.000999900009999
event_timing_median,event_timing_median_ms,lower,model_x_noise,M2_N3,fx_deconv,svd_lowrank,45,0.0,0.0,0.0,0.06179382061793821,0.24717528247175283
event_timing_median,event_timing_median_ms,lower,model_x_noise,M2_N3,fx_deconv,wavelet_threshold,45,0.0,0.0,0.0,0.25637436256374363,0.7691230876912309
event_timing_median,event_timing_median_ms,lower,model_x_noise,M2_N3,ssa_decomposition,svd_lowrank,45,1.9999999999999964,0.0,2.0,9.999000099990002e-05,0.000999900009999
event_timing_median,event_timing_median_ms,lower,model_x_noise,M2_N3,ssa_decomposition,wavelet_threshold,45,1.9999999999999964,0.0,2.0,9.999000099990002e-05,0.000999900009999
event_timing_median,event_timing_median_ms,lower,model_x_noise,M2_N3,svd_lowrank,wavelet_threshold,45,0.0,0.0,0.0,0.49645035496450357,0.9929007099290071
event_energy_median,event_energy_median,lower,global,global,fk_filter,fx_deconv,270,-0.017937334305549307,-0.02546797094489208,-0.011721054909430503,9.999000099990002e-05,0.000999900009999
event_energy_median,event_energy_median,lower,global,global,fk_filter,ssa_decomposition,270,-0.04015082885955996,-0.06406302070973846,-0.02169611583727897,9.999000099990002e-05,0.000999900009999
event_energy_median,event_energy_median,lower,global,global,fk_filter,svd_lowrank,270,-0.003304977099561823,-0.006119844542290577,0.00018508872692842113,9.999000099990002e-05,0.000999900009999
event_energy_median,event_energy_median,lower,global,global,fk_filter,wavelet_threshold,270,0.0021726146298278615,0.0006208942381244168,0.00635102228238707,0.0098990100989901,0.0098990100989901
event_energy_median,event_energy_median,lower,global,global,fx_deconv,ssa_decomposition,270,-0.011809080460646736,-0.025489282257970824,0.0006209923794539385,9.999000099990002e-05,0.000999900009999
event_energy_median,event_energy_median,lower,global,global,fx_deconv,svd_lowrank,270,0.01490980500633994,0.011357598202325184,0.018384431340468792,0.0012998700129987,0.0025997400259974
event_energy_median,event_energy_median,lower,global,global,fx_deconv,wavelet_threshold,270,0.0015088617301627152,0.0005147203488604785,0.01066310960102762,9.999000099990002e-05,0.000999900009999
event_energy_median,event_energy_median,lower,global,global,ssa_decomposition,svd_lowrank,270,0.013766082192142703,0.006790917977439301,0.02934780593383414,9.999000099990002e-05,0.000999900009999
event_energy_median,event_energy_median,lower,global,global,ssa_decomposition,wavelet_threshold,270,0.01926300616434705,0.008481004111809748,0.03576118519540669,9.999000099990002e-05,0.000999900009999
event_energy_median,event_energy_median,lower,global,global,svd_lowrank,wavelet_threshold,270,2.1479731564593955e-08,-0.0011134113435294888,3.5386162203208325e-07,9.999000099990002e-05,0.000999900009999
event_energy_median,event_energy_median,lower,model,M1,fk_filter,fx_deconv,135,-0.0017243251983055253,-0.007085347283039705,0.001661594306925978,0.0033996600339966003,0.013598640135986401
event_energy_median,event_energy_median,lower,model,M1,fk_filter,ssa_decomposition,135,-0.08758986425344018,-0.1395567247555959,-0.06391223551690074,9.999000099990002e-05,0.000999900009999
event_energy_median,event_energy_median,lower,model,M1,fk_filter,svd_lowrank,135,-0.003230462355830646,-0.007103052393499301,0.0004338446597101761,9.999000099990002e-05,0.000999900009999
event_energy_median,event_energy_median,lower,model,M1,fk_filter,wavelet_threshold,135,0.0006195804476391792,-0.006036197905091686,0.0018116406435256288,0.005099490050994901,0.015298470152984703
event_energy_median,event_energy_median,lower,model,M1,fx_deconv,ssa_decomposition,135,-0.051133498888496345,-0.08744333280648857,-0.01705507477446117,9.999000099990002e-05,0.000999900009999
event_energy_median,event_energy_median,lower,model,M1,fx_deconv,svd_lowrank,135,0.007234681049543784,4.497624855629778e-06,0.010514894210375991,0.0183981601839816,0.0367963203679632
event_energy_median,event_energy_median,lower,model,M1,fx_deconv,wavelet_threshold,135,3.5689790237635607e-06,1.3556211372114608e-06,9.955974146744206e-05,0.6034396560343965,0.6034396560343965
event_energy_median,event_energy_median,lower,model,M1,ssa_decomposition,svd_lowrank,135,0.030030108055702373,0.011908127971865785,0.08864784776701778,9.999000099990002e-05,0.000999900009999
event_energy_median,event_energy_median,lower,model,M1,ssa_decomposition,wavelet_threshold,135,0.06329820471193909,0.01702567815196184,0.08909576153009811,9.999000099990002e-05,0.000999900009999
event_energy_median,event_energy_median,lower,model,M1,svd_lowrank,wavelet_threshold,135,-0.0015236835655741687,-0.008534561911835992,1.3617822311652592e-08,0.0007999200079992001,0.003999600039996
event_energy_median,event_energy_median,lower,model,M2,fk_filter,fx_deconv,135,-0.034309762289490356,-0.042028223724452106,-0.026855966740586084,9.999000099990002e-05,0.000999900009999
event_energy_median,event_energy_median,lower,model,M2,fk_filter,ssa_decomposition,135,-0.014907496565295815,-0.031205961248433153,-0.006495176012000751,9.999000099990002e-05,0.000999900009999
event_energy_median,event_energy_median,lower,model,M2,fk_filter,svd_lowrank,135,-0.003961806840519888,-0.009131857328053893,0.001395851567056603,0.0052994700529947,0.015898410158984102
event_energy_median,event_energy_median,lower,model,M2,fk_filter,wavelet_threshold,135,0.007042962604398866,0.003586504859733665,0.011507308960398062,0.8782121787821218,0.8782121787821218
event_energy_median,event_energy_median,lower,model,M2,fx_deconv,ssa_decomposition,135,0.01992703942366965,-0.0017591073223186815,0.030005001806655086,0.17168283171682833,0.34336566343365665
event_energy_median,event_energy_median,lower,model,M2,fx_deconv,svd_lowrank,135,0.03327137266908521,0.03118975854369798,0.035535203423029946,9.999000099990002e-05,0.000999900009999
event_energy_median,event_energy_median,lower,model,M2,fx_deconv,wavelet_threshold,135,0.038006768086788656,0.035023997608708786,0.047358203043352975,9.999000099990002e-05,0.000999900009999
event_energy_median,event_energy_median,lower,model,M2,ssa_decomposition,svd_lowrank,135,0.005743496414497994,0.0015473828501782402,0.01631019462699662,0.00019998000199980003,0.000999900009999
event_energy_median,event_energy_median,lower,model,M2,ssa_decomposition,wavelet_threshold,135,0.006715723516905087,0.0032782403009237113,0.0193642458741684,9.999000099990002e-05,0.000999900009999
event_energy_median,event_energy_median,lower,model,M2,svd_lowrank,wavelet_threshold,135,0.0018552222744388,0.0005657667008623044,0.0029384654663378016,9.999000099990002e-05,0.000999900009999
event_energy_median,event_energy_median,lower,noise,N1,fk_filter,fx_deconv,90,-0.031383194084935916,-0.0752847596487421,0.0002381088647611081,0.014798520147985201,0.073992600739926
event_energy_median,event_energy_median,lower,noise,N1,fk_filter,ssa_decomposition,90,0.001764040934228385,-0.009218605130041586,0.02356909885542409,0.44685531446855314,0.8937106289371063
event_energy_median,event_energy_median,lower,noise,N1,fk_filter,svd_lowrank,90,-0.0093426203299829,-0.016418284718559172,-0.004496170275767153,9.999000099990002e-05,0.000999900009999
event_energy_median,event_energy_median,lower,noise,N1,fk_filter,wavelet_threshold,90,0.023775335761149666,0.01507719586897044,0.033304782123858664,9.999000099990002e-05,0.000999900009999
event_energy_median,event_energy_median,lower,noise,N1,fx_deconv,ssa_decomposition,90,0.038612805713306234,0.013854015248256532,0.06819053167045197,0.21837816218378162,0.797920207979202
event_energy_median,event_energy_median,lower,noise,N1,fx_deconv,svd_lowrank,90,0.023759476056994633,0.0037901485172723987,0.06301469423062392,0.1994800519948005,0.797920207979202
event_energy_median,event_energy_median,lower,noise,N1,fx_deconv,wavelet_threshold,90,0.07088638911853165,0.04581780126340182,0.08130759596366283,9.999000099990002e-05,0.000999900009999
event_energy_median,event_energy_median,lower,noise,N1,ssa_decomposition,svd_lowrank,90,-0.007946040690241565,-0.0248427038830136,-0.00222721334117378,0.8788121187881212,0.8937106289371063
event_energy_median,event_energy_median,lower,noise,N1,ssa_decomposition,wavelet_threshold,90,0.006398780677446346,-0.0028167748975048246,0.03740997543421317,9.999000099990002e-05,0.000999900009999
event_energy_median,event_energy_median,lower,noise,N1,svd_lowrank,wavelet_threshold,90,0.033565072731128076,0.023188021411998678,0.05056969004913679,9.999000099990002e-05,0.000999900009999
event_energy_median,event_energy_median,lower,noise,N2,fk_filter,fx_deconv,90,-0.0010668133366256798,-0.008179956545687626,0.0011370749329168738,0.00029997000299970003,0.000999900009999
event_energy_median,event_energy_median,lower,noise,N2,fk_filter,ssa_decomposition,90,-0.05355453497258175,-0.08553391942186747,-0.021723410395257485,9.999000099990002e-05,0.000999900009999
event_energy_median,event_energy_median,lower,noise,N2,fk_filter,svd_lowrank,90,0.00463578439507696,0.0033019888758632427,0.006837911026342766,9.999000099990002e-05,0.000999900009999
event_energy_median,event_energy_median,lower,noise,N2,fk_filter,wavelet_threshold,90,0.005852789487688869,0.0029489904063098185,0.007638930150736649,9.999000099990002e-05,0.000999900009999
event_energy_median,event_energy_median,lower,noise,N2,fx_deconv,ssa_decomposition,90,-0.03272471204189139,-0.0656526170150693,-0.01400520215704774,9.999000099990002e-05,0.000999900009999
event_energy_median,event_energy_median,lower,noise,N2,fx_deconv,svd_lowrank,90,0.01562447719539901,0.007956909074803974,0.03126966289537496,9.999000099990002e-05,0.000999900009999
event_energy_median,event_energy_median,lower,noise,N2,fx_deconv,wavelet_threshold,90,4.738328896863384e-06,1.8261323201750086e-06,0.03446964691182329,9.999000099990002e-05,0.000999900009999
event_energy_median,event_energy_median,lower,noise,N2,ssa_decomposition,svd_lowrank,90,0.05670277105114932,0.030181470903588,0.08776841255201696,9.999000099990002e-05,0.000999900009999
event_energy_median,event_energy_median,lower,noise,N2,ssa_decomposition,wavelet_threshold,90,0.054955406299294504,0.02910659845154595,0.08886322586529836,9.999000099990002e-05,0.000999900009999
event_energy_median,event_energy_median,lower,noise,N2,svd_lowrank,wavelet_threshold,90,2.1309112761142186e-07,5.4241361815542395e-08,0.0008084834938626679,0.9273072692730727,0.9273072692730727
event_energy_median,event_energy_median,lower,noise,N3,fk_filter,fx_deconv,90,-0.03363933013596287,-0.06067328089286088,-0.024097832493886324,9.999000099990002e-05,0.000999900009999
event_energy_median,event_energy_median,lower,noise,N3,fk_filter,ssa_decomposition,90,-0.08372284284567173,-0.11870979280507277,-0.0639759129382452,9.999000099990002e-05,0.000999900009999
event_energy_median,event_energy_median,lower,noise,N3,fk_filter,svd_lowrank,90,-0.04119821301832956,-0.07265959267183757,-0.015789882209723754,9.999000099990002e-05,0.000999900009999
event_energy_median,event_energy_median,lower,noise,N3,fk_filter,wavelet_threshold,90,-0.05286041419268547,-0.08279878590795978,-0.02795466068871111,9.999000099990002e-05,0.000999900009999
event_energy_median,event_energy_median,lower,noise,N3,fx_deconv,ssa_decomposition,90,-0.02991935865884144,-0.040850021726809765,0.0023163921424149136,0.00029997000299970003,0.0011998800119988001
event_energy_median,event_energy_median,lower,noise,N3,fx_deconv,svd_lowrank,90,0.012772160277142728,0.010402124983278489,0.017358519661399584,0.24077592240775922,0.24077592240775922
event_energy_median,event_energy_median,lower,noise,N3,fx_deconv,wavelet_threshold,90,6.118423384847416e-05,-0.0005542554215625343,0.0005086697597157172,0.00039996000399960006,0.0011998800119988001
event_energy_median,event_energy_median,lower,noise,N3,ssa_decomposition,svd_lowrank,90,0.010321962511451472,0.0034358691778222507,0.034347785970641434,9.999000099990002e-05,0.000999900009999
event_energy_median,event_energy_median,lower,noise,N3,ssa_decomposition,wavelet_threshold,90,9.394942526902341e-05,-0.00628305562637365,0.024321963165872002,0.0016998300169983002,0.0033996600339966003
event_energy_median,event_energy_median,lower,noise,N3,svd_lowrank,wavelet_threshold,90,-0.011690686569254823,-0.014746079287909105,-0.010425269392565158,9.999000099990002e-05,0.000999900009999
event_energy_median,event_energy_median,lower,level,L1,fk_filter,fx_deconv,90,-0.015637101445323293,-0.019958915357995946,-0.011130925701468695,9.999000099990002e-05,0.000999900009999
event_energy_median,event_energy_median,lower,level,L1,fk_filter,ssa_decomposition,90,-0.0525025289091494,-0.07587203384495676,-0.010785510605737954,9.999000099990002e-05,0.000999900009999
event_energy_median,event_energy_median,lower,level,L1,fk_filter,svd_lowrank,90,0.0036135423881967174,0.0008057169683359116,0.006414644690350461,0.0004999500049995,0.000999900009999
event_energy_median,event_energy_median,lower,level,L1,fk_filter,wavelet_threshold,90,-0.00041458910976670217,-0.0034578287882942116,0.0027492457521248004,0.41235876412358763,0.41235876412358763
event_energy_median,event_energy_median,lower,level,L1,fx_deconv,ssa_decomposition,90,-0.01077728732431172,-0.05478135852907653,0.005765927814287392,9.999000099990002e-05,0.000999900009999
event_energy_median,event_energy_median,lower,level,L1,fx_deconv,svd_lowrank,90,0.018597490676075357,0.01654617849838185,0.022586145566960522,9.999000099990002e-05,0.000999900009999
event_energy_median,event_energy_median,lower,level,L1,fx_deconv,wavelet_threshold,90,0.011473757177705116,0.0007786338344336063,0.018648338020955862,9.999000099990002e-05,0.000999900009999
event_energy_median,event_energy_median,lower,level,L1,ssa_decomposition,svd_lowrank,90,0.048301508065628315,0.014815563276133679,0.07239484203430561,9.999000099990002e-05,0.000999900009999
event_energy_median,event_energy_median,lower,level,L1,ssa_decomposition,wavelet_threshold,90,0.037738198434104496,0.013324523418474989,0.0682421627350843,9.999000099990002e-05,0.000999900009999
event_energy_median,event_energy_median,lower,level,L1,svd_lowrank,wavelet_threshold,90,-0.0041675566321896715,-0.007102692809502437,-0.0027745535573350383,9.999000099990002e-05,0.000999900009999
event_energy_median,event_energy_median,lower,level,L2,fk_filter,fx_deconv,90,-0.00861195928870912,-0.032685200856532495,0.0011356098896186811,0.00019998000199980003,0.0011998800119988001
event_energy_median,event_energy_median,lower,level,L2,fk_filter,ssa_decomposition,90,-0.043602974721220475,-0.07745241297540707,-0.016550821337824637,9.999000099990002e-05,0.000999900009999
event_energy_median,event_energy_median,lower,level,L2,fk_filter,svd_lowrank,90,-0.005455849993633521,-0.01153744353586658,-0.000677406953708078,9.999000099990002e-05,0.000999900009999
event_energy_median,event_energy_median,lower,level,L2,fk_filter,wavelet_threshold,90,0.004068305649260502,0.0004349034045158534,0.008436662058249386,0.24127587241275872,0.24127587241275872
event_energy_median,event_energy_median,lower,level,L2,fx_deconv,ssa_decomposition,90,-0.023262345734233494,-0.039952901841656285,-0.007938278593546566,0.00039996000399960006,0.0011998800119988001
event_energy_median,event_energy_median,lower,level,L2,fx_deconv,svd_lowrank,90,0.007422885847040879,1.627635920330137e-06,0.02024984217853866,0.0046995300469953,0.0093990600939906
event_energy_median,event_energy_median,lower,level,L2,fx_deconv,wavelet_threshold,90,0.0010364391735992497,3.686975962670641e-06,0.03177862950430118,0.00019998000199980003,0.0011998800119988001
event_energy_median,event_energy_median,lower,level,L2,ssa_decomposition,svd_lowrank,90,0.014109161299431204,0.004979461697364532,0.044097880436965595,9.999000099990002e-05,0.000999900009999
event_energy_median,event_energy_median,lower,level,L2,ssa_decomposition,wavelet_threshold,90,0.024321963165872002,0.009341261789447174,0.05180828482643003,9.999000099990002e-05,0.000999900009999
event_energy_median,event_energy_median,lower,level,L2,svd_lowrank,wavelet_threshold,90,0.0002829132202497771,8.719647725836037e-09,0.0025500876872720044,0.00029997000299970003,0.0011998800119988001
event_energy_median,event_energy_median,lower,level,L3,fk_filter,fx_deconv,90,-0.038151088069738104,-0.06708149177018581,-0.016283485647675934,9.999000099990002e-05,0.000999900009999
event_energy_median,event_energy_median,lower,level,L3,fk_filter,ssa_decomposition,90,-0.03393832396516015,-0.08358702687301031,-0.010050545796875074,0.00029997000299970003,0.0020997900209979003
event_energy_median,event_energy_median,lower,level,L3,fk_filter,svd_lowrank,90,-0.030911650421786653,-0.039600252681832815,-0.022084133467415085,9.999000099990002e-05,0.000999900009999
event_energy_median,event_energy_median,lower,level,L3,fk_filter,wavelet_threshold,90,0.006688554040781825,0.0016883446283170909,0.012674060305226722,0.010698930106989302,0.05349465053494651
event_energy_median,event_energy_median,lower,level,L3,fx_deconv,ssa_decomposition,90,0.005369667388602069,-0.018557153653720432,0.031984093487559415,0.6673332666733327,1.0
event_energy_median,event_energy_median,lower,level,L3,fx_deconv,svd_lowrank,90,5.931181330653716e-06,1.180903203884268e-06,0.01873031788048099,0.6097390260973903,1.0
event_energy_median,event_energy_median,lower,level,L3,fx_deconv,wavelet_threshold,90,0.0004660870240706938,1.3775435638401894e-06,0.011228006932451184,0.004299570042995701,0.025797420257974206
event_energy_median,event_energy_median,lower,level,L3,ssa_decomposition,svd_lowrank,90,0.0009798667699917486,-0.016949076826198513,0.013766082192142703,0.9116088391160884,1.0
event_energy_median,event_energy_median,lower,level,L3,ssa_decomposition,wavelet_threshold,90,0.003299099230294489,-0.008101353525378824,0.01891958100922116,0.032096790320967905,0.12838716128387162
event_energy_median,event_energy_median,lower,level,L3,svd_lowrank,wavelet_threshold,90,0.00038000921537203,6.316469451542137e-08,0.0034701082018884924,9.999000099990002e-05,0.000999900009999
event_energy_median,event_energy_median,lower,f_main,15Hz,fk_filter,fx_deconv,90,0.0005626680733430262,-0.009456232117317475,0.004189493246008873,0.06229377062293771,0.3114688531146885
event_energy_median,event_energy_median,lower,f_main,15Hz,fk_filter,ssa_decomposition,90,0.01074201730222039,-0.003500493566031113,0.020151970820142924,0.9548045195480452,1.0
event_energy_median,event_energy_median,lower,f_main,15Hz,fk_filter,svd_lowrank,90,0.0006208584807725198,-0.005988035752310498,0.008058655549264316,0.012198780121987801,0.0731926807319268
event_energy_median,event_energy_median,lower,f_main,15Hz,fk_filter,wavelet_threshold,90,0.0078395666441382,0.0006208942381244168,0.01758250125140612,0.2303769623037696,0.6911308869113089
event_energy_median,event_energy_median,lower,f_main,15Hz,fx_deconv,ssa_decomposition,90,0.016396586449043814,0.008449780142819142,0.025714462178724383,9.999000099990002e-05,0.000999900009999
event_energy_median,event_energy_median,lower,f_main,15Hz,fx_deconv,svd_lowrank,90,0.011788055651348061,0.004509937430316747,0.018384431340468792,0.8231176882311769,1.0
event_energy_median,event_energy_median,lower,f_main,15Hz,fx_deconv,wavelet_threshold,90,2.801059386601211e-05,3.6744540029923685e-07,0.0041242424450966125,0.14458554144585542,0.5783421657834217
event_energy_median,event_energy_median,lower,f_main,15Hz,ssa_decomposition,svd_lowrank,90,-0.0006866933135846656,-0.004087780357688215,0.0015473828501782402,0.00039996000399960006,0.0031996800319968005
event_energy_median,event_energy_median,lower,f_main,15Hz,ssa_decomposition,wavelet_threshold,90,-0.004658296612279645,-0.008532849760561926,7.591629895835252e-05,9.999000099990002e-05,0.000999900009999
event_energy_median,event_energy_median,lower,f_main,15Hz,svd_lowrank,wavelet_threshold,90,1.1206500751393708e-08,-0.0020149824812343347,0.0007596079450492751,0.005699430056994301,0.039896010398960104
event_energy_median,event_energy_median,lower,f_main,25Hz,fk_filter,fx_deconv,90,-0.020679285423315347,-0.030771875868440757,-0.007436978460789176,9.999000099990002e-05,0.000999900009999
event_energy_median,event_energy_median,lower,f_main,25Hz,fk_filter,ssa_decomposition,90,-0.03599837894911291,-0.061970462210893126,-0.02497146903359472,0.0004999500049995,0.0034996500349965005
event_energy_median,event_energy_median,lower,f_main,25Hz,fk_filter,svd_lowrank,90,-0.0049289314226381616,-0.011496832924765322,0.0004348823737426779,9.999000099990002e-05,0.000999900009999
event_energy_median,event_energy_median,lower,f_main,25Hz,fk_filter,wavelet_threshold,90,0.0018618136440207824,-0.0006149104528378684,0.008121747339513607,0.0741925807419258,0.2967703229677032
event_energy_median,event_energy_median,lower,f_main,25Hz,fx_deconv,ssa_decomposition,90,-0.006018270792552832,-0.024729516037142428,0.021879439952928976,0.8697130286971303,1.0
event_energy_median,event_energy_median,lower,f_main,25Hz,fx_deconv,svd_lowrank,90,0.016462917084400085,0.0076211670202221814,0.02131897631371342,0.17798220177982202,0.533946605339466
event_energy_median,event_energy_median,lower,f_main,25Hz,fx_deconv,wavelet_threshold,90,0.0014972068084394968,6.686496244292725e-05,0.015596565501361882,9.999000099990002e-05,0.000999900009999
event_energy_median,event_energy_median,lower,f_main,25Hz,ssa_decomposition,svd_lowrank,90,0.018106797336984524,0.0018010548828598302,0.034347785970641434,0.5607439256074392,1.0
event_energy_median,event_energy_median,lower,f_main,25Hz,ssa_decomposition,wavelet_threshold,90,0.024321963165872002,0.009592870699630936,0.03654317309160553,0.0435956404359564,0.217978202179782
event_energy_median,event_energy_median,lower,f_main,25Hz,svd_lowrank,wavelet_threshold,90,2.1479731564593955e-08,-0.0033369825230714113,0.001645419833047593,0.0036996300369963003,0.0221977802219778
event_energy_median,event_energy_median,lower,f_main,40Hz,fk_filter,fx_deconv,90,-0.032038026064937185,-0.04205854455396428,-0.020966231886797644,9.999000099990002e-05,0.000999900009999
event_energy_median,event_energy_median,lower,f_main,40Hz,fk_filter,ssa_decomposition,90,-0.1906064432514242,-0.26593864991735655,-0.14903596550369247,9.999000099990002e-05,0.000999900009999
event_energy_median,event_energy_median,lower,f_main,40Hz,fk_filter,svd_lowrank,90,-0.0045231739706023955,-0.009637791113450554,-0.001086201032726432,9.999000099990002e-05,0.000999900009999
event_energy_median,event_energy_median,lower,f_main,40Hz,fk_filter,wavelet_threshold,90,0.0011149877744325485,-0.004163255804999016,0.00467717407495359,0.13038696130386962,0.13038696130386962
event_energy_median,event_energy_median,lower,f_main,40Hz,fx_deconv,ssa_decomposition,90,-0.15459244229754487,-0.2090452723035273,-0.10473495653552939,9.999000099990002e-05,0.000999900009999
event_energy_median,event_energy_median,lower,f_main,40Hz,fx_deconv,svd_lowrank,90,0.017280223822669243,0.011430838104691112,0.024879679636871224,9.999000099990002e-05,0.000999900009999
event_energy_median,event_energy_median,lower,f_main,40Hz,fx_deconv,wavelet_threshold,90,0.017092221780123068,0.0012619144935408604,0.038737319576093485,9.999000099990002e-05,0.000999900009999
event_energy_median,event_energy_median,lower,f_main,40Hz,ssa_decomposition,svd_lowrank,90,0.17531148023499254,0.11942664847022849,0.23190953952668686,9.999000099990002e-05,0.000999900009999
event_energy_median,event_energy_median,lower,f_main,40Hz,ssa_decomposition,wavelet_threshold,90,0.19510986821892973,0.1430281298991808,0.23484619734045992,9.999000099990002e-05,0.000999900009999
event_energy_median,event_energy_median,lower,f_main,40Hz,svd_lowrank,wavelet_threshold,90,4.135898856669073e-08,-0.005495874139872854,0.0012313501337428115,0.0053994600539946005,0.010798920107989201
event_energy_median,event_energy_median,lower,model_x_noise,M1_N1,fk_filter,fx_deconv,45,0.024567989692770333,0.018209809336376198,0.05967254312478357,0.00019998000199980003,0.0013998600139986002
event_energy_median,event_energy_median,lower,model_x_noise,M1_N1,fk_filter,ssa_decomposition,45,0.005528417074389919,-0.030681090245829504,0.052678828802575635,0.5709429057094291,1.0
event_energy_median,event_energy_median,lower,model_x_noise,M1_N1,fk_filter,svd_lowrank,45,-0.003230462355830646,-0.011096017413781079,-0.0006509821901271307,0.0007999200079992001,0.003999600039996
event_energy_median,event_energy_median,lower,model_x_noise,M1_N1,fk_filter,wavelet_threshold,45,0.045248903371101504,0.024235130448421918,0.06254193589744433,9.999000099990002e-05,0.000999900009999
event_energy_median,event_energy_median,lower,model_x_noise,M1_N1,fx_deconv,ssa_decomposition,45,-0.028905996759149614,-0.07540729330742679,-0.000912332805932893,0.00019998000199980003,0.0013998600139986002
event_energy_median,event_energy_median,lower,model_x_noise,M1_N1,fx_deconv,svd_lowrank,45,-0.02551491431610342,-0.050706817689657895,-0.013849406551843607,9.999000099990002e-05,0.000999900009999
event_energy_median,event_energy_median,lower,model_x_noise,M1_N1,fx_deconv,wavelet_threshold,45,0.0044504414996575144,0.000757286404883626,0.01574354089446353,0.6387361263873612,1.0
event_energy_median,event_energy_median,lower,model_x_noise,M1_N1,ssa_decomposition,svd_lowrank,45,-0.015987150893165616,-0.06416605162942554,0.06386989541013166,0.8600139986001399,1.0
event_energy_median,event_energy_median,lower,model_x_noise,M1_N1,ssa_decomposition,wavelet_threshold,45,0.035886727091822876,-0.018320848135250523,0.09816465245742378,0.0025997400259974,0.0103989601039896
event_energy_median,event_energy_median,lower,model_x_noise,M1_N1,svd_lowrank,wavelet_threshold,45,0.042542631209662035,0.024867817704249083,0.08098395085395443,9.999000099990002e-05,0.000999900009999
event_energy_median,event_energy_median,lower,model_x_noise,M1_N2,fk_filter,fx_deconv,45,0.0016584344863524098,0.00050747087316557,0.0018102982248907348,0.9511048895110489,1.0
event_energy_median,event_energy_median,lower,model_x_noise,M1_N2,fk_filter,ssa_decomposition,45,-0.10891473190212601,-0.1917592081426697,-0.07199729596691523,9.999000099990002e-05,0.000999900009999
event_energy_median,event_energy_median,lower,model_x_noise,M1_N2,fk_filter,svd_lowrank,45,0.00294709674910079,0.0017955009921083879,0.00459445445483758,9.999000099990002e-05,0.000999900009999
event_energy_median,event_energy_median,lower,model_x_noise,M1_N2,fk_filter,wavelet_threshold,45,0.001660412511128405,0.0005076758373055582,0.0018116406435256288,0.9505049495050495,1.0
event_energy_median,event_energy_median,lower,model_x_noise,M1_N2,fx_deconv,ssa_decomposition,45,-0.11057316638847842,-0.19341256264838655,-0.06840270369417994,9.999000099990002e-05,0.000999900009999
event_energy_median,event_energy_median,lower,model_x_noise,M1_N2,fx_deconv,svd_lowrank,45,3.1935765381084897e-06,1.7065300024362271e-06,4.976139635456305e-06,9.999000099990002e-05,0.000999900009999
event_energy_median,event_energy_median,lower,model_x_noise,M1_N2,fx_deconv,wavelet_threshold,45,8.614621724007174e-07,2.0496413998817586e-07,1.4126684927864465e-06,9.999000099990002e-05,0.000999900009999
event_energy_median,event_energy_median,lower,model_x_noise,M1_N2,ssa_decomposition,svd_lowrank,45,0.11057507300598818,0.05398537034106943,0.19341311606678094,9.999000099990002e-05,0.000999900009999
event_energy_median,event_energy_median,lower,model_x_noise,M1_N2,ssa_decomposition,wavelet_threshold,45,0.11057514441325442,0.06840270369875923,0.19341313799547089,9.999000099990002e-05,0.000999900009999
event_energy_median,event_energy_median,lower,model_x_noise,M1_N2,svd_lowrank,wavelet_threshold,45,9.840481828425386e-09,1.8814247474995113e-09,2.1928689953670452e-08,0.00019998000199980003,0.000999900009999
event_energy_median,event_energy_median,lower,model_x_noise,M1_N3,fk_filter,fx_deconv,45,-0.10964772026155714,-0.12949284222845903,-0.06965180601090029,9.999000099990002e-05,0.000999900009999
event_energy_median,event_energy_median,lower,model_x_noise,M1_N3,fk_filter,ssa_decomposition,45,-0.16793203170940127,-0.2774284106841729,-0.08758986425344018,9.999000099990002e-05,0.000999900009999
event_energy_median,event_energy_median,lower,model_x_noise,M1_N3,fk_filter,svd_lowrank,45,-0.09399114424445375,-0.10810044701811392,-0.058017261324011714,9.999000099990002e-05,0.000999900009999
event_energy_median,event_energy_median,lower,model_x_noise,M1_N3,fk_filter,wavelet_threshold,45,-0.10957890019324366,-0.12698995673170008,-0.05021478533560298,9.999000099990002e-05,0.000999900009999
event_energy_median,event_energy_median,lower,model_x_noise,M1_N3,fx_deconv,ssa_decomposition,45,0.0070863667470073,-0.08744333280648857,0.01190612125306674,0.0136986301369863,0.025797420257974202
event_energy_median,event_energy_median,lower,model_x_noise,M1_N3,fx_deconv,svd_lowrank,45,0.017042996273984826,0.013612967616471232,0.01910728914673221,9.999000099990002e-05,0.000999900009999
event_energy_median,event_energy_median,lower,model_x_noise,M1_N3,fx_deconv,wavelet_threshold,45,0.000410769903960051,8.560219800602537e-05,0.0007541204421612387,0.0040995900409959,0.0122987701229877
event_energy_median,event_energy_median,lower,model_x_noise,M1_N3,ssa_decomposition,svd_lowrank,45,0.014638975718000158,0.00012130713702346828,0.09496089542489784,0.0024997500249975004,0.009999000099990002
event_energy_median,event_energy_median,lower,model_x_noise,M1_N3,ssa_decomposition,wavelet_threshold,45,-0.006966810513180599,-0.012926270124282602,0.0874914605333684,0.012898710128987101,0.025797420257974202
event_energy_median,event_energy_median,lower,model_x_noise,M1_N3,svd_lowrank,wavelet_threshold,45,-0.0165437057100333,-0.018696519242772158,-0.014024430540177504,9.999000099990002e-05,0.000999900009999
event_energy_median,event_energy_median,lower,model_x_noise,M2_N1,fk_filter,fx_deconv,45,-0.09592312356742205,-0.10666793748743021,-0.08278794747531953,9.999000099990002e-05,0.000999900009999
event_energy_median,event_energy_median,lower,model_x_noise,M2_N1,fk_filter,ssa_decomposition,45,-0.003285165274161627,-0.009218605130041586,0.018976386214156083,0.5354464553544646,0.8635136486351365
event_energy_median,event_energy_median,lower,model_x_noise,M2_N1,fk_filter,svd_lowrank,45,-0.014301806498136449,-0.02339749658848063,-0.009131857328053893,0.00039996000399960006,0.0015998400159984002
event_energy_median,event_energy_median,lower,model_x_noise,M2_N1,fk_filter,wavelet_threshold,45,0.01587786167484372,0.0069500889042299376,0.023315541073877413,9.999000099990002e-05,0.000999900009999
event_energy_median,event_energy_median,lower,model_x_noise,M2_N1,fx_deconv,ssa_decomposition,45,0.08879089930240139,0.07488375838147729,0.11930534653899351,9.999000099990002e-05,0.000999900009999
event_energy_median,event_energy_median,lower,model_x_noise,M2_N1,fx_deconv,svd_lowrank,45,0.07856563977864389,0.06793315885396603,0.09168724557325231,9.999000099990002e-05,0.000999900009999
event_energy_median,event_energy_median,lower,model_x_noise,M2_N1,fx_deconv,wavelet_threshold,45,0.09897156328961229,0.08924375093218097,0.12709542614790287,9.999000099990002e-05,0.000999900009999
event_energy_median,event_energy_median,lower,model_x_noise,M2_N1,ssa_decomposition,svd_lowrank,45,-0.007448813779624683,-0.026556239669425826,0.0003575645405365594,0.43175682431756823,0.8635136486351365
event_energy_median,event_energy_median,lower,model_x_noise,M2_N1,ssa_decomposition,wavelet_threshold,45,0.0016868663258195746,-0.004702175958303566,0.0193642458741684,0.008099190080991902,0.024297570242975707
event_energy_median,event_energy_median,lower,model_x_noise,M2_N1,svd_lowrank,wavelet_threshold,45,0.026813059653793082,0.017876738287426357,0.04829726900682334,9.999000099990002e-05,0.000999900009999
event_energy_median,event_energy_median,lower,model_x_noise,M2_N2,fk_filter,fx_deconv,45,-0.02394893477588591,-0.030608957629351546,-0.01054079649350689,0.00019998000199980003,0.000999900009999
event_energy_median,event_energy_median,lower,model_x_noise,M2_N2,fk_filter,ssa_decomposition,45,-0.0259874764941425,-0.052978660841785326,0.01584936584288001,0.0045995400459954,0.0091990800919908
event_energy_median,event_energy_median,lower,model_x_noise,M2_N2,fk_filter,svd_lowrank,45,0.009018686945423276,0.004685350953518092,0.014290103272518413,9.999000099990002e-05,0.000999900009999
event_energy_median,event_energy_median,lower,model_x_noise,M2_N2,fk_filter,wavelet_threshold,45,0.012018408065030609,0.007397810457437111,0.0211499074182063,9.999000099990002e-05,0.000999900009999
event_energy_median,event_energy_median,lower,model_x_noise,M2_N2,fx_deconv,ssa_decomposition,45,0.0065539299804340395,-0.022587142756360402,0.02518845369649116,0.06229377062293771,0.06229377062293771
event_energy_median,event_energy_median,lower,model_x_noise,M2_N2,fx_deconv,svd_lowrank,45,0.03368736434542881,0.03308441866016191,0.03549502967212012,9.999000099990002e-05,0.000999900009999
event_energy_median,event_energy_median,lower,model_x_noise,M2_N2,fx_deconv,wavelet_threshold,45,0.038006768086788656,0.03591412584199458,0.04063571171611943,9.999000099990002e-05,0.000999900009999
event_energy_median,event_energy_median,lower,model_x_noise,M2_N2,ssa_decomposition,svd_lowrank,45,0.03162795732648875,0.005530201616374861,0.05648350290370259,9.999000099990002e-05,0.000999900009999
event_energy_median,event_energy_median,lower,model_x_noise,M2_N2,ssa_decomposition,wavelet_threshold,45,0.033092812084580946,0.01850714440473419,0.05187942211313812,9.999000099990002e-05,0.000999900009999
event_energy_median,event_energy_median,lower,model_x_noise,M2_N2,svd_lowrank,wavelet_threshold,45,0.0023944429967453513,0.0018552222744388,0.003050173696123675,0.00019998000199980003,0.000999900009999
event_energy_median,event_energy_median,lower,model_x_noise,M2_N3,fk_filter,fx_deconv,45,-0.014079843126975047,-0.024271655425852308,-0.004069456677344406,0.0034996500349965005,0.013998600139986002
event_energy_median,event_energy_median,lower,model_x_noise,M2_N3,fk_filter,ssa_decomposition,45,-0.031205961248433153,-0.0737055059639987,-0.01756510161338591,9.999000099990002e-05,0.000999900009999
event_energy_median,event_energy_median,lower,model_x_noise,M2_N3,fk_filter,svd_lowrank,45,-0.01775781137101111,-0.02978517806370501,-0.0007018584565800408,0.0004999500049995,0.0024997500249975
event_energy_median,event_energy_median,lower,model_x_noise,M2_N3,fk_filter,wavelet_threshold,45,-0.0258904509247906,-0.0398426835182516,-0.00850402707930524,9.999000099990002e-05,0.000999900009999
event_energy_median,event_energy_median,lower,model_x_noise,M2_N3,fx_deconv,ssa_decomposition,45,-0.037961883453340686,-0.040850021726809765,-0.014510631376422382,0.00029997000299970003,0.0017998200179982003
event_energy_median,event_energy_median,lower,model_x_noise,M2_N3,fx_deconv,svd_lowrank,45,-0.023075767653094843,-0.029737359417627146,-0.005059897806186386,0.006199380061993801,0.018598140185981403
event_energy_median,event_energy_median,lower,model_x_noise,M2_N3,fx_deconv,wavelet_threshold,45,-0.037229551700546246,-0.041682630122618365,-0.011569965468725317,0.00019998000199980003,0.0013998600139986002
event_energy_median,event_energy_median,lower,model_x_noise,M2_N3,ssa_decomposition,svd_lowrank,45,0.009236511212936921,0.0024823411254633956,0.019903400046972424,0.007499250074992501,0.018598140185981403
event_energy_median,event_energy_median,lower,model_x_noise,M2_N3,ssa_decomposition,wavelet_threshold,45,0.0003388594409760009,-0.004915869085992168,0.015320498573221715,0.050794920507949204,0.050794920507949204
event_energy_median,event_energy_median,lower,model_x_noise,M2_N3,svd_lowrank,wavelet_threshold,45,-0.008819105181012213,-0.010437391840089006,-0.00598750056487744,9.999000099990002e-05,0.000999900009999
