role,gamma,metric,column,direction,stratum,stratum_key,comparator,n,median_diff,ci_lo,ci_hi,p_raw,p_holm
primary,0.4,ΔSNR,delta_snr_db,higher,global,global,vs_method_i,270,0.05429883572183009,0.04524499570719957,0.16139866113818968,0.1354864513548645,0.1354864513548645
primary,0.4,ΔSNR,delta_snr_db,higher,global,global,vs_method_j,270,0.02640466031379705,0.017689377829998437,0.027665442417002417,0.0004999500049995,0.000999900009999
primary,0.4,ΔSNR,delta_snr_db,higher,global,global,vs_best_single,270,-5.727916955998236,-7.664361854907898,-3.7292677099816114,9.999000099990002e-05,0.00029997000299970003
primary,0.4,ΔSNR,delta_snr_db,higher,model,M1,vs_method_i,135,0.027696523732918976,0.017222909036220813,0.02773370072025827,0.007399260073992601,0.007399260073992601
primary,0.4,ΔSNR,delta_snr_db,higher,model,M1,vs_method_j,135,0.031134880241958207,0.027664551754201128,0.1367701233302641,9.999000099990002e-05,0.00029997000299970003
primary,0.4,ΔSNR,delta_snr_db,higher,model,M1,vs_best_single,135,-8.890575867901017,-12.209409392522186,-5.753070835473199,9.999000099990002e-05,0.00029997000299970003
primary,0.4,ΔSNR,delta_snr_db,higher,model,M2,vs_method_i,135,0.4930234749763942,0.34856336365752494,0.6342794684190523,0.05019498050194981,0.10038996100389962
primary,0.4,ΔSNR,delta_snr_db,higher,model,M2,vs_method_j,135,-0.061038441874197734,-0.16066467013108587,-0.021355365109315905,0.47765223477652236,0.47765223477652236
primary,0.4,ΔSNR,delta_snr_db,higher,model,M2,vs_best_single,135,-4.150306783795594,-5.107937122807295,-1.992527374963319,9.999000099990002e-05,0.00029997000299970003
primary,0.4,ΔSNR,delta_snr_db,higher,noise,N1,vs_method_i,90,0.08459348175609094,-0.13603926284054868,0.30174689903070506,0.268973102689731,0.268973102689731
primary,0.4,ΔSNR,delta_snr_db,higher,noise,N1,vs_method_j,90,3.37016345259801,3.202083219279944,3.4675383329545504,9.999000099990002e-05,0.00029997000299970003
primary,0.4,ΔSNR,delta_snr_db,higher,noise,N1,vs_best_single,90,-0.08279669112943999,-0.2746897518860507,0.0938445225201523,0.06679332066793321,0.13358664133586642
primary,0.4,ΔSNR,delta_snr_db,higher,noise,N2,vs_method_i,90,0.027730780609778627,0.017223842879932505,0.08983368800641367,0.7227277272272773,0.7227277272272773
primary,0.4,ΔSNR,delta_snr_db,higher,noise,N2,vs_method_j,90,-0.0014604717343377205,-0.1060147393273132,0.01645574435211561,9.999000099990002e-05,0.00029997000299970003
primary,0.4,ΔSNR,delta_snr_db,higher,noise,N2,vs_best_single,90,-5.539769007078155,-7.022703435770729,-4.372297532082266,9.999000099990002e-05,0.00029997000299970003
primary,0.4,ΔSNR,delta_snr_db,higher,noise,N3,vs_method_i,90,0.160956689202238,0.05428926586278932,0.17429570636037783,0.12838716128387162,0.12838716128387162
primary,0.4,ΔSNR,delta_snr_db,higher,noise,N3,vs_method_j,90,0.018964489363181958,0.010646974712990698,0.025960712507665944,0.0046995300469953,0.0093990600939906
primary,0.4,ΔSNR,delta_snr_db,higher,noise,N3,vs_best_single,90,-12.231144839169842,-12.821124747324316,-11.63009021328768,9.999000099990002e-05,0.00029997000299970003
primary,0.4,ΔSNR,delta_snr_db,higher,gamma,0.4,vs_method_i,270,0.05429883572183009,0.0452577520266048,0.16120380917385368,0.1307869213078692,0.1307869213078692
primary,0.4,ΔSNR,delta_snr_db,higher,gamma,0.4,vs_method_j,270,0.02640466031379705,0.017689377829998437,0.027665442417002417,0.00029997000299970003,0.0005999400059994001
primary,0.4,ΔSNR,delta_snr_db,higher,gamma,0.4,vs_best_single,270,-5.727916955998236,-7.634439710495804,-3.7292677099816114,9.999000099990002e-05,0.00029997000299970003
primary,0.4,Lsig,lsig,lower,global,global,vs_method_i,270,-0.00029130374183140156,-0.0008459879924150038,-6.963499543254613e-05,0.1615838416158384,0.1615838416158384
primary,0.4,Lsig,lsig,lower,global,global,vs_method_j,270,0.0003109304242497335,6.533554750355608e-05,0.0036538297316902678,0.007599240075992401,0.015198480151984802
primary,0.4,Lsig,lsig,lower,global,global,vs_best_single,270,0.00632246551029241,0.004457295167332662,0.010154989625668156,9.999000099990002e-05,0.00029997000299970003
primary,0.4,Lsig,lsig,lower,model,M1,vs_method_i,135,-1.7554057728702419e-09,-4.19909638983369e-09,-5.112646711459752e-10,0.0096990300969903,0.0096990300969903
primary,0.4,Lsig,lsig,lower,model,M1,vs_method_j,135,6.683030864818029e-12,-1.4266851589006535e-12,4.509960858534328e-10,9.999000099990002e-05,0.00029997000299970003
primary,0.4,Lsig,lsig,lower,model,M1,vs_best_single,135,0.0045804215111673735,0.001402457311903858,0.010251352443131835,9.999000099990002e-05,0.00029997000299970003
primary,0.4,Lsig,lsig,lower,model,M2,vs_method_i,135,-0.015447531807381227,-0.016594754689646357,-0.014679534388749433,0.18418158184181582,0.18418158184181582
primary,0.4,Lsig,lsig,lower,model,M2,vs_method_j,135,0.006087699360153921,0.005243223581297175,0.00965513839056613,9.999000099990002e-05,0.00029997000299970003
primary,0.4,Lsig,lsig,lower,model,M2,vs_best_single,135,0.007947946371573818,0.004655154962324274,0.01300913212542014,9.999000099990002e-05,0.00029997000299970003
primary,0.4,Lsig,lsig,lower,noise,N1,vs_method_i,90,-0.000582637966920322,-0.008161690852889314,0.0003058546544162967,0.8178182181781822,1.0
primary,0.4,Lsig,lsig,lower,noise,N1,vs_method_j,90,-0.0075529414417019845,-0.010710220221922539,-0.0015452397340242254,0.5988401159884011,1.0
primary,0.4,Lsig,lsig,lower,noise,N1,vs_best_single,90,0.00045367674324199147,-0.00024075696132395703,0.0019368313616299855,0.3360663933606639,1.0
primary,0.4,Lsig,lsig,lower,noise,N2,vs_method_i,90,-3.5921623083242895e-09,-0.0014989114991356355,-1.7052889133985637e-09,0.25337466253374663,0.25337466253374663
primary,0.4,Lsig,lsig,lower,noise,N2,vs_method_j,90,0.002078647518268569,1.2675010669656646e-09,0.0047999441978750605,9.999000099990002e-05,0.00029997000299970003
primary,0.4,Lsig,lsig,lower,noise,N2,vs_best_single,90,0.0033256035152265176,0.0013673836374195206,0.004395324197752197,9.999000099990002e-05,0.00029997000299970003
primary,0.4,Lsig,lsig,lower,noise,N3,vs_method_i,90,-0.0004778703071870172,-0.002485053312947256,-0.00020488767815898118,0.26917308269173085,0.26917308269173085
primary,0.4,Lsig,lsig,lower,noise,N3,vs_method_j,90,0.002297077970427632,0.0004001575328435175,0.00440318377596176,9.999000099990002e-05,0.00029997000299970003
primary,0.4,Lsig,lsig,lower,noise,N3,vs_best_single,90,0.044773298344435726,0.029657537593296437,0.07398782159822612,9.999000099990002e-05,0.00029997000299970003
primary,0.4,Lsig,lsig,lower,gamma,0.4,vs_method_i,270,-0.00029130374183140156,-0.0008459879924150038,-6.792462536342816e-05,0.1720827917208279,0.1720827917208279
primary,0.4,Lsig,lsig,lower,gamma,0.4,vs_method_j,270,0.0003109304242497335,6.533554750355608e-05,0.00360027326187831,0.008799120087991202,0.017598240175982403
primary,0.4,Lsig,lsig,lower,gamma,0.4,vs_best_single,270,0.00632246551029241,0.004455061354653247,0.010161489952680918,9.999000099990002e-05,0.00029997000299970003
primary,0.4,CNA,cna_db,higher,global,global,vs_method_i,180,0.03436766725452045,0.03291148852324616,0.034378208007478615,0.0091990800919908,0.0091990800919908
primary,0.4,CNA,cna_db,higher,global,global,vs_method_j,180,0.08407498518843926,0.06969368355702375,0.10228030339410282,9.999000099990002e-05,0.00029997000299970003
primary,0.4,CNA,cna_db,higher,global,global,vs_best_single,180,-27.518935112984337,-28.595785220742677,-25.89267762550499,9.999000099990002e-05,0.00029997000299970003
primary,0.4,CNA,cna_db,higher,model,M1,vs_method_i,90,0.0532233701697252,0.044285109467377744,0.05537034600219089,9.999000099990002e-05,0.00029997000299970003
primary,0.4,CNA,cna_db,higher,model,M1,vs_method_j,90,0.055311494315179635,0.04748187692976395,0.055319359267081786,9.999000099990002e-05,0.00029997000299970003
primary,0.4,CNA,cna_db,higher,model,M1,vs_best_single,90,-29.25361601514895,-29.437478532940645,-27.841882011851666,9.999000099990002e-05,0.00029997000299970003
primary,0.4,CNA,cna_db,higher,model,M2,vs_method_i,90,-0.007937458532999458,-0.034972855412295306,0.00011337721978122578,0.060693930606939304,0.060693930606939304
primary,0.4,CNA,cna_db,higher,model,M2,vs_method_j,90,0.13689216054363712,0.1203783289619638,0.15653869991651848,9.999000099990002e-05,0.00029997000299970003
primary,0.4,CNA,cna_db,higher,model,M2,vs_best_single,90,-25.387196433959158,-26.859700891216622,-10.120599817557721,9.999000099990002e-05,0.00029997000299970003
primary,0.4,CNA,cna_db,higher,noise,N1,vs_method_i,0,,,,,
primary,0.4,CNA,cna_db,higher,noise,N1,vs_method_j,0,,,,,
primary,0.4,CNA,cna_db,higher,noise,N1,vs_best_single,0,,,,,
primary,0.4,CNA,cna_db,higher,noise,N2,vs_method_i,90,0.03291148853021293,0.01863891141516842,0.03363944529669634,0.1075892410758924,0.1075892410758924
primary,0.4,CNA,cna_db,higher,noise,N2,vs_method_j,90,0.0553192437506996,0.05531124044600108,0.07385330969254733,9.999000099990002e-05,0.00029997000299970003
primary,0.4,CNA,cna_db,higher,noise,N2,vs_best_single,90,-11.232286261034506,-14.014484192405153,-7.197769109023847,9.999000099990002e-05,0.00029997000299970003
primary,0.4,CNA,cna_db,higher,noise,N3,vs_method_i,90,0.047163521601688185,0.03947462738731398,0.05984897974963102,9.999000099990002e-05,0.00029997000299970003
primary,0.4,CNA,cna_db,higher,noise,N3,vs_method_j,90,0.12552986356260326,0.09496739923033312,0.1971983691443629,9.999000099990002e-05,0.00029997000299970003
primary,0.4,CNA,cna_db,higher,noise,N3,vs_best_single,90,-28.82702771860002,-29.237405675141805,-27.847943039627204,9.999000099990002e-05,0.00029997000299970003
primary,0.4,CNA,cna_db,higher,gamma,0.4,vs_method_i,180,0.03436766725452045,0.03291148852324616,0.034377882987342116,0.011698830116988301,0.011698830116988301
primary,0.4,CNA,cna_db,higher,gamma,0.4,vs_method_j,180,0.08407498518843926,0.06978523198089795,0.10228030339410282,9.999000099990002e-05,0.00029997000299970003
primary,0.4,CNA,cna_db,higher,gamma,0.4,vs_best_single,180,-27.518935112984337,-28.595785220742677,-25.89267762550499,9.999000099990002e-05,0.00029997000299970003
primary,0.4,event_timing_median,event_timing_median_ms,lower,global,global,vs_method_i,270,0.0,0.0,0.0,0.9768023197680232,1.0
primary,0.4,event_timing_median,event_timing_median_ms,lower,global,global,vs_method_j,270,0.0,0.0,0.0,0.9033096690330967,1.0
primary,0.4,event_timing_median,event_timing_median_ms,lower,global,global,vs_best_single,270,0.0,0.0,0.0,0.15078492150784922,0.45235476452354767
primary,0.4,event_timing_median,event_timing_median_ms,lower,model,M1,vs_method_i,135,0.0,0.0,0.0,0.2755724427557244,0.31956804319568044
primary,0.4,event_timing_median,event_timing_median_ms,lower,model,M1,vs_method_j,135,0.0,0.0,0.0,0.15978402159784022,0.31956804319568044
primary,0.4,event_timing_median,event_timing_median_ms,lower,model,M1,vs_best_single,135,0.0,0.0,0.0,0.008899110088991101,0.026697330266973303
primary,0.4,event_timing_median,event_timing_median_ms,lower,model,M2,vs_method_i,135,0.0,0.0,0.0,0.0025997400259974,0.0077992200779922
primary,0.4,event_timing_median,event_timing_median_ms,lower,model,M2,vs_method_j,135,0.0,0.0,0.0,0.08649135086491351,0.17298270172982702
primary,0.4,event_timing_median,event_timing_median_ms,lower,model,M2,vs_best_single,135,0.0,0.0,0.0,0.45465453454654536,0.45465453454654536
primary,0.4,event_timing_median,event_timing_median_ms,lower,noise,N1,vs_method_i,90,0.0,0.0,0.0,0.7183281671832816,1.0
primary,0.4,event_timing_median,event_timing_median_ms,lower,noise,N1,vs_method_j,90,0.0,0.0,0.0,0.0453954604539546,0.1361863813618638
primary,0.4,event_timing_median,event_timing_median_ms,lower,noise,N1,vs_best_single,90,0.0,0.0,0.0,0.7016298370162983,1.0
primary,0.4,event_timing_median,event_timing_median_ms,lower,noise,N2,vs_method_i,90,0.0,0.0,0.0,0.25417458254174585,0.25417458254174585
primary,0.4,event_timing_median,event_timing_median_ms,lower,noise,N2,vs_method_j,90,0.0,0.0,0.0,0.031196880311968805,0.0908909109089091
primary,0.4,event_timing_median,event_timing_median_ms,lower,noise,N2,vs_best_single,90,0.0,0.0,0.0,0.030296970302969704,0.0908909109089091
primary,0.4,event_timing_median,event_timing_median_ms,lower,noise,N3,vs_method_i,90,0.0,0.0,0.0,0.1344865513448655,0.1344865513448655
primary,0.4,event_timing_median,event_timing_median_ms,lower,noise,N3,vs_method_j,90,0.0,0.0,0.0,0.007099290070992901,0.014198580141985802
primary,0.4,event_timing_median,event_timing_median_ms,lower,noise,N3,vs_best_single,90,0.0,0.0,0.0,9.999000099990002e-05,0.00029997000299970003
primary,0.4,event_timing_median,event_timing_median_ms,lower,gamma,0.4,vs_method_i,270,0.0,0.0,0.0,0.9755024497550245,1.0
primary,0.4,event_timing_median,event_timing_median_ms,lower,gamma,0.4,vs_method_j,270,0.0,0.0,0.0,0.8986101389861014,1.0
primary,0.4,event_timing_median,event_timing_median_ms,lower,gamma,0.4,vs_best_single,270,0.0,0.0,0.0,0.1633836616338366,0.4901509849015098
primary,0.4,event_energy_median,event_energy_median,lower,global,global,vs_method_i,270,-0.0004130488054442782,-0.0021948122379575733,-2.95869335041124e-05,0.6337366263373663,0.6337366263373663
primary,0.4,event_energy_median,event_energy_median,lower,global,global,vs_method_j,270,0.00039404162505469326,3.098885891430342e-05,0.0029033085885484386,9.999000099990002e-05,0.00029997000299970003
primary,0.4,event_energy_median,event_energy_median,lower,global,global,vs_best_single,270,0.013593456899541514,0.007479726231784168,0.019453329423427614,9.999000099990002e-05,0.00029997000299970003
primary,0.4,event_energy_median,event_energy_median,lower,model,M1,vs_method_i,135,-5.828624021795431e-06,-0.0002557059357972333,-9.6078906866457e-07,9.999000099990002e-05,0.00029997000299970003
primary,0.4,event_energy_median,event_energy_median,lower,model,M1,vs_method_j,135,6.814088887424489e-07,2.434772843831747e-07,1.901679604248592e-06,0.016298370162983702,0.016298370162983702
primary,0.4,event_energy_median,event_energy_median,lower,model,M1,vs_best_single,135,0.0016962668494633652,1.1692466215206237e-06,0.00872153133189929,9.999000099990002e-05,0.00029997000299970003
primary,0.4,event_energy_median,event_energy_median,lower,model,M2,vs_method_i,135,-0.00979681587967626,-0.011255523015558103,-0.009266318016771873,0.5024497550244975,0.5024497550244975
primary,0.4,event_energy_median,event_energy_median,lower,model,M2,vs_method_j,135,0.03361159370254743,0.027975636130495616,0.039122963578591186,9.999000099990002e-05,0.00029997000299970003
primary,0.4,event_energy_median,event_energy_median,lower,model,M2,vs_best_single,135,0.024609789695334425,0.021509890744781594,0.029899175052077287,9.999000099990002e-05,0.00029997000299970003
primary,0.4,event_energy_median,event_energy_median,lower,noise,N1,vs_method_i,90,-0.029036018593009937,-0.0443900330036594,-0.02273533473888033,0.00019998000199980003,0.0005999400059994001
primary,0.4,event_energy_median,event_energy_median,lower,noise,N1,vs_method_j,90,0.03636727864056931,0.010335926470806032,0.05096568042790851,0.00029997000299970003,0.0005999400059994001
primary,0.4,event_energy_median,event_energy_median,lower,noise,N1,vs_best_single,90,-0.0230229788646321,-0.04280112726279904,-0.007080382968502871,0.09109089091090891,0.09109089091090891
primary,0.4,event_energy_median,event_energy_median,lower,noise,N2,vs_method_i,90,-6.747070013159225e-07,-1.3415573781725285e-06,-3.01953526653774e-07,0.1444855514448555,0.1444855514448555
primary,0.4,event_energy_median,event_energy_median,lower,noise,N2,vs_method_j,90,2.363591781936684e-06,9.134027041245308e-07,0.026362310041936926,9.999000099990002e-05,0.00029997000299970003
primary,0.4,event_energy_median,event_energy_median,lower,noise,N2,vs_best_single,90,0.01671179155064951,0.009418689215543601,0.023692995450424914,9.999000099990002e-05,0.00029997000299970003
primary,0.4,event_energy_median,event_energy_median,lower,noise,N3,vs_method_i,90,-5.264383260168183e-05,-0.0003586938008935583,9.308604358009703e-05,0.10268973102689731,0.20537946205379462
primary,0.4,event_energy_median,event_energy_median,lower,noise,N3,vs_method_j,90,3.098885891430342e-05,-0.00014737023788179843,0.00025096941103474463,0.8956104389561044,0.8956104389561044
primary,0.4,event_energy_median,event_energy_median,lower,noise,N3,vs_best_single,90,0.043798501763557526,0.021335073907546243,0.0789273023148396,9.999000099990002e-05,0.00029997000299970003
primary,0.4,event_energy_median,event_energy_median,lower,gamma,0.4,vs_method_i,270,-0.0004130488054442782,-0.002186302635368176,-3.054556153181398e-05,0.6268373162683731,0.6268373162683731
primary,0.4,event_energy_median,event_energy_median,lower,gamma,0.4,vs_method_j,270,0.00039404162505469326,3.417969523184829e-05,0.002944724411363864,9.999000099990002e-05,0.00029997000299970003
primary,0.4,event_energy_median,event_energy_median,lower,gamma,0.4,vs_best_single,270,0.013593456899541514,0.007479726231784168,0.019384932039954936,9.999000099990002e-05,0.00029997000299970003
primary,0.5,ΔSNR,delta_snr_db,higher,global,global,vs_method_i,270,0.05425747303881005,0.04511607360966112,0.16120295470333756,0.128987101289871,0.128987101289871
primary,0.5,ΔSNR,delta_snr_db,higher,global,global,vs_method_j,270,0.026369520962519506,0.017689377829998437,0.02766549642187499,0.00029997000299970003,0.0005999400059994001
primary,0.5,ΔSNR,delta_snr_db,higher,global,global,vs_best_single,270,-5.7255652009150335,-7.616752204797112,-3.7436638281377395,9.999000099990002e-05,0.00029997000299970003
primary,0.5,ΔSNR,delta_snr_db,higher,model,M1,vs_method_i,135,0.027696427443414606,0.017222606569644583,0.02773370072025827,0.0065993400659934,0.0065993400659934
primary,0.5,ΔSNR,delta_snr_db,higher,model,M1,vs_method_j,135,0.031116233177674424,0.02766444796089651,0.136761311980767,9.999000099990002e-05,0.00029997000299970003
primary,0.5,ΔSNR,delta_snr_db,higher,model,M1,vs_best_single,135,-8.890575867901017,-12.209411197908357,-5.753070939266504,9.999000099990002e-05,0.00029997000299970003
primary,0.5,ΔSNR,delta_snr_db,higher,model,M2,vs_method_i,135,0.494961750906473,0.3485633636575267,0.6364672124954227,0.0481951804819518,0.0963903609639036
primary,0.5,ΔSNR,delta_snr_db,higher,model,M2,vs_method_j,135,-0.061038441874197734,-0.12868462414323556,-0.020453681842818674,0.49395060493950604,0.49395060493950604
primary,0.5,ΔSNR,delta_snr_db,higher,model,M2,vs_best_single,135,-4.150306783795591,-5.103775218535638,-1.992527374963318,9.999000099990002e-05,0.00029997000299970003
primary,0.5,ΔSNR,delta_snr_db,higher,noise,N1,vs_method_i,90,0.08266412659858124,-0.14048782341858557,0.29777333233950776,0.2756724327567243,0.2756724327567243
primary,0.5,ΔSNR,delta_snr_db,higher,noise,N1,vs_method_j,90,3.3690909687249917,3.2020832192799875,3.465470789681776,9.999000099990002e-05,0.00029997000299970003
primary,0.5,ΔSNR,delta_snr_db,higher,noise,N1,vs_best_single,90,-0.0849879768520383,-0.266308933745222,0.09151812246898139,0.068993100689931,0.137986201379862
primary,0.5,ΔSNR,delta_snr_db,higher,noise,N2,vs_method_i,90,0.027730720166394107,0.017223841818513996,0.09456618092922442,0.7164283571642835,0.7164283571642835
primary,0.5,ΔSNR,delta_snr_db,higher,noise,N2,vs_method_j,90,-0.0014604717372334042,-0.10686480736408033,0.016455744353983448,9.999000099990002e-05,0.00029997000299970003
primary,0.5,ΔSNR,delta_snr_db,higher,noise,N2,vs_best_single,90,-5.535138596754967,-7.018157334647552,-4.383105348618433,9.999000099990002e-05,0.00029997000299970003
primary,0.5,ΔSNR,delta_snr_db,higher,noise,N3,vs_method_i,90,0.16094952563519005,0.05428703656157505,0.17429529451981796,0.11988801119888011,0.11988801119888011
primary,0.5,ΔSNR,delta_snr_db,higher,noise,N3,vs_method_j,90,0.018964489363181958,0.013985689638987768,0.025970736703798458,0.0040995900409959,0.0081991800819918
primary,0.5,ΔSNR,delta_snr_db,higher,noise,N3,vs_best_single,90,-12.231150687739454,-12.821691390430344,-11.629012988517673,9.999000099990002e-05,0.00029997000299970003
primary,0.5,ΔSNR,delta_snr_db,higher,gamma,0.5,vs_method_i,270,0.05425747303881005,0.045159362239901885,0.16120295470333756,0.1302869713028697,0.1302869713028697
primary,0.5,ΔSNR,delta_snr_db,higher,gamma,0.5,vs_method_j,270,0.026369520962519506,0.017740086024926105,0.027665442417002417,0.00019998000199980003,0.00039996000399960006
primary,0.5,ΔSNR,delta_snr_db,higher,gamma,0.5,vs_best_single,270,-5.7255652009150335,-7.632647047673895,-3.7292413995160656,9.999000099990002e-05,0.00029997000299970003
primary,0.5,Lsig,lsig,lower,global,global,vs_method_i,270,-0.0002912424267260405,-0.0008408732165502419,-6.959914664366601e-05,0.16368363163683633,0.16368363163683633
primary,0.5,Lsig,lsig,lower,global,global,vs_method_j,270,0.00031108584305830633,6.53713962924362e-05,0.003588927305110442,0.008799120087991202,0.017598240175982403
primary,0.5,Lsig,lsig,lower,global,global,vs_best_single,270,0.006359994868913899,0.004402802348329065,0.010154989625668194,9.999000099990002e-05,0.00029997000299970003
primary,0.5,Lsig,lsig,lower,model,M1,vs_method_i,135,-1.7503156590395622e-09,-4.182894844422521e-09,-5.11264671145978e-10,0.008899110088991101,0.008899110088991101
primary,0.5,Lsig,lsig,lower,model,M1,vs_method_j,135,6.744998656826873e-12,-1.4285690685955643e-12,4.572699908652316e-10,9.999000099990002e-05,0.00029997000299970003
primary,0.5,Lsig,lsig,lower,model,M1,vs_best_single,135,0.0046417213065958335,0.001343607789634456,0.010305216754999603,9.999000099990002e-05,0.00029997000299970003
primary,0.5,Lsig,lsig,lower,model,M2,vs_method_i,135,-0.015476183260809528,-0.016594754689646336,-0.014718536393114275,0.196980301969803,0.196980301969803
primary,0.5,Lsig,lsig,lower,model,M2,vs_method_j,135,0.006087699360153941,0.005219621185507095,0.009655138390566118,9.999000099990002e-05,0.00029997000299970003
primary,0.5,Lsig,lsig,lower,model,M2,vs_best_single,135,0.007919294918145515,0.004587251432162002,0.012934244243266854,9.999000099990002e-05,0.00029997000299970003
primary,0.5,Lsig,lsig,lower,noise,N1,vs_method_i,90,-0.0005763697711877701,-0.008202235117189947,0.0003053805112144554,0.8228177182281772,1.0
primary,0.5,Lsig,lsig,lower,noise,N1,vs_method_j,90,-0.007569263540268566,-0.01062809141563591,-0.0016236232285738,0.5923407659234077,1.0
primary,0.5,Lsig,lsig,lower,noise,N1,vs_best_single,90,0.0004563961688278939,-0.00024075696132395703,0.0018486845619835619,0.33956604339566043,1.0
primary,0.5,Lsig,lsig,lower,noise,N2,vs_method_i,90,-3.5773464027521738e-09,-0.0016576888619061758,-1.7216809138318028e-09,0.25077492250774924,0.25077492250774924
primary,0.5,Lsig,lsig,lower,noise,N2,vs_method_j,90,0.0020393062012943534,1.2719066116463241e-09,0.004761390003085034,9.999000099990002e-05,0.00029997000299970003
primary,0.5,Lsig,lsig,lower,noise,N2,vs_best_single,90,0.0032620332893830563,0.001367383637391502,0.00439755801043,9.999000099990002e-05,0.00029997000299970003
primary,0.5,Lsig,lsig,lower,noise,N3,vs_method_i,90,-0.0004783715440445646,-0.0028683740250320736,-0.0002047713681123317,0.25437456254374563,0.25437456254374563
primary,0.5,Lsig,lsig,lower,noise,N3,vs_method_j,90,0.002267377992290624,0.0003933170453717938,0.004392062833258923,9.999000099990002e-05,0.00029997000299970003
primary,0.5,Lsig,lsig,lower,noise,N3,vs_best_single,90,0.044743177563718955,0.02992215996698318,0.07396478082467903,9.999000099990002e-05,0.00029997000299970003
primary,0.5,Lsig,lsig,lower,gamma,0.5,vs_method_i,270,-0.0002912424267260405,-0.0008453808692011622,-7.022164481760088e-05,0.17048295170482952,0.17048295170482952
primary,0.5,Lsig,lsig,lower,gamma,0.5,vs_method_j,270,0.00031108584305830633,6.353215298931375e-05,0.0035828616635513004,0.007499250074992501,0.014998500149985002
primary,0.5,Lsig,lsig,lower,gamma,0.5,vs_best_single,270,0.006359994868913899,0.004402936818531605,0.010161489952708987,9.999000099990002e-05,0.00029997000299970003
primary,0.5,CNA,cna_db,higher,global,global,vs_method_i,180,0.03436732994883791,0.0329114885208064,0.03437861014103165,0.013398660133986601,0.013398660133986601
primary,0.5,CNA,cna_db,higher,global,global,vs_method_j,180,0.08400134840570131,0.06977072428261896,0.10211410562951817,9.999000099990002e-05,0.00029997000299970003
primary,0.5,CNA,cna_db,higher,global,global,vs_best_single,180,-27.51904153136035,-28.59590426976318,-25.892703325412455,9.999000099990002e-05,0.00029997000299970003
primary,0.5,CNA,cna_db,higher,model,M1,vs_method_i,90,0.0532233172991385,0.0443508074687515,0.055370107912383185,9.999000099990002e-05,0.00029997000299970003
primary,0.5,CNA,cna_db,higher,model,M1,vs_method_j,90,0.05531135088835423,0.04751564411743783,0.055319364717219884,9.999000099990002e-05,0.00029997000299970003
primary,0.5,CNA,cna_db,higher,model,M1,vs_best_single,90,-29.253643247742264,-29.438027756613597,-27.848062312253518,9.999000099990002e-05,0.00029997000299970003
primary,0.5,CNA,cna_db,higher,model,M2,vs_method_i,90,-0.00881369084084846,-0.035273397505715995,8.852251572880748e-05,0.05419458054194581,0.05419458054194581
primary,0.5,CNA,cna_db,higher,model,M2,vs_method_j,90,0.1367074048038942,0.11963223028671927,0.15627378094385208,9.999000099990002e-05,0.00029997000299970003
primary,0.5,CNA,cna_db,higher,model,M2,vs_best_single,90,-25.38736263021775,-26.865396763454655,-9.935949545441328,9.999000099990002e-05,0.00029997000299970003
primary,0.5,CNA,cna_db,higher,noise,N1,vs_method_i,0,,,,,
primary,0.5,CNA,cna_db,higher,noise,N1,vs_method_j,0,,,,,
primary,0.5,CNA,cna_db,higher,noise,N1,vs_best_single,0,,,,,
primary,0.5,CNA,cna_db,higher,noise,N2,vs_method_i,90,0.03291148852549569,0.01863891141516842,0.033639233218141225,0.09659034096590341,0.09659034096590341
primary,0.5,CNA,cna_db,higher,noise,N2,vs_method_j,90,0.0553192437506996,0.05531106679960371,0.07385330969254733,9.999000099990002e-05,0.00029997000299970003
primary,0.5,CNA,cna_db,higher,noise,N2,vs_best_single,90,-11.232681450679767,-14.015421232771775,-7.05944228818853,9.999000099990002e-05,0.00029997000299970003
primary,0.5,CNA,cna_db,higher,noise,N3,vs_method_i,90,0.047163521601688185,0.03948114418660887,0.059811195424613814,9.999000099990002e-05,0.00029997000299970003
primary,0.5,CNA,cna_db,higher,noise,N3,vs_method_j,90,0.12550500885855223,0.09504532335140117,0.19665589393789107,9.999000099990002e-05,0.00029997000299970003
primary,0.5,CNA,cna_db,higher,noise,N3,vs_best_single,90,-28.827151954556,-29.23743292849409,-27.849820005180938,9.999000099990002e-05,0.00029997000299970003
primary,0.5,CNA,cna_db,higher,gamma,0.5,vs_method_i,180,0.03436732994883791,0.03291148852128164,0.03437861014103165,0.0124987501249875,0.0124987501249875
primary,0.5,CNA,cna_db,higher,gamma,0.5,vs_method_j,180,0.08400134840570131,0.06976840479408762,0.10353280915786124,9.999000099990002e-05,0.00029997000299970003
primary,0.5,CNA,cna_db,higher,gamma,0.5,vs_best_single,180,-27.51904153136035,-28.59590426976318,-25.892703325412455,9.999000099990002e-05,0.00029997000299970003
primary,0.5,event_timing_median,event_timing_median_ms,lower,global,global,vs_method_i,270,0.0,0.0,0.0,0.9588041195880412,1.0
primary,0.5,event_timing_median,event_timing_median_ms,lower,global,global,vs_method_j,270,0.0,0.0,0.0,0.9215078492150784,1.0
primary,0.5,event_timing_median,event_timing_median_ms,lower,global,global,vs_best_single,270,0.0,0.0,0.0,0.17028297170282972,0.5108489151084892
primary,0.5,event_timing_median,event_timing_median_ms,lower,model,M1,vs_method_i,135,0.0,0.0,0.0,0.27617238276172384,0.3053694630536946
primary,0.5,event_timing_median,event_timing_median_ms,lower,model,M1,vs_method_j,135,0.0,0.0,0.0,0.1526847315268473,0.3053694630536946
primary,0.5,event_timing_median,event_timing_median_ms,lower,model,M1,vs_best_single,135,0.0,0.0,0.0,0.006199380061993801,0.018598140185981403
primary,0.5,event_timing_median,event_timing_median_ms,lower,model,M2,vs_method_i,135,0.0,0.0,0.0,0.0016998300169983002,0.005099490050994901
primary,0.5,event_timing_median,event_timing_median_ms,lower,model,M2,vs_method_j,135,0.0,0.0,0.0,0.06319368063193681,0.12638736126387362
primary,0.5,event_timing_median,event_timing_median_ms,lower,model,M2,vs_best_single,135,0.0,0.0,0.0,0.38686131386861317,0.38686131386861317
primary,0.5,event_timing_median,event_timing_median_ms,lower,noise,N1,vs_method_i,90,0.0,0.0,0.0,0.7517248275172482,1.0
primary,0.5,event_timing_median,event_timing_median_ms,lower,noise,N1,vs_method_j,90,0.0,0.0,0.0,0.0627937206279372,0.1883811618838116
primary,0.5,event_timing_median,event_timing_median_ms,lower,noise,N1,vs_best_single,90,0.0,0.0,0.0,0.7422257774222578,1.0
primary,0.5,event_timing_median,event_timing_median_ms,lower,noise,N2,vs_method_i,90,0.0,0.0,0.0,0.24477552244775522,0.24477552244775522
primary,0.5,event_timing_median,event_timing_median_ms,lower,noise,N2,vs_method_j,90,0.0,0.0,0.0,0.0301969803019698,0.09059094090590941
primary,0.5,event_timing_median,event_timing_median_ms,lower,noise,N2,vs_best_single,90,0.0,0.0,0.0,0.033096690330966905,0.09059094090590941
primary,0.5,event_timing_median,event_timing_median_ms,lower,noise,N3,vs_method_i,90,0.0,0.0,0.0,0.13708629137086292,0.13708629137086292
primary,0.5,event_timing_median,event_timing_median_ms,lower,noise,N3,vs_method_j,90,0.0,0.0,0.0,0.008399160083991601,0.016798320167983202
primary,0.5,event_timing_median,event_timing_median_ms,lower,noise,N3,vs_best_single,90,0.0,0.0,0.0,0.00019998000199980003,0.0005999400059994001
primary,0.5,event_timing_median,event_timing_median_ms,lower,gamma,0.5,vs_method_i,270,0.0,0.0,0.0,0.9574042595740426,1.0
primary,0.5,event_timing_median,event_timing_median_ms,lower,gamma,0.5,vs_method_j,270,0.0,0.0,0.0,0.918008199180082,1.0
primary,0.5,event_timing_median,event_timing_median_ms,lower,gamma,0.5,vs_best_single,270,0.0,0.0,0.0,0.18088191180881913,0.5426457354264573
primary,0.5,event_energy_median,event_energy_median,lower,global,global,vs_method_i,270,-0.0004130557133851572,-0.002186302635368176,-3.647078046097735e-05,0.6265373462653735,0.6265373462653735
primary,0.5,event_energy_median,event_energy_median,lower,global,global,vs_method_j,270,0.0003821840510627693,3.59572967849886e-05,0.00281323200027544,9.999000099990002e-05,0.00029997000299970003
primary,0.5,event_energy_median,event_energy_median,lower,global,global,vs_best_single,270,0.013613063188688514,0.0077247714165389544,0.019407240861644616,9.999000099990002e-05,0.00029997000299970003
primary,0.5,event_energy_median,event_energy_median,lower,model,M1,vs_method_i,135,-5.9403158068349615e-06,-0.0002554860979765358,-9.533787649345716e-07,9.999000099990002e-05,0.00029997000299970003
primary,0.5,event_energy_median,event_energy_median,lower,model,M1,vs_method_j,135,6.890733059378664e-07,2.3333599088220584e-07,1.901679604248592e-06,0.0170982901709829,0.0170982901709829
primary,0.5,event_energy_median,event_energy_median,lower,model,M1,vs_best_single,135,0.0016962668496457336,1.1707167911474836e-06,0.008880843012124523,9.999000099990002e-05,0.00029997000299970003
primary,0.5,event_energy_median,event_energy_median,lower,model,M2,vs_method_i,135,-0.009796815879675978,-0.01139535082312457,-0.009275583246422655,0.5157484251574842,0.5157484251574842
primary,0.5,event_energy_median,event_energy_median,lower,model,M2,vs_method_j,135,0.033411658712542695,0.027900460015575092,0.039047077392887694,9.999000099990002e-05,0.00029997000299970003
primary,0.5,event_energy_median,event_energy_median,lower,model,M2,vs_best_single,135,0.024469961887767958,0.021509890744781268,0.02969441646763217,9.999000099990002e-05,0.00029997000299970003
primary,0.5,event_energy_median,event_energy_median,lower,noise,N1,vs_method_i,90,-0.029190514095403935,-0.043897431344518165,-0.022971898323494794,9.999000099990002e-05,0.00029997000299970003
primary,0.5,event_energy_median,event_energy_median,lower,noise,N1,vs_method_j,90,0.035964478285909464,0.01013887621965413,0.05071976726327608,0.0011998800119988001,0.0023997600239976003
primary,0.5,event_energy_median,event_energy_median,lower,noise,N1,vs_best_single,90,-0.023064934448652114,-0.04310077856664251,-0.007114162131288609,0.0836916308369163,0.0836916308369163
primary,0.5,event_energy_median,event_energy_median,lower,noise,N2,vs_method_i,90,-6.73589477966079e-07,-1.4736547703938784e-06,-3.016927423217569e-07,0.1463853614638536,0.1463853614638536
primary,0.5,event_energy_median,event_energy_median,lower,noise,N2,vs_method_j,90,2.3617860773820434e-06,9.119427562201483e-07,0.02626735957225229,9.999000099990002e-05,0.00029997000299970003
primary,0.5,event_energy_median,event_energy_median,lower,noise,N2,vs_best_single,90,0.01671179155059605,0.009418689217141018,0.023729805058729375,9.999000099990002e-05,0.00029997000299970003
primary,0.5,event_energy_median,event_energy_median,lower,noise,N3,vs_method_i,90,-5.2623347786417626e-05,-0.00035851049044072734,9.308507120502768e-05,0.09919008099190081,0.19838016198380162
primary,0.5,event_energy_median,event_energy_median,lower,noise,N3,vs_method_j,90,3.1299891347806585e-05,-0.00016765859306010992,0.0002511494318099966,0.8973102689731027,0.8973102689731027
primary,0.5,event_energy_median,event_energy_median,lower,noise,N3,vs_best_single,90,0.043798501763557304,0.02133507390754617,0.07898192155480885,9.999000099990002e-05,0.00029997000299970003
primary,0.5,event_energy_median,event_energy_median,lower,gamma,0.5,vs_method_i,270,-0.0004130557133851572,-0.002186302635368176,-3.070154110428047e-05,0.6232376762323768,0.6232376762323768
primary,0.5,event_energy_median,event_energy_median,lower,gamma,0.5,vs_method_j,270,0.0003821840510627693,3.1299891347806585e-05,0.0025916190622182105,9.999000099990002e-05,0.00029997000299970003
primary,0.5,event_energy_median,event_energy_median,lower,gamma,0.5,vs_best_single,270,0.013613063188688514,0.007479726231833672,0.019407240861644616,9.999000099990002e-05,0.00029997000299970003
primary,0.6,ΔSNR,delta_snr_db,higher,global,global,vs_method_i,270,0.05421524575052498,0.04509325106600509,0.16120212526722266,0.1311868813118688,0.1311868813118688
primary,0.6,ΔSNR,delta_snr_db,higher,global,global,vs_method_j,270,0.026333671982482525,0.017689377829998437,0.02766549642187499,0.00029997000299970003,0.0005999400059994001
primary,0.6,ΔSNR,delta_snr_db,higher,global,global,vs_best_single,270,-5.72309859948433,-7.729230955107372,-3.655286426819661,9.999000099990002e-05,0.00029997000299970003
primary,0.6,ΔSNR,delta_snr_db,higher,model,M1,vs_method_i,135,0.027696329296961864,0.017221422419556376,0.02773370072025827,0.006799320067993201,0.006799320067993201
primary,0.6,ΔSNR,delta_snr_db,higher,model,M1,vs_method_j,135,0.0310972090001016,0.02766433990410455,0.13675239988621155,9.999000099990002e-05,0.00029997000299970003
primary,0.6,ΔSNR,delta_snr_db,higher,model,M1,vs_best_single,135,-8.890575867901017,-12.209412686914515,-5.753071047323296,9.999000099990002e-05,0.00029997000299970003
primary,0.6,ΔSNR,delta_snr_db,higher,model,M2,vs_method_i,135,0.496986474943121,0.3498721075509508,0.6387792933350189,0.047495250474952504,0.09499050094990501
primary,0.6,ΔSNR,delta_snr_db,higher,model,M2,vs_method_j,135,-0.06103844187419677,-0.12868462414323467,-0.019930335004346312,0.48565143485651435,0.48565143485651435
primary,0.6,ΔSNR,delta_snr_db,higher,model,M2,vs_best_single,135,-4.150306783795589,-5.3232583969216325,-1.992527374963318,9.999000099990002e-05,0.00029997000299970003
primary,0.6,ΔSNR,delta_snr_db,higher,noise,N1,vs_method_i,90,0.08062129797087625,-0.14280587420177504,0.2937276621335396,0.28057194280571945,0.28057194280571945
primary,0.6,ΔSNR,delta_snr_db,higher,noise,N1,vs_method_j,90,3.3669150298485846,3.2020832192800337,3.4679743892690773,9.999000099990002e-05,0.00029997000299970003
primary,0.6,ΔSNR,delta_snr_db,higher,noise,N1,vs_best_single,90,-0.08727739621848585,-0.26630893374518827,0.09159699719572532,0.063993600639936,0.127987201279872
primary,0.6,ΔSNR,delta_snr_db,higher,noise,N2,vs_method_i,90,0.027730657347732723,0.017223842879932505,0.08983368800641389,0.7111288871112889,0.7111288871112889
primary,0.6,ΔSNR,delta_snr_db,higher,noise,N2,vs_method_j,90,-0.0014604717401821565,-0.1038139788998595,0.01645574435297026,9.999000099990002e-05,0.00029997000299970003
primary,0.6,ΔSNR,delta_snr_db,higher,noise,N2,vs_best_single,90,-5.5303109604929634,-7.013407889509683,-4.381400883317013,9.999000099990002e-05,0.00029997000299970003
primary,0.6,ΔSNR,delta_snr_db,higher,noise,N3,vs_method_i,90,0.16094229914042357,0.05420611154676406,0.1742954649153854,0.11478852114788521,0.11478852114788521
primary,0.6,ΔSNR,delta_snr_db,higher,noise,N3,vs_method_j,90,0.018964489363181958,0.014731607262375511,0.02594588960402877,0.0044995500449955,0.008999100089991
primary,0.6,ΔSNR,delta_snr_db,higher,noise,N3,vs_best_single,90,-12.231156265490508,-12.821169527204038,-11.627886314690254,9.999000099990002e-05,0.00029997000299970003
primary,0.6,ΔSNR,delta_snr_db,higher,gamma,0.6,vs_method_i,270,0.05421524575052498,0.04511607360966112,0.16120212526722266,0.12808719128087193,0.12808719128087193
primary,0.6,ΔSNR,delta_snr_db,higher,gamma,0.6,vs_method_j,270,0.026333671982482525,0.017689377829998437,0.027665442417002417,0.00039996000399960006,0.0007999200079992001
primary,0.6,ΔSNR,delta_snr_db,higher,gamma,0.6,vs_best_single,270,-5.72309859948433,-7.630770347049293,-3.7292027812500224,9.999000099990002e-05,0.00029997000299970003
primary,0.6,Lsig,lsig,lower,global,global,vs_method_i,270,-0.0002911824973800131,-0.0008447666045635349,-6.956296881128511e-05,0.17528247175282471,0.17528247175282471
primary,0.6,Lsig,lsig,lower,global,global,vs_method_j,270,0.00031124240251628743,6.353215298931375e-05,0.0034713453760674066,0.008999100089991,0.017998200179982
primary,0.6,Lsig,lsig,lower,global,global,vs_best_single,270,0.006398867164421953,0.004355358120069438,0.010158239789202862,9.999000099990002e-05,0.00029997000299970003
primary,0.6,Lsig,lsig,lower,model,M1,vs_method_i,135,-1.7451277697405622e-09,-4.1663531507882965e-09,-5.112646711459689e-10,0.0096990300969903,0.0096990300969903
primary,0.6,Lsig,lsig,lower,model,M1,vs_method_j,135,6.808078406583817e-12,-1.4304148143740036e-12,4.811016283845641e-10,9.999000099990002e-05,0.00029997000299970003
primary,0.6,Lsig,lsig,lower,model,M1,vs_best_single,135,0.004705338478210752,0.0014186243271770895,0.010355196716130912,9.999000099990002e-05,0.00029997000299970003
primary,0.6,Lsig,lsig,lower,model,M2,vs_method_i,135,-0.0155140112251127,-0.016594754689646316,-0.014759741307276048,0.19038096190380963,0.19038096190380963
primary,0.6,Lsig,lsig,lower,model,M2,vs_method_j,135,0.006087699360153966,0.005219621185507133,0.009655138390566103,9.999000099990002e-05,0.00029997000299970003
primary,0.6,Lsig,lsig,lower,model,M2,vs_best_single,135,0.007889000570960203,0.004542756645868684,0.013132550804339586,9.999000099990002e-05,0.00029997000299970003
primary,0.6,Lsig,lsig,lower,noise,N1,vs_method_i,90,-0.0005699020622321285,-0.008242412375133205,0.0003477028428871959,0.818018198180182,1.0
primary,0.6,Lsig,lsig,lower,noise,N1,vs_method_j,90,-0.007585910690787854,-0.010702136714285923,-0.0017098601199829096,0.5954404559544045,1.0
primary,0.6,Lsig,lsig,lower,noise,N1,vs_best_single,90,0.00047794260882642403,-0.00025651569299747984,0.001963115409014511,0.3360663933606639,1.0
primary,0.6,Lsig,lsig,lower,noise,N2,vs_method_i,90,-3.5621885317837446e-09,-0.0016951823823960852,-1.7143610054758457e-09,0.25507449255074494,0.25507449255074494
primary,0.6,Lsig,lsig,lower,noise,N2,vs_method_j,90,0.0019985277514394926,1.2850492540855038e-09,0.004715869438226867,9.999000099990002e-05,0.00029997000299970003
primary,0.6,Lsig,lsig,lower,noise,N2,vs_best_single,90,0.0031957693955341955,0.0013673836373629673,0.004355358120069438,9.999000099990002e-05,0.00029997000299970003
primary,0.6,Lsig,lsig,lower,noise,N3,vs_method_i,90,-0.0004788858416861219,-0.002815985307750341,-0.0002046535228397081,0.2618738126187381,0.2618738126187381
primary,0.6,Lsig,lsig,lower,noise,N3,vs_method_j,90,0.0022363800394578637,0.00039255764082365974,0.004355719546985806,9.999000099990002e-05,0.00029997000299970003
primary,0.6,Lsig,lsig,lower,noise,N3,vs_best_single,90,0.04471178270276362,0.029922216984251793,0.07579265579870506,9.999000099990002e-05,0.00029997000299970003
primary,0.6,Lsig,lsig,lower,gamma,0.6,vs_method_i,270,-0.0002911824973800131,-0.0008447666045635349,-6.956296881128511e-05,0.1673832616738326,0.1673832616738326
primary,0.6,Lsig,lsig,lower,gamma,0.6,vs_method_j,270,0.00031124240251628743,6.400322564885895e-05,0.0035192508160341984,0.007699230076992301,0.015398460153984602
primary,0.6,Lsig,lsig,lower,gamma,0.6,vs_best_single,270,0.006398867164421953,0.004355358120069438,0.010158239789202862,9.999000099990002e-05,0.00029997000299970003
primary,0.6,CNA,cna_db,higher,global,global,vs_method_i,180,0.0343669872132918,0.0329114885187092,0.03437901819195133,0.014198580141985802,0.014198580141985802
primary,0.6,CNA,cna_db,higher,global,global,vs_method_j,180,0.0838835667752584,0.06975599173195038,0.10194139151043932,9.999000099990002e-05,0.00029997000299970003
primary,0.6,CNA,cna_db,higher,global,global,vs_best_single,180,-27.519153377719828,-28.596028355998413,-25.892729548749614,9.999000099990002e-05,0.00029997000299970003
primary,0.6,CNA,cna_db,higher,model,M1,vs_method_i,90,0.053223263404925975,0.044350807468752446,0.05537027205957593,9.999000099990002e-05,0.00029997000299970003
primary,0.6,CNA,cna_db,higher,model,M1,vs_method_j,90,0.05531120494672471,0.04751564411743783,0.055319364717219884,9.999000099990002e-05,0.00029997000299970003
primary,0.6,CNA,cna_db,higher,model,M1,vs_best_single,90,-29.253670884278023,-29.437478532940645,-27.84851736015346,9.999000099990002e-05,0.00029997000299970003
primary,0.6,CNA,cna_db,higher,model,M2,vs_method_i,90,-0.009789979989639083,-0.035463476351987724,-0.00044205169779552855,0.051294870512948704,0.051294870512948704
primary,0.6,CNA,cna_db,higher,model,M2,vs_method_j,90,0.13636407868666478,0.11885075312910248,0.15668791128308934,9.999000099990002e-05,0.00029997000299970003
primary,0.6,CNA,cna_db,higher,model,M2,vs_best_single,90,-25.387536995439635,-26.799696996890376,-10.121124284592128,9.999000099990002e-05,0.00029997000299970003
primary,0.6,CNA,cna_db,higher,noise,N1,vs_method_i,0,,,,,
primary,0.6,CNA,cna_db,higher,noise,N1,vs_method_j,0,,,,,
primary,0.6,CNA,cna_db,higher,noise,N1,vs_best_single,0,,,,,
primary,0.6,CNA,cna_db,higher,noise,N2,vs_method_i,90,0.03291148852267671,0.021354420420476097,0.0335295360938905,0.09609039096090391,0.09609039096090391
primary,0.6,CNA,cna_db,higher,noise,N2,vs_method_j,90,0.0553192437506996,0.05531095901117866,0.07385330969254733,9.999000099990002e-05,0.00029997000299970003
primary,0.6,CNA,cna_db,higher,noise,N2,vs_best_single,90,-11.233089257432413,-14.016390286166594,-7.197769109023847,9.999000099990002e-05,0.00029997000299970003
primary,0.6,CNA,cna_db,higher,noise,N3,vs_method_i,90,0.047163521601688185,0.03948114418660887,0.05977266929110556,9.999000099990002e-05,0.00029997000299970003
primary,0.6,CNA,cna_db,higher,noise,N3,vs_method_j,90,0.1254780165718219,0.09495771121235089,0.1960985947661804,9.999000099990002e-05,0.00029997000299970003
primary,0.6,CNA,cna_db,higher,noise,N3,vs_best_single,90,-28.827281082048202,-29.237460550768866,-27.84851736015346,9.999000099990002e-05,0.00029997000299970003
primary,0.6,CNA,cna_db,higher,gamma,0.6,vs_method_i,180,0.0343669872132918,0.032911488518117295,0.0343785994706996,0.013398660133986601,0.013398660133986601
primary,0.6,CNA,cna_db,higher,gamma,0.6,vs_method_j,180,0.0838835667752584,0.06975599173195038,0.10194139151043932,9.999000099990002e-05,0.00029997000299970003
primary,0.6,CNA,cna_db,higher,gamma,0.6,vs_best_single,180,-27.519153377719828,-28.596028355998413,-25.892729548749614,9.999000099990002e-05,0.00029997000299970003
primary,0.6,event_timing_median,event_timing_median_ms,lower,global,global,vs_method_i,270,0.0,0.0,0.0,0.9384061593840616,1.0
primary,0.6,event_timing_median,event_timing_median_ms,lower,global,global,vs_method_j,270,0.0,0.0,0.0,0.9377062293770623,1.0
primary,0.6,event_timing_median,event_timing_median_ms,lower,global,global,vs_best_single,270,0.0,0.0,0.0,0.20027997200279973,0.6008399160083993
primary,0.6,event_timing_median,event_timing_median_ms,lower,model,M1,vs_method_i,135,0.0,0.0,0.0,0.28077192280771923,0.32836716328367166
primary,0.6,event_timing_median,event_timing_median_ms,lower,model,M1,vs_method_j,135,0.0,0.0,0.0,0.16418358164183583,0.32836716328367166
primary,0.6,event_timing_median,event_timing_median_ms,lower,model,M1,vs_best_single,135,0.0,0.0,0.0,0.0064993500649935,0.0194980501949805
primary,0.6,event_timing_median,event_timing_median_ms,lower,model,M2,vs_method_i,135,0.0,0.0,0.0,0.0008999100089991,0.0026997300269973002
primary,0.6,event_timing_median,event_timing_median_ms,lower,model,M2,vs_method_j,135,0.0,0.0,0.0,0.041695830416958304,0.08339166083391661
primary,0.6,event_timing_median,event_timing_median_ms,lower,model,M2,vs_best_single,135,0.0,0.0,0.0,0.32786721327867213,0.32786721327867213
primary,0.6,event_timing_median,event_timing_median_ms,lower,noise,N1,vs_method_i,90,0.0,0.0,0.0,0.7853214678532147,1.0
primary,0.6,event_timing_median,event_timing_median_ms,lower,noise,N1,vs_method_j,90,0.0,0.0,0.0,0.07899210078992101,0.23697630236976303
primary,0.6,event_timing_median,event_timing_median_ms,lower,noise,N1,vs_best_single,90,0.0,0.0,0.0,0.7713228677132287,1.0
primary,0.6,event_timing_median,event_timing_median_ms,lower,noise,N2,vs_method_i,90,0.0,0.0,0.0,0.24647535246475352,0.24647535246475352
primary,0.6,event_timing_median,event_timing_median_ms,lower,noise,N2,vs_method_j,90,0.0,0.0,0.0,0.030496950304969503,0.09149085091490851
primary,0.6,event_timing_median,event_timing_median_ms,lower,noise,N2,vs_best_single,90,0.0,0.0,0.0,0.03189681031896811,0.09149085091490851
primary,0.6,event_timing_median,event_timing_median_ms,lower,noise,N3,vs_method_i,90,0.0,0.0,0.0,0.1336866313368663,0.1336866313368663
primary,0.6,event_timing_median,event_timing_median_ms,lower,noise,N3,vs_method_j,90,0.0,0.0,0.0,0.007899210078992101,0.015798420157984203
primary,0.6,event_timing_median,event_timing_median_ms,lower,noise,N3,vs_best_single,90,0.0,0.0,0.0,0.00019998000199980003,0.0005999400059994001
primary,0.6,event_timing_median,event_timing_median_ms,lower,gamma,0.6,vs_method_i,270,0.0,0.0,0.0,0.9435056494350565,1.0
primary,0.6,event_timing_median,event_timing_median_ms,lower,gamma,0.6,vs_method_j,270,0.0,0.0,0.0,0.9403059694030597,1.0
primary,0.6,event_timing_median,event_timing_median_ms,lower,gamma,0.6,vs_best_single,270,0.0,0.0,0.0,0.2034796520347965,0.6104389561043895
primary,0.6,event_energy_median,event_energy_median,lower,global,global,vs_method_i,270,-0.00041306224006014934,-0.0025585366765673023,-4.223801382206675e-05,0.6133386661333866,0.6133386661333866
primary,0.6,event_energy_median,event_energy_median,lower,global,global,vs_method_j,270,0.00038049209578380414,2.5937294395667748e-05,0.0028340370354292604,9.999000099990002e-05,0.00029997000299970003
primary,0.6,event_energy_median,event_energy_median,lower,global,global,vs_best_single,270,0.013600360117695222,0.007480351616877082,0.01919767926601431,9.999000099990002e-05,0.00029997000299970003
primary,0.6,event_energy_median,event_energy_median,lower,model,M1,vs_method_i,135,-6.053516985248669e-06,-0.00025526356420301627,-9.457986572768392e-07,9.999000099990002e-05,0.00029997000299970003
primary,0.6,event_energy_median,event_energy_median,lower,model,M1,vs_method_j,135,6.968779816331207e-07,2.2286440511158994e-07,1.901679604248592e-06,0.016198380161983803,0.016198380161983803
primary,0.6,event_energy_median,event_energy_median,lower,model,M1,vs_best_single,135,0.0016962668498592863,1.1722007768353228e-06,0.009044185063415075,9.999000099990002e-05,0.00029997000299970003
primary,0.6,event_energy_median,event_energy_median,lower,model,M2,vs_method_i,135,-0.00986104014415418,-0.011484252331545895,-0.009275583246422796,0.5149485051494851,0.5149485051494851
primary,0.6,event_energy_median,event_energy_median,lower,model,M2,vs_method_j,135,0.03341165871254298,0.02781970487138383,0.03904308821876221,9.999000099990002e-05,0.00029997000299970003
primary,0.6,event_energy_median,event_energy_median,lower,model,M2,vs_best_single,135,0.024332480319413465,0.02150989074478095,0.030044910241797153,0.00019998000199980003,0.00039996000399960006
primary,0.6,event_energy_median,event_energy_median,lower,noise,N1,vs_method_i,90,-0.029348932219338576,-0.044309832546702226,-0.023196493768915017,9.999000099990002e-05,0.00029997000299970003
primary,0.6,event_energy_median,event_energy_median,lower,noise,N1,vs_method_j,90,0.03555140684771579,0.009936747291278834,0.05062717336599579,0.00019998000199980003,0.00039996000399960006
primary,0.6,event_energy_median,event_energy_median,lower,noise,N1,vs_best_single,90,-0.0231077207903255,-0.04340897332623601,-0.007121936222559933,0.08259174082591741,0.08259174082591741
primary,0.6,event_energy_median,event_energy_median,lower,noise,N2,vs_method_i,90,-6.749680326351505e-07,-1.687678987437086e-06,-3.1843234313129244e-07,0.15248475152484753,0.15248475152484753
primary,0.6,event_energy_median,event_energy_median,lower,noise,N2,vs_method_j,90,2.359875694549975e-06,9.14345831933125e-07,0.026168796828693205,9.999000099990002e-05,0.00029997000299970003
primary,0.6,event_energy_median,event_energy_median,lower,noise,N2,vs_best_single,90,0.01671179155054133,0.009186551564991088,0.023564627600667243,9.999000099990002e-05,0.00029997000299970003
primary,0.6,event_energy_median,event_energy_median,lower,noise,N3,vs_method_i,90,-5.2602451381635745e-05,-0.00036035496676152176,0.00010430047068015272,0.09109089091090891,0.18218178182181782
primary,0.6,event_energy_median,event_energy_median,lower,noise,N3,vs_method_j,90,3.161569610469345e-05,-0.000177909674975045,0.0002520114268814988,0.8977102289771023,0.8977102289771023
primary,0.6,event_energy_median,event_energy_median,lower,noise,N3,vs_best_single,90,0.04379850176355689,0.021335073907546145,0.0790383400972543,9.999000099990002e-05,0.00029997000299970003
primary,0.6,event_energy_median,event_energy_median,lower,gamma,0.6,vs_method_i,270,-0.00041306224006014934,-0.002186302635368176,-4.223232310282347e-05,0.611038896110389,0.611038896110389
primary,0.6,event_energy_median,event_energy_median,lower,gamma,0.6,vs_method_j,270,0.00038049209578380414,2.5937294395667748e-05,0.002974901788838062,9.999000099990002e-05,0.00029997000299970003
primary,0.6,event_energy_median,event_energy_median,lower,gamma,0.6,vs_best_single,270,0.013600360117695222,0.007480351616877082,0.019359703036457628,9.999000099990002e-05,0.00029997000299970003
secondary,0.4,ΔSNR,delta_snr_db,higher,global,global,vs_method_i,270,0.8802456300250276,0.6738713189068108,1.3110587411678365,9.999000099990002e-05,0.00029997000299970003
secondary,0.4,ΔSNR,delta_snr_db,higher,global,global,vs_method_j,270,-0.20124027043887693,-0.4321030642296271,-0.11279390976342529,9.999000099990002e-05,0.00029997000299970003
secondary,0.4,ΔSNR,delta_snr_db,higher,global,global,vs_best_single,270,-2.7468511816463437,-5.565837452912371,-2.2002561407403993,9.999000099990002e-05,0.00029997000299970003
secondary,0.4,ΔSNR,delta_snr_db,higher,model,M1,vs_method_i,135,1.3040480314817806,0.6746761813184818,2.0040021983511984,9.999000099990002e-05,0.00029997000299970003
secondary,0.4,ΔSNR,delta_snr_db,higher,model,M1,vs_method_j,135,-0.17888152811525782,-0.9321948717600002,-0.06577324215650798,0.00019998000199980003,0.00029997000299970003
secondary,0.4,ΔSNR,delta_snr_db,higher,model,M1,vs_best_single,135,-6.3251786497049345,-10.818034242259177,-2.5086645659332776,9.999000099990002e-05,0.00029997000299970003
secondary,0.4,ΔSNR,delta_snr_db,higher,model,M2,vs_method_i,135,0.8651408201867943,0.5524756720414717,1.0553831961644828,9.999000099990002e-05,0.00029997000299970003
secondary,0.4,ΔSNR,delta_snr_db,higher,model,M2,vs_method_j,135,-0.22931908911422827,-0.45760412914081794,-0.14066484201002272,0.042995700429957005,0.042995700429957005
secondary,0.4,ΔSNR,delta_snr_db,higher,model,M2,vs_best_single,135,-2.1311255856004294,-3.4826673432007595,-1.6098274744943097,9.999000099990002e-05,0.00029997000299970003
secondary,0.4,ΔSNR,delta_snr_db,higher,noise,N1,vs_method_i,90,-0.5813235199621172,-1.0434500983775674,0.4041344217569538,0.39746025397460255,0.39746025397460255
secondary,0.4,ΔSNR,delta_snr_db,higher,noise,N1,vs_method_j,90,3.8142676554191377,3.4654712279211877,3.9889437683277817,9.999000099990002e-05,0.00029997000299970003
secondary,0.4,ΔSNR,delta_snr_db,higher,noise,N1,vs_best_single,90,-0.6248798853876361,-1.1322608418097846,-0.1630155396327737,0.00019998000199980003,0.00039996000399960006
secondary,0.4,ΔSNR,delta_snr_db,higher,noise,N2,vs_method_i,90,3.574907348986615,2.442636145142316,4.043224340316158,9.999000099990002e-05,0.00029997000299970003
secondary,0.4,ΔSNR,delta_snr_db,higher,noise,N2,vs_method_j,90,-2.3446737523391947,-3.3293832310667852,-2.0963243675730965,9.999000099990002e-05,0.00029997000299970003
secondary,0.4,ΔSNR,delta_snr_db,higher,noise,N2,vs_best_single,90,-2.6570340366797423,-3.5166863287161725,-2.1373294318376734,9.999000099990002e-05,0.00029997000299970003
secondary,0.4,ΔSNR,delta_snr_db,higher,noise,N3,vs_method_i,90,0.6873192976097955,0.6017084342863521,0.8673970203580987,9.999000099990002e-05,0.00029997000299970003
secondary,0.4,ΔSNR,delta_snr_db,higher,noise,N3,vs_method_j,90,-0.203456191017096,-0.31020063498499373,-0.16389740702957845,9.999000099990002e-05,0.00029997000299970003
secondary,0.4,ΔSNR,delta_snr_db,higher,noise,N3,vs_best_single,90,-11.660236855392654,-12.01241337178423,-10.884753471543775,9.999000099990002e-05,0.00029997000299970003
secondary,0.4,ΔSNR,delta_snr_db,higher,gamma,0.4,vs_method_i,270,0.8802456300250276,0.6738713189068108,1.3110587411678365,9.999000099990002e-05,0.00029997000299970003
secondary,0.4,ΔSNR,delta_snr_db,higher,gamma,0.4,vs_method_j,270,-0.20124027043887693,-0.4321030642296271,-0.11279390976342529,9.999000099990002e-05,0.00029997000299970003
secondary,0.4,ΔSNR,delta_snr_db,higher,gamma,0.4,vs_best_single,270,-2.7468511816463437,-5.5040096271017855,-2.224712669900982,9.999000099990002e-05,0.00029997000299970003
secondary,0.4,Lsig,lsig,lower,global,global,vs_method_i,270,-0.009017515672203977,-0.010819407235048598,-0.00687792859708413,0.23837616238376164,0.41155884411558846
secondary,0.4,Lsig,lsig,lower,global,global,vs_method_j,270,0.0031756965305001416,0.002593575459732196,0.0034618583947612553,0.20577942205779423,0.41155884411558846
secondary,0.4,Lsig,lsig,lower,global,global,vs_best_single,270,0.006402170022818249,0.0043934297008896795,0.009342673065709899,9.999000099990002e-05,0.00029997000299970003
secondary,0.4,Lsig,lsig,lower,model,M1,vs_method_i,135,-0.0015370297621710204,-0.005035568498747948,-4.526280171476734e-09,0.1381861813818618,0.1381861813818618
secondary,0.4,Lsig,lsig,lower,model,M1,vs_method_j,135,-6.419094240301988e-09,-4.228386326582606e-08,0.0016875409224830018,9.999000099990002e-05,0.00029997000299970003
secondary,0.4,Lsig,lsig,lower,model,M1,vs_best_single,135,0.00546757817923994,0.0024666623125490783,0.008764889139384845,9.999000099990002e-05,0.00029997000299970003
secondary,0.4,Lsig,lsig,lower,model,M2,vs_method_i,135,-0.015251507735287152,-0.016483078005900008,-0.014394648266869758,0.16578342165783422,0.16578342165783422
secondary,0.4,Lsig,lsig,lower,model,M2,vs_method_j,135,0.004180844331644612,0.003799874237060137,0.004957380164473238,9.999000099990002e-05,0.00029997000299970003
secondary,0.4,Lsig,lsig,lower,model,M2,vs_best_single,135,0.006902085754177232,0.0049281905682120805,0.01275340260878094,9.999000099990002e-05,0.00029997000299970003
secondary,0.4,Lsig,lsig,lower,noise,N1,vs_method_i,90,-0.0016488413648455302,-0.005168776188676624,-0.00012291629907398545,0.3488651134886511,0.3488651134886511
secondary,0.4,Lsig,lsig,lower,noise,N1,vs_method_j,90,-0.0061289364271372715,-0.019584070014480287,-0.004579061004288206,0.0313968603139686,0.0941905809419058
secondary,0.4,Lsig,lsig,lower,noise,N1,vs_best_single,90,0.002791901565501261,-0.0011516779692105584,0.0063582159986496495,0.1466853314668533,0.2933706629337066
secondary,0.4,Lsig,lsig,lower,noise,N2,vs_method_i,90,-0.004106895025884388,-0.008809687830076839,-2.7709936768816627e-09,0.2672732726727327,0.2672732726727327
secondary,0.4,Lsig,lsig,lower,noise,N2,vs_method_j,90,0.0031506105953766966,0.0022481960392352037,0.003605981710706238,9.999000099990002e-05,0.00029997000299970003
secondary,0.4,Lsig,lsig,lower,noise,N2,vs_best_single,90,0.0031506105953766966,0.0021896787293752603,0.0036176437387472086,9.999000099990002e-05,0.00029997000299970003
secondary,0.4,Lsig,lsig,lower,noise,N3,vs_method_i,90,-0.01316128366580549,-0.014160071709013157,-0.011396403907595123,0.9835016498350165,0.9835016498350165
secondary,0.4,Lsig,lsig,lower,noise,N3,vs_method_j,90,0.003913128818367722,0.0035454356761701693,0.004323927028511108,9.999000099990002e-05,0.00029997000299970003
secondary,0.4,Lsig,lsig,lower,noise,N3,vs_best_single,90,0.04329997720033638,0.02432232714603859,0.0700044488924963,9.999000099990002e-05,0.00029997000299970003
secondary,0.4,Lsig,lsig,lower,gamma,0.4,vs_method_i,270,-0.009017515672203977,-0.010872846177783654,-0.00687792859708413,0.23877612238776122,0.4173582641735826
secondary,0.4,Lsig,lsig,lower,gamma,0.4,vs_method_j,270,0.0031756965305001416,0.0025934698566042235,0.003461825245299299,0.2086791320867913,0.4173582641735826
secondary,0.4,Lsig,lsig,lower,gamma,0.4,vs_best_single,270,0.006402170022818249,0.004376865945908588,0.009342673065709899,9.999000099990002e-05,0.00029997000299970003
secondary,0.4,CNA,cna_db,higher,global,global,vs_method_i,180,2.7299109722770654,1.4317038746684063,2.9605035440709164,9.999000099990002e-05,0.00029997000299970003
secondary,0.4,CNA,cna_db,higher,global,global,vs_method_j,180,-3.54265374400549,-4.144692592350777,-1.6523622193918672,9.999000099990002e-05,0.00029997000299970003
secondary,0.4,CNA,cna_db,higher,global,global,vs_best_single,180,-25.538381695183705,-26.64439804764482,-24.61008516372281,9.999000099990002e-05,0.00029997000299970003
secondary,0.4,CNA,cna_db,higher,model,M1,vs_method_i,90,3.1010136473356145,2.548579409050802,3.590085572059307,9.999000099990002e-05,0.00029997000299970003
secondary,0.4,CNA,cna_db,higher,model,M1,vs_method_j,90,-4.497116669994725,-6.231625542725607,-3.498335908912019,9.999000099990002e-05,0.00029997000299970003
secondary,0.4,CNA,cna_db,higher,model,M1,vs_best_single,90,-27.1183935863949,-28.696749409923758,-26.387866639265503,9.999000099990002e-05,0.00029997000299970003
secondary,0.4,CNA,cna_db,higher,model,M2,vs_method_i,90,1.3066667580451794,0.9015905352519766,2.797798737514242,9.999000099990002e-05,0.00029997000299970003
secondary,0.4,CNA,cna_db,higher,model,M2,vs_method_j,90,-1.3808199770072838,-3.612911873502353,-0.6979467398580881,9.999000099990002e-05,0.00029997000299970003
secondary,0.4,CNA,cna_db,higher,model,M2,vs_best_single,90,-22.634504181190252,-25.039339104002877,-6.123419088887024,9.999000099990002e-05,0.00029997000299970003
secondary,0.4,CNA,cna_db,higher,noise,N1,vs_method_i,0,,,,,
secondary,0.4,CNA,cna_db,higher,noise,N1,vs_method_j,0,,,,,
secondary,0.4,CNA,cna_db,higher,noise,N1,vs_best_single,0,,,,,
secondary,0.4,CNA,cna_db,higher,noise,N2,vs_method_i,90,4.153252157777816,3.6218140247182213,5.3618393796812995,9.999000099990002e-05,0.00029997000299970003
secondary,0.4,CNA,cna_db,higher,noise,N2,vs_method_j,90,-8.556181418140174,-15.5545772850682,-5.766485859068469,9.999000099990002e-05,0.00029997000299970003
secondary,0.4,CNA,cna_db,higher,noise,N2,vs_best_single,90,-7.133305876487588,-9.562823595923955,-4.202898902994494,9.999000099990002e-05,0.00029997000299970003
secondary,0.4,CNA,cna_db,higher,noise,N3,vs_method_i,90,0.8384310002444891,0.724633823198594,0.9616536012071197,9.999000099990002e-05,0.00029997000299970003
secondary,0.4,CNA,cna_db,higher,noise,N3,vs_method_j,90,-0.6684856984534302,-0.8162458073926603,-0.5451452789041457,9.999000099990002e-05,0.00029997000299970003
secondary,0.4,CNA,cna_db,higher,noise,N3,vs_best_single,90,-26.812504047841248,-27.519105100655857,-26.427772349897133,9.999000099990002e-05,0.00029997000299970003
secondary,0.4,CNA,cna_db,higher,gamma,0.4,vs_method_i,180,2.7299109722770654,1.4317038746684063,2.9605035440709164,9.999000099990002e-05,0.00029997000299970003
secondary,0.4,CNA,cna_db,higher,gamma,0.4,vs_method_j,180,-3.54265374400549,-4.144692592350777,-1.6523622193918672,9.999000099990002e-05,0.00029997000299970003
secondary,0.4,CNA,cna_db,higher,gamma,0.4,vs_best_single,180,-25.538381695183705,-26.628438563459788,-24.653088939942208,9.999000099990002e-05,0.00029997000299970003
secondary,0.4,event_timing_median,event_timing_median_ms,lower,global,global,vs_method_i,270,0.0,0.0,0.0,0.8741125887411259,1.0
secondary,0.4,event_timing_median,event_timing_median_ms,lower,global,global,vs_method_j,270,0.0,0.0,0.0,0.8596140385961404,1.0
secondary,0.4,event_timing_median,event_timing_median_ms,lower,global,global,vs_best_single,270,0.0,0.0,0.0,0.010998900109989001,0.032996700329967
secondary,0.4,event_timing_median,event_timing_median_ms,lower,model,M1,vs_method_i,135,0.0,0.0,0.0,0.0038996100389961006,0.007799220077992201
secondary,0.4,event_timing_median,event_timing_median_ms,lower,model,M1,vs_method_j,135,0.0,0.0,0.0,0.8734126587341265,0.8734126587341265
secondary,0.4,event_timing_median,event_timing_median_ms,lower,model,M1,vs_best_single,135,0.0,0.0,0.0,0.00019998000199980003,0.0005999400059994001
secondary,0.4,event_timing_median,event_timing_median_ms,lower,model,M2,vs_method_i,135,0.0,0.0,0.0,0.0334966503349665,0.066993300669933
secondary,0.4,event_timing_median,event_timing_median_ms,lower,model,M2,vs_method_j,135,0.0,0.0,0.0,0.0006999300069993001,0.0020997900209979003
secondary,0.4,event_timing_median,event_timing_median_ms,lower,model,M2,vs_best_single,135,0.0,0.0,0.0,1.0,1.0
secondary,0.4,event_timing_median,event_timing_median_ms,lower,noise,N1,vs_method_i,90,0.0,0.0,0.0,0.1411858814118588,0.33386661333866613
secondary,0.4,event_timing_median,event_timing_median_ms,lower,noise,N1,vs_method_j,90,0.0,0.0,0.0,0.960903909609039,0.960903909609039
secondary,0.4,event_timing_median,event_timing_median_ms,lower,noise,N1,vs_best_single,90,0.0,0.0,0.0,0.11128887111288871,0.33386661333866613
secondary,0.4,event_timing_median,event_timing_median_ms,lower,noise,N2,vs_method_i,90,0.0,0.0,0.0,0.24237576242375763,0.24237576242375763
secondary,0.4,event_timing_median,event_timing_median_ms,lower,noise,N2,vs_method_j,90,0.0,0.0,0.0,0.029997000299970003,0.08999100089991001
secondary,0.4,event_timing_median,event_timing_median_ms,lower,noise,N2,vs_best_single,90,0.0,0.0,0.0,0.031296870312968704,0.08999100089991001
secondary,0.4,event_timing_median,event_timing_median_ms,lower,noise,N3,vs_method_i,90,0.0,0.0,0.0,0.25337466253374663,0.25337466253374663
secondary,0.4,event_timing_median,event_timing_median_ms,lower,noise,N3,vs_method_j,90,0.0,0.0,0.0,0.0461953804619538,0.0923907609239076
secondary,0.4,event_timing_median,event_timing_median_ms,lower,noise,N3,vs_best_single,90,0.0,0.0,0.0,9.999000099990002e-05,0.00029997000299970003
secondary,0.4,event_timing_median,event_timing_median_ms,lower,gamma,0.4,vs_method_i,270,0.0,0.0,0.0,0.8816118388161184,1.0
secondary,0.4,event_timing_median,event_timing_median_ms,lower,gamma,0.4,vs_method_j,270,0.0,0.0,0.0,0.8565143485651435,1.0
secondary,0.4,event_timing_median,event_timing_median_ms,lower,gamma,0.4,vs_best_single,270,0.0,0.0,0.0,0.0117988201179882,0.0353964603539646
secondary,0.4,event_energy_median,event_energy_median,lower,global,global,vs_method_i,270,-0.009151152500782753,-0.010309619241324267,-0.007909867326503575,0.062493750624937505,0.12498750124987501
secondary,0.4,event_energy_median,event_energy_median,lower,global,global,vs_method_j,270,0.003506891735391719,0.0025155545199596215,0.00464306286649607,0.5006499350064993,0.5006499350064993
secondary,0.4,event_energy_median,event_energy_median,lower,global,global,vs_best_single,270,0.008101557173553195,0.003347876565976581,0.015427950130525808,9.999000099990002e-05,0.00029997000299970003
secondary,0.4,event_energy_median,event_energy_median,lower,model,M1,vs_method_i,135,-0.010075229043599301,-0.012005606877130093,-0.008332440271704544,9.999000099990002e-05,0.00029997000299970003
secondary,0.4,event_energy_median,event_energy_median,lower,model,M1,vs_method_j,135,0.000434262187037572,9.5805804829605e-07,0.002329791028613637,9.999000099990002e-05,0.00029997000299970003
secondary,0.4,event_energy_median,event_energy_median,lower,model,M1,vs_best_single,135,2.256403491249938e-06,7.84906421472756e-07,0.003347876565976581,0.0006999300069993001,0.0006999300069993001
secondary,0.4,event_energy_median,event_energy_median,lower,model,M2,vs_method_i,135,-0.008047409717971583,-0.010203632974121045,-0.006729110508157988,0.917008299170083,0.917008299170083
secondary,0.4,event_energy_median,event_energy_median,lower,model,M2,vs_method_j,135,0.02679458869118748,0.021783406737434372,0.0320503935386017,9.999000099990002e-05,0.00029997000299970003
secondary,0.4,event_energy_median,event_energy_median,lower,model,M2,vs_best_single,135,0.02653294503189397,0.022048189923746464,0.032137480720660555,0.0008999100089991,0.0017998200179982
secondary,0.4,event_energy_median,event_energy_median,lower,noise,N1,vs_method_i,90,-0.0393523206207528,-0.051101975077531454,-0.03295990888616525,9.999000099990002e-05,0.00029997000299970003
secondary,0.4,event_energy_median,event_energy_median,lower,noise,N1,vs_method_j,90,-8.590559539072354e-06,-0.026506482784829834,0.013620911193890433,0.05369463053694631,0.05369463053694631
secondary,0.4,event_energy_median,event_energy_median,lower,noise,N1,vs_best_single,90,-0.036179785531743516,-0.04962918560187171,-0.011925069569876632,0.0058994100589941,0.0117988201179882
secondary,0.4,event_energy_median,event_energy_median,lower,noise,N2,vs_method_i,90,-1.960727144548951e-06,-0.005722590226209309,-7.937874888958095e-07,0.1464853514648535,0.1464853514648535
secondary,0.4,event_energy_median,event_energy_median,lower,noise,N2,vs_method_j,90,0.003955082537177716,0.0020069098063213936,0.025757629473040836,9.999000099990002e-05,0.00029997000299970003
secondary,0.4,event_energy_median,event_energy_median,lower,noise,N2,vs_best_single,90,0.004233708155365813,0.002533042507817192,0.02570194683442424,9.999000099990002e-05,0.00029997000299970003
secondary,0.4,event_energy_median,event_energy_median,lower,noise,N3,vs_method_i,90,-0.008406498313659291,-0.011355808833661503,-0.007325256430604606,0.6711328867113289,0.7687231276872313
secondary,0.4,event_energy_median,event_energy_median,lower,noise,N3,vs_method_j,90,0.0035080662424111933,0.002602019783510428,0.0046055311118172945,0.38436156384361564,0.7687231276872313
secondary,0.4,event_energy_median,event_energy_median,lower,noise,N3,vs_best_single,90,0.030706186868082488,0.016504467180476837,0.06969305045183985,9.999000099990002e-05,0.00029997000299970003
secondary,0.4,event_energy_median,event_energy_median,lower,gamma,0.4,vs_method_i,270,-0.009151152500782753,-0.010309619241324267,-0.007936525151685967,0.05829417058294171,0.11658834116588342
secondary,0.4,event_energy_median,event_energy_median,lower,gamma,0.4,vs_method_j,270,0.003506891735391719,0.002521729348816675,0.004654828791438102,0.5103489651034897,0.5103489651034897
secondary,0.4,event_energy_median,event_energy_median,lower,gamma,0.4,vs_best_single,270,0.008101557173553195,0.003347876565976581,0.015427950130525808,9.999000099990002e-05,0.00029997000299970003
secondary,0.5,ΔSNR,delta_snr_db,higher,global,global,vs_method_i,270,0.8819689066733898,0.6732346499368904,1.3038361308098838,9.999000099990002e-05,0.00029997000299970003
secondary,0.5,ΔSNR,delta_snr_db,higher,global,global,vs_method_j,270,-0.20173502953526334,-0.43219112344746236,-0.11500779990634735,0.00019998000199980003,0.00029997000299970003
secondary,0.5,ΔSNR,delta_snr_db,higher,global,global,vs_best_single,270,-2.753183418663567,-5.52867898448923,-2.1978593502050954,9.999000099990002e-05,0.00029997000299970003
secondary,0.5,ΔSNR,delta_snr_db,higher,model,M1,vs_method_i,135,1.3036559622017343,0.6962707565718134,2.0040021983512126,9.999000099990002e-05,0.00029997000299970003
secondary,0.5,ΔSNR,delta_snr_db,higher,model,M1,vs_method_j,135,-0.17937903106520992,-0.9321948717599859,-0.06635996447145454,0.00029997000299970003,0.00029997000299970003
secondary,0.5,ΔSNR,delta_snr_db,higher,model,M1,vs_best_single,135,-6.333215547647017,-10.821910007938994,-2.510533230940241,9.999000099990002e-05,0.00029997000299970003
secondary,0.5,ΔSNR,delta_snr_db,higher,model,M2,vs_method_i,135,0.8651408201867987,0.5531480232533278,1.0546073420530853,0.00019998000199980003,0.00039996000399960006
secondary,0.5,ΔSNR,delta_snr_db,higher,model,M2,vs_method_j,135,-0.2269867469205531,-0.4576041291408144,-0.13782804856021524,0.04739526047395261,0.04739526047395261
secondary,0.5,ΔSNR,delta_snr_db,higher,model,M2,vs_best_single,135,-2.116090654935105,-3.4707622759812544,-1.5870027821514263,9.999000099990002e-05,0.00029997000299970003
secondary,0.5,ΔSNR,delta_snr_db,higher,noise,N1,vs_method_i,90,-0.5813235199620741,-1.0569940876155677,0.4038474563691601,0.40505949405059494,0.40505949405059494
secondary,0.5,ΔSNR,delta_snr_db,higher,noise,N1,vs_method_j,90,3.813017879066977,3.464561304113988,3.98521163421983,9.999000099990002e-05,0.00029997000299970003
secondary,0.5,ΔSNR,delta_snr_db,higher,noise,N1,vs_best_single,90,-0.624879885387597,-1.1337684612608054,-0.23598638295795293,0.00019998000199980003,0.00039996000399960006
secondary,0.5,ΔSNR,delta_snr_db,higher,noise,N2,vs_method_i,90,3.5599398803001296,2.451348245059732,4.027747653830946,9.999000099990002e-05,0.00029997000299970003
secondary,0.5,ΔSNR,delta_snr_db,higher,noise,N2,vs_method_j,90,-2.362094848068738,-3.3418714089125583,-2.087424017338181,9.999000099990002e-05,0.00029997000299970003
secondary,0.5,ΔSNR,delta_snr_db,higher,noise,N2,vs_best_single,90,-2.6633566088040235,-3.509235134094208,-2.1170567192936804,9.999000099990002e-05,0.00029997000299970003
secondary,0.5,ΔSNR,delta_snr_db,higher,noise,N3,vs_method_i,90,0.6866711790133859,0.6012109313364,0.8687833701559682,9.999000099990002e-05,0.00029997000299970003
secondary,0.5,ΔSNR,delta_snr_db,higher,noise,N3,vs_method_j,90,-0.20345619101708845,-0.34115284288218684,-0.16149102709584806,9.999000099990002e-05,0.00029997000299970003
secondary,0.5,ΔSNR,delta_snr_db,higher,noise,N3,vs_best_single,90,-11.661832144386121,-12.034788965900166,-10.821910007938994,9.999000099990002e-05,0.00029997000299970003
secondary,0.5,ΔSNR,delta_snr_db,higher,gamma,0.5,vs_method_i,270,0.8819689066733898,0.6732346499368904,1.310862706527817,9.999000099990002e-05,0.00029997000299970003
secondary,0.5,ΔSNR,delta_snr_db,higher,gamma,0.5,vs_method_j,270,-0.20173502953526334,-0.4321030642296213,-0.11500779990634735,9.999000099990002e-05,0.00029997000299970003
secondary,0.5,ΔSNR,delta_snr_db,higher,gamma,0.5,vs_best_single,270,-2.753183418663567,-5.52867898448923,-2.1978593502050954,9.999000099990002e-05,0.00029997000299970003
secondary,0.5,Lsig,lsig,lower,global,global,vs_method_i,270,-0.009014759199075947,-0.010872846177783651,-0.006886602882211453,0.2410758924107589,0.40575942405759424
secondary,0.5,Lsig,lsig,lower,global,global,vs_method_j,270,0.0031535869705289505,0.002587288746496153,0.003454781509460697,0.20287971202879712,0.40575942405759424
secondary,0.5,Lsig,lsig,lower,global,global,vs_best_single,270,0.00640184830989676,0.004347964149052269,0.009342673065709909,9.999000099990002e-05,0.00029997000299970003
secondary,0.5,Lsig,lsig,lower,model,M1,vs_method_i,135,-0.001536234736686226,-0.005007670919953133,-4.524830112840277e-09,0.141985801419858,0.141985801419858
secondary,0.5,Lsig,lsig,lower,model,M1,vs_method_j,135,-6.445327634760455e-09,-4.228386326582606e-08,0.001687540922483,9.999000099990002e-05,0.00029997000299970003
secondary,0.5,Lsig,lsig,lower,model,M1,vs_best_single,135,0.00546757817923994,0.002585127209494361,0.00877430617326896,9.999000099990002e-05,0.00029997000299970003
secondary,0.5,Lsig,lsig,lower,model,M2,vs_method_i,135,-0.015327480562709899,-0.016483078005899973,-0.01446366259319305,0.17028297170282972,0.17028297170282972
secondary,0.5,Lsig,lsig,lower,model,M2,vs_method_j,135,0.004161993368891357,0.0037178411237164923,0.004957380164473257,9.999000099990002e-05,0.00029997000299970003
secondary,0.5,Lsig,lsig,lower,model,M2,vs_best_single,135,0.006812097995733969,0.004862103370854002,0.012753402608780965,9.999000099990002e-05,0.00029997000299970003
secondary,0.5,Lsig,lsig,lower,noise,N1,vs_method_i,90,-0.001648387122326997,-0.0049782475191998635,-0.0001219442498307851,0.35096490350964904,0.35096490350964904
secondary,0.5,Lsig,lsig,lower,noise,N1,vs_method_j,90,-0.006127469527334197,-0.019571306521606283,-0.004581748403772772,0.032396760323967606,0.09719028097190283
secondary,0.5,Lsig,lsig,lower,noise,N1,vs_best_single,90,0.0027547051122623423,-0.0010244498969105365,0.006331797691256431,0.13358664133586642,0.26717328267173285
secondary,0.5,Lsig,lsig,lower,noise,N2,vs_method_i,90,-0.004083907611718662,-0.008793018785298744,-2.761435245890409e-09,0.267973202679732,0.267973202679732
secondary,0.5,Lsig,lsig,lower,noise,N2,vs_method_j,90,0.003108866707554476,0.0021261477606324243,0.0035447801469197415,9.999000099990002e-05,0.00029997000299970003
secondary,0.5,Lsig,lsig,lower,noise,N2,vs_best_single,90,0.003108866707554476,0.002156554758265294,0.0035580852638893118,9.999000099990002e-05,0.00029997000299970003
secondary,0.5,Lsig,lsig,lower,noise,N3,vs_method_i,90,-0.013154128879914753,-0.014160071709013127,-0.011339303432365958,0.9867013298670133,0.9867013298670133
secondary,0.5,Lsig,lsig,lower,noise,N3,vs_method_j,90,0.00392053590493991,0.003498835960404463,0.004323927028511124,9.999000099990002e-05,0.00029997000299970003
secondary,0.5,Lsig,lsig,lower,noise,N3,vs_best_single,90,0.04321321761440486,0.024287912841406335,0.06998305596450244,9.999000099990002e-05,0.00029997000299970003
secondary,0.5,Lsig,lsig,lower,gamma,0.5,vs_method_i,270,-0.009014759199075947,-0.01081940723504863,-0.006886602882211453,0.24097590240975902,0.42395760423957607
secondary,0.5,Lsig,lsig,lower,gamma,0.5,vs_method_j,270,0.0031535869705289505,0.002587288746496153,0.0034544920752364976,0.21197880211978803,0.42395760423957607
secondary,0.5,Lsig,lsig,lower,gamma,0.5,vs_best_single,270,0.00640184830989676,0.004335626107177016,0.009342673065709909,9.999000099990002e-05,0.00029997000299970003
secondary,0.5,CNA,cna_db,higher,global,global,vs_method_i,180,2.7299109722770782,1.4616662613097953,2.9618523791959084,9.999000099990002e-05,0.00029997000299970003
secondary,0.5,CNA,cna_db,higher,global,global,vs_method_j,180,-3.540241245361832,-4.150045770190699,-1.6020978025712278,9.999000099990002e-05,0.00029997000299970003
secondary,0.5,CNA,cna_db,higher,global,global,vs_best_single,180,-25.538791874230014,-26.621488225018844,-24.644323907347257,9.999000099990002e-05,0.00029997000299970003
secondary,0.5,CNA,cna_db,higher,model,M1,vs_method_i,90,3.101013647335634,2.548579409050803,3.5916086291339786,9.999000099990002e-05,0.00029997000299970003
secondary,0.5,CNA,cna_db,higher,model,M1,vs_method_j,90,-4.510135461107522,-6.245546118543071,-3.4983359089120176,9.999000099990002e-05,0.00029997000299970003
secondary,0.5,CNA,cna_db,higher,model,M1,vs_best_single,90,-27.118864092708932,-28.69408302233125,-26.39130835187681,9.999000099990002e-05,0.00029997000299970003
secondary,0.5,CNA,cna_db,higher,model,M2,vs_method_i,90,1.3184669195076952,0.9065289719302696,2.802487729399257,9.999000099990002e-05,0.00029997000299970003
secondary,0.5,CNA,cna_db,higher,model,M2,vs_method_j,90,-1.376594141439691,-3.6074723422502877,-0.6979676722984163,9.999000099990002e-05,0.00029997000299970003
secondary,0.5,CNA,cna_db,higher,model,M2,vs_best_single,90,-22.630974573430382,-25.03676910209406,-6.260046138001221,9.999000099990002e-05,0.00029997000299970003
secondary,0.5,CNA,cna_db,higher,noise,N1,vs_method_i,0,,,,,
secondary,0.5,CNA,cna_db,higher,noise,N1,vs_method_j,0,,,,,
secondary,0.5,CNA,cna_db,higher,noise,N1,vs_best_single,0,,,,,
secondary,0.5,CNA,cna_db,higher,noise,N2,vs_method_i,90,4.157798851744941,3.6767666876599083,5.37851408472132,9.999000099990002e-05,0.00029997000299970003
secondary,0.5,CNA,cna_db,higher,noise,N2,vs_method_j,90,-8.607548751306357,-15.537902580028181,-5.647310762773769,9.999000099990002e-05,0.00029997000299970003
secondary,0.5,CNA,cna_db,higher,noise,N2,vs_best_single,90,-7.097407781583272,-9.581484966218625,-4.202898902994482,9.999000099990002e-05,0.00029997000299970003
secondary,0.5,CNA,cna_db,higher,noise,N3,vs_method_i,90,0.8374878241993498,0.7260386120140984,0.961369659730444,9.999000099990002e-05,0.00029997000299970003
secondary,0.5,CNA,cna_db,higher,noise,N3,vs_method_j,90,-0.6679475304236168,-0.8171889834377993,-0.5370466157170606,9.999000099990002e-05,0.00029997000299970003
secondary,0.5,CNA,cna_db,higher,noise,N3,vs_best_single,90,-26.813273751329724,-27.519105100655853,-26.451981804785362,9.999000099990002e-05,0.00029997000299970003
secondary,0.5,CNA,cna_db,higher,gamma,0.5,vs_method_i,180,2.7299109722770782,1.4616662613097953,2.9605035440709395,9.999000099990002e-05,0.00029997000299970003
secondary,0.5,CNA,cna_db,higher,gamma,0.5,vs_method_j,180,-3.540241245361832,-4.150045770190699,-1.6020978025712278,9.999000099990002e-05,0.00029997000299970003
secondary,0.5,CNA,cna_db,higher,gamma,0.5,vs_best_single,180,-25.538791874230014,-26.621488225018844,-24.644323907347257,9.999000099990002e-05,0.00029997000299970003
secondary,0.5,event_timing_median,event_timing_median_ms,lower,global,global,vs_method_i,270,0.0,0.0,0.0,0.8656134386561344,1.0
secondary,0.5,event_timing_median,event_timing_median_ms,lower,global,global,vs_method_j,270,0.0,0.0,0.0,0.88001199880012,1.0
secondary,0.5,event_timing_median,event_timing_median_ms,lower,global,global,vs_best_single,270,0.0,0.0,0.0,0.008999100089991,0.026997300269973
secondary,0.5,event_timing_median,event_timing_median_ms,lower,model,M1,vs_method_i,135,0.0,0.0,0.0,0.004399560043995601,0.008799120087991202
secondary,0.5,event_timing_median,event_timing_median_ms,lower,model,M1,vs_method_j,135,0.0,0.0,0.0,0.879012098790121,0.879012098790121
secondary,0.5,event_timing_median,event_timing_median_ms,lower,model,M1,vs_best_single,135,0.0,0.0,0.0,9.999000099990002e-05,0.00029997000299970003
secondary,0.5,event_timing_median,event_timing_median_ms,lower,model,M2,vs_method_i,135,0.0,0.0,0.0,0.045295470452954706,0.09059094090590941
secondary,0.5,event_timing_median,event_timing_median_ms,lower,model,M2,vs_method_j,135,0.0,0.0,0.0,0.000999900009999,0.0029997000299970002
secondary,0.5,event_timing_median,event_timing_median_ms,lower,model,M2,vs_best_single,135,0.0,0.0,0.0,0.9049095090490951,0.9049095090490951
secondary,0.5,event_timing_median,event_timing_median_ms,lower,noise,N1,vs_method_i,90,0.0,0.0,0.0,0.1446855314468553,0.33626637336266374
secondary,0.5,event_timing_median,event_timing_median_ms,lower,noise,N1,vs_method_j,90,0.0,0.0,0.0,0.9591040895910409,0.9591040895910409
secondary,0.5,event_timing_median,event_timing_median_ms,lower,noise,N1,vs_best_single,90,0.0,0.0,0.0,0.11208879112088792,0.33626637336266374
secondary,0.5,event_timing_median,event_timing_median_ms,lower,noise,N2,vs_method_i,90,0.0,0.0,0.0,0.24737526247375263,0.24737526247375263
secondary,0.5,event_timing_median,event_timing_median_ms,lower,noise,N2,vs_method_j,90,0.0,0.0,0.0,0.032396760323967606,0.08669133086691332
secondary,0.5,event_timing_median,event_timing_median_ms,lower,noise,N2,vs_best_single,90,0.0,0.0,0.0,0.028897110288971104,0.08669133086691332
secondary,0.5,event_timing_median,event_timing_median_ms,lower,noise,N3,vs_method_i,90,0.0,0.0,0.0,0.24967503249675033,0.24967503249675033
secondary,0.5,event_timing_median,event_timing_median_ms,lower,noise,N3,vs_method_j,90,0.0,0.0,0.0,0.08089191080891911,0.16178382161783822
secondary,0.5,event_timing_median,event_timing_median_ms,lower,noise,N3,vs_best_single,90,0.0,0.0,0.0,9.999000099990002e-05,0.00029997000299970003
secondary,0.5,event_timing_median,event_timing_median_ms,lower,gamma,0.5,vs_method_i,270,0.0,0.0,0.0,0.8587141285871412,1.0
secondary,0.5,event_timing_median,event_timing_median_ms,lower,gamma,0.5,vs_method_j,270,0.0,0.0,0.0,0.8807119288071192,1.0
secondary,0.5,event_timing_median,event_timing_median_ms,lower,gamma,0.5,vs_best_single,270,0.0,0.0,0.0,0.0086991300869913,0.0260973902609739
secondary,0.5,event_energy_median,event_energy_median,lower,global,global,vs_method_i,270,-0.009154528661591652,-0.010348901876135038,-0.007980489301608072,0.060693930606939304,0.12138786121387861
secondary,0.5,event_energy_median,event_energy_median,lower,global,global,vs_method_j,270,0.0035173015005105835,0.0024670121126697574,0.004663455890506615,0.5158484151584841,0.5158484151584841
secondary,0.5,event_energy_median,event_energy_median,lower,global,global,vs_best_single,270,0.008028682196591943,0.0033434514737643722,0.015449916226759503,9.999000099990002e-05,0.00029997000299970003
secondary,0.5,event_energy_median,event_energy_median,lower,model,M1,vs_method_i,135,-0.010075229043599114,-0.012000771510467162,-0.008304000611121659,9.999000099990002e-05,0.00029997000299970003
secondary,0.5,event_energy_median,event_energy_median,lower,model,M1,vs_method_j,135,0.00043694920975258797,9.5805804829605e-07,0.00228268925726087,9.999000099990002e-05,0.00029997000299970003
secondary,0.5,event_energy_median,event_energy_median,lower,model,M1,vs_best_single,135,2.2605487743281362e-06,7.84906421472756e-07,0.00334787656597638,0.0005999400059994001,0.0005999400059994001
secondary,0.5,event_energy_median,event_energy_median,lower,model,M2,vs_method_i,135,-0.0081895055235259,-0.010344693905175967,-0.00684658140138145,0.9318068193180682,0.9318068193180682
secondary,0.5,event_energy_median,event_energy_median,lower,model,M2,vs_method_j,135,0.026677117797964018,0.02437884589991317,0.0320503935386027,9.999000099990002e-05,0.00029997000299970003
secondary,0.5,event_energy_median,event_energy_median,lower,model,M2,vs_best_single,135,0.02643274337137117,0.022048189923746724,0.03213748072066098,0.0007999200079992001,0.0015998400159984002
secondary,0.5,event_energy_median,event_energy_median,lower,noise,N1,vs_method_i,90,-0.039338743954315664,-0.05120678694864774,-0.03297472488375822,9.999000099990002e-05,0.00029997000299970003
secondary,0.5,event_energy_median,event_energy_median,lower,noise,N1,vs_method_j,90,-1.8285743821729733e-05,-0.02809515947164505,0.013885100403367252,0.0504949505049495,0.0504949505049495
secondary,0.5,event_energy_median,event_energy_median,lower,noise,N1,vs_best_single,90,-0.03611729061969469,-0.0500500986270435,-0.011916474708159824,0.0066993300669933005,0.013398660133986601
secondary,0.5,event_energy_median,event_energy_median,lower,noise,N2,vs_method_i,90,-1.960727144548951e-06,-0.0057056128811133686,-7.722560759821571e-07,0.1382861713828617,0.1382861713828617
secondary,0.5,event_energy_median,event_energy_median,lower,noise,N2,vs_method_j,90,0.0039872597738873855,0.002031422781605083,0.025559081824819828,9.999000099990002e-05,0.00029997000299970003
secondary,0.5,event_energy_median,event_energy_median,lower,noise,N2,vs_best_single,90,0.004268829696983119,0.0023996276917547924,0.025559081824819828,9.999000099990002e-05,0.00029997000299970003
secondary,0.5,event_energy_median,event_energy_median,lower,noise,N3,vs_method_i,90,-0.008392278483367849,-0.011342924086911938,-0.007403147014861488,0.6664333566643336,0.7797220277972203
secondary,0.5,event_energy_median,event_energy_median,lower,noise,N3,vs_method_j,90,0.0035184474416928213,0.0026101097387096813,0.004607689039485108,0.38986101389861016,0.7797220277972203
secondary,0.5,event_energy_median,event_energy_median,lower,noise,N3,vs_best_single,90,0.030706186868082047,0.01650446718047719,0.06975540721903477,9.999000099990002e-05,0.00029997000299970003
secondary,0.5,event_energy_median,event_energy_median,lower,gamma,0.5,vs_method_i,270,-0.009154528661591652,-0.010348901876135038,-0.007980489301608072,0.0547945205479452,0.1095890410958904
secondary,0.5,event_energy_median,event_energy_median,lower,gamma,0.5,vs_method_j,270,0.0035173015005105835,0.0025514578876062862,0.0046684379734353975,0.524047595240476,0.524047595240476
secondary,0.5,event_energy_median,event_energy_median,lower,gamma,0.5,vs_best_single,270,0.008028682196591943,0.0033390263815523645,0.015267732064294206,9.999000099990002e-05,0.00029997000299970003
secondary,0.6,ΔSNR,delta_snr_db,higher,global,global,vs_method_i,270,0.8834354126897099,0.6725701715231827,1.3106747577150253,9.999000099990002e-05,0.00029997000299970003
secondary,0.6,ΔSNR,delta_snr_db,higher,global,global,vs_method_j,270,-0.20224284503982926,-0.4321030642296151,-0.1159243579527871,9.999000099990002e-05,0.00029997000299970003
secondary,0.6,ΔSNR,delta_snr_db,higher,global,global,vs_best_single,270,-2.792636912755296,-5.553898237642745,-2.195403384866076,9.999000099990002e-05,0.00029997000299970003
secondary,0.6,ΔSNR,delta_snr_db,higher,model,M1,vs_method_i,135,1.3032367484260803,0.6946745514939394,2.0040021983512304,9.999000099990002e-05,0.00029997000299970003
secondary,0.6,ΔSNR,delta_snr_db,higher,model,M1,vs_method_j,135,-0.17988692032282128,-0.9321948717599682,-0.0669661676331676,9.999000099990002e-05,0.00029997000299970003
secondary,0.6,ΔSNR,delta_snr_db,higher,model,M1,vs_best_single,135,-6.341541898722005,-10.825908270043138,-2.5124789056894965,9.999000099990002e-05,0.00029997000299970003
secondary,0.6,ΔSNR,delta_snr_db,higher,model,M2,vs_method_i,135,0.8664460126601456,0.5538421422336329,1.053397407397668,9.999000099990002e-05,0.00029997000299970003
secondary,0.6,ΔSNR,delta_snr_db,higher,model,M2,vs_method_j,135,-0.22459215875959426,-0.4543323521537648,-0.13489503652762114,0.043195680431956804,0.043195680431956804
secondary,0.6,ΔSNR,delta_snr_db,higher,model,M2,vs_best_single,135,-2.1099155208378217,-3.458392492953987,-1.5619521674951073,9.999000099990002e-05,0.00029997000299970003
secondary,0.6,ΔSNR,delta_snr_db,higher,noise,N1,vs_method_i,90,-0.5813235199620319,-1.0462550228626624,0.4034970527000725,0.39876012398760124,0.39876012398760124
secondary,0.6,ΔSNR,delta_snr_db,higher,noise,N1,vs_method_j,90,3.811611271979972,3.463612029838356,3.9852116342198745,9.999000099990002e-05,0.00029997000299970003
secondary,0.6,ΔSNR,delta_snr_db,higher,noise,N1,vs_best_single,90,-0.6248798853875543,-1.1353630911383092,-0.2374004378086072,0.00019998000199980003,0.00039996000399960006
secondary,0.6,ΔSNR,delta_snr_db,higher,noise,N2,vs_method_i,90,3.559939880300142,2.4604017768275392,4.030060121565974,9.999000099990002e-05,0.00029997000299970003
secondary,0.6,ΔSNR,delta_snr_db,higher,noise,N2,vs_method_j,90,-2.380296525915197,-3.3546506706091757,-2.077192133701203,9.999000099990002e-05,0.00029997000299970003
secondary,0.6,ΔSNR,delta_snr_db,higher,noise,N2,vs_best_single,90,-2.636904957545398,-3.4924798243594752,-2.103673220276657,9.999000099990002e-05,0.00029997000299970003
secondary,0.6,ΔSNR,delta_snr_db,higher,noise,N3,vs_method_i,90,0.6859991241830796,0.6007030420787887,0.8750490484502658,9.999000099990002e-05,0.00029997000299970003
secondary,0.6,ΔSNR,delta_snr_db,higher,noise,N3,vs_method_j,90,-0.20352442200502985,-0.30552288279565964,-0.16181405592948783,9.999000099990002e-05,0.00029997000299970003
secondary,0.6,ΔSNR,delta_snr_db,higher,noise,N3,vs_best_single,90,-11.663464730241614,-12.04593791253546,-10.888690485435749,9.999000099990002e-05,0.00029997000299970003
secondary,0.6,ΔSNR,delta_snr_db,higher,gamma,0.6,vs_method_i,270,0.8834354126897099,0.6725701715231827,1.3115194226412417,9.999000099990002e-05,0.00029997000299970003
secondary,0.6,ΔSNR,delta_snr_db,higher,gamma,0.6,vs_method_j,270,-0.20224284503982926,-0.4335107798564417,-0.1159243579527871,9.999000099990002e-05,0.00029997000299970003
secondary,0.6,ΔSNR,delta_snr_db,higher,gamma,0.6,vs_best_single,270,-2.792636912755296,-5.522101716805967,-2.2130031767651897,9.999000099990002e-05,0.00029997000299970003
secondary,0.6,Lsig,lsig,lower,global,global,vs_method_i,270,-0.009011965064929059,-0.01087284617778365,-0.006888508746086518,0.24187581241875813,0.4193580641935806
secondary,0.6,Lsig,lsig,lower,global,global,vs_method_j,270,0.0031250045405013596,0.002548232292477827,0.0034235217532305835,0.2096790320967903,0.4193580641935806
secondary,0.6,Lsig,lsig,lower,global,global,vs_best_single,270,0.006409477981275865,0.004307202260130914,0.00934267306570992,9.999000099990002e-05,0.00029997000299970003
secondary,0.6,Lsig,lsig,lower,model,M1,vs_method_i,135,-0.001535415307865569,-0.004978473296688169,-4.522599676276229e-09,0.13408659134086592,0.13408659134086592
secondary,0.6,Lsig,lsig,lower,model,M1,vs_method_j,135,-6.471324915671488e-09,-4.228386326582606e-08,0.0016164100422747796,9.999000099990002e-05,0.00029997000299970003
secondary,0.6,Lsig,lsig,lower,model,M1,vs_best_single,135,0.005467578179239934,0.0025851272094943446,0.009984460773149751,9.999000099990002e-05,0.00029997000299970003
secondary,0.6,Lsig,lsig,lower,model,M2,vs_method_i,135,-0.015406388499202017,-0.016483078005899945,-0.014497250162543,0.16318368163183683,0.16318368163183683
secondary,0.6,Lsig,lsig,lower,model,M2,vs_method_j,135,0.004161993368891391,0.00363651732669681,0.0049573801644732796,9.999000099990002e-05,0.00029997000299970003
secondary,0.6,Lsig,lsig,lower,model,M2,vs_best_single,135,0.0067194078459544785,0.0047937179740308485,0.012459492445836072,9.999000099990002e-05,0.00029997000299970003
secondary,0.6,Lsig,lsig,lower,noise,N1,vs_method_i,90,-0.0016479165480852052,-0.005038775176192719,-0.00012093816985407017,0.3611638836116388,0.3611638836116388
secondary,0.6,Lsig,lsig,lower,noise,N1,vs_method_j,90,-0.006125953311897567,-0.0196146711168807,-0.0045796020800700915,0.031196880311968805,0.09359064093590641
secondary,0.6,Lsig,lsig,lower,noise,N1,vs_best_single,90,0.002716554446328178,-0.0011042945314232314,0.006305305245155669,0.1478852114788521,0.2957704229577042
secondary,0.6,Lsig,lsig,lower,noise,N2,vs_method_i,90,-0.004059927653692463,-0.008863692644230023,-2.6154414561553312e-09,0.26117388261173885,0.26117388261173885
secondary,0.6,Lsig,lsig,lower,noise,N2,vs_method_j,90,0.0030766676247352834,0.002057113505214355,0.0035285722137567816,9.999000099990002e-05,0.00029997000299970003
secondary,0.6,Lsig,lsig,lower,noise,N2,vs_best_single,90,0.0030766676247352834,0.002122037630556282,0.0035392548616640317,9.999000099990002e-05,0.00029997000299970003
secondary,0.6,Lsig,lsig,lower,noise,N3,vs_method_i,90,-0.013146814592299869,-0.0141554006459193,-0.011353079314882483,0.9838016198380162,0.9838016198380162
secondary,0.6,Lsig,lsig,lower,noise,N3,vs_method_j,90,0.003909763090159307,0.0034962029981385773,0.0043447095745449485,9.999000099990002e-05,0.00029997000299970003
secondary,0.6,Lsig,lsig,lower,noise,N3,vs_best_single,90,0.04312127464577364,0.024252607731579275,0.0699615049602546,9.999000099990002e-05,0.00029997000299970003
secondary,0.6,Lsig,lsig,lower,gamma,0.6,vs_method_i,270,-0.009011965064929059,-0.01087284617778365,-0.006888481903360392,0.24037596240375964,0.42355764423557646
secondary,0.6,Lsig,lsig,lower,gamma,0.6,vs_method_j,270,0.0031250045405013596,0.002548232292477827,0.0034235217532305835,0.21177882211778823,0.42355764423557646
secondary,0.6,Lsig,lsig,lower,gamma,0.6,vs_best_single,270,0.006409477981275865,0.004321414183653975,0.00934267306570992,9.999000099990002e-05,0.00029997000299970003
secondary,0.6,CNA,cna_db,higher,global,global,vs_method_i,180,2.729910972277095,1.4686340848353174,2.96185237919593,9.999000099990002e-05,0.00029997000299970003
secondary,0.6,CNA,cna_db,higher,global,global,vs_method_j,180,-3.5376766705791356,-4.167969682571746,-1.5941731589818138,9.999000099990002e-05,0.00029997000299970003
secondary,0.6,CNA,cna_db,higher,global,global,vs_best_single,180,-25.539210327993914,-26.61415541959369,-24.643562283154836,9.999000099990002e-05,0.00029997000299970003
secondary,0.6,CNA,cna_db,higher,model,M1,vs_method_i,90,3.0982483447909743,2.548578387326893,3.5723137838713255,9.999000099990002e-05,0.00029997000299970003
secondary,0.6,CNA,cna_db,higher,model,M1,vs_method_j,90,-4.523592874109362,-6.25976858822029,-3.4983359089120167,9.999000099990002e-05,0.00029997000299970003
secondary,0.6,CNA,cna_db,higher,model,M1,vs_best_single,90,-27.119345748059313,-28.69458126825716,-26.396202011133973,9.999000099990002e-05,0.00029997000299970003
secondary,0.6,CNA,cna_db,higher,model,M2,vs_method_i,90,1.3307055127405425,0.9074855536914181,2.8074334893905526,9.999000099990002e-05,0.00029997000299970003
secondary,0.6,CNA,cna_db,higher,model,M2,vs_method_j,90,-1.3722389615976418,-3.601692785487777,-0.6979864695878228,9.999000099990002e-05,0.00029997000299970003
secondary,0.6,CNA,cna_db,higher,model,M2,vs_best_single,90,-22.627205382477072,-25.03405739701847,-6.220569928160094,9.999000099990002e-05,0.00029997000299970003
secondary,0.6,CNA,cna_db,higher,noise,N1,vs_method_i,0,,,,,
secondary,0.6,CNA,cna_db,higher,noise,N1,vs_method_j,0,,,,,
secondary,0.6,CNA,cna_db,higher,noise,N1,vs_best_single,0,,,,,
secondary,0.6,CNA,cna_db,higher,noise,N2,vs_method_i,90,4.150989238263515,3.6937124171935856,5.345661800615582,9.999000099990002e-05,0.00029997000299970003
secondary,0.6,CNA,cna_db,higher,noise,N2,vs_method_j,90,-8.660644304600648,-16.668698666260926,-5.696797334248896,9.999000099990002e-05,0.00029997000299970003
secondary,0.6,CNA,cna_db,higher,noise,N2,vs_best_single,90,-7.059561978806832,-9.595543638799096,-4.20289890299447,9.999000099990002e-05,0.00029997000299970003
secondary,0.6,CNA,cna_db,higher,noise,N3,vs_method_i,90,0.8365231896920091,0.7253113740964958,0.9582479786748803,9.999000099990002e-05,0.00029997000299970003
secondary,0.6,CNA,cna_db,higher,noise,N3,vs_method_j,90,-0.6673869839790225,-0.818153617945142,-0.5361052136494882,9.999000099990002e-05,0.00029997000299970003
secondary,0.6,CNA,cna_db,higher,noise,N3,vs_best_single,90,-26.814062186499317,-27.51910510065585,-26.457657489619265,9.999000099990002e-05,0.00029997000299970003
secondary,0.6,CNA,cna_db,higher,gamma,0.6,vs_method_i,180,2.729910972277095,1.4035759244085761,2.9625985402429684,9.999000099990002e-05,0.00029997000299970003
secondary,0.6,CNA,cna_db,higher,gamma,0.6,vs_method_j,180,-3.5376766705791356,-4.167969682571746,-1.6527479917167747,9.999000099990002e-05,0.00029997000299970003
secondary,0.6,CNA,cna_db,higher,gamma,0.6,vs_best_single,180,-25.539210327993914,-26.61415541959369,-24.665259013447706,9.999000099990002e-05,0.00029997000299970003
secondary,0.6,event_timing_median,event_timing_median_ms,lower,global,global,vs_method_i,270,0.0,0.0,0.0,0.8421157884211579,1.0
secondary,0.6,event_timing_median,event_timing_median_ms,lower,global,global,vs_method_j,270,0.0,0.0,0.0,0.9053094690530947,1.0
secondary,0.6,event_timing_median,event_timing_median_ms,lower,global,global,vs_best_single,270,0.0,0.0,0.0,0.0082991700829917,0.024897510248975102
secondary,0.6,event_timing_median,event_timing_median_ms,lower,model,M1,vs_method_i,135,0.0,0.0,0.0,0.004299570042995701,0.008599140085991401
secondary,0.6,event_timing_median,event_timing_median_ms,lower,model,M1,vs_method_j,135,0.0,0.0,0.0,0.8797120287971203,0.8797120287971203
secondary,0.6,event_timing_median,event_timing_median_ms,lower,model,M1,vs_best_single,135,0.0,0.0,0.0,9.999000099990002e-05,0.00029997000299970003
secondary,0.6,event_timing_median,event_timing_median_ms,lower,model,M2,vs_method_i,135,0.0,0.0,0.0,0.06159384061593841,0.12318768123187682
secondary,0.6,event_timing_median,event_timing_median_ms,lower,model,M2,vs_method_j,135,0.0,0.0,0.0,0.0007999200079992001,0.0023997600239976003
secondary,0.6,event_timing_median,event_timing_median_ms,lower,model,M2,vs_best_single,135,0.0,0.0,0.0,0.8138186181381862,0.8138186181381862
secondary,0.6,event_timing_median,event_timing_median_ms,lower,noise,N1,vs_method_i,90,0.0,0.0,0.0,0.1521847815218478,0.32066793320667936
secondary,0.6,event_timing_median,event_timing_median_ms,lower,noise,N1,vs_method_j,90,0.0,0.0,0.0,0.9622037796220378,0.9622037796220378
secondary,0.6,event_timing_median,event_timing_median_ms,lower,noise,N1,vs_best_single,90,0.0,0.0,0.0,0.10688931106889311,0.32066793320667936
secondary,0.6,event_timing_median,event_timing_median_ms,lower,noise,N2,vs_method_i,90,0.0,0.0,0.0,0.23987601239876014,0.23987601239876014
secondary,0.6,event_timing_median,event_timing_median_ms,lower,noise,N2,vs_method_j,90,0.0,0.0,0.0,0.05879412058794121,0.17638236176382363
secondary,0.6,event_timing_median,event_timing_median_ms,lower,noise,N2,vs_best_single,90,0.0,0.0,0.0,0.06419358064193581,0.17638236176382363
secondary,0.6,event_timing_median,event_timing_median_ms,lower,noise,N3,vs_method_i,90,0.0,0.0,0.0,0.2508749125087491,0.2508749125087491
secondary,0.6,event_timing_median,event_timing_median_ms,lower,noise,N3,vs_method_j,90,0.0,0.0,0.0,0.07839216078392161,0.15678432156784322
secondary,0.6,event_timing_median,event_timing_median_ms,lower,noise,N3,vs_best_single,90,0.0,0.0,0.0,9.999000099990002e-05,0.00029997000299970003
secondary,0.6,event_timing_median,event_timing_median_ms,lower,gamma,0.6,vs_method_i,270,0.0,0.0,0.0,0.831016898310169,1.0
secondary,0.6,event_timing_median,event_timing_median_ms,lower,gamma,0.6,vs_method_j,270,0.0,0.0,0.0,0.9083091690830917,1.0
secondary,0.6,event_timing_median,event_timing_median_ms,lower,gamma,0.6,vs_best_single,270,0.0,0.0,0.0,0.007699230076992301,0.0230976902309769
secondary,0.6,event_energy_median,event_energy_median,lower,global,global,vs_method_i,270,-0.009155373752370109,-0.010490519248043277,-0.008069551262803874,0.058994100589941006,0.11798820117988201
secondary,0.6,event_energy_median,event_energy_median,lower,global,global,vs_method_j,270,0.0035291061583437207,0.0024670121126696776,0.0046780237844249225,0.503949605039496,0.503949605039496
secondary,0.6,event_energy_median,event_energy_median,lower,global,global,vs_best_single,270,0.007953264377013922,0.0032770140891734342,0.015287544674800818,9.999000099990002e-05,0.00029997000299970003
secondary,0.6,event_energy_median,event_energy_median,lower,model,M1,vs_method_i,135,-0.010075229043598928,-0.012173687391286107,-0.008274593215938167,9.999000099990002e-05,0.00029997000299970003
secondary,0.6,event_energy_median,event_energy_median,lower,model,M1,vs_method_j,135,0.0004396960066391821,9.5805804829605e-07,0.002312096652444362,9.999000099990002e-05,0.00029997000299970003
secondary,0.6,event_energy_median,event_energy_median,lower,model,M1,vs_best_single,135,2.2647084686636464e-06,7.84906421472756e-07,0.00334787656597638,0.0005999400059994001,0.0005999400059994001
secondary,0.6,event_energy_median,event_energy_median,lower,model,M2,vs_method_i,135,-0.008289062405413813,-0.01043882320179194,-0.006967361038049104,0.9487051294870513,0.9487051294870513
secondary,0.6,event_energy_median,event_energy_median,lower,model,M2,vs_method_j,135,0.02654603130450111,0.02422313716796004,0.031990827736137886,9.999000099990002e-05,0.00029997000299970003
secondary,0.6,event_energy_median,event_energy_median,lower,model,M2,vs_best_single,135,0.02632790205853538,0.022048189923746984,0.031990827736137886,0.0008999100089991,0.0017998200179982
secondary,0.6,event_energy_median,event_energy_median,lower,noise,N1,vs_method_i,90,-0.039322072035053064,-0.05159757296067735,-0.03298983613114533,9.999000099990002e-05,0.00029997000299970003
secondary,0.6,event_energy_median,event_energy_median,lower,noise,N1,vs_method_j,90,-0.00026148238891935804,-0.026505199043206723,0.01349538354277826,0.05319468053194681,0.05319468053194681
secondary,0.6,event_energy_median,event_energy_median,lower,noise,N1,vs_best_single,90,-0.036052977940480124,-0.05007674078625904,-0.011907540593403203,0.004299570042995701,0.008599140085991401
secondary,0.6,event_energy_median,event_energy_median,lower,noise,N2,vs_method_i,90,-1.960727144548951e-06,-0.005949768283080306,-7.871378531568862e-07,0.15228477152284772,0.15228477152284772
secondary,0.6,event_energy_median,event_energy_median,lower,noise,N2,vs_method_j,90,0.004020839037925356,0.002056950020725781,0.02541601837525872,9.999000099990002e-05,0.00029997000299970003
secondary,0.6,event_energy_median,event_energy_median,lower,noise,N2,vs_best_single,90,0.004305602506956847,0.0023802353799805484,0.02541601837525872,9.999000099990002e-05,0.00029997000299970003
secondary,0.6,event_energy_median,event_energy_median,lower,noise,N3,vs_method_i,90,-0.008464257299409684,-0.011335572129761981,-0.007418941855076192,0.6705329467053295,0.7679232076792321
secondary,0.6,event_energy_median,event_energy_median,lower,noise,N3,vs_method_j,90,0.0035291061583437207,0.002589957244102611,0.004620043333096922,0.38396160383961603,0.7679232076792321
secondary,0.6,event_energy_median,event_energy_median,lower,noise,N3,vs_best_single,90,0.030706186868081728,0.016260242707012183,0.06981968945462391,9.999000099990002e-05,0.00029997000299970003
secondary,0.6,event_energy_median,event_energy_median,lower,gamma,0.6,vs_method_i,270,-0.009155373752370109,-0.010468564801534769,-0.008069551262803874,0.056894310568943104,0.11378862113788621
secondary,0.6,event_energy_median,event_energy_median,lower,gamma,0.6,vs_method_j,270,0.0035291061583437207,0.0025042931557904477,0.0046779681117863695,0.5316468353164684,0.5316468353164684
secondary,0.6,event_energy_median,event_energy_median,lower,gamma,0.6,vs_best_single,270,0.007953264377013922,0.003241601852942545,0.015287544674800818,9.999000099990002e-05,0.00029997000299970003
