config_id,seed,role,gamma,pair_i,pair_j,wall_time_ms,y_fused_sha256,y_fused_file,delta_snr_db,lsig,cna_db,n_event_windows,event_timing_median_ms,event_energy_median,x_missing
M1_N1_L1_15Hz,101,primary,0.4,fx_deconv,wavelet_threshold,,813E7916338B9A61641F2459E4CA66D508246569F8E0F01086486CA26A8BA0C1,M1_N1_L1_15Hz_101_primary_g0.4.npy,6.346054551387557,0.0076845413326748204,,1,0.0,0.005642263509015118,False
M1_N1_L1_15Hz,101,primary,0.5,fx_deconv,wavelet_threshold,,42657CFB663454EF7E6E88349C6DCA4214E01C2815B2B530F7B35AE33D22C81F,M1_N1_L1_15Hz_101_primary_g0.5.npy,6.34164865833845,0.007692203022634733,,1,0.0,0.00565712915771717,False
M1_N1_L1_15Hz,101,primary,0.6,fx_deconv,wavelet_threshold,,2953642F9CFEE8B39123BA5E79F69692D74404AED572F20C59F2DCBEF380DBB6,M1_N1_L1_15Hz_101_primary_g0.6.npy,6.33706781872991,0.007700103122320491,,1,0.0,0.00567233886907638,False
M1_N1_L1_15Hz,101,secondary,0.4,fx_deconv,svd_lowrank,,48643336B88C83881720618F8870744E76B6B449BF54635A6EB2DB62695C52C3,M1_N1_L1_15Hz_101_secondary_g0.4.npy,7.683582817525359,0.0054849402668441585,,1,0.0,0.005522347971508474,False
M1_N1_L1_15Hz,101,secondary,0.5,fx_deconv,svd_lowrank,,B9AB61A9465E3A99BA1E288E5F449CFE38D5AD699AEFE5261DE0BAAE068D3FA1,M1_N1_L1_15Hz_101_secondary_g0.5.npy,7.682058111540723,0.005486850554438206,,1,0.0,0.005528851232533671,False
M1_N1_L1_15Hz,101,secondary,0.6,fx_deconv,svd_lowrank,,DAF14CC053AA8CED2BB91953833F4F07CE6E4156911910DB6624F810A171F731,M1_N1_L1_15Hz_101_secondary_g0.6.npy,7.680461906462849,0.005488828971907344,,1,0.0,0.005535482186996654,False
M1_N1_L1_15Hz,202,primary,0.4,fx_deconv,wavelet_threshold,,0041E228CC1C6BFCFD299B76502A78E2628A5D8F8AD23ECA38CB126F828365E2,M1_N1_L1_15Hz_202_primary_g0.4.npy,6.219244036554191,0.00852870634245427,,2,1.0,0.01233843243550188,False
M1_N1_L1_15Hz,202,primary,0.5,fx_deconv,wavelet_threshold,,A29EBF338DF7F8F3B6AEC5D51570E7C935A2AD09C8ED1C3F00C601CB4635890C,M1_N1_L1_15Hz_202_primary_g0.5.npy,6.214787411709747,0.008536669889955278,,2,1.0,0.012333454775952003,False
M1_N1_L1_15Hz,202,primary,0.6,fx_deconv,wavelet_threshold,,80E2C344C55E6EC1C74C3A9FFB007AF00203B97C93F427C943901464DB72B77A,M1_N1_L1_15Hz_202_primary_g0.6.npy,6.210155128454023,0.008544873357727502,,2,1.0,0.01232837602126408,False
M1_N1_L1_15Hz,202,secondary,0.4,fx_deconv,svd_lowrank,,0C669AF9348B7C41A61563E980ED17757C1E70396A91F64C18237AB09DE817B0,M1_N1_L1_15Hz_202_secondary_g0.4.npy,7.633374428375454,0.005937389100372721,,2,0.0,0.01213592686649332,False
M1_N1_L1_15Hz,202,secondary,0.5,fx_deconv,svd_lowrank,,1EA285FA9FF37E8B2B2681BC0D78EC8E3F34A25010430C32FC2E1674B4C350BD,M1_N1_L1_15Hz_202_secondary_g0.5.npy,7.632118481914258,0.005939093915291411,,2,0.0,0.012134845962060416,False
M1_N1_L1_15Hz,202,secondary,0.6,fx_deconv,svd_lowrank,,8EBD73B538916B5CCC91CFAC73AEDC54FAA43E02704856E8D45FC5A9D7E6D84D,M1_N1_L1_15Hz_202_secondary_g0.6.npy,7.630804772335818,0.005940855875525273,,2,0.0,0.012133756525037934,False
M1_N1_L1_15Hz,303,primary,0.4,fx_deconv,wavelet_threshold,,AAABDD173D8E045C0E1C1BE8C276F512F1BBDBD022525F47341935E3828B8777,M1_N1_L1_15Hz_303_primary_g0.4.npy,6.27715870557603,0.004673657666681007,,1,2.0,0.005082860950678789,False
M1_N1_L1_15Hz,303,primary,0.5,fx_deconv,wavelet_threshold,,E8D7E63278CAC6461035B746B4D1170A9C68EAE319437528F9B2602AFBFAA723,M1_N1_L1_15Hz_303_primary_g0.5.npy,6.272812935302104,0.004679096517852853,,1,2.0,0.005067573224634425,False
M1_N1_L1_15Hz,303,primary,0.6,fx_deconv,wavelet_threshold,,C50E5B49112ABBAD15183B9F9DF11FFCF2BD880F9C0DB5FFDA7F515BDA4C06F2,M1_N1_L1_15Hz_303_primary_g0.6.npy,6.26830492261144,0.004684706165306209,,1,2.0,0.005052025042091695,False
M1_N1_L1_15Hz,303,secondary,0.4,fx_deconv,svd_lowrank,,BB41E59DD690BC538995D1896102A090B2441988B1813A607516D8C6CC485161,M1_N1_L1_15Hz_303_secondary_g0.4.npy,7.514450633961006,0.0034968884075757523,,1,0.0,0.0046295866597242975,False
M1_N1_L1_15Hz,303,secondary,0.5,fx_deconv,svd_lowrank,,1917BB7A94F9CAE4C3071FEBD76F4AE3CAD85ED0A2C2DAE628EAEF29AD02A09B,M1_N1_L1_15Hz_303_secondary_g0.5.npy,7.51317729602116,0.0034990945503581665,,1,0.0,0.004615251753116471,False
M1_N1_L1_15Hz,303,secondary,0.6,fx_deconv,svd_lowrank,,031F39E5800BE157991AB9499030237AE6DA79B4EC7C9DB3B6B55B79D3430944,M1_N1_L1_15Hz_303_secondary_g0.6.npy,7.5118483391937385,0.003501375037810078,,1,0.0,0.0046007083855507695,False
M1_N1_L1_15Hz,404,primary,0.4,fx_deconv,wavelet_threshold,,34D138E14802D851A930C96CE7AA6C6D8D8EB86C0FD9E6394B69B6C7274EBAD2,M1_N1_L1_15Hz_404_primary_g0.4.npy,6.324112348714227,0.006717329875012767,,2,0.0,0.0062019478098673635,False
M1_N1_L1_15Hz,404,primary,0.5,fx_deconv,wavelet_threshold,,B402D52368BC6B64710F7D5AD284C5AFDD3D095B5FBCB84E7E1C44BB923187D6,M1_N1_L1_15Hz_404_primary_g0.5.npy,6.319635104531471,0.006724141009623469,,2,0.0,0.006217126104000412,False
M1_N1_L1_15Hz,404,primary,0.6,fx_deconv,wavelet_threshold,,466B2063796657CDF1E94042D2A8E6F67757AFC3BC69E2757D78FCE27324403B,M1_N1_L1_15Hz_404_primary_g0.6.npy,6.314975147430744,0.0067311792188849235,,2,0.0,0.0062326363735872485,False
M1_N1_L1_15Hz,404,secondary,0.4,fx_deconv,svd_lowrank,,C0B3522A1BFF2C60E7B3F02266D95BB5CFA0997CCEE12AB9CF80551AD344CBFD,M1_N1_L1_15Hz_404_secondary_g0.4.npy,7.802561585973059,0.0047359697392842185,,2,0.0,0.005482096373775201,False
M1_N1_L1_15Hz,404,secondary,0.5,fx_deconv,svd_lowrank,,A6FDED039CDDDAAF3E696C7D17ECA1EF9C71217D0D717592D032523B5B45C6F6,M1_N1_L1_15Hz_404_secondary_g0.5.npy,7.801200358272212,0.004737981295101347,,2,0.0,0.005482554455120106,False
M1_N1_L1_15Hz,404,secondary,0.6,fx_deconv,svd_lowrank,,DF8D1095078A270A0B438F69354D1E1108F724D5477E2593C9E60AC5F2C36A23,M1_N1_L1_15Hz_404_secondary_g0.6.npy,7.799779240444536,0.00474006754929265,,2,0.0,0.005482996316354952,False
M1_N1_L1_15Hz,505,primary,0.4,fx_deconv,wavelet_threshold,,D593416E78DCD479F53DFD4E09072F3E966674DC7D4A5C1C4DBC24CC1F1A993C,M1_N1_L1_15Hz_505_primary_g0.4.npy,6.186443755456015,0.005447335316148206,,1,0.0,0.00396485601787726,False
M1_N1_L1_15Hz,505,primary,0.5,fx_deconv,wavelet_threshold,,B7E6F7E7393308D92280525FBE4506E535B8715E606A83B21EF2E18A7EE04733,M1_N1_L1_15Hz_505_primary_g0.5.npy,6.182279451615923,0.005452154271860745,,1,0.0,0.003954761486753542,False
M1_N1_L1_15Hz,505,primary,0.6,fx_deconv,wavelet_threshold,,CB874D2F344B6E4C5E399EE90838E2D0D29B40D02A31BE0177D09ED787EC8EFC,M1_N1_L1_15Hz_505_primary_g0.6.npy,6.17795135164857,0.0054571134902227725,,1,0.0,0.0039444921299769285,False
M1_N1_L1_15Hz,505,secondary,0.4,fx_deconv,svd_lowrank,,B485AEF354EA6E9EFE9A0FE547B9100B684806844BD54876A6F43F938B64B423,M1_N1_L1_15Hz_505_secondary_g0.4.npy,7.472043598861408,0.00411451380895662,,1,2.000000000000007,0.0030910644678218465,False
M1_N1_L1_15Hz,505,secondary,0.5,fx_deconv,svd_lowrank,,8E806828B20724A67BF9C5E69F062B070C8A03C1C2DA05E13F90FF9EDCEC0163,M1_N1_L1_15Hz_505_secondary_g0.5.npy,7.470917322992314,0.004116457907443041,,1,2.000000000000007,0.003083400728853064,False
M1_N1_L1_15Hz,505,secondary,0.6,fx_deconv,svd_lowrank,,267784814026EE652BA2B053556537AF70D1B5CA7CE39498A3B014682EA7863A,M1_N1_L1_15Hz_505_secondary_g0.6.npy,7.469744268451652,0.004118470067396492,,1,2.000000000000007,0.0030756166232669066,False
M1_N1_L1_25Hz,101,primary,0.4,fx_deconv,wavelet_threshold,,7085186C3645184333EFB3B8F78EBB9EA8D875E7A200F763E30517817546595D,M1_N1_L1_25Hz_101_primary_g0.4.npy,5.891774455786672,0.00515753867245475,,2,0.9999999999999964,0.010883108610464822,False
M1_N1_L1_25Hz,101,primary,0.5,fx_deconv,wavelet_threshold,,764A5A812D8249984EAB63CAD7B29355E3512A2EE3FB00E29C43D055A4EFBD57,M1_N1_L1_25Hz_101_primary_g0.5.npy,5.887601605756432,0.0051609828735091024,,2,0.9999999999999964,0.010872336238351144,False
M1_N1_L1_25Hz,101,primary,0.6,fx_deconv,wavelet_threshold,,C9DECF9B8547243331A06A14B77C53D193F27A36C9E198792809D4C677635260,M1_N1_L1_25Hz_101_primary_g0.6.npy,5.883225153692001,0.005164520798556777,,2,0.9999999999999964,0.010861372192944824,False
M1_N1_L1_25Hz,101,secondary,0.4,fx_deconv,svd_lowrank,,2C3B0165BAE84F19631F9521CC573543F6CFE0AC9B3C6B20963E07A865385554,M1_N1_L1_25Hz_101_secondary_g0.4.npy,7.236790769227875,0.0036972759653107136,,2,0.0,0.005552637779627523,False
M1_N1_L1_25Hz,101,secondary,0.5,fx_deconv,svd_lowrank,,1C0C78EFEE2AFBE71178113EE63D3C87008498AD6FFED5C5D64FA87AEB376469,M1_N1_L1_25Hz_101_secondary_g0.5.npy,7.236398699947829,0.0036973894248629856,,2,0.0,0.005535638300781747,False
M1_N1_L1_25Hz,101,secondary,0.6,fx_deconv,svd_lowrank,,5224A30120BE81A385122BE129B6B0F3628E6296CCEE9EF0C823C52074EAD304,M1_N1_L1_25Hz_101_secondary_g0.6.npy,7.235979486172175,0.003697511144525912,,2,0.0,0.005518340381170795,False
M1_N1_L1_25Hz,202,primary,0.4,fx_deconv,wavelet_threshold,,1BFB78AA0D94DC3C4E36D3F0146CEE2BD330D625091724B3EC1DAB11396B3A7C,M1_N1_L1_25Hz_202_primary_g0.4.npy,5.838982541950974,0.008231775689703682,,2,0.0,0.01583401265943494,False
M1_N1_L1_25Hz,202,primary,0.5,fx_deconv,wavelet_threshold,,09ED9A5FFC696A6D93352D48CE3E716A9FF9EACBF350BE59E1907122B10E5FA3,M1_N1_L1_25Hz_202_primary_g0.5.npy,5.834451097208566,0.00823974684476682,,2,0.0,0.015839411288107962,False
M1_N1_L1_25Hz,202,primary,0.6,fx_deconv,wavelet_threshold,,3365DDAA581CCBAB996E630B6E9433BF488F257823C37CDC5894AF0BDAB0B435,M1_N1_L1_25Hz_202_primary_g0.6.npy,5.829718846570826,0.008247913215283526,,2,0.0,0.01584488883189833,False
M1_N1_L1_25Hz,202,secondary,0.4,fx_deconv,svd_lowrank,,DF63B468FED637DBFB0A5622B1DD5D6C582177B0BED93AC7734777CC9B011111,M1_N1_L1_25Hz_202_secondary_g0.4.npy,7.273074240775818,0.005573184089474126,,2,0.0,0.014738094640825317,False
M1_N1_L1_25Hz,202,secondary,0.5,fx_deconv,svd_lowrank,,FBEC857B7FD080AB376DE8A1A3AB220608FAC583C9D0928028ED09FF6AC5F8E3,M1_N1_L1_25Hz_202_secondary_g0.5.npy,7.2723901421656105,0.005574106333263146,,2,0.0,0.014741273834676272,False
M1_N1_L1_25Hz,202,secondary,0.6,fx_deconv,svd_lowrank,,5BB64CAC0600E6612F0E59DB150A6B7D76FBAC6519C918F1AC877966953CFA83,M1_N1_L1_25Hz_202_secondary_g0.6.npy,7.271671637440866,0.005575052509945103,,2,0.0,0.014744520918916268,False
M1_N1_L1_25Hz,303,primary,0.4,fx_deconv,wavelet_threshold,,339E4BD1DD4622E1C84E5B45D3DB58AC80B883FA09302D708CEC7BA2122AADC5,M1_N1_L1_25Hz_303_primary_g0.4.npy,5.8738771993518135,0.006054412311355307,,4,0.0,0.016908666092411016,False
M1_N1_L1_25Hz,303,primary,0.5,fx_deconv,wavelet_threshold,,BFEE5B01D0D15B4F681AE43E07D7C6490A183264CC7160625902381CBB2422ED,M1_N1_L1_25Hz_303_primary_g0.5.npy,5.869742112806232,0.006059942995473507,,4,0.0,0.01689423878535679,False
M1_N1_L1_25Hz,303,primary,0.6,fx_deconv,wavelet_threshold,,E7B65D966D2834FA49B66ED69922B796C44113E9D30FBBA96EE51AFEAA8073CB,M1_N1_L1_25Hz_303_primary_g0.6.npy,5.865416607437442,0.00606562704088016,,4,0.0,0.016879542485033712,False
M1_N1_L1_25Hz,303,secondary,0.4,fx_deconv,svd_lowrank,,763A3A92460F918A2C380665310F5C09F0419FA38BA1A491794D542AD56C4E83,M1_N1_L1_25Hz_303_secondary_g0.4.npy,7.127894722080761,0.004413722096626285,,4,0.0,0.011513200247315097,False
M1_N1_L1_25Hz,303,secondary,0.5,fx_deconv,svd_lowrank,,05A5E0E65441895CBBD59B1C88A6EF9835A2984F2A9DB58095E5B33EC18AAB95,M1_N1_L1_25Hz_303_secondary_g0.5.npy,7.127422010821398,0.0044148318894163974,,4,0.0,0.011504190002236243,False
M1_N1_L1_25Hz,303,secondary,0.6,fx_deconv,svd_lowrank,,57FAA33655E0686CE3DED83E6E3E9C5646699ABD5FB9AE6B77B8B2B7AB910B1A,M1_N1_L1_25Hz_303_secondary_g0.6.npy,7.126924285546352,0.004415972979111272,,4,0.0,0.011495013418182327,False
M1_N1_L1_25Hz,404,primary,0.4,fx_deconv,wavelet_threshold,,340899A79A6167A74FFAD0C3B2767A3970A4047FF9B829F76352AE2DA56D7087,M1_N1_L1_25Hz_404_primary_g0.4.npy,5.9178119521536505,0.0071395986874508285,,3,0.0,0.011552298888036664,False
M1_N1_L1_25Hz,404,primary,0.5,fx_deconv,wavelet_threshold,,E218A0659D2BBEAF1BD9AFB49A5C45B384BD009EB26C05748AC7DB740752DDF3,M1_N1_L1_25Hz_404_primary_g0.5.npy,5.913429380708417,0.007146080565850103,,3,0.0,0.011574796750099793,False
M1_N1_L1_25Hz,404,primary,0.6,fx_deconv,wavelet_threshold,,EE8E65BBE805A9B2B726B7146618335702E679302990A0354EC65FEFC65CA474,M1_N1_L1_25Hz_404_primary_g0.6.npy,5.908850541975481,0.007152727204776486,,3,0.0,0.011597618210118437,False
M1_N1_L1_25Hz,404,secondary,0.4,fx_deconv,svd_lowrank,,6450DD99E19F8561D374F328175B9F9B0D223F413C0916FEE8FF979D8C9A97B4,M1_N1_L1_25Hz_404_secondary_g0.4.npy,7.3693934896864395,0.004902628405601689,,3,0.0,0.0009074952466846782,False
M1_N1_L1_25Hz,404,secondary,0.5,fx_deconv,svd_lowrank,,2553096D61B03AE6757F2F132406AE8C10EB3F490D6F2532909072C01D021A1F,M1_N1_L1_25Hz_404_secondary_g0.5.npy,7.368846980011886,0.004903255442012368,,3,0.0,0.0009087724427449306,False
M1_N1_L1_25Hz,404,secondary,0.6,fx_deconv,svd_lowrank,,7530CEB4C63E418DF46BEF1FD282A77FCC4640FE8379137DA5CB4CEE6D7E6940,M1_N1_L1_25Hz_404_secondary_g0.6.npy,7.368277388288044,0.004903898573073141,,3,0.0,0.0009100627299281967,False
M1_N1_L1_25Hz,505,primary,0.4,fx_deconv,wavelet_threshold,,3CF921A56FDD3A084520A7BBF86A1FEB2255846161A2291A1A8AB6296787A4D2,M1_N1_L1_25Hz_505_primary_g0.4.npy,5.804064905859608,0.006735113371242898,,4,2.0,0.019708751792393567,False
M1_N1_L1_25Hz,505,primary,0.5,fx_deconv,wavelet_threshold,,706D620588B4E9440175174497286AC29152AE8EAE2CC35F12522DBB045F2818,M1_N1_L1_25Hz_505_primary_g0.5.npy,5.799623414348243,0.00674045758539434,,4,2.0,0.019708003700802945,False
M1_N1_L1_25Hz,505,primary,0.6,fx_deconv,wavelet_threshold,,BA1A90C5CF8E5A44F4E249E2CDAA84235150387E8DC600A18457D50D119C501B,M1_N1_L1_25Hz_505_primary_g0.6.npy,5.794987312781831,0.00674594619214039,,4,2.0,0.019707193059831832,False
M1_N1_L1_25Hz,505,secondary,0.4,fx_deconv,svd_lowrank,,20A021D4DE33DCE12A980CA0979AAA1724473775C4E80616808895C14EC3AE75,M1_N1_L1_25Hz_505_secondary_g0.4.npy,7.085734905260093,0.00494036964368166,,4,1.0000000000000018,0.013407582100672276,False
M1_N1_L1_25Hz,505,secondary,0.5,fx_deconv,svd_lowrank,,91B9C61594297CF4626181A61CC3B2BAF55624EFB7BEF9E6014E3B00DD0D868F,M1_N1_L1_25Hz_505_secondary_g0.5.npy,7.085371248714932,0.0049411646691664545,,4,1.0000000000000018,0.013404466435877256,False
M1_N1_L1_25Hz,505,secondary,0.6,fx_deconv,svd_lowrank,,5ECAD32C65073787D5049A0B82CF6A9FA7B0E9FED52440DFC1F46C2C60C2A30F,M1_N1_L1_25Hz_505_secondary_g0.6.npy,7.084992778294712,0.0049419840979871114,,4,1.0000000000000018,0.013401284820416427,False
M1_N1_L1_40Hz,101,primary,0.4,fx_deconv,wavelet_threshold,,1B8BFE9040CA8188C64DDD524627614EF9C376A842BD79D4C624AC0691751630,M1_N1_L1_40Hz_101_primary_g0.4.npy,5.572422317889124,0.003959897273183446,,2,0.0,0.03216981239879317,False
M1_N1_L1_40Hz,101,primary,0.5,fx_deconv,wavelet_threshold,,C51BCBAC9615DE799863F6FF1DCEBE2D58A1251D3739413FF7F589CB30BD213A,M1_N1_L1_40Hz_101_primary_g0.5.npy,5.572422317889156,0.003959897273183446,,2,0.0,0.03216981239879335,False
M1_N1_L1_40Hz,101,primary,0.6,fx_deconv,wavelet_threshold,,A05AB8C25551EA05245F045C1681283B4D5A9A2A0E819CFCC67EE35FEEA36A0A,M1_N1_L1_40Hz_101_primary_g0.6.npy,5.572422317889188,0.003959897273183446,,2,0.0,0.032169812398793435,False
M1_N1_L1_40Hz,101,secondary,0.4,fx_deconv,svd_lowrank,,CFED1E9D8DA5445A9F49D7AE26FAE4DA1DD6EC32D9B92AE6A0BA53F6AFF690CE,M1_N1_L1_40Hz_101_secondary_g0.4.npy,6.922418416358713,0.0027311934793874263,,2,0.0,0.022802940488492247,False
M1_N1_L1_40Hz,101,secondary,0.5,fx_deconv,svd_lowrank,,26DF8BE8AA3CFE4F26DAEF2FB4F2B0D3F1583B0EB2B50766E9ECBA13F17DD8E3,M1_N1_L1_40Hz_101_secondary_g0.5.npy,6.922418416358752,0.002731193479387426,,2,0.0,0.022802940488492355,False
M1_N1_L1_40Hz,101,secondary,0.6,fx_deconv,svd_lowrank,,2D401FF1A946BC5CF2CF7AB03E13A664A399A48C61F43F6A21A6A8DFA766F177,M1_N1_L1_40Hz_101_secondary_g0.6.npy,6.922418416358791,0.002731193479387426,,2,0.0,0.022802940488492355,False
M1_N1_L1_40Hz,202,primary,0.4,fx_deconv,wavelet_threshold,,EE33F22BBEA35E2436E9270B5772FCBD2BE5E5A27D4A9E3AE3D5BC3DD23F4710,M1_N1_L1_40Hz_202_primary_g0.4.npy,5.634901362569391,0.0086445766042308,,3,2.0,0.030735853152518765,False
M1_N1_L1_40Hz,202,primary,0.5,fx_deconv,wavelet_threshold,,0A77511F80884D64A121C634A0C77044B6DC5E47F4C3F8480FB75A5E781B0B5F,M1_N1_L1_40Hz_202_primary_g0.5.npy,5.634901362569423,0.0086445766042308,,3,2.0,0.030735853152518953,False
M1_N1_L1_40Hz,202,primary,0.6,fx_deconv,wavelet_threshold,,68008AF10F38C2D4AB833D75CB4428731B0AA1743EA2CB8860D4A18C784E9015,M1_N1_L1_40Hz_202_primary_g0.6.npy,5.634901362569458,0.0086445766042308,,3,2.0,0.03073585315251914,False
M1_N1_L1_40Hz,202,secondary,0.4,fx_deconv,svd_lowrank,,4ED58893908D5D575A0E9E4FB871EAD4A54CD3F57669B66C5E0893F4029445AB,M1_N1_L1_40Hz_202_secondary_g0.4.npy,7.021551657492989,0.005602358602535865,,3,0.0,0.01548948393790643,False
M1_N1_L1_40Hz,202,secondary,0.5,fx_deconv,svd_lowrank,,BD78BF91B9E29B68BA4F96C0B5CA30B1C19794C62C6FA2A0A90C888DAEFD653F,M1_N1_L1_40Hz_202_secondary_g0.5.npy,7.021551657493028,0.005602358602535863,,3,0.0,0.015489483937906617,False
M1_N1_L1_40Hz,202,secondary,0.6,fx_deconv,svd_lowrank,,810F057118DE0899D2E86881C057DC86FB83A5ACA60D2DB812669E5454A66150,M1_N1_L1_40Hz_202_secondary_g0.6.npy,7.02155165749307,0.005602358602535862,,3,0.0,0.015489483937906803,False
M1_N1_L1_40Hz,303,primary,0.4,fx_deconv,wavelet_threshold,,78B9E3EC917F17BD3AFD1929E1343AA180D3E253A2F55A7A4DD1BC7774386E77,M1_N1_L1_40Hz_303_primary_g0.4.npy,5.538624395187513,0.006673399420692435,,3,0.0,0.023656892127882356,False
M1_N1_L1_40Hz,303,primary,0.5,fx_deconv,wavelet_threshold,,7A51D4BEBBFC116B964FABB5C3EC6B05D25F9F070BA31D317CCD72AA58A8C66B,M1_N1_L1_40Hz_303_primary_g0.5.npy,5.538624395187544,0.006673399420692435,,3,0.0,0.02365689212788271,False
M1_N1_L1_40Hz,303,primary,0.6,fx_deconv,wavelet_threshold,,AAA0E0BE5865C5EB31E3FB250BF13C63CD506AC58ED97072997C6D1D4F4C6649,M1_N1_L1_40Hz_303_primary_g0.6.npy,5.5386243951875755,0.006673399420692437,,3,0.0,0.02365689212788271,False
M1_N1_L1_40Hz,303,secondary,0.4,fx_deconv,svd_lowrank,,532DB867972AD1ECBC024F0F8E3264935C4DA44B5E3731BD30F172DD0541542C,M1_N1_L1_40Hz_303_secondary_g0.4.npy,6.796455751792095,0.00470567014733317,,3,0.0,0.01423350570072954,False
M1_N1_L1_40Hz,303,secondary,0.5,fx_deconv,svd_lowrank,,60B400827DAE1E6C1A41DE5F606DC57C2B15EAC15295CF43158174DCBA162D2B,M1_N1_L1_40Hz_303_secondary_g0.5.npy,6.796455751792127,0.004705670147333169,,3,0.0,0.01423350570072954,False
M1_N1_L1_40Hz,303,secondary,0.6,fx_deconv,svd_lowrank,,A77DD183E38E9F7AE38A23887C8256520A504219C31BE4D3B55795439278C850,M1_N1_L1_40Hz_303_secondary_g0.6.npy,6.796455751792163,0.004705670147333169,,3,0.0,0.01423350570072954,False
M1_N1_L1_40Hz,404,primary,0.4,fx_deconv,wavelet_threshold,,07A737635A7BDBE1EB7AD60222ECF71DE53AF14AA098A1994A6CC6D81CF5625E,M1_N1_L1_40Hz_404_primary_g0.4.npy,5.611895267544563,0.006042477721032556,,5,2.0,0.01802725927411774,False
M1_N1_L1_40Hz,404,primary,0.5,fx_deconv,wavelet_threshold,,2AEAE1BA476A78580D793D9374550B912B5F86E2FB06AD02DD55BE70C3AC36B2,M1_N1_L1_40Hz_404_primary_g0.5.npy,5.611895267544595,0.006042477721032556,,5,2.0,0.018027259274117406,False
M1_N1_L1_40Hz,404,primary,0.6,fx_deconv,wavelet_threshold,,655BEEE00D7E1C6EBB51CA7152C5085315F0E43FE2CC5599904D6306DCE473BB,M1_N1_L1_40Hz_404_primary_g0.6.npy,5.6118952675446305,0.006042477721032555,,5,2.0,0.01802725927411724,False
M1_N1_L1_40Hz,404,secondary,0.4,fx_deconv,svd_lowrank,,1D9FF0953F190ACF51D021781C10CC8206E99BCADE4D2A788CAF0ECDF482A571,M1_N1_L1_40Hz_404_secondary_g0.4.npy,7.070752565123913,0.003925393900219888,,5,0.0,0.01708174685652865,False
M1_N1_L1_40Hz,404,secondary,0.5,fx_deconv,svd_lowrank,,4DA1E27A4275DA8BED2DE9286E7927CCC23A2C1B5649B86045CEFE6E465FA435,M1_N1_L1_40Hz_404_secondary_g0.5.npy,7.070752565123952,0.0039253939002198875,,5,0.0,0.01708174685652865,False
M1_N1_L1_40Hz,404,secondary,0.6,fx_deconv,svd_lowrank,,F041B12212B1292726D4A9328EC04EB33740F07EC4F32EBF21F26C63C079B170,M1_N1_L1_40Hz_404_secondary_g0.6.npy,7.070752565123994,0.0039253939002198875,,5,0.0,0.017081746856528853,False
M1_N1_L1_40Hz,505,primary,0.4,fx_deconv,wavelet_threshold,,E21682D19009E18842F8592F8437EA483D98CADBA8FB2AD31195D77431C750AD,M1_N1_L1_40Hz_505_primary_g0.4.npy,5.471058979558178,0.007928315320995248,,5,0.0,0.028859232673704965,False
M1_N1_L1_40Hz,505,primary,0.5,fx_deconv,wavelet_threshold,,F9D76054819224DA99692602A21185B56520267A79DE39F8AC57A6017B2BA664,M1_N1_L1_40Hz_505_primary_g0.5.npy,5.471058979558206,0.007928315320995248,,5,0.0,0.028859232673705156,False
M1_N1_L1_40Hz,505,primary,0.6,fx_deconv,wavelet_threshold,,EF3358BE4A4CA7C7A2383F269FFFE2DBBF5E5BAA950AEC18A3073799CA114D7E,M1_N1_L1_40Hz_505_primary_g0.6.npy,5.4710589795582365,0.00792831532099525,,5,0.0,0.028859232673705156,False
M1_N1_L1_40Hz,505,secondary,0.4,fx_deconv,svd_lowrank,,D3DAE9A17B8060646EE1D4A4D4744A6B45783AFD6D97C17A8D88BAB5872B58C2,M1_N1_L1_40Hz_505_secondary_g0.4.npy,6.768127930690161,0.005629424490476829,,5,0.0,0.013224451796875812,False
M1_N1_L1_40Hz,505,secondary,0.5,fx_deconv,svd_lowrank,,EB06482497407A4742B9D0E010BA88193CBA1B5E0ADB0718460F344185BAA556,M1_N1_L1_40Hz_505_secondary_g0.5.npy,6.768127930690197,0.005629424490476829,,5,0.0,0.013224451796876084,False
M1_N1_L1_40Hz,505,secondary,0.6,fx_deconv,svd_lowrank,,2C2A9EE0A0E49F4EA869CE0F74CC0258DBA2186613FB6C05187638175274299C,M1_N1_L1_40Hz_505_secondary_g0.6.npy,6.768127930690232,0.005629424490476828,,5,0.0,0.013224451796876221,False
M1_N1_L2_15Hz,101,primary,0.4,fx_deconv,wavelet_threshold,,3844377849F14E4AA585DD33936FE951447AF50AF908E3BC6E36CF721C48C2A3,M1_N1_L2_15Hz_101_primary_g0.4.npy,6.424541231886407,0.030130324728085807,,1,0.0,0.015550763521061812,False
M1_N1_L2_15Hz,101,primary,0.5,fx_deconv,wavelet_threshold,,C445BACF4D80D7DB12E7E02F2E1578D4DA11A4FEB7C67370126B653AD3251D7E,M1_N1_L2_15Hz_101_primary_g0.5.npy,6.419928744579412,0.030161341288230437,,1,0.0,0.01561010174989071,False
M1_N1_L2_15Hz,101,primary,0.6,fx_deconv,wavelet_threshold,,D87AD739139B3C95C75E4827331A3D4782C45E09264ABF2FAABAF061CA22D0C4,M1_N1_L2_15Hz_101_primary_g0.6.npy,6.415130165467476,0.030193403082330008,,1,0.0,0.01567087927665722,False
M1_N1_L2_15Hz,101,secondary,0.4,fx_deconv,svd_lowrank,,9D703991B8E514DE1418866BA92B8BD953460A37F8588DA2A78EC9B1F5F96FE2,M1_N1_L2_15Hz_101_secondary_g0.4.npy,5.3672079168639915,0.03799975130434372,,1,1.999999999999993,0.02713629521735416,False
M1_N1_L2_15Hz,101,secondary,0.5,fx_deconv,svd_lowrank,,72794EB65F05AAA9471D4DAF25CD288CC8B773ECD4AF4B0704FD31673CEE6AEA,M1_N1_L2_15Hz_101_secondary_g0.5.npy,5.365917117266033,0.03802317017897957,,1,1.999999999999993,0.02717776620346867,False
M1_N1_L2_15Hz,101,secondary,0.6,fx_deconv,svd_lowrank,,FDA5B637649D325C15803DBD424F6D73F55A78846D0303081E05F252C833DF84,M1_N1_L2_15Hz_101_secondary_g0.6.npy,5.364577266062492,0.03804738122627042,,1,1.999999999999993,0.027220273195498336,False
M1_N1_L2_15Hz,202,primary,0.4,fx_deconv,wavelet_threshold,,EA3EF8701A1BF7E8DB1E93584CAE5E0EE75101D23D0F3EA9F7CB9A0917BE57E3,M1_N1_L2_15Hz_202_primary_g0.4.npy,6.299292091488416,0.03364338692893357,,2,1.0,0.020997682552347754,False
M1_N1_L2_15Hz,202,primary,0.5,fx_deconv,wavelet_threshold,,331F7B4814DF2CBCEE2B691BFE88999062589826442C7795773E71FCCCC33C08,M1_N1_L2_15Hz_202_primary_g0.5.npy,6.294624621301464,0.033675769397258894,,2,1.0,0.02098099779460033,False
M1_N1_L2_15Hz,202,primary,0.6,fx_deconv,wavelet_threshold,,1B5C1D025309D82A247733A7A5B7C5D2F2F0725EAE62AA2CF893A9C765A80B36,M1_N1_L2_15Hz_202_primary_g0.6.npy,6.289768134395027,0.03370923014401296,,2,1.0,0.020963886368405703,False
M1_N1_L2_15Hz,202,secondary,0.4,fx_deconv,svd_lowrank,,E9C9F31E857CA7515BA69233F7CD01B32CE0395D3EF29D7EEA30A4AEFD831937,M1_N1_L2_15Hz_202_secondary_g0.4.npy,5.2851048461109205,0.04138155194462529,,2,1.0,0.018184171105154672,False
M1_N1_L2_15Hz,202,secondary,0.5,fx_deconv,svd_lowrank,,C4A269FD0240B1772244A426B3DB72035C324740D6781DAA3C0C8915F84ABCE8,M1_N1_L2_15Hz_202_secondary_g0.5.npy,5.28320200256622,0.041397976790118245,,2,1.0,0.018198210513689684,False
M1_N1_L2_15Hz,202,secondary,0.6,fx_deconv,svd_lowrank,,F34E03D9A6917A7DFBB9BFC04182F4219C81A417CC7239CAB116C21E588D0501,M1_N1_L2_15Hz_202_secondary_g0.6.npy,5.28121874203954,0.04141493527741684,,2,1.0,0.018212539286143047,False
M1_N1_L2_15Hz,303,primary,0.4,fx_deconv,wavelet_threshold,,2331E5FCF48AEAC9D8A95F3426F3892C631D76EED4A2F10A84C58E67ABD002FB,M1_N1_L2_15Hz_303_primary_g0.4.npy,6.355208160121574,0.018369755287265775,,1,2.0,0.01243073262400464,False
M1_N1_L2_15Hz,303,primary,0.5,fx_deconv,wavelet_threshold,,B8031BD8B77CEA793E07362F935B2230741D3B4EAEA2E72D919829867D704BF4,M1_N1_L2_15Hz_303_primary_g0.5.npy,6.350647053917021,0.018392583924884836,,1,2.0,0.012366561415651886,False
M1_N1_L2_15Hz,303,primary,0.6,fx_deconv,wavelet_threshold,,3F867591C34E045B5250E9FE84B4606988949FBA89CF879C6A61BBB762CB4FD9,M1_N1_L2_15Hz_303_primary_g0.6.npy,6.345907921952861,0.018416212906238127,,1,2.0,0.012301125144204606,False
M1_N1_L2_15Hz,303,secondary,0.4,fx_deconv,svd_lowrank,,BC986136E9985EB0CCE81D5D134B06D0B8EFA7A4AFBAA8CC69A3CAD5C7D8E33B,M1_N1_L2_15Hz_303_secondary_g0.4.npy,5.306176786413641,0.02321326639577441,,1,0.0,0.004441602799586382,False
M1_N1_L2_15Hz,303,secondary,0.5,fx_deconv,svd_lowrank,,6F4E5B2D0D6DDFF698A58A5FE897DB05D2D7B9E11F52DFF7A45FB7A342096C3D,M1_N1_L2_15Hz_303_secondary_g0.5.npy,5.303773572556345,0.02323815164620193,,1,0.0,0.004364073408297004,False
M1_N1_L2_15Hz,303,secondary,0.6,fx_deconv,svd_lowrank,,918514C745E1EC8827684BFBDA4B83FB6F6CD312F4FA4DA66AD4A95B8AE569E9,M1_N1_L2_15Hz_303_secondary_g0.6.npy,5.3012745477837875,0.02326393413893819,,1,0.0,0.004284990923123657,False
M1_N1_L2_15Hz,404,primary,0.4,fx_deconv,wavelet_threshold,,B7050C0BA5EA9EBA89FD6D4576904A0FEABCC2E3B5DC77B08A801365CBAA71A9,M1_N1_L2_15Hz_404_primary_g0.4.npy,6.4054902370074664,0.02620512866786074,,2,0.9999999999999929,0.017458970583885625,False
M1_N1_L2_15Hz,404,primary,0.5,fx_deconv,wavelet_threshold,,9C4EEEAD9FBD582ACA6BA024EEF0C353C9A64C5FF324C1B6549DA5A212F3D4D3,M1_N1_L2_15Hz_404_primary_g0.5.npy,6.40077137834621,0.026232524403812296,,2,0.9999999999999929,0.017518403104909635,False
M1_N1_L2_15Hz,404,primary,0.6,fx_deconv,wavelet_threshold,,7C0D9C857077F992105C909CA301E201E60FBF458AA2B4EF5D2EC7108B9DBEAE,M1_N1_L2_15Hz_404_primary_g0.6.npy,6.395855161629715,0.02626090227527554,,2,0.9999999999999929,0.017579234505853056,False
M1_N1_L2_15Hz,404,secondary,0.4,fx_deconv,svd_lowrank,,CB7AA416B5715F5C882763CDD830A281D44723057127D802B5942775404C74C8,M1_N1_L2_15Hz_404_secondary_g0.4.npy,5.390281845206218,0.0329895127114576,,2,0.0,0.027793255358161344,False
M1_N1_L2_15Hz,404,secondary,0.5,fx_deconv,svd_lowrank,,9AB58C7EB9DE9E369145601B3666480B64AC5686E38D7D0D0431EBBC027B1ADB,M1_N1_L2_15Hz_404_secondary_g0.5.npy,5.388615716522182,0.0330100970868456,,2,0.0,0.027825986949299258,False
M1_N1_L2_15Hz,404,secondary,0.6,fx_deconv,svd_lowrank,,F258531D642D2DB4762D3A2EE34AA278AF343149233A6B87470D1472F0E43A5F,M1_N1_L2_15Hz_404_secondary_g0.6.npy,5.386885306425562,0.033031436916889576,,2,0.0,0.027859446749803844,False
M1_N1_L2_15Hz,505,primary,0.4,fx_deconv,wavelet_threshold,,2586422FFF079A557689BC8D3DB09017C81E7FF9BD8BBB9F37DB7D7425AEA210,M1_N1_L2_15Hz_505_primary_g0.4.npy,6.251144916873383,0.021494473636951367,,1,0.0,0.00831593308615632,False
M1_N1_L2_15Hz,505,primary,0.5,fx_deconv,wavelet_threshold,,3B264C6E02495497E0E5FD1A89DE23D79C62D40913623BB482C6AA723AB048F4,M1_N1_L2_15Hz_505_primary_g0.5.npy,6.246827370294335,0.021513879366682795,,1,0.0,0.00827291506684671,False
M1_N1_L2_15Hz,505,primary,0.6,fx_deconv,wavelet_threshold,,C63768D224F9D102B47029E84D84B383A6688D4E1B38C65EEFBECAD428724224,M1_N1_L2_15Hz_505_primary_g0.6.npy,6.242336143992539,0.02153390218573932,,1,0.0,0.008229067098364982,False
M1_N1_L2_15Hz,505,secondary,0.4,fx_deconv,svd_lowrank,,DB154E87A6EACF8B6F48E216DF9F9674306ACE0D9B43B783528B70CC6B8239F1,M1_N1_L2_15Hz_505_secondary_g0.4.npy,5.217334040382243,0.02648166610311429,,1,4.000000000000007,0.0008812762157276829,False
M1_N1_L2_15Hz,505,secondary,0.5,fx_deconv,svd_lowrank,,FF66EF5F80BD182A52B069DCA7C3526D3923F32286350128BD2D9B3202B1C926,M1_N1_L2_15Hz_505_secondary_g0.5.npy,5.215136979394506,0.026505313661462773,,1,4.000000000000007,0.0009291736118311045,False
M1_N1_L2_15Hz,505,secondary,0.6,fx_deconv,svd_lowrank,,BE6ED524E3E3224E6DD4C0BF3803F5600ABA3FD2C2F5593C05B65789B956A691,M1_N1_L2_15Hz_505_secondary_g0.6.npy,5.212855924539584,0.026529704274335632,,1,4.000000000000007,0.000978033602230235,False
M1_N1_L2_25Hz,101,primary,0.4,fx_deconv,wavelet_threshold,,AF8F8B7149F8917F32A2123A069E94B635B1C41705EA78CC5865537F4DE12BAB,M1_N1_L2_25Hz_101_primary_g0.4.npy,6.012483535882709,0.020114395879389128,,2,0.9999999999999964,0.02411367592137291,False
M1_N1_L2_25Hz,101,primary,0.5,fx_deconv,wavelet_threshold,,1E84C186183C2489459E1DA26FB9255A784C4C8BCC827FFBB1D1DCD8A55736DB,M1_N1_L2_25Hz_101_primary_g0.5.npy,6.007852978596353,0.02012693227085423,,2,0.9999999999999964,0.024072782772642493,False
M1_N1_L2_25Hz,101,primary,0.6,fx_deconv,wavelet_threshold,,218F860DB30B2A6227A9B70064E5FCA5C17A83D47C8AB239EF926A2CF47F7854,M1_N1_L2_25Hz_101_primary_g0.6.npy,6.00298841706564,0.020139867688765516,,2,0.9999999999999964,0.024031058057777444,False
M1_N1_L2_25Hz,101,secondary,0.4,fx_deconv,svd_lowrank,,C7B304EB389DAE917A50F74AEBF40DB3939037DE4B1CAA1D9A4AD69F3C0E786F,M1_N1_L2_25Hz_101_secondary_g0.4.npy,5.083402483680374,0.023712345385285157,,2,1.0,0.00902318624068001,False
M1_N1_L2_25Hz,101,secondary,0.5,fx_deconv,svd_lowrank,,841D82E0EF01ED3A87CC1C7222CA2BCD2974660974A82FE141C308FA498CA409,M1_N1_L2_25Hz_101_secondary_g0.5.npy,5.082856270605723,0.023711733923655314,,2,1.0,0.009011484584373786,False
M1_N1_L2_25Hz,101,secondary,0.6,fx_deconv,svd_lowrank,,ECE8979D86EA21A79E1908941EDB667FBC822AA1A1CA348419F0BA7C9E50490C,M1_N1_L2_25Hz_101_secondary_g0.6.npy,5.082278136576877,0.023711077664621195,,2,1.0,0.008999597549245923,False
M1_N1_L2_25Hz,202,primary,0.4,fx_deconv,wavelet_threshold,,B9742EF5EA7E3F20CAB14163774525750FEC1311373851E059776CE3AB25B62B,M1_N1_L2_25Hz_202_primary_g0.4.npy,5.9734061037196655,0.03182943712845066,,2,0.0,0.0344046180985567,False
M1_N1_L2_25Hz,202,primary,0.5,fx_deconv,wavelet_threshold,,6B49124D4D3139B7C114BBD1999BE1561567E8B99E204EAFD28C94B8CDB039BC,M1_N1_L2_25Hz_202_primary_g0.5.npy,5.968443471519689,0.03186042439718506,,2,0.0,0.034418820228671494,False
M1_N1_L2_25Hz,202,primary,0.6,fx_deconv,wavelet_threshold,,9A2A1C8D52E9B0A9C4D6F3F71BBB081F072A0A2BE5022CCE569E5542164EC0B2,M1_N1_L2_25Hz_202_primary_g0.6.npy,5.96324469894467,0.03189233366560737,,2,0.0,0.03443331106933559,False
M1_N1_L2_25Hz,202,secondary,0.4,fx_deconv,svd_lowrank,,ADEE28052C01695783BD8B5A068C3285E0DDF1948AC616FAB37C43D57F225F8A,M1_N1_L2_25Hz_202_secondary_g0.4.npy,5.078869427195429,0.03698228656698895,,2,0.0,0.03447946138539838,False
M1_N1_L2_25Hz,202,secondary,0.5,fx_deconv,svd_lowrank,,ACADE4CE13FB588B9685DB40D76BF7835E16BE246A0AD5E9E63A2084AF8DF669,M1_N1_L2_25Hz_202_secondary_g0.5.npy,5.077470682300876,0.036991694080086165,,2,0.0,0.034511727866321465,False
M1_N1_L2_25Hz,202,secondary,0.6,fx_deconv,svd_lowrank,,73E2FEC1C683C56336843C8952EC11534BBAA6145625344DEFDDE9DF670F961D,M1_N1_L2_25Hz_202_secondary_g0.6.npy,5.076003157008526,0.03700135927802984,,2,0.0,0.03454480657896232,False
M1_N1_L2_25Hz,303,primary,0.4,fx_deconv,wavelet_threshold,,B5F5FB92346E5F9245AFE345A5FE694260A675B366394EEF6BC2D076CC7E5D27,M1_N1_L2_25Hz_303_primary_g0.4.npy,6.026966123656898,0.02328328324494244,,4,0.0,0.034669401886598006,False
M1_N1_L2_25Hz,303,primary,0.5,fx_deconv,wavelet_threshold,,DD13F45AEDD17176848B6F6128C81B2F2AC5A3C69F0817E9C69EE0FCDCFA0086,M1_N1_L2_25Hz_303_primary_g0.5.npy,6.02223240324177,0.023305821095258885,,4,0.0,0.03459934335742077,False
M1_N1_L2_25Hz,303,primary,0.6,fx_deconv,wavelet_threshold,,E7BFC66C35FAD8D93AC26EB6CDBD95B0325FD2F3ED7EA17060A254714A60129F,M1_N1_L2_25Hz_303_primary_g0.6.npy,6.0172709134801945,0.023329091159385747,,4,0.0,0.03452763034958171,False
M1_N1_L2_25Hz,303,secondary,0.4,fx_deconv,svd_lowrank,,06DE8CA33FA9B7982E402DFA20517122992141B6307919A45424AC745CC48561,M1_N1_L2_25Hz_303_secondary_g0.4.npy,5.069812540643522,0.028056188774941402,,4,1.0,0.015821674744207592,False
M1_N1_L2_25Hz,303,secondary,0.5,fx_deconv,svd_lowrank,,BAE1FDC56902C3B58F1EE8DE44A1634A9EA838D7084535F34640CB46A20088D9,M1_N1_L2_25Hz_303_secondary_g0.5.npy,5.068409757157845,0.028070998593018728,,4,1.0,0.015799879871256223,False
M1_N1_L2_25Hz,303,secondary,0.6,fx_deconv,svd_lowrank,,74DCB2E9E66F0F7A6EFB93DE1AE8D2335090F5F9CE47FF29E2CBFAAF50F6D438,M1_N1_L2_25Hz_303_secondary_g0.6.npy,5.066935723424377,0.028086257935776897,,4,1.0,0.0157773746249147,False
M1_N1_L2_25Hz,404,primary,0.4,fx_deconv,wavelet_threshold,,1266752699D6A9CEF66A8CD8BFBA6D1661C31A9495E0B7DCDFCE34F59484193B,M1_N1_L2_25Hz_404_primary_g0.4.npy,6.037962802816838,0.027652010077092802,,3,0.0,0.01838026548663792,False
M1_N1_L2_25Hz,404,primary,0.5,fx_deconv,wavelet_threshold,,ACEE002F58E2349C6014980D67A4050222748AD0F8E551096F70874157E7C52D,M1_N1_L2_25Hz_404_primary_g0.5.npy,6.033155017927753,0.02767813712691755,,3,0.0,0.018289565840484575,False
M1_N1_L2_25Hz,404,primary,0.6,fx_deconv,wavelet_threshold,,A677E9B1577A972A9C97ABB175511F5BCB326E52B10A80FECF21552FA8ED5807,M1_N1_L2_25Hz_404_primary_g0.6.npy,6.028117298943342,0.02770505914747739,,3,0.0,0.018196984040165027,False
M1_N1_L2_25Hz,404,secondary,0.4,fx_deconv,svd_lowrank,,64CE95D54BCD4782E7A09C45F9F631FE8BA62CF3100A3F2CB4F2E8AC4E360625,M1_N1_L2_25Hz_404_secondary_g0.4.npy,5.152356075318791,0.03287767445918929,,3,0.0,0.026641753227098955,False
M1_N1_L2_25Hz,404,secondary,0.5,fx_deconv,svd_lowrank,,CA948A3F77CAEBA6F180B6A684A8A9410D45237E10EB0D5998CA79B7F3495C59,M1_N1_L2_25Hz_404_secondary_g0.5.npy,5.151492783900719,0.03289240234573226,,3,0.0,0.0266589429505323,False
M1_N1_L2_25Hz,404,secondary,0.6,fx_deconv,svd_lowrank,,9199FA08DDA9A63542E42623EEE4D5E5CD584CA23575A17C9F64055A3CC2A0CB,M1_N1_L2_25Hz_404_secondary_g0.6.npy,5.150592275296332,0.03290761114145231,,3,0.0,0.026676811180045404,False
M1_N1_L2_25Hz,505,primary,0.4,fx_deconv,wavelet_threshold,,9AF4A0E4C6AD5047BF91700AA32098F99F5591304073462FB094719A4C7AA2D7,M1_N1_L2_25Hz_505_primary_g0.4.npy,5.93084439562373,0.026270844495725813,,4,2.0,0.040530443806723486,False
M1_N1_L2_25Hz,505,primary,0.5,fx_deconv,wavelet_threshold,,52866598562F2DEB392F7AF91E90FCD72DABF6676C2C5541E4682994BAA404D4,M1_N1_L2_25Hz_505_primary_g0.5.npy,5.926025593745189,0.02629222429714431,,4,2.0,0.040488178725390206,False
M1_N1_L2_25Hz,505,primary,0.6,fx_deconv,wavelet_threshold,,7A1B9B2254C961AA5E382D4F6B3A4AE6867001AF686EDDA6B8A8B7F4F7792ACC,M1_N1_L2_25Hz_505_primary_g0.6.npy,5.920980965248178,0.026314293179357438,,4,2.0,0.04044485965820421,False
M1_N1_L2_25Hz,505,secondary,0.4,fx_deconv,svd_lowrank,,09E32CFA721AA817ED0A5693719328A1EA05682B97C2D27F14B100492C78EBBD,M1_N1_L2_25Hz_505_secondary_g0.4.npy,4.993541385066498,0.030887205233119015,,4,2.9999999999999982,0.018537786320745833,False
M1_N1_L2_25Hz,505,secondary,0.5,fx_deconv,svd_lowrank,,2A1D2EB820078720B89C0238CA9DD6F7638A2761B7E86D5586799A6D7EC82E3D,M1_N1_L2_25Hz_505_secondary_g0.5.npy,4.992197665450247,0.030901048950680837,,4,2.9999999999999982,0.018572944012587984,False
M1_N1_L2_25Hz,505,secondary,0.6,fx_deconv,svd_lowrank,,4AA03B754B406926C75185ED34EE395532A4E32BE226197F07B021BAACFB3F3F,M1_N1_L2_25Hz_505_secondary_g0.6.npy,4.990795058025505,0.030915368863330135,,4,2.9999999999999982,0.018608835618793645,False
M1_N1_L2_40Hz,101,primary,0.4,fx_deconv,wavelet_threshold,,0F192ABC740DD95EE0A3AD6DD0B181C896156B8719FE04EC554E21E5933F5241,M1_N1_L2_40Hz_101_primary_g0.4.npy,5.710687932648815,0.016550008637818643,,2,1.0,0.08065476230085972,False
M1_N1_L2_40Hz,101,primary,0.5,fx_deconv,wavelet_threshold,,004DB016840028039E1B11B753199848E34A16172A66F3B7AE35FB0C85356E4F,M1_N1_L2_40Hz_101_primary_g0.5.npy,5.710687932648849,0.016550008637818643,,2,1.0,0.0806547623008602,False
M1_N1_L2_40Hz,101,primary,0.6,fx_deconv,wavelet_threshold,,977CB4D968D9B1CEE4CFE93E7DA50F5E85F3E0A78E82BFA130779E23ACF4C16B,M1_N1_L2_40Hz_101_primary_g0.6.npy,5.710687932648884,0.016550008637818647,,2,1.0,0.08065476230086047,False
M1_N1_L2_40Hz,101,secondary,0.4,fx_deconv,svd_lowrank,,FDA8C5F76752E9C12F4469275EC50BFEA8D8A6350625AB694A196ABC73EDB008,M1_N1_L2_40Hz_101_secondary_g0.4.npy,4.8933417655974925,0.017976560251626805,,2,0.0,0.0574602386513883,False
M1_N1_L2_40Hz,101,secondary,0.5,fx_deconv,svd_lowrank,,8BAC213DA198CEBFE1E41CF29DFB01E2493FA181B192ED0219FE01C096D95E88,M1_N1_L2_40Hz_101_secondary_g0.5.npy,4.8933417655975315,0.0179765602516268,,2,0.0,0.05746023865138883,False
M1_N1_L2_40Hz,101,secondary,0.6,fx_deconv,svd_lowrank,,27C64A48926DB43C53FF249CCDC549158932831EFA3F5DCD82509A01748BCDE5,M1_N1_L2_40Hz_101_secondary_g0.6.npy,4.893341765597572,0.017976560251626795,,2,0.0,0.057460238651389564,False
M1_N1_L2_40Hz,202,primary,0.4,fx_deconv,wavelet_threshold,,D8DB80F0BBB259EBBF3C99501CF3FBDE13FFB98798A2D1954F324B32CAF9D2C7,M1_N1_L2_40Hz_202_primary_g0.4.npy,5.778986747846048,0.03365482517064043,,3,2.0,0.0625352184280463,False
M1_N1_L2_40Hz,202,primary,0.5,fx_deconv,wavelet_threshold,,C83E6DEDD569CAE36E940B47B692671A9ECE71E6742EBDED7EE7DDD4FDA60982,M1_N1_L2_40Hz_202_primary_g0.5.npy,5.778986747846082,0.03365482517064043,,3,2.0,0.06253521842804705,False
M1_N1_L2_40Hz,202,primary,0.6,fx_deconv,wavelet_threshold,,AA279AC3A96AAC8E8C69E2B8248B0C2EFC195428173CEA9484B2499791172135,M1_N1_L2_40Hz_202_primary_g0.6.npy,5.778986747846117,0.03365482517064042,,3,2.0,0.0625352184280478,False
M1_N1_L2_40Hz,202,secondary,0.4,fx_deconv,svd_lowrank,,A389F86E39E1794F5C1BAFCED787BD1C811D796D53D0020CC08F64ED7A68749A,M1_N1_L2_40Hz_202_secondary_g0.4.npy,5.0145101020773915,0.036376869983012906,,3,0.0,0.03155652405766279,False
M1_N1_L2_40Hz,202,secondary,0.5,fx_deconv,svd_lowrank,,8E00B8D843F93DBB56AF05DA8F2AF71F9C4E22FC110FFF3E50B1242FCEE5C17B,M1_N1_L2_40Hz_202_secondary_g0.5.npy,5.0145101020774305,0.036376869983012865,,3,0.0,0.03155652405766141,False
M1_N1_L2_40Hz,202,secondary,0.6,fx_deconv,svd_lowrank,,104C32E66D59E65DE90D32A825282E99B4F9994B5844D2A6DA6AF854792D2836,M1_N1_L2_40Hz_202_secondary_g0.6.npy,5.014510102077473,0.03637686998301282,,3,0.0,0.03155652405766004,False
M1_N1_L2_40Hz,303,primary,0.4,fx_deconv,wavelet_threshold,,5D790EB46BB75837E6C6B718B663893D0D90D8CD96F39FB2134ABB551901D3E9,M1_N1_L2_40Hz_303_primary_g0.4.npy,5.679491925791428,0.025942003627144352,,3,0.0,0.05700963620221223,False
M1_N1_L2_40Hz,303,primary,0.5,fx_deconv,wavelet_threshold,,17D8A6813E5FDF0EB310D9FBADCAC7F315D34796817D2F058990DB342AFA44C5,M1_N1_L2_40Hz_303_primary_g0.5.npy,5.6794919257914565,0.025942003627144352,,3,0.0,0.05700963620221276,False
M1_N1_L2_40Hz,303,primary,0.6,fx_deconv,wavelet_threshold,,0A2061B839D925A9BE46151CA379B9B26A68D4E5A80BD9A83596231B50A08ED0,M1_N1_L2_40Hz_303_primary_g0.6.npy,5.67949192579149,0.025942003627144345,,3,0.0,0.05700963620221348,False
M1_N1_L2_40Hz,303,secondary,0.4,fx_deconv,svd_lowrank,,A79EA44FAC4B38549C2108A267848801E412A834D6042FF1F4018F434D652DB6,M1_N1_L2_40Hz_303_secondary_g0.4.npy,4.872811631712267,0.02897796620548465,,3,0.0,0.03609993825770452,False
M1_N1_L2_40Hz,303,secondary,0.5,fx_deconv,svd_lowrank,,5301789518278AC59D7ACA5541058205DE8A02BCC422847F13923B6ABA5F0AEF,M1_N1_L2_40Hz_303_secondary_g0.5.npy,4.872811631712304,0.028977966205484627,,3,0.0,0.03609993825770492,False
M1_N1_L2_40Hz,303,secondary,0.6,fx_deconv,svd_lowrank,,4CA8EDEBE9BE43B5DA2E7632D01AFCD1063C53243825FF6CBDE9D1F9A5FC8C2F,M1_N1_L2_40Hz_303_secondary_g0.6.npy,4.87281163171234,0.028977966205484602,,3,0.0,0.036099938257705716,False
M1_N1_L2_40Hz,404,primary,0.4,fx_deconv,wavelet_threshold,,D90B7613C338441C6BE95568911BA1BF71C39EBCB9DE34DC3645B5D7C8DAD31D,M1_N1_L2_40Hz_404_primary_g0.4.npy,5.76782593969545,0.02393367209284603,,5,2.0,0.033073070412057745,False
M1_N1_L2_40Hz,404,primary,0.5,fx_deconv,wavelet_threshold,,AD4E93EEEB4B75E74625313EB0819140BF99FA4BD1FC6C2D19217A842CA51348,M1_N1_L2_40Hz_404_primary_g0.5.npy,5.767825939695483,0.023933672092846022,,5,2.0,0.03307307041205839,False
M1_N1_L2_40Hz,404,primary,0.6,fx_deconv,wavelet_threshold,,59D7EE8A83ADDB32B7A5810DAB5EA10411145B2C2EB983A74A0C02656F430A9A,M1_N1_L2_40Hz_404_primary_g0.6.npy,5.767825939695519,0.02393367209284601,,5,2.0,0.03307307041205871,False
M1_N1_L2_40Hz,404,secondary,0.4,fx_deconv,svd_lowrank,,DF824F1E1176E3AF0D6CDA3F9742D1D577E6E306BD9D81CB6D12AAE66F737BBD,M1_N1_L2_40Hz_404_secondary_g0.4.npy,5.007758197122452,0.026207438088245157,,5,0.0,0.043979710160177904,False
M1_N1_L2_40Hz,404,secondary,0.5,fx_deconv,svd_lowrank,,B5DBE38ACE0DF5DEFD818862D9654218876CFE1673A13D0C80AE72665A8947BA,M1_N1_L2_40Hz_404_secondary_g0.5.npy,5.007758197122491,0.026207438088245136,,5,0.0,0.04397971016017831,False
M1_N1_L2_40Hz,404,secondary,0.6,fx_deconv,svd_lowrank,,4E6E402DD8ABB54F1EAC1E16261CAE1BD5C3BA7E44145ADE0A26CDBD2DDC6BD9,M1_N1_L2_40Hz_404_secondary_g0.6.npy,5.007758197122533,0.026207438088245116,,5,0.0,0.043979710160178924,False
M1_N1_L2_40Hz,505,primary,0.4,fx_deconv,wavelet_threshold,,9E0DAE988C55CB0937C6A1469844770DA15B05C95AA1F14FAA1E1855CCC3B41A,M1_N1_L2_40Hz_505_primary_g0.4.npy,5.608846649868178,0.031352722963389645,,5,0.0,0.05894876575414486,False
M1_N1_L2_40Hz,505,primary,0.5,fx_deconv,wavelet_threshold,,D21308AA6C5A8778408DCC6D777C793DEFF40B9963147327BC4CB1B865BC4271,M1_N1_L2_40Hz_505_primary_g0.5.npy,5.608846649868208,0.03135272296338965,,5,0.0,0.058948765754145954,False
M1_N1_L2_40Hz,505,primary,0.6,fx_deconv,wavelet_threshold,,DB4DC5354D1B5228C88C451ED2A8D201C83793A8D7D9FCB00E07948CE607859C,M1_N1_L2_40Hz_505_primary_g0.6.npy,5.60884664986824,0.03135272296338965,,5,0.0,0.058948765754147314,False
M1_N1_L2_40Hz,505,secondary,0.4,fx_deconv,svd_lowrank,,97A0F6C4B1A1CCFE68BF2157BB18B50DD88FB1BD8280B1C7FF40F42539BDB046,M1_N1_L2_40Hz_505_secondary_g0.4.npy,4.822627602413447,0.03473311369030315,,5,0.0,0.0075754100439540195,False
M1_N1_L2_40Hz,505,secondary,0.5,fx_deconv,svd_lowrank,,6248559EB14D6E1CAD059F4B8CDD784A62CE19FF7AB8372C28247F37E115DC1B,M1_N1_L2_40Hz_505_secondary_g0.5.npy,4.822627602413482,0.03473311369030313,,5,0.0,0.007575410043952655,False
M1_N1_L2_40Hz,505,secondary,0.6,fx_deconv,svd_lowrank,,919C262F3D2E2A9B36AFE6D35C9A087F92F9D12FF8D54501A0C4F84E08F3BD08,M1_N1_L2_40Hz_505_secondary_g0.6.npy,4.82262760241352,0.034733113690303116,,5,0.0,0.007575410043951018,False
M1_N1_L3_15Hz,101,primary,0.4,fx_deconv,wavelet_threshold,,6ED1CC9BF5B8642740EE2F72585E11F210BC984F695B1CB7D5CCA6E5B659EB8B,M1_N1_L3_15Hz_101_primary_g0.4.npy,6.495622809608296,0.08252159598676839,,1,1.999999999999993,0.042308892313624474,False
M1_N1_L3_15Hz,101,primary,0.5,fx_deconv,wavelet_threshold,,C7BF3C68D8365C728E9998E7FBD22A500E23CA1E33A477574122C3BAD2D85AFD,M1_N1_L3_15Hz_101_primary_g0.5.npy,6.490862843668226,0.08260901252795577,,1,1.999999999999993,0.04246634911056222,False
M1_N1_L3_15Hz,101,primary,0.6,fx_deconv,wavelet_threshold,,80B8B43E1D60C009199529FE367803447305AAF79BA28B56EE0C8DB4E6E627B9,M1_N1_L3_15Hz_101_primary_g0.6.npy,6.485907831589264,0.08269954301419921,,1,1.999999999999993,0.04262787550663472,False
M1_N1_L3_15Hz,101,secondary,0.4,fx_deconv,svd_lowrank,,4C62BBA3882D9DCA18BC2459A3F42DCCBF3461FCA3730442CE51725186984C25,M1_N1_L3_15Hz_101_secondary_g0.4.npy,5.022571358619583,0.11369020287057413,,1,1.999999999999993,0.07903521204390052,False
M1_N1_L3_15Hz,101,secondary,0.5,fx_deconv,svd_lowrank,,DA1537F14C647ACFE667240095ED785A780613B46F75DB623B688AC96324557C,M1_N1_L3_15Hz_101_secondary_g0.5.npy,5.02070269361262,0.113753751237752,,1,1.999999999999993,0.07913922112691316,False
M1_N1_L3_15Hz,101,secondary,0.6,fx_deconv,svd_lowrank,,0EA9BA156CD6EE14658DF33EC886F2A47E0649A12DBE917C488F0D7CA0BBA562,M1_N1_L3_15Hz_101_secondary_g0.6.npy,5.018757018863364,0.11381955276171157,,1,1.999999999999993,0.07924607177343063,False
M1_N1_L3_15Hz,202,primary,0.4,fx_deconv,wavelet_threshold,,744CDFB4D1D5364ED1A77A1E721A9862B570FD4F3AD1888EC8D322216FB7879C,M1_N1_L3_15Hz_202_primary_g0.4.npy,6.363261093154065,0.0922267207482224,,2,2.0,0.025523660271550116,False
M1_N1_L3_15Hz,202,primary,0.5,fx_deconv,wavelet_threshold,,D64529FA6873B8FDAC00EBCE099AF19B015BA9F76454E70D49B14F80008AB7D4,M1_N1_L3_15Hz_202_primary_g0.5.npy,6.358449208780302,0.09231731986194242,,2,2.0,0.02548715612591512,False
M1_N1_L3_15Hz,202,primary,0.6,fx_deconv,wavelet_threshold,,08AFCB08D91AF58CA9E91EB6479FFF8ADD9C0463227AE9AAF1CF6D29CF90CF58,M1_N1_L3_15Hz_202_primary_g0.6.npy,6.3534393618516685,0.09241116799247802,,2,2.0,0.025449555700138016,False
M1_N1_L3_15Hz,202,secondary,0.4,fx_deconv,svd_lowrank,,2025F227690343FE336BB7A8737491BBDB52541DCD7455E9DE0EF0AA31BDECD1,M1_N1_L3_15Hz_202_secondary_g0.4.npy,4.959322977261941,0.12550512504173097,,2,2.0,0.02336756367537589,False
M1_N1_L3_15Hz,202,secondary,0.5,fx_deconv,svd_lowrank,,31D520439DA6BBF9BAAE873DF8773DC9455A76E9C3EC5F9A9EC0F8707FF5255E,M1_N1_L3_15Hz_202_secondary_g0.5.npy,4.958056494614786,0.12556875082511237,,2,2.0,0.023456537432323996,False
M1_N1_L3_15Hz,202,secondary,0.6,fx_deconv,svd_lowrank,,57AF03974C6F92F6D938EAB6734F6F416106FABC86D4D3574B8BD3012C90FEF2,M1_N1_L3_15Hz_202_secondary_g0.6.npy,4.956740672459649,0.12563452025458652,,2,2.0,0.023547894993665237,False
M1_N1_L3_15Hz,303,primary,0.4,fx_deconv,wavelet_threshold,,2B6D83671C2322E4389FBAE8AD11DA030D3B9A96C2E5C7FA7715DFC14117BE4D,M1_N1_L3_15Hz_303_primary_g0.4.npy,6.444592201712618,0.05066274194678956,,1,2.0,0.018497595645632487,False
M1_N1_L3_15Hz,303,primary,0.5,fx_deconv,wavelet_threshold,,BA88E1C199415D865B50E47BA890248373E1379CBCBB8B533B9298852556E7A8,M1_N1_L3_15Hz_303_primary_g0.5.npy,6.439930986675994,0.05072718912177821,,1,2.0,0.0183250094849981,False
M1_N1_L3_15Hz,303,primary,0.6,fx_deconv,wavelet_threshold,,A8AB6B1DBB0F93AF8F36D73BE77DC80E82154C9D54B255BA03BD641EC5CF9841,M1_N1_L3_15Hz_303_primary_g0.6.npy,6.435081218726876,0.050794101499253466,,1,2.0,0.018148646655752734,False
M1_N1_L3_15Hz,303,secondary,0.4,fx_deconv,svd_lowrank,,E96824E423AE2AA90632DCFB808A816458060E7B6AA5D3563FA72AAFDCB86E2E,M1_N1_L3_15Hz_303_secondary_g0.4.npy,4.955257364426482,0.07029087760486921,,1,0.0,0.005891542396092617,False
M1_N1_L3_15Hz,303,secondary,0.5,fx_deconv,svd_lowrank,,CF6DC51D54E4019E4A2E09B0BEA61DE8F76288FF6FA2B64A776915005C525616,M1_N1_L3_15Hz_303_secondary_g0.5.npy,4.952407585918931,0.0703814270962661,,1,0.0,0.0061346206647676154,False
M1_N1_L3_15Hz,303,secondary,0.6,fx_deconv,svd_lowrank,,E4B1725F70632DE61F6BB28AEC15493AB7EB685CEE60ADFBC5D5754E56FD20EC,M1_N1_L3_15Hz_303_secondary_g0.6.npy,4.9494417824740085,0.0704755147928691,,1,0.0,0.0063831704101911515,False
M1_N1_L3_15Hz,404,primary,0.4,fx_deconv,wavelet_threshold,,C2B3DE1E3173D541E82497F3B7E3F59373B8DFB89E48B4E062BEE0E50AC8F021,M1_N1_L3_15Hz_404_primary_g0.4.npy,6.467684908294442,0.07173479742338854,,2,0.9999999999999929,0.043698936579392667,False
M1_N1_L3_15Hz,404,primary,0.5,fx_deconv,wavelet_threshold,,55530C121C678464214AE665AB31F65447E967E02E24FA4BEFBC1F2A2D94E960,M1_N1_L3_15Hz_404_primary_g0.5.npy,6.462816132827048,0.0718129806065674,,2,0.9999999999999929,0.0438582482596179,False
M1_N1_L3_15Hz,404,primary,0.6,fx_deconv,wavelet_threshold,,FA6EB6920C27A54553174EFF83204F9B1B3443E5FEDDAAB63F5428ABDD193FB3,M1_N1_L3_15Hz_404_primary_g0.6.npy,6.457740288809142,0.07189411040263115,,2,0.9999999999999929,0.04402159031090845,False
M1_N1_L3_15Hz,404,secondary,0.4,fx_deconv,svd_lowrank,,2C86E7CAE465406F6F1F3CCB0D7BFE282FDFE03F216621CF54759EF309571B92,M1_N1_L3_15Hz_404_secondary_g0.4.npy,5.049052276771996,0.09835569721493816,,2,0.9999999999999929,0.07758351797761587,False
M1_N1_L3_15Hz,404,secondary,0.5,fx_deconv,svd_lowrank,,96D6379CBD8774D0D1D5511692DC1D23AB515DFA0F0BFFF13C41C85938F8B521,M1_N1_L3_15Hz_404_secondary_g0.5.npy,5.046345010684789,0.09844879829810074,,2,0.9999999999999929,0.0776755401638471,False
M1_N1_L3_15Hz,404,secondary,0.6,fx_deconv,svd_lowrank,,BA0D08216FC508860D4BC5DA6F57E3263E33DDC30040BE46580A4DC686BE024E,M1_N1_L3_15Hz_404_secondary_g0.6.npy,5.043527399691796,0.09854546277219849,,2,0.9999999999999929,0.0777701294205237,False
M1_N1_L3_15Hz,505,primary,0.4,fx_deconv,wavelet_threshold,,2E31C58FF9CAC9D9408A304500A76C76CA99F31F6A28AFCA86C889763B07A872,M1_N1_L3_15Hz_505_primary_g0.4.npy,6.314907190707969,0.05930757948838492,,1,0.0,0.007937657421788386,False
M1_N1_L3_15Hz,505,primary,0.5,fx_deconv,wavelet_threshold,,A2A1464977513BE3468CC4AEC38FBF13E30AACACF54DFC52A115BF13F7BC755A,M1_N1_L3_15Hz_505_primary_g0.5.npy,6.3104596870715,0.05936144380025269,,1,0.0,0.007823460953053188,False
M1_N1_L3_15Hz,505,primary,0.6,fx_deconv,wavelet_threshold,,15BE7ACF032DC6BFABA7A24E346173EBFF23F47E162B22A34AEA92D79A67E283,M1_N1_L3_15Hz_505_primary_g0.6.npy,6.305826811595737,0.059417163061971735,,1,0.0,0.007706802878162388,False
M1_N1_L3_15Hz,505,secondary,0.4,fx_deconv,svd_lowrank,,CC25E2AEB451E3F7DE28824127E5B77B5579B949D64410EC7DCEAE235A4CF4A0,M1_N1_L3_15Hz_505_secondary_g0.4.npy,4.879725812284874,0.07994533051814784,,1,9.999999999999993,0.0192968026099281,False
M1_N1_L3_15Hz,505,secondary,0.5,fx_deconv,svd_lowrank,,C269E53D676556085C26C5286C44AC642729BE2A2196EC838E9FD114A30F0642,M1_N1_L3_15Hz_505_secondary_g0.5.npy,4.8763464947027115,0.0800328301591874,,1,9.999999999999993,0.01945261108717818,False
M1_N1_L3_15Hz,505,secondary,0.6,fx_deconv,svd_lowrank,,14CB398BD15DE23CBCD98BB9CAA64BF7A87F6E70B252B6DEF25B9CB9697F2217,M1_N1_L3_15Hz_505_secondary_g0.6.npy,4.872831529105784,0.08012310582697797,,1,9.999999999999993,0.019611802757773356,False
M1_N1_L3_25Hz,101,primary,0.4,fx_deconv,wavelet_threshold,,1BE06587650A4F96518F396B7A9AAC1F217B2CCD2CDA4BE4E1A0779FAFB75709,M1_N1_L3_25Hz_101_primary_g0.4.npy,6.128518945449156,0.05386760986519345,,2,3.0,0.03648026587064772,False
M1_N1_L3_25Hz,101,primary,0.5,fx_deconv,wavelet_threshold,,8FCC6C779498FD4A20BC143F89346A747085D2CF34FC407E26A767D89543A8AD,M1_N1_L3_25Hz_101_primary_g0.5.npy,6.12348828340985,0.05390582493012719,,2,3.0,0.03637188790038253,False
M1_N1_L3_25Hz,101,primary,0.6,fx_deconv,wavelet_threshold,,CD7A96E5D245728601F42B2B1BF43BE8DED60264E45F65EC9B9917D86C5AC186,M1_N1_L3_25Hz_101_primary_g0.6.npy,6.118199426687482,0.05394542865452431,,2,3.0,0.03626095207076909,False
M1_N1_L3_25Hz,101,secondary,0.4,fx_deconv,svd_lowrank,,FCFB457F439F781470E5D8D355C160E75AFC647C9B1E6FD16E29147B205FD11B,M1_N1_L3_25Hz_101_secondary_g0.4.npy,4.785106955545304,0.06985240724779475,,2,3.9999999999999964,0.027537055060651267,False
M1_N1_L3_25Hz,101,secondary,0.5,fx_deconv,svd_lowrank,,945E5519BBC25EE9AC27DA465D7673501DD5AD24A27AD74B18012EEDA3060F9D,M1_N1_L3_25Hz_101_secondary_g0.5.npy,4.7845538381612185,0.06985816417512501,,2,3.9999999999999964,0.027545641266819257,False
M1_N1_L3_25Hz,101,secondary,0.6,fx_deconv,svd_lowrank,,4A446F46D09FCD9DAD30F745975C530E6A0063DF45137653AD816AFFEC3909AD,M1_N1_L3_25Hz_101_secondary_g0.6.npy,4.783969625965541,0.06986420624208786,,2,3.9999999999999964,0.027554282001620668,False
M1_N1_L3_25Hz,202,primary,0.4,fx_deconv,wavelet_threshold,,996316E4365936425EC813E7C1EBED1680E779F3B7B3FB2688338C6E059D7B6B,M1_N1_L3_25Hz_202_primary_g0.4.npy,6.092345116130535,0.08573421450132873,,2,0.0,0.06081707650748386,False
M1_N1_L3_25Hz,202,primary,0.5,fx_deconv,wavelet_threshold,,587A84B751BB3245E5EC7C305430A56F8E9563EE46C4036075FB93A093BA2F55,M1_N1_L3_25Hz_202_primary_g0.5.npy,6.0869679281134745,0.08582274916368136,,2,0.0,0.06085657124418543,False
M1_N1_L3_25Hz,202,primary,0.6,fx_deconv,wavelet_threshold,,B12936C5ACE2DEF71408C3F583A05E60CC21C28338FB4F1A3C89B96879D6AD05,M1_N1_L3_25Hz_202_primary_g0.6.npy,6.081323860057358,0.08591446657835723,,2,0.0,0.060897276964441034,False
M1_N1_L3_25Hz,202,secondary,0.4,fx_deconv,svd_lowrank,,E0237E3E715AC288D6E8C1A5E79E13AEAAB5CEDA5BBC4E2A327EF6C2D0499C7E,M1_N1_L3_25Hz_202_secondary_g0.4.npy,4.811239677127437,0.11052406796753009,,2,0.0,0.06580723757260272,False
M1_N1_L3_25Hz,202,secondary,0.5,fx_deconv,svd_lowrank,,7734DEDE1777D04E0DD16DDB2F0DEE68B1546A4974909B6B64E07C9898F280E0,M1_N1_L3_25Hz_202_secondary_g0.5.npy,4.8091859507831165,0.11057187948375548,,2,0.0,0.06583936182965897,False
M1_N1_L3_25Hz,202,secondary,0.6,fx_deconv,svd_lowrank,,49E1F69C2726325DB79A954E441698FD9589CAC77C08018D1F6EE313524E877B,M1_N1_L3_25Hz_202_secondary_g0.6.npy,4.807030383345766,0.11062129216087845,,2,0.0,0.06587270566818386,False
M1_N1_L3_25Hz,303,primary,0.4,fx_deconv,wavelet_threshold,,14732646E20C40E39D4C31A8163F0E37D0D87FA7B0E9F8C9007DE9A39D88DAE2,M1_N1_L3_25Hz_303_primary_g0.4.npy,6.140872579073393,0.06294473142462567,,4,1.0,0.03943349395466296,False
M1_N1_L3_25Hz,303,primary,0.5,fx_deconv,wavelet_threshold,,5D3629955F1607D57B546A1BAA3FEFFA50DD6629127828D3311B203DCBB6E290,M1_N1_L3_25Hz_303_primary_g0.5.npy,6.135767555606708,0.06301041369165297,,4,1.0,0.03921874466776967,False
M1_N1_L3_25Hz,303,primary,0.6,fx_deconv,wavelet_threshold,,32503DFD4A5890E33FA16016D4789AA4288DE02E6B15C413D3F4A448613710D0,M1_N1_L3_25Hz_303_primary_g0.6.npy,6.130410190904599,0.06307854676652694,,4,1.0,0.03899802629189072,False
M1_N1_L3_25Hz,303,secondary,0.4,fx_deconv,svd_lowrank,,2AB28204D7B779104CEBA08E78AD018D7DB13151A56576C6274613D29EC2B7A5,M1_N1_L3_25Hz_303_secondary_g0.4.npy,4.756847241833994,0.08374532894240694,,4,1.0,0.0338952425309645,False
M1_N1_L3_25Hz,303,secondary,0.5,fx_deconv,svd_lowrank,,DE01E2FED76C710FF1E8FC3DF746579D03A0F48E80BACE0028FD64E452B8BD6A,M1_N1_L3_25Hz_303_secondary_g0.5.npy,4.755729170245884,0.08378288069111234,,4,1.0,0.03394956872303108,False
M1_N1_L3_25Hz,303,secondary,0.6,fx_deconv,svd_lowrank,,998BA4F9CF7385EEC83C3357D5F0F8BE3F37468AC128F86588EF47796BA22FFC,M1_N1_L3_25Hz_303_secondary_g0.6.npy,4.754549163591133,0.0838216504282304,,4,1.0,0.034005307628950904,False
M1_N1_L3_25Hz,404,primary,0.4,fx_deconv,wavelet_threshold,,CBF12C1BB7FD40B2665CC670C7E0CE984E0EC67DDB78F576A1ACE2AF45E92357,M1_N1_L3_25Hz_404_primary_g0.4.npy,6.144087244734864,0.07474452217893783,,3,0.0,0.022919911945545733,False
M1_N1_L3_25Hz,404,primary,0.5,fx_deconv,wavelet_threshold,,6519F71714F71D7D94DFC9F50119C1539F746C1661D416B0D327AF8FA89A8A0B,M1_N1_L3_25Hz_404_primary_g0.5.npy,6.138968471559953,0.07481958089618078,,3,0.0,0.022751085579527226,False
M1_N1_L3_25Hz,404,primary,0.6,fx_deconv,wavelet_threshold,,27A71A4E68926CA6B0812D05C3AEC2C8FEAF2DE560C177100F493D93091DC959,M1_N1_L3_25Hz_404_primary_g0.6.npy,6.133596003140071,0.07489732548719685,,3,0.0,0.022578210625408233,False
M1_N1_L3_25Hz,404,secondary,0.4,fx_deconv,svd_lowrank,,A6A75B373D0D3928F8CF8CD1AEA7247AC9607D0DA8F96374EF4BDC09034D5DEF,M1_N1_L3_25Hz_404_secondary_g0.4.npy,4.843692239812317,0.09682394174121625,,3,0.0,0.06360125542469516,False
M1_N1_L3_25Hz,404,secondary,0.5,fx_deconv,svd_lowrank,,B6D6CE83C1999EF4683250305D9D999A76D51B3E32A783EF6142850F0E65B9FA,M1_N1_L3_25Hz_404_secondary_g0.5.npy,4.842465458510097,0.09688357105097084,,3,0.0,0.06373794690509904,False
M1_N1_L3_25Hz,404,secondary,0.6,fx_deconv,svd_lowrank,,A51D19ED88A7E9AAE5DB26455C1DC3A310C29BE66970479D9AECDC86EECDFB97,M1_N1_L3_25Hz_404_secondary_g0.6.npy,4.841184112457902,0.09694546143660424,,3,0.0,0.06387845929865603,False
M1_N1_L3_25Hz,505,primary,0.4,fx_deconv,wavelet_threshold,,6FE0162B445949E50134C72488C50D4623D420C685D69AD43D4BAD0899B47DC4,M1_N1_L3_25Hz_505_primary_g0.4.npy,6.036204050742816,0.07174505170065745,,4,2.0,0.06360264997278219,False
M1_N1_L3_25Hz,505,primary,0.5,fx_deconv,wavelet_threshold,,77E11FED5C1EF36F8CF305C3AD3ABA7C7427FA5B9AD3236FEA178B4981FF5104,M1_N1_L3_25Hz_505_primary_g0.5.npy,6.0310765409863984,0.07180635149608591,,4,2.0,0.06344778632527148,False
M1_N1_L3_25Hz,505,primary,0.6,fx_deconv,wavelet_threshold,,919647E54F2BC2BAD7BBCA0B76D7BA4EB6EDF695640637DE5D5B2CA9E3D1AB9C,M1_N1_L3_25Hz_505_primary_g0.6.npy,6.025697898302757,0.07186996866770083,,4,2.0,0.06328890509373147,False
M1_N1_L3_25Hz,505,secondary,0.4,fx_deconv,svd_lowrank,,6213AFD60E8321F9D2C1B1FFC69256AB4E420F2333196123780FF723A5BDB929,M1_N1_L3_25Hz_505_secondary_g0.4.npy,4.694684430352149,0.09230169927153839,,4,2.9999999999999982,0.010734907603292682,False
M1_N1_L3_25Hz,505,secondary,0.5,fx_deconv,svd_lowrank,,93925262F349BD1164C0AC9F52E5A6559182007CFF25FA8457FE0B84C08A53AA,M1_N1_L3_25Hz_505_secondary_g0.5.npy,4.693250532165184,0.09234592514271707,,4,2.9999999999999982,0.010979027348015626,False
M1_N1_L3_25Hz,505,secondary,0.6,fx_deconv,svd_lowrank,,3222EE28BA85FD6D19D7DFD9FF6D9D4EC187085B446F15ADB7FE29237B443F01,M1_N1_L3_25Hz_505_secondary_g0.6.npy,4.691753810043141,0.09239202481629771,,4,2.9999999999999982,0.011229229398629427,False
M1_N1_L3_40Hz,101,primary,0.4,fx_deconv,wavelet_threshold,,987FB76208F84BE8096D1034EE109A0B8748D929A040C1EE351E2E02EA73B9E3,M1_N1_L3_40Hz_101_primary_g0.4.npy,5.8519973699849555,0.04759608591086338,,2,1.0,0.1471567961300887,False
M1_N1_L3_40Hz,101,primary,0.5,fx_deconv,wavelet_threshold,,F1FF7DB7B60E884197307A1A9B998F3590463FB37546B40C49F44C996EE1D193,M1_N1_L3_40Hz_101_primary_g0.5.npy,5.851997369984991,0.04759608591086337,,2,1.0,0.14715679613008964,False
M1_N1_L3_40Hz,101,primary,0.6,fx_deconv,wavelet_threshold,,B11A7FAD2F233D9602202913180F7DEA46DF696A3E22F80FAA2F478F49078303,M1_N1_L3_40Hz_101_primary_g0.6.npy,5.851997369985027,0.047596085910863346,,2,1.0,0.14715679613009064,False
M1_N1_L3_40Hz,101,secondary,0.4,fx_deconv,svd_lowrank,,315D672D3DF926D8D474CE6EDB062CF0C6BF9687E33A5140B62AEFA4AB3AC44A,M1_N1_L3_40Hz_101_secondary_g0.4.npy,4.628437438578547,0.05544738174403709,,2,0.0,0.10351233654147007,False
M1_N1_L3_40Hz,101,secondary,0.5,fx_deconv,svd_lowrank,,47139B654D7F1C53D8E0B57F8C2CF4C3B933F7352B399D2F0B867F4BD4DD957D,M1_N1_L3_40Hz_101_secondary_g0.5.npy,4.628437438578588,0.05544738174403704,,2,0.0,0.1035123365414714,False
M1_N1_L3_40Hz,101,secondary,0.6,fx_deconv,svd_lowrank,,17618C858B9034E03A8F80302B535C3C07AD02582F11FE9A48E6D83586D30F41,M1_N1_L3_40Hz_101_secondary_g0.6.npy,4.628437438578632,0.055447381744036975,,2,0.0,0.10351233654147278,False
M1_N1_L3_40Hz,202,primary,0.4,fx_deconv,wavelet_threshold,,6EE708E53658FD1FEE07923329EC7E5D8325E372BB3C141382B91B46534451CA,M1_N1_L3_40Hz_202_primary_g0.4.npy,5.922295512139991,0.0905820212289904,,3,2.0,0.09482608863389205,False
M1_N1_L3_40Hz,202,primary,0.5,fx_deconv,wavelet_threshold,,C583933DDED0DCFC1DCBEE966BD6C71FEE316FEDCC2293DABA97F931DEFCD54F,M1_N1_L3_40Hz_202_primary_g0.5.npy,5.922295512140025,0.09058202122899031,,3,2.0,0.09482608863389373,False
M1_N1_L3_40Hz,202,primary,0.6,fx_deconv,wavelet_threshold,,6D82C8F7B576C1F153AC884138B76EBF35195D99AD03BB97A6E6B34541F923F2,M1_N1_L3_40Hz_202_primary_g0.6.npy,5.92229551214006,0.09058202122899026,,3,2.0,0.09482608863389559,False
M1_N1_L3_40Hz,202,secondary,0.4,fx_deconv,svd_lowrank,,23633E680BDCB7E5B445F4835DFACFE4A5AD2E98180039BFEF7352559A538E8C,M1_N1_L3_40Hz_202_secondary_g0.4.npy,4.730664587256258,0.10970712403956329,,3,0.0,0.05966841013925287,False
M1_N1_L3_40Hz,202,secondary,0.5,fx_deconv,svd_lowrank,,852F8F4D93C483499E7939CD28DBF08DE38BD96BCF9CC75FB2F9BC80C8135961,M1_N1_L3_40Hz_202_secondary_g0.5.npy,4.7306645872563,0.10970712403956302,,3,0.0,0.05966841013925461,False
M1_N1_L3_40Hz,202,secondary,0.6,fx_deconv,svd_lowrank,,72BD681FC7AA48AFAAB90F3A0B6B43881CF40468E81B33E1AA0099F52349703D,M1_N1_L3_40Hz_202_secondary_g0.6.npy,4.730664587256341,0.10970712403956276,,3,0.0,0.05966841013925661,False
M1_N1_L3_40Hz,303,primary,0.4,fx_deconv,wavelet_threshold,,F68E548958FD47829B43DA0F76D46505402D050477D9EEAA2836457E1E636FE9,M1_N1_L3_40Hz_303_primary_g0.4.npy,5.83899708292387,0.07053200286331443,,3,0.0,0.10078290146642484,False
M1_N1_L3_40Hz,303,primary,0.5,fx_deconv,wavelet_threshold,,8723E98631F5BEA0C82B69E2DF7B5F06A6379160A3414ECB4A6F93EC92FFE65A,M1_N1_L3_40Hz_303_primary_g0.5.npy,5.838997082923902,0.07053200286331439,,3,0.0,0.10078290146642625,False
M1_N1_L3_40Hz,303,primary,0.6,fx_deconv,wavelet_threshold,,E9431AF365350A134CBA0A2098CA9B13D2E3826D67951F8D255AC71DFEFFBA4C,M1_N1_L3_40Hz_303_primary_g0.6.npy,5.838997082923936,0.07053200286331437,,3,0.0,0.10078290146642768,False
M1_N1_L3_40Hz,303,secondary,0.4,fx_deconv,svd_lowrank,,505F014BE5D9DFD4A133E468E752B57513964149F98079430C01AC46F9BE81A8,M1_N1_L3_40Hz_303_secondary_g0.4.npy,4.601623168607068,0.0866153502033058,,3,0.0,0.06317063961942315,False
M1_N1_L3_40Hz,303,secondary,0.5,fx_deconv,svd_lowrank,,366288F332B64B8CED38FA231A2A7C566BE71DBE9EA04C024B26A2F4B80495EE,M1_N1_L3_40Hz_303_secondary_g0.5.npy,4.601623168607106,0.08661535020330566,,3,0.0,0.06317063961942473,False
M1_N1_L3_40Hz,303,secondary,0.6,fx_deconv,svd_lowrank,,81C773AA647D5E045A7FEEE50E3FF4B2AFB79B8DA1A1C7C0DBB522DBDEA26666,M1_N1_L3_40Hz_303_secondary_g0.6.npy,4.601623168607146,0.08661535020330552,,3,0.0,0.06317063961942614,False
M1_N1_L3_40Hz,404,primary,0.4,fx_deconv,wavelet_threshold,,C39B25EECC96DAC392DC29A26006A413FC1FCDD08C208270DCD82601AC0CDEDE,M1_N1_L3_40Hz_404_primary_g0.4.npy,5.952734908173554,0.06481217166993891,,5,2.0,0.06275026954638738,False
M1_N1_L3_40Hz,404,primary,0.5,fx_deconv,wavelet_threshold,,ECC0255246C7B03981315CD8A97EC00957BC33D0F0F2F340FCD60DDA496EEEAC,M1_N1_L3_40Hz_404_primary_g0.5.npy,5.95273490817359,0.06481217166993887,,5,2.0,0.06275026954638835,False
M1_N1_L3_40Hz,404,primary,0.6,fx_deconv,wavelet_threshold,,2FEC9AFE02F076757C59ED507FBDAEBF35517F033AC4D0FB3DD5EF644D9E2FF3,M1_N1_L3_40Hz_404_primary_g0.6.npy,5.9527349081736265,0.06481217166993881,,5,2.0,0.06275026954638947,False
M1_N1_L3_40Hz,404,secondary,0.4,fx_deconv,svd_lowrank,,FD7ED0428A75D8A12400D4D350A17F4C079AF92EDC78E7041385A1C018A90DF6,M1_N1_L3_40Hz_404_secondary_g0.4.npy,4.7638477972157265,0.07668532070805417,,5,0.0,0.07063194434822051,False
M1_N1_L3_40Hz,404,secondary,0.5,fx_deconv,svd_lowrank,,882737AEE1AA7A36F23C29ED0FD88A2C6E1BD9F5C2B871550E26FE0AAC85FE7B,M1_N1_L3_40Hz_404_secondary_g0.5.npy,4.763847797215769,0.07668532070805405,,5,0.0,0.07063194434822173,False
M1_N1_L3_40Hz,404,secondary,0.6,fx_deconv,svd_lowrank,,F4F28791FA9F447E93765D4E72437F82F5BA80E4223DDA65F87C6F77098686B0,M1_N1_L3_40Hz_404_secondary_g0.6.npy,4.763847797215814,0.07668532070805392,,5,0.0,0.07063194434822316,False
M1_N1_L3_40Hz,505,primary,0.4,fx_deconv,wavelet_threshold,,201F22E73B4662E095B41BA4363BA748885DD125B155DA0A63AC529E0BB70F70,M1_N1_L3_40Hz_505_primary_g0.4.npy,5.769751988761425,0.08532470033717826,,5,0.0,0.07802136405939185,False
M1_N1_L3_40Hz,505,primary,0.5,fx_deconv,wavelet_threshold,,CB6DFDF3C16400B8ED02F3503C39BEEC77E62B5847E158C7AD11F81D7EB05015,M1_N1_L3_40Hz_505_primary_g0.5.npy,5.769751988761458,0.08532470033717823,,5,0.0,0.07802136405939393,False
M1_N1_L3_40Hz,505,primary,0.6,fx_deconv,wavelet_threshold,,265BF15FC67E7B239FD484FA67587EF3DEC55DCB4A2584B0C08A9523AE25C804,M1_N1_L3_40Hz_505_primary_g0.6.npy,5.769751988761491,0.0853247003371782,,5,0.0,0.07802136405939601,False
M1_N1_L3_40Hz,505,secondary,0.4,fx_deconv,svd_lowrank,,FB4467B3261AE5DE132C319F8433DA28FDF2F4C655BB8AAE3448149CCFC3BFAD,M1_N1_L3_40Hz_505_secondary_g0.4.npy,4.560842234147181,0.10341155985539609,,5,0.0,0.03497131324957568,False
M1_N1_L3_40Hz,505,secondary,0.5,fx_deconv,svd_lowrank,,BA14C807C0ED744B4B2515D03DB868EAEA113180DD1E08C322F34FB312845BC5,M1_N1_L3_40Hz_505_secondary_g0.5.npy,4.560842234147219,0.10341155985539591,,5,0.0,0.03497131324957217,False
M1_N1_L3_40Hz,505,secondary,0.6,fx_deconv,svd_lowrank,,C786EDC7D322EC3E0DE35D36CDFE04B35BC6B201F90778F5D2ED03227C988F17,M1_N1_L3_40Hz_505_secondary_g0.6.npy,4.560842234147259,0.10341155985539575,,5,0.0,0.034971313249568654,False
M1_N2_L1_15Hz,101,primary,0.4,fx_deconv,wavelet_threshold,,74C9D29B20FD38B2746179E961AC27A19AC8458FA10FF639776917EEB25E60EF,M1_N2_L1_15Hz_101_primary_g0.4.npy,0.016455744304588293,0.012290599667065525,0.03291148859966743,1,0.0,0.011325779214598613,False
M1_N2_L1_15Hz,101,primary,0.5,fx_deconv,wavelet_threshold,,3D87E56ECFA07F7B7F307C12B03176065800AC21BDCA7E1F73BF16830A1CEFCC,M1_N2_L1_15Hz_101_primary_g0.5.npy,0.016455744298795594,0.012290599667127493,0.03291148859388016,1,0.0,0.011325779217802685,False
M1_N2_L1_15Hz,101,primary,0.6,fx_deconv,wavelet_threshold,,D7EDF318F65725B819809BA1B02B2C49BD79138143045390BB9C1C102A289661,M1_N2_L1_15Hz_101_primary_g0.6.npy,0.01645574429289809,0.012290599667190573,0.032911488587984754,1,0.0,0.011325779221085096,False
M1_N2_L1_15Hz,101,secondary,0.4,fx_deconv,svd_lowrank,,6146D248916788736332E48F700DE12B4B74F09F3C0207E78392061A3494293B,M1_N2_L1_15Hz_101_secondary_g0.4.npy,5.866947762683141,0.003348135884780881,5.910137382993657,1,0.0,0.002388057567773187,False
M1_N2_L1_15Hz,101,secondary,0.5,fx_deconv,svd_lowrank,,37E2E9A6D574A5D4B874FDCC35EA831036649525FE37DB8DBBECBD5EED5548AB,M1_N2_L1_15Hz_101_secondary_g0.5.npy,5.843160010269047,0.0033653358078206365,5.886035365601837,1,0.0,0.0024055792771986,False
M1_N2_L1_15Hz,101,secondary,0.6,fx_deconv,svd_lowrank,,9D612CC1168AFCF302FEFFF41F2657BE22E5910B15C63ABD66F171A49485657D,M1_N2_L1_15Hz_101_secondary_g0.6.npy,5.818207181464858,0.0033831046620262954,5.8607625127906005,1,0.0,0.0024237164242537235,False
M1_N2_L1_15Hz,202,primary,0.4,fx_deconv,wavelet_threshold,,5F3E1F0A4306A2C084A0DF75506C3AE1CFE02BE7CC38A06D53BA6FBBD1BFE080,M1_N2_L1_15Hz_202_primary_g0.4.npy,0.016455744334745503,0.01367273098701029,0.032911488630016354,2,1.0,0.014186157431512574,False
M1_N2_L1_15Hz,202,primary,0.5,fx_deconv,wavelet_threshold,,3CF79F691EF51FFC67B10507134DF354956682C96E3DF037D62B8EF51AF42668,M1_N2_L1_15Hz_202_primary_g0.5.npy,0.01645574433051067,0.013672730987062318,0.03291148862578716,2,1.0,0.014186157427758583,False
M1_N2_L1_15Hz,202,primary,0.6,fx_deconv,wavelet_threshold,,DCFDD1919505849A4FFB804A5B2C761185BAB75B60F23634F65F71F560F59F8A,M1_N2_L1_15Hz_202_primary_g0.6.npy,0.01645574432624386,0.01367273098711476,0.03291148862152256,2,1.0,0.014186157423977394,False
M1_N2_L1_15Hz,202,secondary,0.4,fx_deconv,svd_lowrank,,335E8489C478B45EC824DEC80EA9F11144A3CC185A2FE1090B07D195FF432F5D,M1_N2_L1_15Hz_202_secondary_g0.4.npy,5.8736255546499585,0.0036849598637508666,5.913314304395057,2,1.0,0.0039505164059151845,False
M1_N2_L1_15Hz,202,secondary,0.5,fx_deconv,svd_lowrank,,76353171C537D0770A15B76FE627A7BA1520D6AA131A03F2822E5800C710A757,M1_N2_L1_15Hz_202_secondary_g0.5.npy,5.848759113602334,0.0037047849352592316,5.888116689986612,2,1.0,0.003971335936153106,False
M1_N2_L1_15Hz,202,secondary,0.6,fx_deconv,svd_lowrank,,B5DC032D9F873BD7A17C6E74DC1C059EA4E8A4AA3EC2474A2137458CB52155EC,M1_N2_L1_15Hz_202_secondary_g0.6.npy,5.822679267113198,0.0037252802131707706,5.861701847388396,2,1.0,0.003992886482813212,False
M1_N2_L1_15Hz,303,primary,0.4,fx_deconv,wavelet_threshold,,42D9CE8E2A65AE8EBC9BFA092FCF717969C606DE1F9945F703758ECFD05BE4F5,M1_N2_L1_15Hz_303_primary_g0.4.npy,0.01645574431746688,0.012120001227393417,0.03291148861734218,1,0.0,0.012113183866678794,False
M1_N2_L1_15Hz,303,primary,0.5,fx_deconv,wavelet_threshold,,19452DACC5B190BF2F12FD88025F7C548855BB3CA92EE702B8720530434008D8,M1_N2_L1_15Hz_303_primary_g0.5.npy,0.016455744315997833,0.012120001227401844,0.03291148861587981,1,0.0,0.01211318386903683,False
M1_N2_L1_15Hz,303,primary,0.6,fx_deconv,wavelet_threshold,,52078372415ED0741BD4AA41969E22250D1AB32CE5CD55033903AEE526FBE7F6,M1_N2_L1_15Hz_303_primary_g0.6.npy,0.016455744314516352,0.012120001227410434,0.03291148861439734,1,0.0,0.012113183871436665,False
M1_N2_L1_15Hz,303,secondary,0.4,fx_deconv,svd_lowrank,,CA90BDD085E39F9F517F194FF2656A92DF9ABE2D844353284F0F4C570820B4BE,M1_N2_L1_15Hz_303_secondary_g0.4.npy,5.821313194138652,0.0034430893562286745,5.87811716484164,1,0.0,0.0035025100828427564,False
M1_N2_L1_15Hz,303,secondary,0.5,fx_deconv,svd_lowrank,,2B9666E082B690B84A948428D5EC8913FD6A59AE28830BA5296CCCF1E3131CB7,M1_N2_L1_15Hz_303_secondary_g0.5.npy,5.797222325880115,0.0034592275227451072,5.8535293892546205,1,0.0,0.0035185829244154653,False
M1_N2_L1_15Hz,303,secondary,0.6,fx_deconv,svd_lowrank,,66C097FD7B997FDAB675BC751F80FDD5540A0727743DF5637DDD1DB41610105B,M1_N2_L1_15Hz_303_secondary_g0.6.npy,5.771975595603317,0.0034758434789774213,5.827775270119502,1,0.0,0.0035351642395316093,False
M1_N2_L1_15Hz,404,primary,0.4,fx_deconv,wavelet_threshold,,E6BB964FE3B039E4F00E387CF17E04DD30228368D461D0AF188DC79CF50227D3,M1_N2_L1_15Hz_404_primary_g0.4.npy,0.016455744306124842,0.01031759379763422,0.03291148860114894,2,0.0,0.0118798473411704,False
M1_N2_L1_15Hz,404,primary,0.5,fx_deconv,wavelet_threshold,,4C5C8454A1A270CC67AFA8303F6DA93E4427F1BDDF152C825CC185DB0DA90D83,M1_N2_L1_15Hz_404_primary_g0.5.npy,0.016455744299872066,0.01031759379766229,0.032911488594898466,2,0.0,0.011879847343298864,False
M1_N2_L1_15Hz,404,primary,0.6,fx_deconv,wavelet_threshold,,84C1D0C94FECE604D2C044B85E1D8C28AE5896F0A0E226D4B2DA6E3F38E0A4FA,M1_N2_L1_15Hz_404_primary_g0.6.npy,0.01645574429350738,0.010317593797690787,0.032911488588536965,2,0.0,0.011879847345469256,False
M1_N2_L1_15Hz,404,secondary,0.4,fx_deconv,svd_lowrank,,40BACAE940B255D0ACAFF705D1C2CDF1D52557FEBDDCD0140D42522B59C3511B,M1_N2_L1_15Hz_404_secondary_g0.4.npy,5.896704099381584,0.0027496793046854983,5.933131277016994,2,0.0,0.0026715393024925194,False
M1_N2_L1_15Hz,404,secondary,0.5,fx_deconv,svd_lowrank,,8C4E8D428D3520BB919B73715813DA72D7658A5F7ED1AE8958CC42979DC37366,M1_N2_L1_15Hz_404_secondary_g0.5.npy,5.875035859765667,0.0027631985751963906,5.911262245727289,2,0.0,0.002686610562867937,False
M1_N2_L1_15Hz,404,secondary,0.6,fx_deconv,svd_lowrank,,10595EFDA32CF9DA5D5C60AB1CF04287929B8BCF4C57D18BFDE91988E700BCD6,M1_N2_L1_15Hz_404_secondary_g0.6.npy,5.852296832421882,0.0027771762471283713,5.88831952255309,2,0.0,0.0027022183009219754,False
M1_N2_L1_15Hz,505,primary,0.4,fx_deconv,wavelet_threshold,,C4CA67FB3642ADF284D522CDB55FB1CFC54A6EFEFD6BE283B97C7B36628AFE7C,M1_N2_L1_15Hz_505_primary_g0.4.npy,0.016455744363828018,0.0017246825073683808,0.03291148866790011,1,0.0,0.003555099611493928,False
M1_N2_L1_15Hz,505,primary,0.5,fx_deconv,wavelet_threshold,,24664CB4C146287D7D7632E7EE9CF266284A63DBD47C4033BFB667193891403D,M1_N2_L1_15Hz_505_primary_g0.5.npy,0.01645574436414421,0.0017246825073123045,0.03291148866821881,1,0.0,0.0035550996116762964,False
M1_N2_L1_15Hz,505,primary,0.6,fx_deconv,wavelet_threshold,,8110B2D8E9D829166722219113A4739FC3C7B8F2F5308B78F9876FF6B534C8E4,M1_N2_L1_15Hz_505_primary_g0.6.npy,0.01645574436451014,0.0017246825072551953,0.03291148866858919,1,0.0,0.003555099611889849,False
M1_N2_L1_15Hz,505,secondary,0.4,fx_deconv,svd_lowrank,,0D89B403806678D78E16AA35EB959F25AFE1458301AACF38B7461C3C4F71E1DA,M1_N2_L1_15Hz_505_secondary_g0.4.npy,5.877055135513611,0.0005102949061462718,5.919346532192778,1,0.0,0.0022930949490681347,False
M1_N2_L1_15Hz,505,secondary,0.5,fx_deconv,svd_lowrank,,C00E4B2AC4EF421B4B6CE5E4C3297AC816DB082A54A14841C67E47B20479A34C,M1_N2_L1_15Hz_505_secondary_g0.5.npy,5.8556991622998105,0.000512404162459135,5.897622550971779,1,0.0,0.0022957819717831507,False
M1_N2_L1_15Hz,505,secondary,0.6,fx_deconv,svd_lowrank,,59CC2145B3093556E3B57CBE3DB6E579F2F46273B5C746EC56B6EEFE6736227B,M1_N2_L1_15Hz_505_secondary_g0.6.npy,5.833374293868019,0.0005145588851579232,5.874926110485381,1,0.0,0.002298528768669745,False
M1_N2_L1_25Hz,101,primary,0.4,fx_deconv,wavelet_threshold,,2A1A04EEA8A84D1C5F1CD8E385184D0DAFACDE4E2E4A3EAE4E3B2BD639314372,M1_N2_L1_25Hz_101_primary_g0.4.npy,0.016455744314651355,0.008804213941627276,0.03291148860965996,2,0.0,0.011211893989505013,False
M1_N2_L1_25Hz,101,primary,0.5,fx_deconv,wavelet_threshold,,9A66E07450626F700BD8F87566EF0EA6D472086050DAEF0D705DDB1211960F1E,M1_N2_L1_25Hz_101_primary_g0.5.npy,0.0164557443090807,0.008804213941626567,0.03291148860408994,2,0.0,0.011211893989495772,False
M1_N2_L1_25Hz,101,primary,0.6,fx_deconv,wavelet_threshold,,C63A3B0E775B6D026087E05E7629FF75066C9DB6E9BEDB306B446AF46DBB9065,M1_N2_L1_25Hz_101_primary_g0.6.npy,0.016455744303442543,0.008804213941625847,0.03291148859845198,2,0.0,0.011211893989487116,False
M1_N2_L1_25Hz,101,secondary,0.4,fx_deconv,svd_lowrank,,947104EFFB4BD64EAE084175C74B0F10678217B7404B631BCF4CF7A9A15B8F56,M1_N2_L1_25Hz_101_secondary_g0.4.npy,3.580204816098549,0.003768645442897111,4.02926415515225,2,0.0,0.005192724279386317,False
M1_N2_L1_25Hz,101,secondary,0.5,fx_deconv,svd_lowrank,,587ED684756FEFDE95AD35C856C70EF1335D2E99C4CC6701DDAB7E8862CFCD93,M1_N2_L1_25Hz_101_secondary_g0.5.npy,3.542116253957019,0.0037965430216919255,3.9777235821570587,2,0.0,0.005226678969578278,False
M1_N2_L1_25Hz,101,secondary,0.6,fx_deconv,svd_lowrank,,D868A65A781CB911E983092B9EEADB4945C3FA147847BC4477B328D107C896DD,M1_N2_L1_25Hz_101_secondary_g0.6.npy,3.502495866139631,0.00382574064495689,3.9243976482604497,2,0.0,0.0052621257097656355,False
M1_N2_L1_25Hz,202,primary,0.4,fx_deconv,wavelet_threshold,,87C8FBBDCB4C93122CC6F170949A8EBB6CB1AEDA5B9500C8EEF5C3EB36B88A67,M1_N2_L1_25Hz_202_primary_g0.4.npy,0.016455744387634752,0.013146106562313862,0.03291148868263864,2,0.0,0.01712978832749068,False
M1_N2_L1_25Hz,202,primary,0.5,fx_deconv,wavelet_threshold,,3568F53805B94DC9B8AABCE4D07C72EA99DDF81CEF0BFB17D9F59B0CBF331953,M1_N2_L1_25Hz_202_primary_g0.5.npy,0.016455744392343874,0.013146106562315775,0.032911488687350186,2,0.0,0.017129788327383766,False
M1_N2_L1_25Hz,202,primary,0.6,fx_deconv,wavelet_threshold,,D3A223E2CEE096064DD733F0EC8823F847ECCC46638C4FD1B1DA7F47EEC5448E,M1_N2_L1_25Hz_202_primary_g0.6.npy,0.01645574439713826,0.013146106562317728,0.03291148869214308,2,0.0,0.017129788327274333,False
M1_N2_L1_25Hz,202,secondary,0.4,fx_deconv,svd_lowrank,,E55090B1AC08C1D71843F80DEE88ECD941614AFA77A23D43D5032D4431C94E4B,M1_N2_L1_25Hz_202_secondary_g0.4.npy,5.617643533909336,0.003910640348466183,5.678965561290359,2,0.0,0.0047276972076700455,False
M1_N2_L1_25Hz,202,secondary,0.5,fx_deconv,svd_lowrank,,98E02386F215912F12FC05679A3F06AE6D621146CF24353EE3E291816599B847,M1_N2_L1_25Hz_202_secondary_g0.5.npy,5.542194086080551,0.003964745350916951,5.601863849971225,2,0.0,0.004797940290904907,False
M1_N2_L1_25Hz,202,secondary,0.6,fx_deconv,svd_lowrank,,EE403663EE9E9359954256BF4E02479886CD516AA8D5281FC4EC04DCD03D6B83,M1_N2_L1_25Hz_202_secondary_g0.6.npy,5.461918996371272,0.004021388925222097,5.519912570195583,2,0.0,0.004871485910852487,False
M1_N2_L1_25Hz,303,primary,0.4,fx_deconv,wavelet_threshold,,12382B005222A486F0B92D53864BB0DF5A014FAECD649E5231780D597F7649F8,M1_N2_L1_25Hz_303_primary_g0.4.npy,0.01645574439031705,0.016691261280365736,0.03291148868534326,4,0.0,0.02173143058566359,False
M1_N2_L1_25Hz,303,primary,0.5,fx_deconv,wavelet_threshold,,53F6F6B54217A5667930863ECFD010412594F11FE51F4A5E40F2832C9ACBD25F,M1_N2_L1_25Hz_303_primary_g0.5.npy,0.016455744403762296,0.016691261280361015,0.03291148869879073,4,0.0,0.021731430585742107,False
M1_N2_L1_25Hz,303,primary,0.6,fx_deconv,wavelet_threshold,,93FE1934DAFF3A0E223A536381973E74716D5BD7F7C9C119C5F14E2BF9667DFB,M1_N2_L1_25Hz_303_primary_g0.6.npy,0.01645574441739761,0.016691261280356206,0.03291148871243057,4,0.0,0.021731430585822116,False
M1_N2_L1_25Hz,303,secondary,0.4,fx_deconv,svd_lowrank,,4CF2A231DEF5EA67B48D1BB7806C70902BF1A71D3ABA26018B3C825417BA76DC,M1_N2_L1_25Hz_303_secondary_g0.4.npy,4.03207915469244,0.007194469791938959,4.435858547586297,4,0.0,0.009382918716383276,False
M1_N2_L1_25Hz,303,secondary,0.5,fx_deconv,svd_lowrank,,16A03F7D44FEFB58D230C6639E87AB4B247445F96808CD8FFFD503859ED72E85,M1_N2_L1_25Hz_303_secondary_g0.5.npy,3.9885330523775657,0.0072524273467637025,4.380232558169192,4,0.0,0.009468327023815816,False
M1_N2_L1_25Hz,303,secondary,0.6,fx_deconv,svd_lowrank,,7ED45A6E77CCFC6DC2F49B920074256A1358576ECEDB4188FBD13AEF311EC69E,M1_N2_L1_25Hz_303_secondary_g0.6.npy,3.943352885552228,0.007313003073307562,4.322766304720021,4,0.0,0.009557743214402184,False
M1_N2_L1_25Hz,404,primary,0.4,fx_deconv,wavelet_threshold,,7369FB06862519DB36F87F2B51B9C7F000A7B8680185AAFCBBB5249625BE79D7,M1_N2_L1_25Hz_404_primary_g0.4.npy,0.016455744315264198,0.01609140977266204,0.03291148861027821,3,0.0,0.019540722565767926,False
M1_N2_L1_25Hz,404,primary,0.5,fx_deconv,wavelet_threshold,,D95D659612D8C554E63980E9C4937F029FA15B10368D20EA3913E1A4F4226203,M1_N2_L1_25Hz_404_primary_g0.5.npy,0.01645574430880714,0.016091409772660156,0.03291148860382293,3,0.0,0.01954072256557994,False
M1_N2_L1_25Hz,404,primary,0.6,fx_deconv,wavelet_threshold,,E9079348DA72F415418BF3BA459FEA9497A13B3855D95E410755D5B781DD9823,M1_N2_L1_25Hz_404_primary_g0.6.npy,0.016455744302280806,0.01609140977265831,0.03291148859729491,3,0.0,0.019540722565389634,False
M1_N2_L1_25Hz,404,secondary,0.4,fx_deconv,svd_lowrank,,28B8F0271D896160500C45507D72353ECD133C1389106811668A4569B0BD2AB9,M1_N2_L1_25Hz_404_secondary_g0.4.npy,3.5696098820300293,0.006881419643995454,4.019781206263399,3,0.0,0.009294307682365575,False
M1_N2_L1_25Hz,404,secondary,0.5,fx_deconv,svd_lowrank,,142CB26501F1BD36BE8FD60441C319FE8D094DFB91A5C3B3C4E12245A1A6062E,M1_N2_L1_25Hz_404_secondary_g0.5.npy,3.5317617135426556,0.006943405520790768,3.968587112926226,3,0.0,0.009358662155785165,False
M1_N2_L1_25Hz,404,secondary,0.6,fx_deconv,svd_lowrank,,73A45953CE8DAAA17262E53A19027EBBD1324781DAF529EC954B4B37ED21F166,M1_N2_L1_25Hz_404_secondary_g0.6.npy,3.492475113176585,0.007008182231706951,3.91572194023425,3,0.0,0.009425820683861228,False
M1_N2_L1_25Hz,505,primary,0.4,fx_deconv,wavelet_threshold,,2C42ECB454A5523D644E72D8E9002E29A8AE8F117E7D629F9CED63D8CDC4C944,M1_N2_L1_25Hz_505_primary_g0.4.npy,0.016455744384760607,0.0045422525962244675,0.03291148867976559,4,0.0,0.008333633173068438,False
M1_N2_L1_25Hz,505,primary,0.5,fx_deconv,wavelet_threshold,,6D974020C731C4D76E9F6ECE00FFDBF556FF78DA05BD0B4CD798A8A20167CE61,M1_N2_L1_25Hz_505_primary_g0.5.npy,0.016455744381890014,0.004542252596221217,0.032911488676895403,4,0.0,0.008333633173167446,False
M1_N2_L1_25Hz,505,primary,0.6,fx_deconv,wavelet_threshold,,C0D187DC31FCE7E80CB4B43146DFA2CB2CDDDD3B62E2C337E64441A420D20692,M1_N2_L1_25Hz_505_primary_g0.6.npy,0.01645574437896613,0.004542252596217935,0.03291148867397353,4,0.0,0.008333633173268908,False
M1_N2_L1_25Hz,505,secondary,0.4,fx_deconv,svd_lowrank,,8A71383F8F77C00AD7F2C2BC7F3CE67F1022DDF8CFFE212CC1A2E30D4D2EB5C2,M1_N2_L1_25Hz_505_secondary_g0.4.npy,5.650135826072855,0.0013640310425727558,5.702418108092306,4,0.0,0.003505069758149644,False
M1_N2_L1_25Hz,505,secondary,0.5,fx_deconv,svd_lowrank,,DCB73B97BCDE9A7911F97E49541189F1F35FC95234EFE86192C49BFD43E93CFE,M1_N2_L1_25Hz_505_secondary_g0.5.npy,5.574828290341262,0.0013821082921093913,5.625847258059633,4,0.0,0.0035491032812331033,False
M1_N2_L1_25Hz,505,secondary,0.6,fx_deconv,svd_lowrank,,96039418830FC138E5A2C86A5920005C47BC14FF23216BBA66A65073D3133405,M1_N2_L1_25Hz_505_secondary_g0.6.npy,5.494799864589957,0.0014008705848968259,5.544544234747852,4,0.0,0.0035926221190721464,False
M1_N2_L1_40Hz,101,primary,0.4,fx_deconv,wavelet_threshold,,964443B9806BA18C14621ADC2B2FDD7B2C5CC7C6E45AB249EA9A8D2B103A746B,M1_N2_L1_40Hz_101_primary_g0.4.npy,0.01645574433630692,0.007839243874119193,0.03291148863131602,2,0.0,0.015871935501333385,False
M1_N2_L1_40Hz,101,primary,0.5,fx_deconv,wavelet_threshold,,9CE426CC2161A897A2FE3727BBEDC8BB4E4CDAAF9FDAA7CEEBF62CCA85817C1E,M1_N2_L1_40Hz_101_primary_g0.5.npy,0.01645574433630692,0.007839243874119193,0.03291148863131602,2,0.0,0.015871935501333385,False
M1_N2_L1_40Hz,101,primary,0.6,fx_deconv,wavelet_threshold,,1156B32BEA732E11BEDE5DDAFEF0396E884C148241C032B07FF7257572F4E2DD,M1_N2_L1_40Hz_101_primary_g0.6.npy,0.016455744336305145,0.007839243874119193,0.03291148863131602,2,0.0,0.015871935501333385,False
M1_N2_L1_40Hz,101,secondary,0.4,fx_deconv,svd_lowrank,,2EF2C51412DF6963F3274BBC0F80AD8CC98D5F550F0AE12F6138FC64B26DA3B8,M1_N2_L1_40Hz_101_secondary_g0.4.npy,2.004002198424798,0.004966133001840945,2.4719415146302595,2,0.0,0.010445924764789786,False
M1_N2_L1_40Hz,101,secondary,0.5,fx_deconv,svd_lowrank,,F826592028D55C4962FD090A0B5C1C1482CACE4104865FDA4D77D66E06B82826,M1_N2_L1_40Hz_101_secondary_g0.5.npy,2.0040021984248124,0.004966133001840932,2.471941514630274,2,0.0,0.010445924764789706,False
M1_N2_L1_40Hz,101,secondary,0.6,fx_deconv,svd_lowrank,,BC2A276646B1D00ECE971A2259C4D1792B408784CE4BB51E7F8AF09AF80DBF7F,M1_N2_L1_40Hz_101_secondary_g0.6.npy,2.00400219842483,0.00496613300184092,2.471941514630289,2,0.0,0.010445924764789572,False
M1_N2_L1_40Hz,202,primary,0.4,fx_deconv,wavelet_threshold,,9D4DE0AEDAFA779A6CDF53EE34409CF12C0A2915E500995F4CCD63DD0D148EA1,M1_N2_L1_40Hz_202_primary_g0.4.npy,0.016455744369581637,0.016211758143233678,0.032911488664588734,3,0.0,0.018910436370091904,False
M1_N2_L1_40Hz,202,primary,0.5,fx_deconv,wavelet_threshold,,FE9B385E8EC536D63BC69BE0CF7DB1050052D9BE7914D59C1301D9522E4A30AD,M1_N2_L1_40Hz_202_primary_g0.5.npy,0.016455744369581637,0.016211758143233678,0.032911488664588734,3,0.0,0.018910436370091904,False
M1_N2_L1_40Hz,202,primary,0.6,fx_deconv,wavelet_threshold,,2B21D035F0C2A93FFA4A47F449AD4B26C629DE38FC679C2B7B86033E5AE63E15,M1_N2_L1_40Hz_202_primary_g0.6.npy,0.016455744369581637,0.016211758143233678,0.032911488664588734,3,0.0,0.018910436370091904,False
M1_N2_L1_40Hz,202,secondary,0.4,fx_deconv,svd_lowrank,,8F25ECAFE4A28C9AA36D4736680AF32D8025713230202072B4998902306D3D9C,M1_N2_L1_40Hz_202_secondary_g0.4.npy,4.8290649138718305,0.005392350907949953,5.17141103131954,3,0.0,0.006356360699345152,False
M1_N2_L1_40Hz,202,secondary,0.5,fx_deconv,svd_lowrank,,92C97E426ACCC6EFD9E7BB38D8B33F03A4B74A21BAB88B6873978B245C89CEE5,M1_N2_L1_40Hz_202_secondary_g0.5.npy,4.829064913871862,0.00539235090794992,5.1714110313195665,3,0.0,0.0063563606993449024,False
M1_N2_L1_40Hz,202,secondary,0.6,fx_deconv,svd_lowrank,,5F097719E33165566107CE0C8BC9196FB7933B499CB0156CA4C3E8521B10207B,M1_N2_L1_40Hz_202_secondary_g0.6.npy,4.829064913871891,0.005392350907949889,5.171411031319594,3,0.0,0.006356360699344778,False
M1_N2_L1_40Hz,303,primary,0.4,fx_deconv,wavelet_threshold,,5562EE892658F3BC61280AAB818743DA95DFC6864C04E1DF7256A482E46E7F2A,M1_N2_L1_40Hz_303_primary_g0.4.npy,0.01645574433838526,0.020846671360062182,0.03291148863339473,3,0.0,0.034356381151408114,False
M1_N2_L1_40Hz,303,primary,0.5,fx_deconv,wavelet_threshold,,AFF9682AA1BDCE0AE2392436AEC6A08FB12F5F5AE2A95F2374C06E893002E025,M1_N2_L1_40Hz_303_primary_g0.5.npy,0.01645574433838526,0.020846671360062182,0.03291148863339473,3,0.0,0.034356381151408114,False
M1_N2_L1_40Hz,303,primary,0.6,fx_deconv,wavelet_threshold,,D8E83B4A7DCE2BB4D316791CDFD66D24F46EB72326CC8779E6BD7087BB5DBCA7,M1_N2_L1_40Hz_303_primary_g0.6.npy,0.01645574433838526,0.020846671360062182,0.03291148863339473,3,0.0,0.034356381151408114,False
M1_N2_L1_40Hz,303,secondary,0.4,fx_deconv,svd_lowrank,,DD9969EA0B1E3AF90E72E5E51E75C3EE13687897214855F8A3FAFAE255C93CFB,M1_N2_L1_40Hz_303_secondary_g0.4.npy,1.7092716423009868,0.014005235441664122,2.137759160595911,3,0.0,0.024312751607808086,False
M1_N2_L1_40Hz,303,secondary,0.5,fx_deconv,svd_lowrank,,E8EB15D74FAE1F83707620BCA47EF50849E723CC16993553D2F0D9A012B276E3,M1_N2_L1_40Hz_303_secondary_g0.5.npy,1.7092716423009993,0.0140052354416641,2.1377591605959223,3,0.0,0.024312751607807884,False
M1_N2_L1_40Hz,303,secondary,0.6,fx_deconv,svd_lowrank,,68EE65AE7435756F8C2F9E0FB3CF5B0F32FB7946CE64C48094AC9E9466F398AF,M1_N2_L1_40Hz_303_secondary_g0.6.npy,1.7092716423010135,0.014005235441664076,2.137759160595933,3,0.0,0.024312751607807884,False
M1_N2_L1_40Hz,404,primary,0.4,fx_deconv,wavelet_threshold,,6635D47E5C67E9406447206CBA0D81DEF8AFEC9EACD069F492C5B37EBED3003C,M1_N2_L1_40Hz_404_primary_g0.4.npy,0.016455744340401424,0.01701496732518181,0.032911488635416014,5,0.0,0.026692954847290708,False
M1_N2_L1_40Hz,404,primary,0.5,fx_deconv,wavelet_threshold,,7E9DE2ED5C68546C7328CE8EBCA28B7EC225FE1C7CE85ED3FF127BE266806A60,M1_N2_L1_40Hz_404_primary_g0.5.npy,0.016455744340401424,0.01701496732518181,0.032911488635416014,5,0.0,0.026692954847290708,False
M1_N2_L1_40Hz,404,primary,0.6,fx_deconv,wavelet_threshold,,D4AE4362F653D7F1E6726E9D97DEFF3AE5F0BCEC848F89383130465F0388BFEB,M1_N2_L1_40Hz_404_primary_g0.6.npy,0.016455744340401424,0.01701496732518181,0.032911488635416014,5,0.0,0.026692954847290708,False
M1_N2_L1_40Hz,404,secondary,0.4,fx_deconv,svd_lowrank,,4BBDBEAE978169CBAA4FD7F48B2936A8AF85262FAC5364A46E3B9FD873B92A88,M1_N2_L1_40Hz_404_secondary_g0.4.npy,2.15571074310831,0.00963591660911928,2.640128102651485,5,0.0,0.015769850810420163,False
M1_N2_L1_40Hz,404,secondary,0.5,fx_deconv,svd_lowrank,,711317A21FFBF168D12306D9CF7DB691040DC2844B2933F4ED95EF14CC93B0FF,M1_N2_L1_40Hz_404_secondary_g0.5.npy,2.1557107431083242,0.009635916609119265,2.640128102651502,5,0.0,0.01576985081041984,False
M1_N2_L1_40Hz,404,secondary,0.6,fx_deconv,svd_lowrank,,7E9150F392458102C8D9CA835035A22E0D05D8E61FAF0C9DE6D6629EDDA0F9C8,M1_N2_L1_40Hz_404_secondary_g0.6.npy,2.15571074310834,0.00963591660911925,2.640128102651515,5,0.0,0.01576985081041984,False
M1_N2_L1_40Hz,505,primary,0.4,fx_deconv,wavelet_threshold,,BEF14D84C25BA74C33BFB9B9301D9A9F1742ED75B38D5DDBDCB11ACAA2C63747,M1_N2_L1_40Hz_505_primary_g0.4.npy,0.016455744395640792,0.010566100534499407,0.032911488690647216,5,0.0,0.013644810211172245,False
M1_N2_L1_40Hz,505,primary,0.5,fx_deconv,wavelet_threshold,,B1155E8477AB52DB83C30035854AAE752C3A4EFBF0B2CBDC4BF759A1CD5467F6,M1_N2_L1_40Hz_505_primary_g0.5.npy,0.016455744395640792,0.010566100534499407,0.032911488690647216,5,0.0,0.013644810211172245,False
M1_N2_L1_40Hz,505,primary,0.6,fx_deconv,wavelet_threshold,,5467B155602812D41B05D30D90A6C53D3E756539C81A4F8B0C5D498CE7CC33A1,M1_N2_L1_40Hz_505_primary_g0.6.npy,0.016455744395640792,0.010566100534499407,0.032911488690647216,5,0.0,0.013644810211172245,False
M1_N2_L1_40Hz,505,secondary,0.4,fx_deconv,svd_lowrank,,C2C421F458250AF4C5D4CA7E0C79DFDFAEAB2B14B30617FEF5A817DD88055B3F,M1_N2_L1_40Hz_505_secondary_g0.4.npy,5.967692351916664,0.0027960310278628726,6.007040165594332,5,0.0,0.0037073209084700458,False
M1_N2_L1_40Hz,505,secondary,0.5,fx_deconv,svd_lowrank,,78CA8B04B98EAD3A3F8FE96F87F792C5592DC534A94FA299867AD8108F66DF15,M1_N2_L1_40Hz_505_secondary_g0.5.npy,5.967692351916764,0.002796031027862856,6.007040165594431,5,0.0,0.0037073209084698532,False
M1_N2_L1_40Hz,505,secondary,0.6,fx_deconv,svd_lowrank,,4274B6BB3C17EEF82E176B776847E91544BC7905BE33A54A20C84C8553DD89D2,M1_N2_L1_40Hz_505_secondary_g0.6.npy,5.96769235191687,0.0027960310278628397,6.007040165594538,5,0.0,0.0037073209084698532,False
M1_N2_L2_15Hz,101,primary,0.4,fx_deconv,wavelet_threshold,,B78120EF977C122AABD425E243BB1A87CC1EB88327F34756C6B1676C9AB9945D,M1_N2_L2_15Hz_101_primary_g0.4.npy,0.017205295335729787,2.701086092107769e-09,0.03440906656656488,1,0.0,4.483213062189172e-07,False
M1_N2_L2_15Hz,101,primary,0.5,fx_deconv,wavelet_threshold,,5CC2DF8955A57485FCB46F7EDF07A7E70D880C84BD808C201D39D6D318BC6BF0,M1_N2_L2_15Hz_101_primary_g0.5.npy,0.01720554738876423,2.7194672844624407e-09,0.034409286983884554,1,0.0,4.5722361751037034e-07,False
M1_N2_L2_15Hz,101,primary,0.6,fx_deconv,wavelet_threshold,,0345ADBBEA8F3A47365FEB2F9039085945CF5D8FC7FA3C090CE86D941B514B22,M1_N2_L2_15Hz_101_primary_g0.6.npy,0.017205803186879365,2.738172837365385e-09,0.03440951070227019,1,0.0,4.663033270346103e-07,False
M1_N2_L2_15Hz,101,secondary,0.4,fx_deconv,svd_lowrank,,EC937D1CD0810F863CE323732C847CAA47DA2C80162CA56B28758BA1FEB27D0C,M1_N2_L2_15Hz_101_secondary_g0.4.npy,6.074881746269101,4.743051021294519e-09,6.093714741860163,1,0.0,5.07435917023596e-07,False
M1_N2_L2_15Hz,101,secondary,0.5,fx_deconv,svd_lowrank,,235586D64D482251A1F717264877D0915A859FEE4D3559D77767649F8351A01A,M1_N2_L2_15Hz_101_secondary_g0.5.npy,6.086593178272336,4.734682157411416e-09,6.10551989006797,1,0.0,5.308098568146242e-07,False
M1_N2_L2_15Hz,101,secondary,0.6,fx_deconv,svd_lowrank,,2FA912E3F43FF285793B0E61C0F733241E2A3A6D853A9C2DCA7983E957983D2F,M1_N2_L2_15Hz_101_secondary_g0.6.npy,6.098936459607367,4.726790609499275e-09,6.1179855845084665,1,0.0,5.549366574877024e-07,False
M1_N2_L2_15Hz,202,primary,0.4,fx_deconv,wavelet_threshold,,3CDCFF62DACBF20B04608FC8EA76BBBEDEE3D05F12D8F0543AB888E34B0E3640,M1_N2_L2_15Hz_202_primary_g0.4.npy,0.01720527352830814,2.332008347692288e-09,0.03440928742075131,2,0.0,6.8000072747833e-07,False
M1_N2_L2_15Hz,202,primary,0.5,fx_deconv,wavelet_threshold,,32B686F1A9E17B6DDE19EA9FB3E0EAD51EA6F59FF59106872705D0E2AC55C4CD,M1_N2_L2_15Hz_202_primary_g0.5.npy,0.017205494841830316,2.3552184126725153e-09,0.03440949923730887,2,0.0,6.80395749619768e-07,False
M1_N2_L2_15Hz,202,primary,0.6,fx_deconv,wavelet_threshold,,38F091DA8BE432DE983B89DAFF5732F59E47E62C443C14026B51D4265F03161D,M1_N2_L2_15Hz_202_primary_g0.6.npy,0.0172057192140187,2.378890587097865e-09,0.03440971393440423,2,0.0,6.807900567325455e-07,False
M1_N2_L2_15Hz,202,secondary,0.4,fx_deconv,svd_lowrank,,F00E8897300D623AEF0780988CA1849BCF319DCCC79C0EC88A8E4FE3FB2A10C4,M1_N2_L2_15Hz_202_secondary_g0.4.npy,6.077823207809047,4.447869660542489e-09,6.096662155395704,2,0.0,7.101223031310177e-07,False
M1_N2_L2_15Hz,202,secondary,0.5,fx_deconv,svd_lowrank,,FD9BB247512A5E500E2D2958FD84CC3D1E30FDD166B56C1612849B0D59FB938C,M1_N2_L2_15Hz_202_secondary_g0.5.npy,6.090370633542591,4.449319719178946e-09,6.10930437165532,2,0.0,7.186331326574337e-07,False
M1_N2_L2_15Hz,202,secondary,0.6,fx_deconv,svd_lowrank,,AF87A02746A6CB92DF54B45E46AC95A4840EEF0084D00EABB9141C9237CC54EA,M1_N2_L2_15Hz_202_secondary_g0.6.npy,6.103597058744146,4.451550155742994e-09,6.1226545623434685,2,0.0,7.273944664871207e-07,False
M1_N2_L2_15Hz,303,primary,0.4,fx_deconv,wavelet_threshold,,2C184B5CFEAE9EE3D0460205809DEDF99BA76DA47D75D73B36DFD52DAEC9D6AA,M1_N2_L2_15Hz_303_primary_g0.4.npy,0.017205847860918055,1.4752922919492518e-09,0.03440952290290683,1,0.0,8.775880830693813e-07,False
M1_N2_L2_15Hz,303,primary,0.5,fx_deconv,wavelet_threshold,,CF659B4030D88A0C59607B689B6520687C94B0A80FF1A0E7C45C3057FEBE04F6,M1_N2_L2_15Hz_303_primary_g0.5.npy,0.017206278618164816,1.4930391882998253e-09,0.034409925036459864,1,0.0,8.823483122853637e-07,False
M1_N2_L2_15Hz,303,primary,0.6,fx_deconv,wavelet_threshold,,8D35AB07C89EDB9F46CB52479F4D704392A2D2403C5365D6E7D8EC33E44EBC39,M1_N2_L2_15Hz_303_primary_g0.6.npy,0.017206715692182684,1.511167422084423e-09,0.03441033308737954,1,0.0,8.871544637113172e-07,False
M1_N2_L2_15Hz,303,secondary,0.4,fx_deconv,svd_lowrank,,6A7558BB40FAB2509FB50A8F69CB4624C71AF07BBBD983C6F578A9CEF3B5EE88,M1_N2_L2_15Hz_303_secondary_g0.4.npy,6.0628898903614825,3.4790396049305377e-09,6.081697703079901,1,0.0,8.914345582518699e-07,False
M1_N2_L2_15Hz,303,secondary,0.5,fx_deconv,svd_lowrank,,FFF82ED25D7182891626FF6C45BF2F9FEC194E696DE6526435B446683BC0262D,M1_N2_L2_15Hz_303_secondary_g0.5.npy,6.071197681311872,3.4577447070337256e-09,6.090085050833825,1,0.0,8.980593135060576e-07,False
M1_N2_L2_15Hz,303,secondary,0.6,fx_deconv,svd_lowrank,,E0A3CAF4F0188426BC8B3B818D05899818EC14357C11F7D94251AC1A5D708EB0,M1_N2_L2_15Hz_303_secondary_g0.6.npy,6.079946076352222,3.436934630936006e-09,6.098937366741632,1,0.0,9.047338297297166e-07,False
M1_N2_L2_15Hz,404,primary,0.4,fx_deconv,wavelet_threshold,,9EC429C7832C6E5CF80E7F0A3AC45FC654AE06C07B2062C53D7FDA65B0B27B42,M1_N2_L2_15Hz_404_primary_g0.4.npy,0.017204682687459893,1.2811783363842262e-09,0.03440818532677587,2,0.0,1.1741754441091362e-06,False
M1_N2_L2_15Hz,404,primary,0.5,fx_deconv,wavelet_threshold,,54B2ED1B5684908E73732DFCDAC902B4F8B35CA0805AA26B59E2071792ACA624,M1_N2_L2_15Hz_404_primary_g0.5.npy,0.017204844638550654,1.2934902478578093e-09,0.034408324380955285,2,0.0,1.175645613735996e-06,False
M1_N2_L2_15Hz,404,primary,0.6,fx_deconv,wavelet_threshold,,C849311687B7AAA95E4EE7633E9875925E6883367526AB00CE300766FC531E75,M1_N2_L2_15Hz_404_primary_g0.6.npy,0.017205009631958035,1.3060295152256283e-09,0.034408466081077754,2,0.0,1.1771295994238352e-06,False
M1_N2_L2_15Hz,404,secondary,0.4,fx_deconv,svd_lowrank,,D4AF644FEA0049990F1840258EBB0DB28B03805C202F981259187EF545817729,M1_N2_L2_15Hz_404_secondary_g0.4.npy,6.068866998885367,2.4646518473004534e-09,6.087693024326297,2,0.0,1.2319205898222958e-06,False
M1_N2_L2_15Hz,404,secondary,0.5,fx_deconv,svd_lowrank,,BBD6B55B7E9468B997FF342045529E6471B2087BFE108BB9299E35D679457E62,M1_N2_L2_15Hz_404_secondary_g0.5.npy,6.078870401798406,2.467175841242599e-09,6.097787912833707,2,0.0,1.24880734426326e-06,False
M1_N2_L2_15Hz,404,secondary,0.6,fx_deconv,svd_lowrank,,67CCC37949EE9EE064C7F94B667FA2BCA31122D203D815A46DA0A74AD86AD990,M1_N2_L2_15Hz_404_secondary_g0.6.npy,6.0894092075628325,2.470428112319801e-09,6.108446323602452,2,0.0,1.2661335856343356e-06,False
M1_N2_L2_15Hz,505,primary,0.4,fx_deconv,wavelet_threshold,,5FCF1A19DC78499387A4457A05D67CE64049C2DD4A0097DC6BFC3F56AC664C0E,M1_N2_L2_15Hz_505_primary_g0.4.npy,0.01720561539506349,1.2630955222850023e-09,0.0344094861427089,1,0.0,2.434772853810859e-07,False
M1_N2_L2_15Hz,505,primary,0.5,fx_deconv,wavelet_threshold,,A50513A7D3AD423C93F07150AE23E3B76672AA3DFEA74A9D4D8F7C3EAB665CF2,M1_N2_L2_15Hz_505_primary_g0.5.npy,0.017205953728812062,1.2804154219556513e-09,0.034409795086198534,1,0.0,2.3333599188011706e-07,False
M1_N2_L2_15Hz,505,primary,0.6,fx_deconv,wavelet_threshold,,48CCE9371208C37C5A274F024EE7DE6C2DAD9FCB67531741D4EE6A306B029F92,M1_N2_L2_15Hz_505_primary_g0.6.npy,0.017206297342905685,1.29819189652469e-09,0.034410108924951166,1,0.0,2.2286440610950116e-07,False
M1_N2_L2_15Hz,505,secondary,0.4,fx_deconv,svd_lowrank,,8E08B35A1378B173B982A44CAD8EE89CE33F81912E8293D51F7436B921033AC3,M1_N2_L2_15Hz_505_secondary_g0.4.npy,6.055860756780913,1.72195927425403e-09,6.07467967675777,1,0.0,2.523710267113244e-07,False
M1_N2_L2_15Hz,505,secondary,0.5,fx_deconv,svd_lowrank,,BF1AF57949FD45C7DA8DEFFA8FF10A7C58F5783741B41883FADE72F1CB900B7E,M1_N2_L2_15Hz_505_secondary_g0.5.npy,6.06219376320529,1.7385521422943912e-09,6.081101089232554,1,0.0,2.44113985539268e-07,False
M1_N2_L2_15Hz,505,secondary,0.6,fx_deconv,svd_lowrank,,3779CFC8A377D4FB59D5187F37D494213DD7F25097405453F995BF960C72C368,M1_N2_L2_15Hz_505_secondary_g0.6.npy,6.068866411159497,1.7560058810951446e-09,6.087889625402097,1,0.0,2.35527701026985e-07,False
M1_N2_L2_25Hz,101,primary,0.4,fx_deconv,wavelet_threshold,,559649B7C2D15DE62B505B99385ECD6A0FCD85430F038BE4F4386E0059560DD1,M1_N2_L2_25Hz_101_primary_g0.4.npy,0.01720536723260402,1.598380364200196e-09,0.03441550179482652,2,0.0,1.6962527203298014e-06,False
M1_N2_L2_25Hz,101,primary,0.5,fx_deconv,wavelet_threshold,,5A64E5135D8A89B297DD215703D19E09F900C9183FC6738A677A88B996D2266E,M1_N2_L2_25Hz_101_primary_g0.5.npy,0.017205223442616102,1.616436419869855e-09,0.034415321486614664,2,0.0,1.7191708794631622e-06,False
M1_N2_L2_25Hz,101,primary,0.6,fx_deconv,wavelet_threshold,,50A970F64898D12265320E0EFCA29B03B2D0953A55AB0ABE7DB6E99A3CC23F16,M1_N2_L2_25Hz_101_primary_g0.6.npy,0.01720507928096282,1.634857668799451e-09,0.03441514012967771,2,0.0,1.7425426342730789e-06,False
M1_N2_L2_25Hz,101,secondary,0.4,fx_deconv,svd_lowrank,,A3FA32327BD72A106A97610BF31343C24C031FBB573453297AEEBE0317CF5808,M1_N2_L2_25Hz_101_secondary_g0.4.npy,3.719646325193759,6.445624848260508e-09,4.18093988551637,2,0.0,1.7292836498469474e-06,False
M1_N2_L2_25Hz,101,secondary,0.5,fx_deconv,svd_lowrank,,A18D635F0E0ECE478EEEE473B74FE64CB79ED510D823F380F20182C21AB27875,M1_N2_L2_25Hz_101_secondary_g0.5.npy,3.6958829818532095,6.356591359698006e-09,4.1486180253865745,2,0.0,1.7572046965539938e-06,False
M1_N2_L2_25Hz,101,secondary,0.6,fx_deconv,svd_lowrank,,3614262D4E477616263A8F0108A41BFB9B8DCBC301746671DE262CFEC55694A4,M1_N2_L2_25Hz_101_secondary_g0.6.npy,3.6715157646244982,6.267335141101886e-09,4.1154997997660745,2,0.0,1.7858855808851728e-06,False
M1_N2_L2_25Hz,202,primary,0.4,fx_deconv,wavelet_threshold,,F6820DB34182BCFFF5F0E3749313A3CED42A722C123DE0E242CA8E0B2BD0DE31,M1_N2_L2_25Hz_202_primary_g0.4.npy,0.017204802532010177,1.1186171362632117e-09,0.034415365712577195,2,0.0,2.4708178769403755e-07,False
M1_N2_L2_25Hz,202,primary,0.5,fx_deconv,wavelet_threshold,,11FF699A19E4F0AB7DEA030343B8669B5977E9EAAD5DC281119BC3AD1F2493C1,M1_N2_L2_25Hz_202_primary_g0.5.npy,0.017204500065433947,1.1329060245362213e-09,0.03441511525386848,2,0.0,2.4783812753501164e-07,False
M1_N2_L2_25Hz,202,primary,0.6,fx_deconv,wavelet_threshold,,FAC8B728DF55C2A42EA69615F8B44CA2A0E4C09109444AE68CF56681B38E8CFF,M1_N2_L2_25Hz_202_primary_g0.6.npy,0.017204192955842856,1.147550366756075e-09,0.03441486169129638,2,0.0,2.485585897770933e-07,False
M1_N2_L2_25Hz,202,secondary,0.4,fx_deconv,svd_lowrank,,61B3757A9C0003FFA465EA2EA06635C7BBE95B9A54E7B9DC42B709AAB5A28BCA,M1_N2_L2_25Hz_202_secondary_g0.4.npy,5.793316514766433,3.421388849868181e-09,5.811977731130455,2,0.0,2.471637495473929e-07,False
M1_N2_L2_25Hz,202,secondary,0.5,fx_deconv,svd_lowrank,,8BFA241AC97F543EEA1D380E45218648A281987761D470852BFE527EF269A51B,M1_N2_L2_25Hz_202_secondary_g0.5.npy,5.725746248410365,3.3951554554097144e-09,5.744434993937002,2,0.0,2.459851471675678e-07,False
M1_N2_L2_25Hz,202,secondary,0.6,fx_deconv,svd_lowrank,,ECEAC2C3CB01F0E419E05F822FA06D8C4A0E6FCC8B6D41709F2D7B3D1F1BD542,M1_N2_L2_25Hz_202_secondary_g0.6.npy,5.654664880252978,3.3691581744986804e-09,5.673400106517663,2,0.0,2.4472131304764453e-07,False
M1_N2_L2_25Hz,303,primary,0.4,fx_deconv,wavelet_threshold,,58345D8C34FA7A9FE5C049290253F5EAAF4B64D7AAB1B7F758DA4D171A8A2F20,M1_N2_L2_25Hz_303_primary_g0.4.npy,0.017206292097890596,9.744081590519162e-10,0.03441657588126737,4,0.0,2.272031489185932e-06,False
M1_N2_L2_25Hz,303,primary,0.5,fx_deconv,wavelet_threshold,,F6B1B5FFB65937EA31A150AC449FE8F01B1A2891BDA3061282F9FDCEF4514EF7,M1_N2_L2_25Hz_303_primary_g0.5.npy,0.01720638561496557,9.861489887565114e-10,0.034416648007607256,4,0.0,2.275375515861235e-06,False
M1_N2_L2_25Hz,303,primary,0.6,fx_deconv,wavelet_threshold,,441B94A4168344674683513CB1F15ABD8A2F6EA9102217579CFB25F78A3893A2,M1_N2_L2_25Hz_303_primary_g0.6.npy,0.017206484142541,9.981950843338847e-10,0.0344167247327038,4,0.0,2.2787692913019492e-06,False
M1_N2_L2_25Hz,303,secondary,0.4,fx_deconv,svd_lowrank,,0B6D1CE814D458765EE6C0F8AFED55BB45235FAA743D70144CE7256AD5CDDB0D,M1_N2_L2_25Hz_303_secondary_g0.4.npy,4.054351425333266,5.344577868147269e-09,4.477108459079616,4,0.0,2.2755129989338174e-06,False
M1_N2_L2_25Hz,303,secondary,0.5,fx_deconv,svd_lowrank,,AED51A5FF79B8958C6EB2952925A9AFA726E8A7473E0F5F01771EE1A073CA073,M1_N2_L2_25Hz_303_secondary_g0.5.npy,4.026160672302888,5.248596143872764e-09,4.440439551385661,4,0.0,2.2796582820120156e-06,False
M1_N2_L2_25Hz,303,secondary,0.6,fx_deconv,svd_lowrank,,38B12D62374DBDDD58554C37E64C93AC89F747A4C777724E2F93DEFE40383FB0,M1_N2_L2_25Hz_303_secondary_g0.6.npy,3.9973265276221515,5.151729316322622e-09,4.402958340695645,4,0.0,2.283817976347526e-06,False
M1_N2_L2_25Hz,404,primary,0.4,fx_deconv,wavelet_threshold,,3C9F0E88E74715A0B31EA4C29F7854EBE5F9A2975BCA52B1E0AFDD93E53A7163,M1_N2_L2_25Hz_404_primary_g0.4.npy,0.017204297486655307,1.4818465454455255e-09,0.03441459393684427,3,0.0,2.7413627377378426e-07,False
M1_N2_L2_25Hz,404,primary,0.5,fx_deconv,wavelet_threshold,,CBA14C537DF2C847706F0F88DD73BDFC7CAD23656ED80BF156F53A494B6DC1DC,M1_N2_L2_25Hz_404_primary_g0.5.npy,0.017203867968015985,1.4980480908566948e-09,0.034414169784187924,3,0.0,2.7079042017294363e-07,False
M1_N2_L2_25Hz,404,primary,0.6,fx_deconv,wavelet_threshold,,A71C7B63CDFC2956E5D8835097941B9BAC0FBD62669CFBD4181D395E80F32FAB,M1_N2_L2_25Hz_404_primary_g0.6.npy,0.01720343054102713,1.5145897844909196e-09,0.03441373787566779,3,0.0,2.673617613421466e-07,False
M1_N2_L2_25Hz,404,secondary,0.4,fx_deconv,svd_lowrank,,B341F2942E7A833A51E2B06A2878D24F89DF0FF54A4676462F3C6B0C15FA25BF,M1_N2_L2_25Hz_404_secondary_g0.4.npy,3.409804642721186,6.587626622810126e-09,3.895388579307641,3,0.0,2.3854731512654066e-07,False
M1_N2_L2_25Hz,404,secondary,0.5,fx_deconv,svd_lowrank,,2E919F1DE0854E0ED873C5AEF6768F1A48D75B57484DBC6A2087895F422DD73B,M1_N2_L2_25Hz_404_secondary_g0.5.npy,3.390202260460404,6.5046748245479734e-09,3.867547427672695,3,0.0,2.2988800610087238e-07,False
M1_N2_L2_25Hz,404,secondary,0.6,fx_deconv,svd_lowrank,,923E99CF8A2A80264AA7AACB2F0471117E66C08E8FD780D2EF1AD74931A88D72,M1_N2_L2_25Hz_404_secondary_g0.6.npy,3.3701761431141275,6.4210885555594695e-09,3.839102488318236,3,0.0,2.394915668786756e-07,False
M1_N2_L2_25Hz,505,primary,0.4,fx_deconv,wavelet_threshold,,A06D084D6EC425E6AF1939182115235AB741DC19B3CA7EDACFFDE151DBED6550,M1_N2_L2_25Hz_505_primary_g0.4.npy,0.01720521870624836,4.674572267174084e-10,0.03441558134457136,4,0.0,4.424770987952331e-07,False
M1_N2_L2_25Hz,505,primary,0.5,fx_deconv,wavelet_threshold,,B6A816D9444C5FC85C9BA4A12E1668E39C365FE1925EA1E8569B7560E2B4999F,M1_N2_L2_25Hz_505_primary_g0.5.npy,0.017205026275892266,4.741901467331747e-10,0.034415381537592216,4,0.0,4.454907825396806e-07,False
M1_N2_L2_25Hz,505,primary,0.6,fx_deconv,wavelet_threshold,,754E5D15E318D9C230E8ACA4AC637B2FECFFFE259958CDA1AE01472537DA981B,M1_N2_L2_25Hz_505_primary_g0.6.npy,0.017204832502208944,4.811016283845641e-10,0.03441518027996705,4,0.0,4.485889119634282e-07,False
M1_N2_L2_25Hz,505,secondary,0.4,fx_deconv,svd_lowrank,,8A13740B4FCDD14BFB1CD119B9CD1725D3AB8B5C94F82175A29C043DAFD359CC,M1_N2_L2_25Hz_505_secondary_g0.4.npy,5.79182612412896,1.0894323485254775e-09,5.810483867555085,4,0.0,4.6627148464453065e-07,False
M1_N2_L2_25Hz,505,secondary,0.5,fx_deconv,svd_lowrank,,AE924E16CB65BF8CECEADE3AA31D3469EAA0290A34BD99A1D15A3525256235D5,M1_N2_L2_25Hz_505_secondary_g0.5.npy,5.723857762973356,1.0834472924600105e-09,5.742542336548807,4,0.0,4.755892520197663e-07,False
M1_N2_L2_25Hz,505,secondary,0.6,fx_deconv,svd_lowrank,,21EFE7D033BFDADC08C7E7EDF49D657A8EF9B26870350E3F3B62964E8415CE27,M1_N2_L2_25Hz_505_secondary_g0.6.npy,5.652368145910717,1.0776622879458875e-09,5.6710983736259015,4,0.0,4.851448670131905e-07,False
M1_N2_L2_40Hz,101,primary,0.4,fx_deconv,wavelet_threshold,,508E3601136A9AB56E6324928C1C17B7DD36B25AC829437DB1D8ED5E66842117,M1_N2_L2_40Hz_101_primary_g0.4.npy,0.017205675139031484,1.763789276433065e-09,0.03441636894278001,2,0.0,1.7849594788122898e-06,False
M1_N2_L2_40Hz,101,primary,0.5,fx_deconv,wavelet_threshold,,CD0C08186679791747BFE6D26F2EF2A24D8E90C8A4224099F53C0E6439540BD4,M1_N2_L2_40Hz_101_primary_g0.5.npy,0.017205675139031484,1.7637892764330389e-09,0.03441636894278001,2,0.0,1.7849594788122898e-06,False
M1_N2_L2_40Hz,101,primary,0.6,fx_deconv,wavelet_threshold,,B552112990F1013F5340F1562FC70943477AA437B4F37F88BEAB8517094A0DFA,M1_N2_L2_40Hz_101_primary_g0.6.npy,0.017205675139031484,1.7637892764331332e-09,0.03441636894278001,2,0.0,1.7849594788122898e-06,False
M1_N2_L2_40Hz,101,secondary,0.4,fx_deconv,svd_lowrank,,04D2E869FA85E0D1AFF802D3A1EE72B891498073E834D5DE7D37C2035418184C,M1_N2_L2_40Hz_101_secondary_g0.4.npy,2.0430507566488867,1.2642685469344278e-08,2.5161932712351085,2,0.0,1.7849425041766151e-06,False
M1_N2_L2_40Hz,101,secondary,0.5,fx_deconv,svd_lowrank,,F674C8485BE20C7A2E10B34A2502EC5AF573A8199AAA3B802EF190E2D361D466,M1_N2_L2_40Hz_101_secondary_g0.5.npy,2.043050756648894,1.2642685469344285e-08,2.516193271235113,2,0.0,1.7849425041766151e-06,False
M1_N2_L2_40Hz,101,secondary,0.6,fx_deconv,svd_lowrank,,C077B27F52C6952CC7C94E05C52A0AFCE8662554D25ED806A2CC4400737DFB8D,M1_N2_L2_40Hz_101_secondary_g0.6.npy,2.0430507566489045,1.2642685469344285e-08,2.51619327123512,2,0.0,1.7849425041766151e-06,False
M1_N2_L2_40Hz,202,primary,0.4,fx_deconv,wavelet_threshold,,02FDC34AE73CA18BEFE9F61D7963F502219D85F2735EF4F11F78BBA965CDCFC1,M1_N2_L2_40Hz_202_primary_g0.4.npy,0.017205681858838417,1.002701304094751e-09,0.03441638515724642,3,0.0,6.314328571116123e-07,False
M1_N2_L2_40Hz,202,primary,0.5,fx_deconv,wavelet_threshold,,7603C0581254F0233A5EC5F399CF834B68476EDF627E66788F592DC5B1D4188E,M1_N2_L2_40Hz_202_primary_g0.5.npy,0.017205681858838417,1.0027013040947633e-09,0.03441638515724642,3,0.0,6.314328571116123e-07,False
M1_N2_L2_40Hz,202,primary,0.6,fx_deconv,wavelet_threshold,,967BDF01DC0EF3C54D1AFC25E3A3434B4D4273E8410EA0C0FEF580BEB2DC058F,M1_N2_L2_40Hz_202_primary_g0.6.npy,0.017205681858838417,1.0027013040947499e-09,0.03441638515724642,3,0.0,6.314328571116123e-07,False
M1_N2_L2_40Hz,202,secondary,0.4,fx_deconv,svd_lowrank,,CB96A63B758D4BE6652AE8E5167A5D7903E9E0585A1659BB38BF62EA7EF0F729,M1_N2_L2_40Hz_202_secondary_g0.4.npy,4.555218906627617,5.010736660379471e-09,4.9504123802252495,3,0.0,6.193710591372518e-07,False
M1_N2_L2_40Hz,202,secondary,0.5,fx_deconv,svd_lowrank,,ED337AD6A903B65A0DAAB60BAA090C088AC845B7CB34F6565A260CEBB861756A,M1_N2_L2_40Hz_202_secondary_g0.5.npy,4.555218906627639,5.010736660379466e-09,4.950412380225264,3,0.0,6.193710591372518e-07,False
M1_N2_L2_40Hz,202,secondary,0.6,fx_deconv,svd_lowrank,,8B4EB5045AA5AE2D01CDE5674549DB8D73CFF03D81F2800C68EC12CC375CE37A,M1_N2_L2_40Hz_202_secondary_g0.6.npy,4.55521890662766,5.010736660379472e-09,4.950412380225283,3,0.0,6.193710591372518e-07,False
M1_N2_L2_40Hz,303,primary,0.4,fx_deconv,wavelet_threshold,,222B86F1EB0ED07F6E28A17DB092E09823B8DED505C20162C2900564F14A86BC,M1_N2_L2_40Hz_303_primary_g0.4.npy,0.017205680420376623,2.586216433362366e-09,0.03441638381038589,3,0.0,1.9016796046050202e-06,False
M1_N2_L2_40Hz,303,primary,0.5,fx_deconv,wavelet_threshold,,15F79CD8A0A76E6D95B8BC68A16EDA7796A0A4001A91B754585DB6F5D9DCFABA,M1_N2_L2_40Hz_303_primary_g0.5.npy,0.017205680420376623,2.5862164333623935e-09,0.03441638381038589,3,0.0,1.9016796046050202e-06,False
M1_N2_L2_40Hz,303,primary,0.6,fx_deconv,wavelet_threshold,,8B4C38345C0F37F8BAB9529E7E68C0293F9F29B4D23E74E264D221298C765CC7,M1_N2_L2_40Hz_303_primary_g0.6.npy,0.017205680420376623,2.586216433362372e-09,0.03441638381038589,3,0.0,1.9016796046050202e-06,False
M1_N2_L2_40Hz,303,secondary,0.4,fx_deconv,svd_lowrank,,32AABB2C75A23E0F01B11AEE5260F9A356F280A0E39C7EC3E20AB91658257A5C,M1_N2_L2_40Hz_303_secondary_g0.4.npy,1.700363196170672,1.7455775765595503e-08,2.1281419178253778,3,0.0,1.856818462697666e-06,False
M1_N2_L2_40Hz,303,secondary,0.5,fx_deconv,svd_lowrank,,1072510F037D6D55AAD66EF3AF7C3D333E820F3D84E77C5954B7FEFFB5ABC4D6,M1_N2_L2_40Hz_303_secondary_g0.5.npy,1.700363196170679,1.7455775765595503e-08,2.128141917825382,3,0.0,1.856818462697666e-06,False
M1_N2_L2_40Hz,303,secondary,0.6,fx_deconv,svd_lowrank,,60D9D4E8EE0DFD465C7EE5719115526F5986D7F33554560D788576C801D20908,M1_N2_L2_40Hz_303_secondary_g0.6.npy,1.700363196170688,1.7455775765595503e-08,2.128141917825386,3,0.0,1.856818462697666e-06,False
M1_N2_L2_40Hz,404,primary,0.4,fx_deconv,wavelet_threshold,,0E95E80A9BD6757D3A13B9832A13812F8E11E249C8103BDB9A01A3A02D02FD59,M1_N2_L2_40Hz_404_primary_g0.4.npy,0.017205687614946896,1.2719066116463266e-09,0.03441639787747039,5,0.0,7.94617585611805e-07,False
M1_N2_L2_40Hz,404,primary,0.5,fx_deconv,wavelet_threshold,,F73C0BDD3E507D1A0FB0D479B9686FFC6FBD38A5CADBF4B23FC3C00EFE5388B2,M1_N2_L2_40Hz_404_primary_g0.5.npy,0.017205687614946896,1.2719066116463241e-09,0.03441639787747039,5,0.0,7.94617585611805e-07,False
M1_N2_L2_40Hz,404,primary,0.6,fx_deconv,wavelet_threshold,,7035D0058AC87BF85F29D71FD16270804E20F1C24667B126D3954E35955F02E6,M1_N2_L2_40Hz_404_primary_g0.6.npy,0.017205687614946896,1.2719066116463177e-09,0.03441639787747039,5,0.0,7.94617585611805e-07,False
M1_N2_L2_40Hz,404,secondary,0.4,fx_deconv,svd_lowrank,,CABCEBC34EE41B39A8B81DE2BA54438491C9B31028BCE1D668E9337CFBA4E08D,M1_N2_L2_40Hz_404_secondary_g0.4.npy,2.2387913752081037,1.1047678330840556e-08,2.7318408447941875,5,0.0,8.242185564119856e-07,False
M1_N2_L2_40Hz,404,secondary,0.5,fx_deconv,svd_lowrank,,8A8B336BF80E7432E08A7CC5BE18E7DC0DFFD5064FDD3EDA54560E43F55DD13A,M1_N2_L2_40Hz_404_secondary_g0.5.npy,2.2387913752081143,1.104767833084058e-08,2.7318408447941915,5,0.0,8.242185564119856e-07,False
M1_N2_L2_40Hz,404,secondary,0.6,fx_deconv,svd_lowrank,,DB71E6083C82CFA3479A70E213DD860A2C2418B6154F3DAECDDE3BE81D342AAB,M1_N2_L2_40Hz_404_secondary_g0.6.npy,2.238791375208125,1.104767833084058e-08,2.7318408447941995,5,0.0,8.242185564119856e-07,False
M1_N2_L2_40Hz,505,primary,0.4,fx_deconv,wavelet_threshold,,7321FE739FC016D3610597EDADA80C410CC630C8729304871236B00B23D278A5,M1_N2_L2_40Hz_505_primary_g0.4.npy,0.017205687602542596,7.842188410704191e-10,0.034416399779925375,5,0.0,8.852682080766669e-07,False
M1_N2_L2_40Hz,505,primary,0.5,fx_deconv,wavelet_threshold,,EEAD7DA51C99D7AD162F0FFEC52A1F39B07BC6DD71C6C9B9B1DF8ABB73B0DD87,M1_N2_L2_40Hz_505_primary_g0.5.npy,0.017205687602542596,7.842188410704096e-10,0.034416399779925375,5,0.0,8.852682079402227e-07,False
M1_N2_L2_40Hz,505,primary,0.6,fx_deconv,wavelet_threshold,,B0B84652293502896C45AF1AD082676864F2BB5F0FC63FDC84232E55E4D6960A,M1_N2_L2_40Hz_505_primary_g0.6.npy,0.017205687602542596,7.842188410704272e-10,0.034416399779925375,5,0.0,8.852682079402227e-07,False
M1_N2_L2_40Hz,505,secondary,0.4,fx_deconv,svd_lowrank,,A8B4795481D3C7BBE5B64CF4C68236871DD3433F27722AB08DB0A0D890814DAE,M1_N2_L2_40Hz_505_secondary_g0.4.npy,6.033442669743785,2.641906708797218e-09,6.05214575831954,5,0.0,8.909228205217135e-07,False
M1_N2_L2_40Hz,505,secondary,0.5,fx_deconv,svd_lowrank,,CE1ED7EB3C1788C30823ED423ED9154F0DBD5DA85BB985624CF86C960955E035,M1_N2_L2_40Hz_505_secondary_g0.5.npy,6.033442669743852,2.641906708797254e-09,6.052145758319602,5,0.0,8.909228205217135e-07,False
M1_N2_L2_40Hz,505,secondary,0.6,fx_deconv,svd_lowrank,,4BE7CB9A677BFEA1FAE74A25AA1C77FD832A9396E7C286EC066A8F8E9B25A0F1,M1_N2_L2_40Hz_505_secondary_g0.6.npy,6.03344266974392,2.64190670879727e-09,6.052145758319671,5,0.0,8.909228205217135e-07,False
M1_N2_L3_15Hz,101,primary,0.4,fx_deconv,wavelet_threshold,,471624B4F26378A2D64BEC355707AC4187E0B3896FCDE41B55624FD1759A15BF,M1_N2_L3_15Hz_101_primary_g0.4.npy,0.02765861341791087,6.110538559404737e-10,0.05531155525934554,1,0.0,9.079447862761351e-08,False
M1_N2_L3_15Hz,101,primary,0.5,fx_deconv,wavelet_threshold,,F8EFFC1171140D5A5E81E9C60A44F96FDD96A812951F931D3A4627659C2339F3,M1_N2_L3_15Hz_101_primary_g0.5.npy,0.0276585171284065,6.161439697711535e-10,0.05531145800956273,1,0.0,8.789226645871774e-08,False
M1_N2_L3_15Hz,101,primary,0.6,fx_deconv,wavelet_threshold,,6645C359D0DE4F5CA05C3D20E33B575FAA9CB5BA278C855904E62FC4C11B0A48,M1_N2_L3_15Hz_101_primary_g0.6.npy,0.02765841898195376,6.213318590701533e-10,0.05531135889251071,1,0.0,8.49362264054877e-08,False
M1_N2_L3_15Hz,101,secondary,0.4,fx_deconv,svd_lowrank,,FB347AC789EA54B7C732F937101576D76470F23D2169783323EC919F38FCEB6A,M1_N2_L3_15Hz_101_secondary_g0.4.npy,6.102416729910654,1.4845066235657416e-08,6.13594002567067,1,0.0,5.2255663431029044e-08,False
M1_N2_L3_15Hz,101,secondary,0.5,fx_deconv,svd_lowrank,,C6D614E3C657D7EE4AEEF6D2F69931C509186DBCC82B7E95DF8D63FF38637B49,M1_N2_L3_15Hz_101_secondary_g0.5.npy,6.121433165563101,1.4495386039187834e-08,6.155076731608182,1,0.0,5.154981130099716e-08,False
M1_N2_L3_15Hz,101,secondary,0.6,fx_deconv,svd_lowrank,,5635287DBA0C55B47DAD77141DF9E675AC562A17EDD217C08C60786F1CC4906A,M1_N2_L3_15Hz_101_secondary_g0.6.npy,6.141014914380165,1.4140509850069858e-08,6.17480056711329,1,0.0,5.083877317751116e-08,False
M1_N2_L3_15Hz,202,primary,0.4,fx_deconv,wavelet_threshold,,CBA31BFCBEF674AD6BE1030AF78604155510F732EB8E3B9E0C2C318A00A6C5DD,M1_N2_L3_15Hz_202_primary_g0.4.npy,0.02765847476999994,6.135035932335399e-10,0.055311433371040726,2,0.0,6.814088893713302e-07,False
M1_N2_L3_15Hz,202,primary,0.5,fx_deconv,wavelet_threshold,,1A575FCB9E2E6BF72CF4E5E573C6B2E3ADF6538BBFD60F868504454859666E1C,M1_N2_L3_15Hz_202_primary_g0.5.npy,0.02765828424546868,6.193394348155109e-10,0.05531124376717273,2,0.0,6.890733065667477e-07,False
M1_N2_L3_15Hz,202,primary,0.6,fx_deconv,wavelet_threshold,,9C7869A8F0B9056D98774BF824706A69D555575D89DB312AA6956430BCA614AD,M1_N2_L3_15Hz_202_primary_g0.6.npy,0.02765809054364965,6.25283050585947e-10,0.055311051000965714,2,0.0,6.96877982262002e-07,False
M1_N2_L3_15Hz,202,secondary,0.4,fx_deconv,svd_lowrank,,AFC88D58132658F83B06F1EBA5EC7290F34AB2E441493C4B49195A8AE34D2D13,M1_N2_L3_15Hz_202_secondary_g0.4.npy,6.106988275277745,1.54385074476674e-08,6.140537021877764,2,0.0,6.703832337872557e-07,False
M1_N2_L3_15Hz,202,secondary,0.5,fx_deconv,svd_lowrank,,37497864CA1526AC8A057CD6CA6F68C610C9FD456D2A45FF4A643B5F65829195,M1_N2_L3_15Hz_202_secondary_g0.5.npy,6.127252187264135,1.515457370833967e-08,6.160934057692683,2,0.0,6.75248647993001e-07,False
M1_N2_L3_15Hz,202,secondary,0.6,fx_deconv,svd_lowrank,,6DBE49ADA70A181E0BF14C60C60F580A1CB8DED0A97BADB8C6325F9FAE8B6990,M1_N2_L3_15Hz_202_secondary_g0.6.npy,6.148128032594441,1.4867372073213994e-08,6.181967856926739,2,0.0,6.802391833595671e-07,False
M1_N2_L3_15Hz,303,primary,0.4,fx_deconv,wavelet_threshold,,104A06F146DCB233E0957EDDD23B637721B2FA0B4D19D31761A939BD9546C396,M1_N2_L3_15Hz_303_primary_g0.4.npy,0.027658135703530817,2.264577233379811e-10,0.05531104752098266,1,0.0,7.330047551633393e-07,False
M1_N2_L3_15Hz,303,primary,0.5,fx_deconv,wavelet_threshold,,298F0A5B2B4B83B60631C6090299C265E57EBE0A38EBF350CBAA3394ADE6AD0A,M1_N2_L3_15Hz_303_primary_g0.5.npy,0.027657962612677167,2.293336458296524e-10,0.05531087441924483,1,0.0,7.399381581136556e-07,False
M1_N2_L3_15Hz,303,primary,0.6,fx_deconv,wavelet_threshold,,22D17600B4CB78AB8D8DBDC725302FD3E6C3BB4EFC73C9D8F6C2E6B30C9D4D21,M1_N2_L3_15Hz_303_primary_g0.6.npy,0.027657786729523792,2.3227379485971186e-10,0.055310698529734637,1,0.0,7.470068178227755e-07,False
M1_N2_L3_15Hz,303,secondary,0.4,fx_deconv,svd_lowrank,,6403D229985138D6E269B7DED32EFD0548968C2ECE5D80160424A776CA575185,M1_N2_L3_15Hz_303_secondary_g0.4.npy,6.1043825070609365,1.4502420136622991e-08,6.137903392034712,1,0.0,8.018444153206655e-07,False
M1_N2_L3_15Hz,303,secondary,0.5,fx_deconv,svd_lowrank,,8B43E0165DAEFAAF1B2D6419917AA4DE0CD8069DD86EAF29FB6233C5F03B29DB,M1_N2_L3_15Hz_303_secondary_g0.5.npy,6.123930330455238,1.4129919133462436e-08,6.157569616668096,1,0.0,8.148429532466399e-07,False
M1_N2_L3_15Hz,303,secondary,0.6,fx_deconv,svd_lowrank,,3C5F767016AB783AA4012A737C0743645C0A00B439F1F5FB31DAE4067D2DEC5A,M1_N2_L3_15Hz_303_secondary_g0.6.npy,6.144061243555747,1.375260712624276e-08,6.177839934332626,1,0.0,8.282618405181436e-07,False
M1_N2_L3_15Hz,404,primary,0.4,fx_deconv,wavelet_threshold,,00F9DA1BDB4F895BCEAB11ABE1F510EED43069A116293335A1B195483609DBD0,M1_N2_L3_15Hz_404_primary_g0.4.npy,0.027658298438492324,1.2571171564717263e-10,0.055311172540790626,2,0.0,3.109421961247774e-07,False
M1_N2_L3_15Hz,404,primary,0.5,fx_deconv,wavelet_threshold,,D648FBD0B334A03F87B2236806BF3DB0A2C51B0881B5CE8C65EAFB65B64EB621,M1_N2_L3_15Hz_404_primary_g0.5.npy,0.02765819721816065,1.2702211767038893e-10,0.05531106679961721,2,0.0,3.1194569608997135e-07,False
M1_N2_L3_15Hz,404,primary,0.6,fx_deconv,wavelet_threshold,,5A414376B9CE247D60591CC150730C12739D745C8DB00C74424A501B0D8CDA33,M1_N2_L3_15Hz_404_primary_g0.6.npy,0.02765809399511454,1.2835936053387964e-10,0.055310959011192165,2,0.0,3.12951859283271e-07,False
M1_N2_L3_15Hz,404,secondary,0.4,fx_deconv,svd_lowrank,,3636BFED3C22F11D737BF43FA562A66585AED111A77CB80BA740D864DE9D93F0,M1_N2_L3_15Hz_404_secondary_g0.4.npy,6.105030353300229,8.343661871965654e-09,6.138550342848817,2,0.0,3.2881949286084044e-07,False
M1_N2_L3_15Hz,404,secondary,0.5,fx_deconv,svd_lowrank,,0EA9964685FC6D35C16FB632BA05A1B20E067B5183261EBB75699A61FC18CD10,M1_N2_L3_15Hz_404_secondary_g0.5.npy,6.124751940956422,8.160159832048538e-09,6.158392656938324,2,0.0,3.273018846164156e-07,False
M1_N2_L3_15Hz,404,secondary,0.6,fx_deconv,svd_lowrank,,6A6017538DAD4006C465CEFC2821A3875193550BFD725B722E8948F412C8B029,M1_N2_L3_15Hz_404_secondary_g0.6.npy,6.145063124892147,7.974029563152722e-09,6.1788461427127475,2,0.0,3.2566002016270374e-07,False
M1_N2_L3_15Hz,505,primary,0.4,fx_deconv,wavelet_threshold,,3382B2245DBF8B157F88FE1DA1A67DCDF1911B844A4FADFD01CA15A37C610884,M1_N2_L3_15Hz_505_primary_g0.4.npy,0.027658807644716177,1.6933634967430206e-10,0.05531175286039893,1,0.0,1.0690287691981869e-07,False
M1_N2_L3_15Hz,505,primary,0.5,fx_deconv,wavelet_threshold,,D7A2BA19B8548AEC87D4FB60F0024429598E562B7E2BE784D33AB00EB5236A88,M1_N2_L3_15Hz_505_primary_g0.5.npy,0.027658706394650068,1.7142175536847849e-10,0.05531164905644004,1,0.0,1.1217097543419923e-07,False
M1_N2_L3_15Hz,505,primary,0.6,fx_deconv,wavelet_threshold,,1272FF1EA1AC685D3F1FABDCBF97A1D2B05EEE7DA8A081F929A09642564EF0D2,M1_N2_L3_15Hz_505_primary_g0.6.npy,0.02765860311495061,1.7355846257090602e-10,0.055311543199964626,1,0.0,1.1761860204212838e-07,False
M1_N2_L3_15Hz,505,secondary,0.4,fx_deconv,svd_lowrank,,F10DCB47E4B7F00E94230E77B5E85560EF1E4AF5F2C205CD4000878CED573959,M1_N2_L3_15Hz_505_secondary_g0.4.npy,6.104754293524152,3.286987736803493e-09,6.138281887387478,1,0.0,8.979157901983973e-08,False
M1_N2_L3_15Hz,505,secondary,0.5,fx_deconv,svd_lowrank,,B3F911E5D650CB0C151E35FFD500B665FBFEF09101BB33B8C5A879649B4D865A,M1_N2_L3_15Hz_505_secondary_g0.5.npy,6.124403090736088,3.2202517545764037e-09,6.158058801973009,1,0.0,9.330027537363244e-08,False
M1_N2_L3_15Hz,505,secondary,0.6,fx_deconv,svd_lowrank,,AF47037502214C201C3DDC7853961C2EC6785E423B4A0A0D709FB8E218A1461F,M1_N2_L3_15Hz_505_secondary_g0.6.npy,6.144641363485956,3.1527043250127363e-09,6.178448904402383,1,0.0,9.697429567755239e-08,False
M1_N2_L3_25Hz,101,primary,0.4,fx_deconv,wavelet_threshold,,B4D8E9E21865E7678908CEC709AB235838355A35B7D4D69C3F7CC059BE8B7611,M1_N2_L3_25Hz_101_primary_g0.4.npy,0.02766455175419935,6.054871343921039e-10,0.05531837032847435,2,0.0,2.663036140999584e-06,False
M1_N2_L3_25Hz,101,primary,0.5,fx_deconv,wavelet_threshold,,201C090C713D2582A796BF254501DF983F447A127D703951E839ABCA64AA2037,M1_N2_L3_25Hz_101_primary_g0.5.npy,0.027664447960894734,6.128035286324354e-10,0.05531828685883789,2,0.0,2.6889130188539932e-06,False
M1_N2_L3_25Hz,101,primary,0.6,fx_deconv,wavelet_threshold,,8D98EF38621B4C96AF0DEA6858DDBC9FB502B54F32108BE52ABE4FFF9F93DDFA,M1_N2_L3_25Hz_101_primary_g0.6.npy,0.027664339904102775,6.20276086293e-10,0.05531819979727862,2,0.0,2.7152541657125636e-06,False
M1_N2_L3_25Hz,101,secondary,0.4,fx_deconv,svd_lowrank,,927F1D4B2DB8FB390FB98D84E02C455F54360D8E5D51FF29A1F57146F185C7AC,M1_N2_L3_25Hz_101_secondary_g0.4.npy,3.4364658979244602,3.4740836235233014e-08,3.9363044874030972,2,0.0,2.822858726207989e-06,False
M1_N2_L3_25Hz,101,secondary,0.5,fx_deconv,svd_lowrank,,EE140FDDAC470F98B8E85E53DC556DF358B2AA97C2958FF495A240A8DAB62DF4,M1_N2_L3_25Hz_101_secondary_g0.5.npy,3.418838432702106,3.3844395038840245e-08,3.9115665259803367,2,0.0,2.8618303295896913e-06,False
M1_N2_L3_25Hz,101,secondary,0.6,fx_deconv,svd_lowrank,,CFC1759FDA97C80E1EFE03464384596FDA6F90F85EE38238289878A4518089E1,M1_N2_L3_25Hz_101_secondary_g0.6.npy,3.4006768717710933,3.293707971046238e-08,3.886148709969376,2,0.0,2.901852005402153e-06,False
M1_N2_L3_25Hz,202,primary,0.4,fx_deconv,wavelet_threshold,,3BDF20AA16683897B687287EED808B495994BE35D7FB96D39A5061527AC4B965,M1_N2_L3_25Hz_202_primary_g0.4.npy,0.02766563245264919,4.509960858534328e-10,0.05531942348104467,2,0.0,1.0172357080823984e-06,False
M1_N2_L3_25Hz,202,primary,0.5,fx_deconv,wavelet_threshold,,1A65C2C23FC8BDBEF2451BEDE5475ABC9BDFD5C6C5657E02F3B5F96D4AD81035,M1_N2_L3_25Hz_202_primary_g0.5.npy,0.027665745042128265,4.572699908652316e-10,0.05531954513433767,2,0.0,1.0246460118123968e-06,False
M1_N2_L3_25Hz,202,primary,0.6,fx_deconv,wavelet_threshold,,99B7F191BDA608EFB21384461F57F6F5168FB958781F7D9A517159C134E94BBA,M1_N2_L3_25Hz_202_primary_g0.6.npy,0.027665860525086572,4.63708495969604e-10,0.05531966991586673,2,0.0,1.0322261194701291e-06,False
M1_N2_L3_25Hz,202,secondary,0.4,fx_deconv,svd_lowrank,,09CA3CE56A441B110BEE554FA180E186B784B3C3B69946B9377636A8AA0C332E,M1_N2_L3_25Hz_202_secondary_g0.4.npy,5.826379767239242,1.691631590058087e-08,5.859166461922975,2,0.0,1.04218032762182e-06,False
M1_N2_L3_25Hz,202,secondary,0.5,fx_deconv,svd_lowrank,,DF2E76F4034273994216D8A22DAA72D884F94A7A2D5F0DD85B75BE94B89DC19E,M1_N2_L3_25Hz_202_secondary_g0.5.npy,5.771275253694995,1.6564358021166937e-08,5.803969428678717,2,0.0,1.0563685983495698e-06,False
M1_N2_L3_25Hz,202,secondary,0.6,fx_deconv,svd_lowrank,,6ADFB4149A076C645C85C5D33143B48C0FDA2E0D88F235B78B1C8BD47687827D,M1_N2_L3_25Hz_202_secondary_g0.6.npy,5.714503092021129,1.620828212393433e-08,5.747112566934204,2,0.0,1.0709635022813127e-06,False
M1_N2_L3_25Hz,303,primary,0.4,fx_deconv,wavelet_threshold,,C055256873C7D470DB93B784F32A6A26C83A415ACAF69EB42B1039656E1B5A07,M1_N2_L3_25Hz_303_primary_g0.4.npy,0.02766516512815187,4.176693101036474e-10,0.055318966002090915,4,0.0,2.455152075634546e-06,False
M1_N2_L3_25Hz,303,primary,0.5,fx_deconv,wavelet_threshold,,60BF02292CA35215FF0ECC313382BDECFF337572C08AA5FFD16A207647838C1C,M1_N2_L3_25Hz_303_primary_g0.5.npy,0.02766519190548067,4.2366838857553337e-10,0.055319005056364015,4,0.0,2.448196639849962e-06,False
M1_N2_L3_25Hz,303,primary,0.6,fx_deconv,wavelet_threshold,,5483B6950CEC5453976039899941F54A3B44F2DB4A786F604166038B90D6DB4B,M1_N2_L3_25Hz_303_primary_g0.6.npy,0.027665219738944202,4.298347390730464e-10,0.055319045500345575,4,0.0,2.4409820987451104e-06,False
M1_N2_L3_25Hz,303,secondary,0.4,fx_deconv,svd_lowrank,,722078D830AACE74C8E75423515C293143DB0D6758BC541032CE5B324B50A8AA,M1_N2_L3_25Hz_303_secondary_g0.4.npy,4.06874714636127,3.162112559962034e-08,4.506951704270858,4,0.0,2.5092298573486763e-06,False
M1_N2_L3_25Hz,303,secondary,0.5,fx_deconv,svd_lowrank,,9C06DD34F61D0B9B41F2E91CED9AED9D97D4ED58B0AA6FA135D53A410DC09CB3,M1_N2_L3_25Hz_303_secondary_g0.5.npy,4.04377079066972,3.082533610183163e-08,4.474642279003938,4,0.0,2.517047298266541e-06,False
M1_N2_L3_25Hz,303,secondary,0.6,fx_deconv,svd_lowrank,,1F270D789017995BE02FE2950520E098223C112EABB65B982A2B49DD86FC583A,M1_N2_L3_25Hz_303_secondary_g0.6.npy,4.018212267276482,3.0017560755703085e-08,4.441655813469659,4,0.0,2.525140298066781e-06,False
M1_N2_L3_25Hz,404,primary,0.4,fx_deconv,wavelet_threshold,,955CFD52CA465A8D12422E0584985B9E5E71A6EC7DEEE02CC7DA01C6BFB20BC0,M1_N2_L3_25Hz_404_primary_g0.4.npy,0.02766496325462775,7.188623319623782e-10,0.05531876389837265,3,0.0,6.530321244614617e-07,False
M1_N2_L3_25Hz,404,primary,0.5,fx_deconv,wavelet_threshold,,AAE795E1749FDC92481411B19E4A1C9A12D97DFFA434F65DF25923159D6B1B2D,M1_N2_L3_25Hz_404_primary_g0.5.npy,0.02766494616116333,7.269864440566297e-10,0.055318757641343044,3,0.0,6.56105363790279e-07,False
M1_N2_L3_25Hz,404,primary,0.6,fx_deconv,wavelet_threshold,,CC939CF4CF5B68695E2B21BB0DC936831E45491DA3A791EED29B0ACA38FADBB1,M1_N2_L3_25Hz_404_primary_g0.6.npy,0.02766492858063252,7.352806038636008e-10,0.055318751176125266,3,0.0,6.592479675852604e-07,False
M1_N2_L3_25Hz,404,secondary,0.4,fx_deconv,svd_lowrank,,2D50AAC0C1587EA0936AF3E9B809804E4C0639DCF7017DC7721FAD992F48EAF5,M1_N2_L3_25Hz_404_secondary_g0.4.npy,3.436147019214344,3.751545004243319e-08,3.935846545702149,3,0.0,8.468928729241206e-07,False
M1_N2_L3_25Hz,404,secondary,0.5,fx_deconv,svd_lowrank,,2D899C0070B4F6ADE3B57116F285547D57DB779AC10FCAB94B0C99B138E3D220,M1_N2_L3_25Hz_404_secondary_g0.5.npy,3.4184394703964145,3.674070697575843e-08,3.9109910113319204,3,0.0,8.705118662595715e-07,False
M1_N2_L3_25Hz,404,secondary,0.6,fx_deconv,svd_lowrank,,3FC33B4E8146771F955361C0A33CD1DD1AEA6B40CB9E1D3F449033719094216C,M1_N2_L3_25Hz_404_secondary_g0.6.npy,3.4001976756345087,3.595676497210626e-08,3.885454261209716,3,0.0,8.950354314147998e-07,False
M1_N2_L3_25Hz,505,primary,0.4,fx_deconv,wavelet_threshold,,36B011252F1B10B13B96A71DC311858E3D81CE2CA42E04A79ADAABD1509545F9,M1_N2_L3_25Hz_505_primary_g0.4.npy,0.027664939579040038,2.0068273590868032e-10,0.05531876736873689,4,0.0,6.686250432789804e-07,False
M1_N2_L3_25Hz,505,primary,0.5,fx_deconv,wavelet_threshold,,018C8146C6E14E708E9AB076EA8D29F3A8F7240A45020A614D4B03057AB16481,M1_N2_L3_25Hz_505_primary_g0.5.npy,0.027664823239156533,2.0354140834676335e-10,0.05531866652720715,4,0.0,6.679700148848797e-07,False
M1_N2_L3_25Hz,505,primary,0.6,fx_deconv,wavelet_threshold,,8E7A5189D3F433F59D92987F23D8421D3D3861EBA5D8F51A44C4AD87B7E49F2A,M1_N2_L3_25Hz_505_primary_g0.6.npy,0.027664703311849337,2.064737572042416e-10,0.05531856255088896,4,0.0,6.673136513863091e-07,False
M1_N2_L3_25Hz,505,secondary,0.4,fx_deconv,svd_lowrank,,611C5CF8A610172539AE0995AB36A8E4353826C0F8F063B0B3254E95BFB75471,M1_N2_L3_25Hz_505_secondary_g0.4.npy,5.825906523181608,4.615865241210907e-09,5.8586877269271875,4,0.0,6.605616007791512e-07,False
M1_N2_L3_25Hz,505,secondary,0.5,fx_deconv,svd_lowrank,,04A564FCC449DC029671C075070D88169910B3903C91197C95228C2268569940,M1_N2_L3_25Hz_505_secondary_g0.5.npy,5.770676452015472,4.498927822016032e-09,5.803368316780908,4,0.0,6.576436065821335e-07,False
M1_N2_L3_25Hz,505,secondary,0.6,fx_deconv,svd_lowrank,,511BA50C16BF6E87DA434983B57D07A5A77D2938BB61C2536F7D0CBF2423AE94,M1_N2_L3_25Hz_505_secondary_g0.6.npy,5.713778508497651,4.380650890362307e-09,5.746389617000796,4,0.0,6.546174072251662e-07,False
M1_N2_L3_40Hz,101,primary,0.4,fx_deconv,wavelet_threshold,,8B56585D6B759C2BB8E419BE7F9251945CBC88EE39BF72675873089887CF19F2,M1_N2_L3_40Hz_101_primary_g0.4.npy,0.027665496421873215,4.001021896143034e-10,0.0553192950531459,2,0.0,1.973276506317026e-06,False
M1_N2_L3_40Hz,101,primary,0.5,fx_deconv,wavelet_threshold,,41D1237988FF0D01C127072E411BEBCA07FE6F58EF94892E2F73DE49E94D91AF,M1_N2_L3_40Hz_101_primary_g0.5.npy,0.027665496421873215,4.0010218961430184e-10,0.0553192950531459,2,0.0,1.97327650639622e-06,False
M1_N2_L3_40Hz,101,primary,0.6,fx_deconv,wavelet_threshold,,F9201D0D20757C741BA4F53E9355BF902CDC13B4A7603DDB5E56F7908C245333,M1_N2_L3_40Hz_101_primary_g0.6.npy,0.027665496421873215,4.0010218961432857e-10,0.0553192950531459,2,0.0,1.97327650639622e-06,False
M1_N2_L3_40Hz,101,secondary,0.4,fx_deconv,svd_lowrank,,8181DFA8F66750D0D9F15A115222FFABB3C134D1A7B0064B8DE1B0762EAF3FF4,M1_N2_L3_40Hz_101_secondary_g0.4.npy,2.063755489738222,7.469091210370238e-08,2.5485266808140645,2,0.0,1.973159488625306e-06,False
M1_N2_L3_40Hz,101,secondary,0.5,fx_deconv,svd_lowrank,,937370EE69DDE145CFF400EEC70454F6915B887338F37D2AFC0D57B859278D30,M1_N2_L3_40Hz_101_secondary_g0.5.npy,2.0637554897382238,7.469091210370238e-08,2.5485266808140663,2,0.0,1.973159488625306e-06,False
M1_N2_L3_40Hz,101,secondary,0.6,fx_deconv,svd_lowrank,,F85077D1188A7662DEB6F17C43DFF8CAE6C6356B5377B7B3B11E4A8A7BB9A252,M1_N2_L3_40Hz_101_secondary_g0.6.npy,2.0637554897382273,7.46909121037024e-08,2.5485266808140663,2,0.0,1.973159488625306e-06,False
M1_N2_L3_40Hz,202,primary,0.4,fx_deconv,wavelet_threshold,,2D6478E1F8E4A6D07D3624ACF21AE9D37F28AA93B3F1C8E705711796E57FAF58,M1_N2_L3_40Hz_202_primary_g0.4.npy,0.02766538841212629,3.117681866388244e-10,0.0553191924482803,3,0.0,9.867848170581775e-07,False
M1_N2_L3_40Hz,202,primary,0.5,fx_deconv,wavelet_threshold,,A69BE1601BECE0B57CDA791310D51BFE07A2878C5624DBCE108E153E8D5F9453,M1_N2_L3_40Hz_202_primary_g0.5.npy,0.02766538841212629,3.117681866388452e-10,0.0553191924482803,3,0.0,9.867848170581775e-07,False
M1_N2_L3_40Hz,202,primary,0.6,fx_deconv,wavelet_threshold,,B3D5F19849EF36EDD25319EAF3C2BDEFBF9FCDEC1FFDF455E3C894E815DE4961,M1_N2_L3_40Hz_202_primary_g0.6.npy,0.02766538841212629,3.117681866388396e-10,0.0553191924482803,3,0.0,9.867848170581775e-07,False
M1_N2_L3_40Hz,202,secondary,0.4,fx_deconv,svd_lowrank,,4FD4582B3F13F9214F67610498AE3FEEE6730EABD3B1A0B96D31BFF1234D052A,M1_N2_L3_40Hz_202_secondary_g0.4.npy,4.163153722100393,2.9028610160967944e-08,4.629764198663226,3,0.0,1.0730827613845966e-06,False
M1_N2_L3_40Hz,202,secondary,0.5,fx_deconv,svd_lowrank,,9D43717936404491D2A61CE16689A3EB7319DF37C97E1005CD6C612B7DAB5AD2,M1_N2_L3_40Hz_202_secondary_g0.5.npy,4.163153722100397,2.9028610160967944e-08,4.629764198663231,3,0.0,1.0730827613845966e-06,False
M1_N2_L3_40Hz,202,secondary,0.6,fx_deconv,svd_lowrank,,06DC899F3E086446F86575BF19A1DEFBE47FD441EEA708AFC248BA077EB15D80,M1_N2_L3_40Hz_202_secondary_g0.6.npy,4.1631537221004,2.902861016096794e-08,4.629764198663235,3,0.0,1.0730827613845966e-06,False
M1_N2_L3_40Hz,303,primary,0.4,fx_deconv,wavelet_threshold,,79DCA69580A1D993EDA08E1D8FB13A1E7689B8FDE7942856F64F9895FCDD877B,M1_N2_L3_40Hz_303_primary_g0.4.npy,0.027665363842972468,7.773267056764704e-10,0.05531917017072303,3,0.0,3.647785714668972e-06,False
M1_N2_L3_40Hz,303,primary,0.5,fx_deconv,wavelet_threshold,,B60A388727C2BA84F4190D2972AC395290B5E859805847336D967933B46AE310,M1_N2_L3_40Hz_303_primary_g0.5.npy,0.027665363842972468,7.773267056765283e-10,0.05531917017072303,3,0.0,3.647785714668972e-06,False
M1_N2_L3_40Hz,303,primary,0.6,fx_deconv,wavelet_threshold,,9F89A6D81743365C433605D54468B3FE3C64E9E3565D338DE7E433E68F9CD9EA,M1_N2_L3_40Hz_303_primary_g0.6.npy,0.027665363842972468,7.773267056765195e-10,0.05531917017072303,3,0.0,3.647785714668972e-06,False
M1_N2_L3_40Hz,303,secondary,0.4,fx_deconv,svd_lowrank,,93842E9140E9A5A4E0D044CEE4CCF97FED8B48AEFD26CBE75ACF4172716EBA18,M1_N2_L3_40Hz_303_secondary_g0.4.npy,1.7353789510266218,1.0340866254353698e-07,2.1773509466558636,3,0.0,3.3397466110537165e-06,False
M1_N2_L3_40Hz,303,secondary,0.5,fx_deconv,svd_lowrank,,35D630DD55639C7927990E3CA75D6FB3CC355684C9A61E3FA83F6752C4C8901F,M1_N2_L3_40Hz_303_secondary_g0.5.npy,1.735378951026627,1.0340866254353698e-07,2.1773509466558636,3,0.0,3.3397466110537165e-06,False
M1_N2_L3_40Hz,303,secondary,0.6,fx_deconv,svd_lowrank,,3D56370A5C2FCA6FD89972A26483CB88AC7FAC4B4BFD7B45E3C08CB0DC92D70C,M1_N2_L3_40Hz_303_secondary_g0.6.npy,1.7353789510266289,1.0340866254353698e-07,2.177350946655868,3,0.0,3.3397466110537165e-06,False
M1_N2_L3_40Hz,404,primary,0.4,fx_deconv,wavelet_threshold,,6DD5CFB9BFBA2A9BC1EAF4E57C94359B89FECAF22F3272093BB1C4B71883CEEF,M1_N2_L3_40Hz_404_primary_g0.4.npy,0.027665632532313467,2.8793679233915124e-10,0.05531943438132087,5,0.0,6.045084470326488e-07,False
M1_N2_L3_40Hz,404,primary,0.5,fx_deconv,wavelet_threshold,,8FA68A5D03D87F930521C306DA84643B549E11FA5DA1E8E9D5BBF4E7FA314C7E,M1_N2_L3_40Hz_404_primary_g0.5.npy,0.027665632532313467,2.8793679233916576e-10,0.05531943438132087,5,0.0,6.045084470326488e-07,False
M1_N2_L3_40Hz,404,primary,0.6,fx_deconv,wavelet_threshold,,C384FD88741F6A3DAC305FFC23CBDB4ECEC682CD2616416380FB3DA5CEEDED3A,M1_N2_L3_40Hz_404_primary_g0.6.npy,0.027665632532313467,2.879367923391124e-10,0.05531943438132087,5,0.0,6.045084470326488e-07,False
M1_N2_L3_40Hz,404,secondary,0.4,fx_deconv,svd_lowrank,,6467169B1822DF1E2F6D992D71E6059A82DA225F4C5EBECAA56D896172E2F864,M1_N2_L3_40Hz_404_secondary_g0.4.npy,2.0637576114184686,6.709262907539708e-08,2.5485285557424655,5,0.0,8.048563239512352e-07,False
M1_N2_L3_40Hz,404,secondary,0.5,fx_deconv,svd_lowrank,,60CE89D4A62FCE0AD98A4F18B7523AE57C4C4E9201D5EBF8F57F03BF6FE67602,M1_N2_L3_40Hz_404_secondary_g0.5.npy,2.0637576114184704,6.709262907539707e-08,2.548528555742467,5,0.0,8.048563239512352e-07,False
M1_N2_L3_40Hz,404,secondary,0.6,fx_deconv,svd_lowrank,,D57FEC926651900B562EE0EA8B0FC95E686B1CCC4B429C9902003B6E08FAD822,M1_N2_L3_40Hz_404_secondary_g0.6.npy,2.0637576114184757,6.709262907539712e-08,2.548528555742468,5,0.0,8.048563239512352e-07,False
M1_N2_L3_40Hz,505,primary,0.4,fx_deconv,wavelet_threshold,,C90B1AC0625743734114D6246C4B23514D128EFD35FCF4D73A33ED8E4DCCE23D,M1_N2_L3_40Hz_505_primary_g0.4.npy,0.02766571170118759,1.704215577590617e-10,0.055319520582464664,5,0.0,9.415372013283378e-07,False
M1_N2_L3_40Hz,505,primary,0.5,fx_deconv,wavelet_threshold,,B82ED9186E06BBF5DCF10925E49CD96F0A93A1C2D4E50B4C7CBA109CE14DE790,M1_N2_L3_40Hz_505_primary_g0.5.npy,0.02766571170118759,1.7042155775905888e-10,0.055319520582464664,5,0.0,9.415372013283378e-07,False
M1_N2_L3_40Hz,505,primary,0.6,fx_deconv,wavelet_threshold,,B091539586BB634A704349D0F5717292E3C2599CD56989FC2F6E6EA0FDB035EE,M1_N2_L3_40Hz_505_primary_g0.6.npy,0.02766571170118759,1.7042155775906803e-10,0.055319520582464664,5,0.0,9.415372013283378e-07,False
M1_N2_L3_40Hz,505,secondary,0.4,fx_deconv,svd_lowrank,,5C0BC28E7E284D0272C9BF0110DDDC988ADEF489F287493914D9C69C943D3B4F,M1_N2_L3_40Hz_505_secondary_g0.4.npy,6.031549874098493,1.3746659102876413e-08,6.064776094238776,5,0.0,9.82203767662907e-07,False
M1_N2_L3_40Hz,505,secondary,0.5,fx_deconv,svd_lowrank,,FBFD4365DBCBBA5835EA5FDEB4FDF769134105A41700C059460C52751E4C9BF0,M1_N2_L3_40Hz_505_secondary_g0.5.npy,6.031549874098511,1.3746659102876396e-08,6.0647760942387965,5,0.0,9.82203767662907e-07,False
M1_N2_L3_40Hz,505,secondary,0.6,fx_deconv,svd_lowrank,,0D508B389B559BBCCFBF6A2D72AA90AFAD54E19EA49FE98CDF483600CDD87DA6,M1_N2_L3_40Hz_505_secondary_g0.6.npy,6.031549874098529,1.37466591028765e-08,6.064776094238815,5,0.0,9.82203767662907e-07,False
M1_N3_L1_15Hz,101,primary,0.4,fx_deconv,wavelet_threshold,,C49B4FB26E7D8E3ADDD173358FC68325E787833A410FA788E800EAB0F2145BE4,M1_N3_L1_15Hz_101_primary_g0.4.npy,0.1792470938125721,0.030785330995233524,0.3293392042756987,1,2.0,0.031130498023577174,False
M1_N3_L1_15Hz,101,primary,0.5,fx_deconv,wavelet_threshold,,F5E1B4018FB9E84FDB34A5C18F9586AED8964140989F7EFD7F389AAC06A4ACBC,M1_N3_L1_15Hz_101_primary_g0.5.npy,0.17925499050429217,0.030785265725709113,0.32932262249281036,1,2.0,0.031130386331792135,False
M1_N3_L1_15Hz,101,primary,0.6,fx_deconv,wavelet_threshold,,A2305DE415561A3A6CE997163DD3E4BF08E84A0CBFAEFBFEF4280B3EF3070ECE,M1_N3_L1_15Hz_101_primary_g0.6.npy,0.17926342681696994,0.03078519898830192,0.3293063359674967,1,2.0,0.03113027313061372,False
M1_N3_L1_15Hz,101,secondary,0.4,fx_deconv,svd_lowrank,,F6052DB7F4718AAAE05457960F2D2639816616D2BC9487F9D94661CC978EC6C9,M1_N3_L1_15Hz_101_secondary_g0.4.npy,2.537163205112263,0.018379819768739078,3.173170896302798,1,0.0,0.01873765469339671,False
M1_N3_L1_15Hz,101,secondary,0.5,fx_deconv,svd_lowrank,,6E55F9BCD412EE1B0DAAC86496B15D0B0329C4BC0609C32E5BBED4B622ECBB72,M1_N3_L1_15Hz_101_secondary_g0.5.npy,2.5304258894702407,0.01839990320398128,3.162464540622925,1,0.0,0.018757277765691686,False
M1_N3_L1_15Hz,101,secondary,0.6,fx_deconv,svd_lowrank,,8A4CAE4ABE6895180B787F031E7F00913613ABC168A8F4C9CAE49D56B1E84A5A,M1_N3_L1_15Hz_101_secondary_g0.6.npy,2.523428239183877,0.01842057582594075,3.151390756200145,1,0.0,0.018777423725980173,False
M1_N3_L1_15Hz,202,primary,0.4,fx_deconv,wavelet_threshold,,DAD18D51D875E48744DD9DA611A17363C09323B62BEC0EC31FB445CC8C6030AC,M1_N3_L1_15Hz_202_primary_g0.4.npy,0.19095697854909766,0.035950154514289505,0.35125340260723564,2,1.0,0.03194257625695067,False
M1_N3_L1_15Hz,202,primary,0.5,fx_deconv,wavelet_threshold,,1FE8520842214A9F1704BB5B7B1AC22C3D837710FB880C2930106760091A4A6C,M1_N3_L1_15Hz_202_primary_g0.5.npy,0.1909561548679779,0.03595008905759113,0.35122352525220013,2,1.0,0.03194238793726881,False
M1_N3_L1_15Hz,202,primary,0.6,fx_deconv,wavelet_threshold,,DA63BE189E8769E1738B9BBC8ED619FB8A2CC0AFD8AD247A7F2F33A27342614C,M1_N3_L1_15Hz_202_primary_g0.6.npy,0.1909556835005315,0.035950022248050266,0.3511937866261028,2,1.0,0.03194219609998116,False
M1_N3_L1_15Hz,202,secondary,0.4,fx_deconv,svd_lowrank,,82B4E7570924BC0EB4543BBF20FB69E2B277557D790475F7C42A5D46F11CA1D5,M1_N3_L1_15Hz_202_secondary_g0.4.npy,2.6578243742926198,0.02064724811585477,3.307427479168878,2,1.0,0.017561194967870307,False
M1_N3_L1_15Hz,202,secondary,0.5,fx_deconv,svd_lowrank,,2A25944FDB434356240165D0F6FAE51537D6EFBF8AFED50E351F19EB2CC40C5C,M1_N3_L1_15Hz_202_secondary_g0.5.npy,2.650214348074906,0.02068475966946222,3.2954973346298906,2,1.0,0.017594628615314974,False
M1_N3_L1_15Hz,202,secondary,0.6,fx_deconv,svd_lowrank,,6F1BFBBBAF87C361228ED5748417C51DA654A8D9F08F624667CFED886EC74F38,M1_N3_L1_15Hz_202_secondary_g0.6.npy,2.6423327583110083,0.02072339201180677,3.2831970508304313,2,1.0,0.01762903547123435,False
M1_N3_L1_15Hz,303,primary,0.4,fx_deconv,wavelet_threshold,,9F0BF52469679BA254EC369DC379CB363066AEC82FE5B9E1250E978A4B89AA9F,M1_N3_L1_15Hz_303_primary_g0.4.npy,0.18050972454870795,0.020434080182225454,0.3254714915357765,1,0.0,0.02043597780693497,False
M1_N3_L1_15Hz,303,primary,0.5,fx_deconv,wavelet_threshold,,B666556DF24E7E6BEDDE66D4C61E2067E0FC6272E99373146CF790845F15596E,M1_N3_L1_15Hz_303_primary_g0.5.npy,0.18050801560767482,0.02043397374916627,0.32544846051819554,1,0.0,0.020435888353269437,False
M1_N3_L1_15Hz,303,primary,0.6,fx_deconv,wavelet_threshold,,03DB7EF0EAAAC21FAA5381B7D30EF0489A95D4B82CF3F4F615D030B777B8691B,M1_N3_L1_15Hz_303_primary_g0.6.npy,0.18050635673544413,0.020433864954354338,0.3254252217258111,1,0.0,0.02043579658340824,False
M1_N3_L1_15Hz,303,secondary,0.4,fx_deconv,svd_lowrank,,6703C65D77295CEF6A4AB4667F5813DF1D8FFDD336B642F8F7606756958DAA36,M1_N3_L1_15Hz_303_secondary_g0.4.npy,2.638332181444609,0.012684551073913738,3.2770834007913363,1,0.0,0.012597270155704846,False
M1_N3_L1_15Hz,303,secondary,0.5,fx_deconv,svd_lowrank,,75672E233A8E0D7D8FF8ECF4466F9329DB97975DEA1F6117C55F7906D05C24AC,M1_N3_L1_15Hz_303_secondary_g0.5.npy,2.6308601528604356,0.012693968107797854,3.2653238361174974,1,0.0,0.012606607170865711,False
M1_N3_L1_15Hz,303,secondary,0.6,fx_deconv,svd_lowrank,,713D02CA7148F175F25E0E3743E764D602C707E0BC8912D3D966A6A0A30569D5,M1_N3_L1_15Hz_303_secondary_g0.6.npy,2.623100651881092,0.012703702840877261,3.2531483883052608,1,0.0,0.012616185076268454,False
M1_N3_L1_15Hz,404,primary,0.4,fx_deconv,wavelet_threshold,,32A97708E1874E3E8937CA60DDCF6A596CAC43947A99C0B2D1DCDFCE50BD8AC1,M1_N3_L1_15Hz_404_primary_g0.4.npy,0.16181855628408393,0.02340077935465996,0.2947247855231345,2,0.0,0.0317763831034138,False
M1_N3_L1_15Hz,404,primary,0.5,fx_deconv,wavelet_threshold,,771D14ED311A7D51A80C5CBA75A770655F9BB0B01AE9DCF8F9FD488A7A9FB247,M1_N3_L1_15Hz_404_primary_g0.5.npy,0.16182367971050482,0.023400670088194367,0.2947122397472327,2,0.0,0.03177645451720465,False
M1_N3_L1_15Hz,404,primary,0.6,fx_deconv,wavelet_threshold,,C395DC80A85A922A789F1B3C24BE2EBC9A3795B3C623A19ADCD86EE05AEE3BB2,M1_N3_L1_15Hz_404_primary_g0.6.npy,0.16182904534475817,0.023400558170457584,0.29469964689550915,2,0.0,0.03177652791503693,False
M1_N3_L1_15Hz,404,secondary,0.4,fx_deconv,svd_lowrank,,50A25A1FC76D4F8CB80ABC405AB9FB96A0ABB3361BFA9DF42FC18E8EDBA97031,M1_N3_L1_15Hz_404_secondary_g0.4.npy,2.6111121341124726,0.01349734415523605,3.2350503019099,2,0.0,0.019078180880777798,False
M1_N3_L1_15Hz,404,secondary,0.5,fx_deconv,svd_lowrank,,BE86A16B14A35556C5EEE9AA04AC73D60CF2AF091D19EA37C41A7FC7613F9610,M1_N3_L1_15Hz_404_secondary_g0.5.npy,2.6021311278820694,0.013518377302696278,3.220942864223294,2,0.0,0.019102634144071838,False
M1_N3_L1_15Hz,404,secondary,0.6,fx_deconv,svd_lowrank,,533D92B5544210577B3BF02A5F0523191B36A427446BE5F0376381F07E78858C,M1_N3_L1_15Hz_404_secondary_g0.6.npy,2.592792855928286,0.01354007850949475,3.2063283220190737,2,0.0,0.01912782447792545,False
M1_N3_L1_15Hz,505,primary,0.4,fx_deconv,wavelet_threshold,,E14A0C7EE4E86BD1C8622AD8B5ABC04498F5AC284F09FB581AFFA5B94BF688F5,M1_N3_L1_15Hz_505_primary_g0.4.npy,0.2256333045260348,0.022659889659147208,0.40436658179825724,1,0.0,0.02272701502769955,False
M1_N3_L1_15Hz,505,primary,0.5,fx_deconv,wavelet_threshold,,E856FBB0D110CC4D9704EA6BCD792FD4FBAE3E6ADDA7F9D75CE7C6DFE9E30E25,M1_N3_L1_15Hz_505_primary_g0.5.npy,0.22562494981139025,0.022659899592553205,0.40430269469771135,1,0.0,0.022727123346261712,False
M1_N3_L1_15Hz,505,primary,0.6,fx_deconv,wavelet_threshold,,DEC0A442775C2FF0B89816832FA693ABECBDEDA79B8C86B217A69542F3A9D3D3,M1_N3_L1_15Hz_505_primary_g0.6.npy,0.22561681225831975,0.02265990998582617,0.40423849954451463,1,0.0,0.02272723389331166,False
M1_N3_L1_15Hz,505,secondary,0.4,fx_deconv,svd_lowrank,,759C5318C7988A8F26E30AE80D525301D53469948445EA7D5308CFD0DC31468F,M1_N3_L1_15Hz_505_secondary_g0.4.npy,2.683100110776067,0.014217916491257481,3.362562368333103,1,0.0,0.014502238585198756,False
M1_N3_L1_15Hz,505,secondary,0.5,fx_deconv,svd_lowrank,,6F66D5112C1A2DB4673E45E4DA572C6BEA8331A6F6B59DC478F2249CBEE8084B,M1_N3_L1_15Hz_505_secondary_g0.5.npy,2.675063212833985,0.014241499201552706,3.3499086722356566,1,0.0,0.01452456315725964,False
M1_N3_L1_15Hz,505,secondary,0.6,fx_deconv,svd_lowrank,,C9592DDE82E64C13E22DDC59D38A3EB638C3F9B17E6A1E6658AE2CC3978A93EA,M1_N3_L1_15Hz_505_secondary_g0.6.npy,2.666736861758997,0.014265786994638175,3.3368557318325553,1,0.0,0.014547499722245583,False
M1_N3_L1_25Hz,101,primary,0.4,fx_deconv,wavelet_threshold,,D0958A0D002AE484EA741F226FFF934477FE3D9843D8332EA5B682EC3093B73C,M1_N3_L1_25Hz_101_primary_g0.4.npy,0.06741769480536597,0.01815410622359088,0.10637266360737684,2,0.0,0.017464149288097787,False
M1_N3_L1_25Hz,101,primary,0.5,fx_deconv,wavelet_threshold,,6F423A7E21E5780071CA37944FA2E0CB36AD802A98A95C128A0793A5413A03C4,M1_N3_L1_25Hz_101_primary_g0.5.npy,0.06740142534220439,0.018154129866282884,0.10636260796035803,2,0.0,0.01746471111733658,False
M1_N3_L1_25Hz,101,primary,0.6,fx_deconv,wavelet_threshold,,322ADE4418CC69FA1EC8FF38D14725FCA67EFC1C796480A6FE3D5E63F5B9B1E0,M1_N3_L1_25Hz_101_primary_g0.6.npy,0.06738485979194486,0.018154153806414823,0.10635246293631331,2,0.0,0.017465281245292577,False
M1_N3_L1_25Hz,101,secondary,0.4,fx_deconv,svd_lowrank,,AC79243C678056D0282F8565E18642FAA80A0CC556403D41B3958E872B2CE3DD,M1_N3_L1_25Hz_101_secondary_g0.4.npy,2.5337515694549086,0.010817385593350777,3.0700321555196246,2,0.0,0.009654907075220228,False
M1_N3_L1_25Hz,101,secondary,0.5,fx_deconv,svd_lowrank,,BAD72A7F26FAB8A014885DC097396B392FCEBC123D1A63AF3D142676DC4CCD54,M1_N3_L1_25Hz_101_secondary_g0.5.npy,2.528598503521481,0.010826294059492324,3.061869696491942,2,0.0,0.009665057918048663,False
M1_N3_L1_25Hz,101,secondary,0.6,fx_deconv,svd_lowrank,,32577749DF2B12209589E71E3A945A73828D523424F705DD8F5F376296417449,M1_N3_L1_25Hz_101_secondary_g0.6.npy,2.5232724017701162,0.010835404684416069,3.0534591467930734,2,0.0,0.009675363130648923,False
M1_N3_L1_25Hz,202,primary,0.4,fx_deconv,wavelet_threshold,,12E42522E7D19A8CC2E26DD1C2E204F936C1C8CC2264116E847918F45ABC0897,M1_N3_L1_25Hz_202_primary_g0.4.npy,0.06972181655470955,0.030756652974339743,0.10876943883223456,2,0.0,0.03173436431975446,False
M1_N3_L1_25Hz,202,primary,0.5,fx_deconv,wavelet_threshold,,40A8220A15997A6223783CBFFB92886A58D3ADD9C4B3709754D518D84754F410,M1_N3_L1_25Hz_202_primary_g0.5.npy,0.06968529383442501,0.030756765582144435,0.10874218547994655,2,0.0,0.03173458415757516,False
M1_N3_L1_25Hz,202,primary,0.6,fx_deconv,wavelet_threshold,,44743FCB98B97DD7A0EE34DD8A1C558AF92FDA5DE744527C2B813CF5C9F15EA1,M1_N3_L1_25Hz_202_primary_g0.6.npy,0.06964811153325634,0.030756879616681627,0.10871456320517227,2,0.0,0.03173480669134868,False
M1_N3_L1_25Hz,202,secondary,0.4,fx_deconv,svd_lowrank,,AF190FB09BA48FA020CAE3F5684A722835B3E29413D1ED5F096F514CB7E1D0DB,M1_N3_L1_25Hz_202_secondary_g0.4.npy,2.4377189930766594,0.017755264344867242,2.961561105328877,2,0.0,0.018040227326281924,False
M1_N3_L1_25Hz,202,secondary,0.5,fx_deconv,svd_lowrank,,B6BE58C5772B77D36A5DF439C65ED4EB929AA3AFA82F1F232126981A1292FD4C,M1_N3_L1_25Hz_202_secondary_g0.5.npy,2.431755715493992,0.017785351827758953,2.9520248305322863,2,0.0,0.0180652877626087,False
M1_N3_L1_25Hz,202,secondary,0.6,fx_deconv,svd_lowrank,,C3E06C68A3C83788600D592E39D3E1E7D348FE9351327668669526B7F76B744D,M1_N3_L1_25Hz_202_secondary_g0.6.npy,2.4256195940329413,0.017816227086415344,2.942237512017927,2,0.0,0.018090959778063048,False
M1_N3_L1_25Hz,303,primary,0.4,fx_deconv,wavelet_threshold,,4529771369A346C03DDB1BAD138C972E4D713B37C0901C8674643D059C1517DC,M1_N3_L1_25Hz_303_primary_g0.4.npy,0.07043919571345825,0.023306921117399616,0.10782057809937334,4,0.0,0.03540622151088986,False
M1_N3_L1_25Hz,303,primary,0.5,fx_deconv,wavelet_threshold,,24CB59AF6AB44B56499C953B38E20388C79FD274510EC329131910EA44DE280B,M1_N3_L1_25Hz_303_primary_g0.5.npy,0.07040175936912618,0.023306946375955116,0.1077878343589336,4,0.0,0.03540658813179552,False
M1_N3_L1_25Hz,303,primary,0.6,fx_deconv,wavelet_threshold,,CC3E6D5BE73789651D61525C6198B168E79DE4492DB0F46503C40D64394002FE,M1_N3_L1_25Hz_303_primary_g0.6.npy,0.07036348697280204,0.023306971932236062,0.10775446436722846,4,0.0,0.035406962049246746,False
M1_N3_L1_25Hz,303,secondary,0.4,fx_deconv,svd_lowrank,,8EDB8F8141E6F7782717DBAC7069E567E5CB9FB2F2C11E5D3C686E5983024372,M1_N3_L1_25Hz_303_secondary_g0.4.npy,2.589567008236063,0.013721065807010425,3.1318980402413987,4,0.0,0.02075974605720156,False
M1_N3_L1_25Hz,303,secondary,0.5,fx_deconv,svd_lowrank,,06361F5465BA2B2D51FDB44950B8AA63B01BFDE86076C48F495D508B0BA0CD6A,M1_N3_L1_25Hz_303_secondary_g0.5.npy,2.585691242556246,0.013725671682935685,3.1258027146851926,4,0.0,0.020764360435849942,False
M1_N3_L1_25Hz,303,secondary,0.6,fx_deconv,svd_lowrank,,76BEF1737CEC32FE22C9B12B326447183CB5588B604D1B3D0BED25FA1A20C179,M1_N3_L1_25Hz_303_secondary_g0.6.npy,2.581692980452102,0.013730382744147144,3.119522381982169,4,0.0,0.020769101274426924,False
M1_N3_L1_25Hz,404,primary,0.4,fx_deconv,wavelet_threshold,,DE429491AEE20D010CA9E70324F5E8B2CA76A29519AE5D6F289147F2585627BA,M1_N3_L1_25Hz_404_primary_g0.4.npy,0.06428096127227079,0.022903550861964835,0.10051378815624125,3,0.0,0.024085442390780552,False
M1_N3_L1_25Hz,404,primary,0.5,fx_deconv,wavelet_threshold,,30E82982BFDBBF203D59FE4BB6302A988D647490358FCBD45D604AB57FD89CFE,M1_N3_L1_25Hz_404_primary_g0.5.npy,0.06426464889621819,0.022903622559542595,0.10050362798051984,3,0.0,0.02408548336041108,False
M1_N3_L1_25Hz,404,primary,0.6,fx_deconv,wavelet_threshold,,BD2193A93450F5E809E22B765D6FD86F0AD0D90DEA706FB4FD17EA682D3D1C1A,M1_N3_L1_25Hz_404_primary_g0.6.npy,0.06424810961274119,0.022903694915207357,0.10049339171337793,3,0.0,0.024085525153220644,False
M1_N3_L1_25Hz,404,secondary,0.4,fx_deconv,svd_lowrank,,2370D0983B1F2D548138FF776462227908C9F70FE24DCB358BA2F43B323A6B6D,M1_N3_L1_25Hz_404_secondary_g0.4.npy,2.6050532676585494,0.01275371782895745,3.1487256808922366,3,0.0,0.01398357107855718,False
M1_N3_L1_25Hz,404,secondary,0.5,fx_deconv,svd_lowrank,,F410B82FAE7BB1F2194D3B3329D630A53D5A67A20544B013311A79571FACACDF,M1_N3_L1_25Hz_404_secondary_g0.5.npy,2.6011752474520815,0.012767697264247688,3.1426645611324484,3,0.0,0.014004333477120436,False
M1_N3_L1_25Hz,404,secondary,0.6,fx_deconv,svd_lowrank,,5D999A901927CE0EFA57D8AB81A90664DE1D66A05406967E71E5994234E65AF1,M1_N3_L1_25Hz_404_secondary_g0.6.npy,2.597197531494219,0.012781967651380675,3.1364687502020616,3,0.0,0.014025650910422235,False
M1_N3_L1_25Hz,505,primary,0.4,fx_deconv,wavelet_threshold,,F48C889967F7616350E2A0FA73B75B5CAA13E75A1D9CB3BDD4E007EA93D2779F,M1_N3_L1_25Hz_505_primary_g0.4.npy,0.08803206563909782,0.02340176517757783,0.13673588423045754,4,0.0,0.02946191619199661,False
M1_N3_L1_25Hz,505,primary,0.5,fx_deconv,wavelet_threshold,,F491D804EE290B646C0959D513EE50E13BE9E675D2FF24DFC3EB1C5F49A3811E,M1_N3_L1_25Hz_505_primary_g0.5.npy,0.0879891820661296,0.02340171329062715,0.1367117738271152,4,0.0,0.029462056395726417,False
M1_N3_L1_25Hz,505,primary,0.6,fx_deconv,wavelet_threshold,,7A5969AF9E76B317FC8A4E1035B0E836796E1E3E98FBE46B1B4F411EAA40B513,M1_N3_L1_25Hz_505_primary_g0.6.npy,0.08794529909803828,0.02340166087506427,0.13668718579923508,4,0.0,0.02946219860179685,False
M1_N3_L1_25Hz,505,secondary,0.4,fx_deconv,svd_lowrank,,F6666312812E205BD20AF4E29900BD3CC76773868A912BB1D57A9688F1404E54,M1_N3_L1_25Hz_505_secondary_g0.4.npy,2.5850882293127544,0.013801750613164012,3.1495654036502523,4,0.0,0.016237039171300406,False
M1_N3_L1_25Hz,505,secondary,0.5,fx_deconv,svd_lowrank,,8179DADC4D71AB1CBCEC91650F20AD00E49FC943829DF200CB3A79637D6888EC,M1_N3_L1_25Hz_505_secondary_g0.5.npy,2.5820977105423264,0.013809587792708942,3.1448551190475884,4,0.0,0.016248399951639785,False
M1_N3_L1_25Hz,505,secondary,0.6,fx_deconv,svd_lowrank,,AEC94941EBA59916786DD03954A430328F0926957F6412C8C49AF3E1668CB567,M1_N3_L1_25Hz_505_secondary_g0.6.npy,2.579028049924018,0.013817558220415365,3.14003167203135,4,0.0,0.01625992582245633,False
M1_N3_L1_40Hz,101,primary,0.4,fx_deconv,wavelet_threshold,,0871761026271211A4BF181AF1271C2161AF2AAEC5AF8987F9EDAD48091FFCDD,M1_N3_L1_40Hz_101_primary_g0.4.npy,0.0588626018209073,0.012310038416834646,0.08905361903769142,2,0.0,0.014456189773041833,False
M1_N3_L1_40Hz,101,primary,0.5,fx_deconv,wavelet_threshold,,3490A5C6450B289040AC362D0123ABEB133A647433CE004C18736F6D371F2C8F,M1_N3_L1_40Hz_101_primary_g0.5.npy,0.0588626018209073,0.012310038416834646,0.08905361903769331,2,0.0,0.014456189773041833,False
M1_N3_L1_40Hz,101,primary,0.6,fx_deconv,wavelet_threshold,,2A3390F6355B850D4D8477AA0E9B16941D852740AFCDB7C50E3AC427E9C79573,M1_N3_L1_40Hz_101_primary_g0.6.npy,0.05886260182090908,0.012310038416834646,0.08905361903769331,2,0.0,0.014456189773041833,False
M1_N3_L1_40Hz,101,secondary,0.4,fx_deconv,svd_lowrank,,8BA9A3763682E7A092506D03C77616B6241776D4E531D56FE5A20B8DD5892519,M1_N3_L1_40Hz_101_secondary_g0.4.npy,2.6012767725903885,0.00711194721304262,3.1432639839933407,2,0.0,0.007637016139691841,False
M1_N3_L1_40Hz,101,secondary,0.5,fx_deconv,svd_lowrank,,0B4AE9CD62F7496728311E9A1ED2CA04F1BD939F4832E21BC669B228E0CA41FC,M1_N3_L1_40Hz_101_secondary_g0.5.npy,2.6012767725904062,0.007111947213042619,3.143263983993361,2,0.0,0.007637016139691762,False
M1_N3_L1_40Hz,101,secondary,0.6,fx_deconv,svd_lowrank,,37B36ADAF3627311AF68A748ED3018272B3C034B62D2D328A917037BE3475B1F,M1_N3_L1_40Hz_101_secondary_g0.6.npy,2.601276772590424,0.00711194721304262,3.143263983993384,2,0.0,0.007637016139691682,False
M1_N3_L1_40Hz,202,primary,0.4,fx_deconv,wavelet_threshold,,A4FA06B31697C4750D9AF8558012AF096CE0D13604DE5C1936081E206899CC33,M1_N3_L1_40Hz_202_primary_g0.4.npy,0.06110434801050246,0.02972650471538106,0.09113485358372891,3,0.0,0.03380250595809517,False
M1_N3_L1_40Hz,202,primary,0.5,fx_deconv,wavelet_threshold,,6BF4B4AA38D6CA07E4F23CF0097E1E6A3E840775358C9CD0C0C55445028900AA,M1_N3_L1_40Hz_202_primary_g0.5.npy,0.06110434801050246,0.02972650471538106,0.09113485358373176,3,0.0,0.03380250595809517,False
M1_N3_L1_40Hz,202,primary,0.6,fx_deconv,wavelet_threshold,,41DB297692ABE2F14A528133170E236D5BA2E4890C99AC7E4D7A903ACA19FD14,M1_N3_L1_40Hz_202_primary_g0.6.npy,0.06110434801050246,0.02972650471538106,0.09113485358373176,3,0.0,0.03380250595809517,False
M1_N3_L1_40Hz,202,secondary,0.4,fx_deconv,svd_lowrank,,DC6E60BCEB8DF7C347A41D0FD0F6E987E317A5721E03DCB9399E3CC273254062,M1_N3_L1_40Hz_202_secondary_g0.4.npy,2.472196168498801,0.016844805355596883,3.0026585115974376,3,0.0,0.01834788976569723,False
M1_N3_L1_40Hz,202,secondary,0.5,fx_deconv,svd_lowrank,,D4974CE630B3768038820E091ABF2462E29D83610BF9C661C8C7F99339469540,M1_N3_L1_40Hz_202_secondary_g0.5.npy,2.4721961684988205,0.01684480535559688,3.002658511597456,3,0.0,0.01834788976569686,False
M1_N3_L1_40Hz,202,secondary,0.6,fx_deconv,svd_lowrank,,733A3CE833BFD216DA23BB6CC49B05B16C6165E652F21007A9F88783F87919F4,M1_N3_L1_40Hz_202_secondary_g0.6.npy,2.4721961684988365,0.016844805355596872,3.0026585115974775,3,0.0,0.01834788976569686,False
M1_N3_L1_40Hz,303,primary,0.4,fx_deconv,wavelet_threshold,,B6EDDB08DE16E723B94BCB9F2B2BBFA4D4B733A76A2DE46B5023CE0B13B8FC8F,M1_N3_L1_40Hz_303_primary_g0.4.npy,0.06269428142881672,0.02168377496089586,0.09207184471535196,3,0.0,0.020908266187530326,False
M1_N3_L1_40Hz,303,primary,0.5,fx_deconv,wavelet_threshold,,840BAACED8D42C3335DE57993D0B41D04E425E90E765E550900AA3BCB5D2BD84,M1_N3_L1_40Hz_303_primary_g0.5.npy,0.06269428142881672,0.02168377496089586,0.09207184471535196,3,0.0,0.020908266187530146,False
M1_N3_L1_40Hz,303,primary,0.6,fx_deconv,wavelet_threshold,,5066A2C6BA661E1FF9D8753D748EFC3953BD5EA385227AC8305D8929AD7E38F1,M1_N3_L1_40Hz_303_primary_g0.6.npy,0.06269428142881672,0.02168377496089586,0.09207184471535196,3,0.0,0.020908266187530146,False
M1_N3_L1_40Hz,303,secondary,0.4,fx_deconv,svd_lowrank,,1ADDD580FCC63C19BBC1EF6C83C236F37C529A2B5FBE55F8B4FED2D5478B436C,M1_N3_L1_40Hz_303_secondary_g0.4.npy,2.629524933412659,0.012090494641137746,3.172765994879447,3,0.0,0.012109950212255161,False
M1_N3_L1_40Hz,303,secondary,0.5,fx_deconv,svd_lowrank,,71E070BF8ECAAD9D6E6452C3B489749A988321BBC6D4F1FE5AE8529809A55619,M1_N3_L1_40Hz_303_secondary_g0.5.npy,2.629524933412675,0.012090494641137732,3.172765994879463,3,0.0,0.012109950212255161,False
M1_N3_L1_40Hz,303,secondary,0.6,fx_deconv,svd_lowrank,,265C5892933059A9E2B6323527ED4EF78D44DB0ECBCBB5D05E7D5A247655EFB6,M1_N3_L1_40Hz_303_secondary_g0.6.npy,2.6295249334126947,0.012090494641137723,3.172765994879485,3,0.0,0.012109950212255161,False
M1_N3_L1_40Hz,404,primary,0.4,fx_deconv,wavelet_threshold,,C2BC5836DE3CF1A5B9F00DF5DE62A2A4D11D719E6C71A46772C9355522693C0C,M1_N3_L1_40Hz_404_primary_g0.4.npy,0.05668136127887635,0.01807819431054,0.0850932003042046,5,0.0,0.019313178614167446,False
M1_N3_L1_40Hz,404,primary,0.5,fx_deconv,wavelet_threshold,,3FB1F627F48518FCE76645DA87338C0DED59580AABC52A704A3F48F0EAE2B2CF,M1_N3_L1_40Hz_404_primary_g0.5.npy,0.05668136127887635,0.01807819431054,0.0850932003042046,5,0.0,0.019313178614167446,False
M1_N3_L1_40Hz,404,primary,0.6,fx_deconv,wavelet_threshold,,1037E27DDFDB534D931EA60CA91814784E7317A812A700476456389F99094737,M1_N3_L1_40Hz_404_primary_g0.6.npy,0.05668136127887635,0.01807819431054,0.0850932003042046,5,0.0,0.019313178614167446,False
M1_N3_L1_40Hz,404,secondary,0.4,fx_deconv,svd_lowrank,,2C1534BFDE8CA8ACFFEEF900287C419CB22192FF28F46D1B6D55F15E59FDC291,M1_N3_L1_40Hz_404_secondary_g0.4.npy,2.6390486549169783,0.01002533125061948,3.1847034837915356,5,0.0,0.01121229506464812,False
M1_N3_L1_40Hz,404,secondary,0.5,fx_deconv,svd_lowrank,,FFFF7A176E2D6296AB8B95EA27AB882E51EB6962FA40F8C5DC13D98495F4B118,M1_N3_L1_40Hz_404_secondary_g0.5.npy,2.639048654916998,0.01002533125061948,3.1847034837915524,5,0.0,0.01121229506464812,False
M1_N3_L1_40Hz,404,secondary,0.6,fx_deconv,svd_lowrank,,3FC3DCF7E31D75E05C84B99101C2D01160E8355CEC205C3FBE474CD3583247A4,M1_N3_L1_40Hz_404_secondary_g0.6.npy,2.639048654917014,0.010025331250619475,3.1847034837915738,5,0.0,0.01121229506464812,False
M1_N3_L1_40Hz,505,primary,0.4,fx_deconv,wavelet_threshold,,79EA8337A7EE8BC4E90EBC493C7AFCAFE64410F691D478238135CF4078E87229,M1_N3_L1_40Hz_505_primary_g0.4.npy,0.07856310432754476,0.024854921975050768,0.11753613014037592,5,0.0,0.030967067694205035,False
M1_N3_L1_40Hz,505,primary,0.5,fx_deconv,wavelet_threshold,,2D628D880E0789C52EE8F7460B2B1D2F4A65968DFF912C2847FB85B5C5BE3589,M1_N3_L1_40Hz_505_primary_g0.5.npy,0.07856310432754476,0.024854921975050768,0.11753613014037592,5,0.0,0.030967067694205035,False
M1_N3_L1_40Hz,505,primary,0.6,fx_deconv,wavelet_threshold,,3ABDA40A400D294DAA6F3496F987C72703B92E98A81518CA6C272E55F4AFC117,M1_N3_L1_40Hz_505_primary_g0.6.npy,0.07856310432754476,0.024854921975050768,0.11753613014037592,5,0.0,0.030967067694205035,False
M1_N3_L1_40Hz,505,secondary,0.4,fx_deconv,svd_lowrank,,5D8FA689A92C7F7C2ABEC2A773DB1515D777314C8E23AA208FF7B5DD40CB230D,M1_N3_L1_40Hz_505_secondary_g0.4.npy,2.620039839150113,0.013844071528393866,3.1827422031513795,5,0.0,0.019124425772300765,False
M1_N3_L1_40Hz,505,secondary,0.5,fx_deconv,svd_lowrank,,6F7440A6A478FA0205C6C373E2FABA94A620DE2F92C589B31AF9D8301C9F6153,M1_N3_L1_40Hz_505_secondary_g0.5.npy,2.620039839150129,0.013844071528393863,3.1827422031513986,5,0.0,0.019124425772300616,False
M1_N3_L1_40Hz,505,secondary,0.6,fx_deconv,svd_lowrank,,05CC7EF64E2E93D0BA4552AC4B9AE77A326EA24C44954CB45B95981245E0A4DF,M1_N3_L1_40Hz_505_secondary_g0.6.npy,2.6200398391501487,0.01384407152839386,3.182742203151416,5,0.0,0.019124425772300467,False
M1_N3_L2_15Hz,101,primary,0.4,fx_deconv,wavelet_threshold,,718558B4A2A7C53AE20F8DBEC3A98D76A0A64BE952D7D0CA34AFBED85216A8E7,M1_N3_L2_15Hz_101_primary_g0.4.npy,0.1792051059768145,0.1231445053367756,0.3292536653491171,1,2.0,0.12365303740058041,False
M1_N3_L2_15Hz,101,primary,0.5,fx_deconv,wavelet_threshold,,102FB86E98CD48BD812E1AE2E3E74190F5A2E0F3C2FA8FA2F9F3DDF6EB433FC8,M1_N3_L2_15Hz_101_primary_g0.5.npy,0.17921046523280015,0.1231443288102065,0.32923434849394384,1,2.0,0.12365292713726811,False
M1_N3_L2_15Hz,101,primary,0.6,fx_deconv,wavelet_threshold,,12C61E2596CEF930318CF383D59CCD4074AA04A61B4AF32A96EADFEEAB180700,M1_N3_L2_15Hz_101_primary_g0.6.npy,0.1792162645027906,0.12314414803890579,0.32921522042220785,1,2.0,0.12365281765330004,False
M1_N3_L2_15Hz,101,secondary,0.4,fx_deconv,svd_lowrank,,839A48478B6D4BA25E8BECD70694EB92149C87A0ADE2D7A94657458CA0E23C0E,M1_N3_L2_15Hz_101_secondary_g0.4.npy,0.7656800662571124,0.10904621614148986,1.1030534483603744,1,0.0,0.10960415508008409,False
M1_N3_L2_15Hz,101,secondary,0.5,fx_deconv,svd_lowrank,,35F941723611753413FA7FAF9200AAA60E1A7469974FFBD6525FAEF4C1D25118,M1_N3_L2_15Hz_101_secondary_g0.5.npy,0.764801281509432,0.10905468191045084,1.101363446421615,1,0.0,0.10961186209057022,False
M1_N3_L2_15Hz,101,secondary,0.6,fx_deconv,svd_lowrank,,41C67A5939C652DFE700B2739D5A8164F45404057F262569D9846A6DC2423C95,M1_N3_L2_15Hz_101_secondary_g0.6.npy,0.7638988681026646,0.10906332606984653,1.0996337982792097,1,0.0,0.10961974440868912,False
M1_N3_L2_15Hz,202,primary,0.4,fx_deconv,wavelet_threshold,,9068CFCB473F457F072D2CBBE5B9214CCC514FD36B2E26D22396D3CFEAA0F8A1,M1_N3_L2_15Hz_202_primary_g0.4.npy,0.19096408928950837,0.14380226547467145,0.35123029206508677,2,1.0,0.13241228637404107,False
M1_N3_L2_15Hz,202,primary,0.5,fx_deconv,wavelet_threshold,,89AA4926D31D1A8DBD3A1896C1B680888A161F178A66F3867DECA8BF04E6C686,M1_N3_L2_15Hz_202_primary_g0.5.npy,0.19096228390333714,0.14380208411358672,0.3511992268361831,2,1.0,0.1324119212874556,False
M1_N3_L2_15Hz,202,primary,0.6,fx_deconv,wavelet_threshold,,D91D884EBB57654AE2693BC42F159B33FF3FFD61B78CA1E269768D47ADF6C6A0,M1_N3_L2_15Hz_202_primary_g0.6.npy,0.19096079489718054,0.1438018986552199,0.351168202349253,2,1.0,0.1324115501333679,False
M1_N3_L2_15Hz,202,secondary,0.4,fx_deconv,svd_lowrank,,B6954A75B61C73A83AE0D66F4C06466FA32FCFFA5637515135216224E3DD6F2F,M1_N3_L2_15Hz_202_secondary_g0.4.npy,0.7171758302827831,0.12890356404231215,1.0450704254478491,2,1.0,0.1181078660543555,False
M1_N3_L2_15Hz,202,secondary,0.5,fx_deconv,svd_lowrank,,D9FEBF427343158CC3D4A3051A2CA8F6E255D009E1F1578195C93E5E3D388970,M1_N3_L2_15Hz_202_secondary_g0.5.npy,0.7158795930899586,0.12893525305620404,1.0425978567526801,2,1.0,0.1181339871868608,False
M1_N3_L2_15Hz,202,secondary,0.6,fx_deconv,svd_lowrank,,81AD7D38A8C112A6F75D8FC463240AC841F499D9AF7DAF0B879A00DEA1AC9699,M1_N3_L2_15Hz_202_secondary_g0.6.npy,0.7145354834293398,0.12896796413119266,1.0400502473656414,2,1.0,0.11816085370175254,False
M1_N3_L2_15Hz,303,primary,0.4,fx_deconv,wavelet_threshold,,7BE7E2EB77E9AEF971E31A5648FDAD61BCB750B64FB78910FCD68192533021BF,M1_N3_L2_15Hz_303_primary_g0.4.npy,0.18046635735196492,0.08173644537796115,0.3253930405055247,1,0.0,0.0815530746637018,False
M1_N3_L2_15Hz,303,primary,0.5,fx_deconv,wavelet_threshold,,7EBA4B9C050F6E60B0F458564DD003B97B0749940D90D0BC6CD211D032FC6FA9,M1_N3_L2_15Hz_303_primary_g0.5.npy,0.18046084156736608,0.08173610746316448,0.325366168752915,1,0.0,0.08155286562899831,False
M1_N3_L2_15Hz,303,primary,0.6,fx_deconv,wavelet_threshold,,C46F23D7ACEB8968C642EA8A73648833B4BC5C16D8A17D512323B2250DED6A39,M1_N3_L2_15Hz_303_primary_g0.6.npy,0.18045530067238857,0.0817357616737263,0.3253389950664181,1,0.0,0.08155265259742867,False
M1_N3_L2_15Hz,303,secondary,0.4,fx_deconv,svd_lowrank,,8A4699BC888C8F002EA529EB1FBCDD38B1CB6EF434A6831A526379BDD7FD8C7A,M1_N3_L2_15Hz_303_secondary_g0.4.npy,0.7636841167498227,0.07596588415233488,1.0923632285994893,1,0.0,0.0755745346692418,False
M1_N3_L2_15Hz,303,secondary,0.5,fx_deconv,svd_lowrank,,8B5EAF6092F748B16A8158C7988871F46235DDDA377A89E8E3836E8AE6C0A4A5,M1_N3_L2_15Hz_303_secondary_g0.5.npy,0.7628705095172528,0.07596703094166252,1.0908238216225288,1,0.0,0.07557656876821917,False
M1_N3_L2_15Hz,303,secondary,0.6,fx_deconv,svd_lowrank,,F9CBF5DE84BBF535425134F2F9E11D59D52C77F56F6508623637A70A5EB16B1E,M1_N3_L2_15Hz_303_secondary_g0.6.npy,0.7620327122737294,0.07596820060489026,1.089246951283335,1,0.0,0.0755786575419868,False
M1_N3_L2_15Hz,404,primary,0.4,fx_deconv,wavelet_threshold,,365C4610C8E6E46BBAC2EADDC8BBE5251330860F41F178DA2BFA62A248E8F449,M1_N3_L2_15Hz_404_primary_g0.4.npy,0.16180719182942482,0.09360516101804206,0.29469410160793097,2,0.0,0.12021594922965373,False
M1_N3_L2_15Hz,404,primary,0.5,fx_deconv,wavelet_threshold,,D1816DEFFDC64EBA16DDEB3C250BC2B2EA471D543FF930986471BC4F1C0B0031,M1_N3_L2_15Hz_404_primary_g0.5.npy,0.16180857772952084,0.09360492127365962,0.294677650177761,2,0.0,0.12021617448590527,False
M1_N3_L2_15Hz,404,primary,0.6,fx_deconv,wavelet_threshold,,B63BFB1AF30F89F5FDACF99F86965BF1DE590892B9E56B729F1FDCB47C97E81E,M1_N3_L2_15Hz_404_primary_g0.6.npy,0.1618100980081829,0.09360467482481873,0.29466101268068623,2,0.0,0.12021640412067061,False
M1_N3_L2_15Hz,404,secondary,0.4,fx_deconv,svd_lowrank,,5AA0BB59402B69249436922D69EA2374DEA24DA6012A4622369D257EF75429AE,M1_N3_L2_15Hz_404_secondary_g0.4.npy,0.7276426424947795,0.08245919399180937,1.0380348586863724,2,0.0,0.10953068884863587,False
M1_N3_L2_15Hz,404,secondary,0.5,fx_deconv,svd_lowrank,,F76B837715C30EBA1AB0C35708250EB7B468F573600C5772F76EA65FD921DE8C,M1_N3_L2_15Hz_404_secondary_g0.5.npy,0.7258741723924418,0.0824860738070189,1.0346788315410849,2,0.0,0.10955645834213515,False
M1_N3_L2_15Hz,404,secondary,0.6,fx_deconv,svd_lowrank,,D5FA250D031049E4CE39161AA2E0F779089C980012D0FF4B1887255FAB288292,M1_N3_L2_15Hz_404_secondary_g0.6.npy,0.7240410562995585,0.08251381450181129,1.0312160767369924,2,0.0,0.1095830557930439,False
M1_N3_L2_15Hz,505,primary,0.4,fx_deconv,wavelet_threshold,,F7FDFEBE48E931B08B598B54C8C3D360FA9DE516325B6CA9FBD392DD849BECFC,M1_N3_L2_15Hz_505_primary_g0.4.npy,0.22552160157531276,0.09063391690799405,0.4041984260922623,1,0.0,0.09057194313194343,False
M1_N3_L2_15Hz,505,primary,0.5,fx_deconv,wavelet_threshold,,AC21619AE1ACCE356E9D465CAA9D5A1944A9F90E238E30049FB2D9BA5C411D23,M1_N3_L2_15Hz_505_primary_g0.5.npy,0.22551246591685992,0.09063390605502541,0.4041336054641145,1,0.0,0.09057180236131285,False
M1_N3_L2_15Hz,505,primary,0.6,fx_deconv,wavelet_threshold,,F34FE30D130AA554ACC235597D531389450BEDF4B1CE00F6D3FFEBA75F039D94,M1_N3_L2_15Hz_505_primary_g0.6.npy,0.22550356081635492,0.09063389629321986,0.40406844390418384,1,0.0,0.09057166143614036,False
M1_N3_L2_15Hz,505,secondary,0.4,fx_deconv,svd_lowrank,,31F523C00A1FB24B1FCBF9499743969F79AE9DEC46E48D37DCA7BACD2FFE5314,M1_N3_L2_15Hz_505_secondary_g0.4.npy,0.8604143524409515,0.08116862977808932,1.236470148945396,1,0.0,0.08175198105113181,False
M1_N3_L2_15Hz,505,secondary,0.5,fx_deconv,svd_lowrank,,3031C31B55CE3383443A8DCE3A4C714A800081CFE8AEECF0337F80307FA62675,M1_N3_L2_15Hz_505_secondary_g0.5.npy,0.8585067475840962,0.08120077581686064,1.232836886004482,1,0.0,0.0817804207117147,False
M1_N3_L2_15Hz,505,secondary,0.6,fx_deconv,svd_lowrank,,16EAAF3BBE21099C892E3F5D98FEACC6300E3FA59D3584DDB7C60B102C847ECB,M1_N3_L2_15Hz_505_secondary_g0.6.npy,0.8565299069781176,0.08123399383676183,1.2290908949957218,1,0.0,0.08180982810689819,False
M1_N3_L2_25Hz,101,primary,0.4,fx_deconv,wavelet_threshold,,BE07AD5D0A9CC319D6E5819584666B45190776180B1A1DD77A4DF5E5A323E588,M1_N3_L2_25Hz_101_primary_g0.4.npy,0.06734613849676041,0.07262624121560605,0.1062427745830026,2,0.0,0.07258235536344562,False
M1_N3_L2_25Hz,101,primary,0.5,fx_deconv,wavelet_threshold,,222C70C208967362B611FF1ACA1881253EE306BA82C0D8C8AF2AAE818CC28E0A,M1_N3_L2_25Hz_101_primary_g0.5.npy,0.06732749143247663,0.07262638091014927,0.10622949800210328,2,0.0,0.07258342639082328,False
M1_N3_L2_25Hz,101,primary,0.6,fx_deconv,wavelet_threshold,,5B4B0E90C465272E2A35E9572629124549F65F37502767C67A36611A0EA2778F,M1_N3_L2_25Hz_101_primary_g0.6.npy,0.0673084672549038,0.07262652237332923,0.10621602922864558,2,0.0,0.07258451119256312,False
M1_N3_L2_25Hz,101,secondary,0.4,fx_deconv,svd_lowrank,,B54D81077224B433F931D6D05CA42A41E5C70A53254E3C1D1E159CB80AB1B648,M1_N3_L2_25Hz_101_secondary_g0.4.npy,0.6189019333925554,0.06374826137278788,0.8374759727609081,2,0.0,0.06352736762248493,False
M1_N3_L2_25Hz,101,secondary,0.5,fx_deconv,svd_lowrank,,73EA76C383C5F6981A8E0B70E699D90F400502FC2254701AAB108B7B0A372E6C,M1_N3_L2_25Hz_101_secondary_g0.5.npy,0.6184044304426033,0.06375377431904396,0.8364962719605263,2,0.0,0.06353421051772257,False
M1_N3_L2_25Hz,101,secondary,0.6,fx_deconv,svd_lowrank,,DD203C03E46A3A728F7028A1CD28515A60D3528F69F5AD268DF4776F7E451949,M1_N3_L2_25Hz_101_secondary_g0.6.npy,0.6178965411849919,0.06375936258733775,0.8354997801087022,2,0.0,0.06354114447229928,False
M1_N3_L2_25Hz,202,primary,0.4,fx_deconv,wavelet_threshold,,6E264D58835BCA9E6D1D6ECD6B750CD4CD36F888811C0316B230D600FBD79740,M1_N3_L2_25Hz_202_primary_g0.4.npy,0.06969170386906853,0.12302766626622642,0.10868922642432621,2,0.0,0.13031523244933976,False
M1_N3_L2_25Hz,202,primary,0.5,fx_deconv,wavelet_threshold,,098AB936472934C6077E032C831C6F8749E804BE5EA6B41E253B628D9C698AB9,M1_N3_L2_25Hz_202_primary_g0.5.npy,0.06965564280079217,0.12302804643726448,0.1086620145899856,2,0.0,0.13031526149439612,False
M1_N3_L2_25Hz,202,primary,0.6,fx_deconv,wavelet_threshold,,5491775ACA32707BA17A8E1CA35FFF7DD6FACABA44B72DEB9786E2F8CDCC829D,M1_N3_L2_25Hz_202_primary_g0.6.npy,0.06961887015817503,0.12302843170437813,0.10863436379324214,2,0.0,0.13031529071888504,False
M1_N3_L2_25Hz,202,secondary,0.4,fx_deconv,svd_lowrank,,6F8565F36425EAF40FC65F00B59669CCCC0E0784AFE4649F7875DD2D00099980,M1_N3_L2_25Hz_202_secondary_g0.4.npy,0.655788316749244,0.10779215587410446,0.880086583305792,2,0.9999999999999964,0.11323730428657264,False
M1_N3_L2_25Hz,202,secondary,0.5,fx_deconv,svd_lowrank,,C991E97D827847F9077CD0C2ACC67EB848F07C80E64E673ABE95D3F18FEE8608,M1_N3_L2_25Hz_202_secondary_g0.5.npy,0.6547987985564632,0.107820853857481,0.8782002312155086,2,0.9999999999999964,0.1132563460787452,False
M1_N3_L2_25Hz,202,secondary,0.6,fx_deconv,svd_lowrank,,796879F36534EBC6DA7CF33E3BB2D7B553361998C386F461092082D20BC67F48,M1_N3_L2_25Hz_202_secondary_g0.6.npy,0.6537831675473242,0.1078503691871318,0.8762709622008202,2,0.9999999999999964,0.11327590232077825,False
M1_N3_L2_25Hz,303,primary,0.4,fx_deconv,wavelet_threshold,,85969F13F59BCD6687AE45CB900224DA56D0D05AE996F6D1A4E295E8C618B5F0,M1_N3_L2_25Hz_303_primary_g0.4.npy,0.0703729950598726,0.09324261565095146,0.10769742987486317,4,0.0,0.14457536968239917,False
M1_N3_L2_25Hz,303,primary,0.5,fx_deconv,wavelet_threshold,,B6A8D7A6E01E6D13729E3A5B874DCB8555755AC56AB966794C7E8F454F464BFE,M1_N3_L2_25Hz_303_primary_g0.5.npy,0.07033322812829823,0.09324284827104476,0.1076614862181079,4,0.0,0.14457773994779805,False
M1_N3_L2_25Hz,303,primary,0.6,fx_deconv,wavelet_threshold,,7A93A9683AD5024832E83446AB26D833A3579E2D559343781F7CA8D6C4CD9F02,M1_N3_L2_25Hz_303_primary_g0.6.npy,0.07029256555430408,0.09324308396159,0.10762483957605788,4,0.0,0.14458014944793302,False
M1_N3_L2_25Hz,303,secondary,0.4,fx_deconv,svd_lowrank,,744A2AB9FEE109BEAA9E98A5E3805DB92B002CE186337B6C69D9F5767D170133,M1_N3_L2_25Hz_303_secondary_g0.4.npy,0.6910590321302115,0.0843845112588416,0.9242069757381479,4,0.0,0.12664905993052555,False
M1_N3_L2_25Hz,303,secondary,0.5,fx_deconv,svd_lowrank,,E48079B9F3ADA469311D0847520115DB5F4709DB87263D3EC141405AB49A0A4A,M1_N3_L2_25Hz_303_secondary_g0.5.npy,0.6905198497841427,0.08438715215685685,0.9231994116445108,4,0.0,0.12664979799000736,False
M1_N3_L2_25Hz,303,secondary,0.6,fx_deconv,svd_lowrank,,0C45646A4C8F120F3CFDF13B69FCE64CCE9B07E01F7514810A170562C6A8587C,M1_N3_L2_25Hz_303_secondary_g0.6.npy,0.6899688725532211,0.08438983831958824,0.9221714007163883,4,0.0,0.12665053558045938,False
M1_N3_L2_25Hz,404,primary,0.4,fx_deconv,wavelet_threshold,,8AE060231684FC9D69B1633B4D8790D5202F7AA7C1044EC7FD3682FA8D96B183,M1_N3_L2_25Hz_404_primary_g0.4.npy,0.06428275823801766,0.09161933908821765,0.10049518491588733,3,0.0,0.09023816761157631,False
M1_N3_L2_25Hz,404,primary,0.5,fx_deconv,wavelet_threshold,,781DC9EB2A1DD204B2A79290EAB2F2876990A3DF9E4E54FE8ED2641E6676B003,M1_N3_L2_25Hz_404_primary_g0.5.npy,0.0642645869383971,0.09161970146281082,0.10048280799200066,3,0.0,0.09023801163200385,False
M1_N3_L2_25Hz,404,primary,0.6,fx_deconv,wavelet_threshold,,0E30F0F6BB253DE09E2317C1782BA2EA3E5EEE51D91B45CF371789050432576D,M1_N3_L2_25Hz_404_primary_g0.6.npy,0.06424615378369136,0.09162006777034376,0.10047030821303106,3,0.0,0.09023785470542162,False
M1_N3_L2_25Hz,404,secondary,0.4,fx_deconv,svd_lowrank,,EF92DA3EB2353060E061355D06256ECD8F34DB85B36D7D605D6CF7EF673EC918,M1_N3_L2_25Hz_404_secondary_g0.4.npy,0.6621491891230757,0.0805551057829229,0.88804203320823,3,0.0,0.08444466997434277,False
M1_N3_L2_25Hz,404,secondary,0.5,fx_deconv,svd_lowrank,,7A639BB78F2B61F7CB0C138959CE2ADB07B989E58DFFF7BF1A8F0B302C2E6B7F,M1_N3_L2_25Hz_404_secondary_g0.5.npy,0.6614412180260292,0.08057094061869097,0.8866968297185701,3,0.0,0.08445117550682321,False
M1_N3_L2_25Hz,404,secondary,0.6,fx_deconv,svd_lowrank,,E028C47661752B3D6052A25105F35EF7AC72A2F9A0A955A59E2A3C5025F778C8,M1_N3_L2_25Hz_404_secondary_g0.6.npy,0.6607180321685684,0.08058713445834625,0.8853282857237359,3,0.0,0.08445783135468278,False
M1_N3_L2_25Hz,505,primary,0.4,fx_deconv,wavelet_threshold,,21633611C96D38782FE2A57A480FAED95518316630C3B09DAADCFF651D72DA37,M1_N3_L2_25Hz_505_primary_g0.4.npy,0.08783721989428095,0.09361015125339033,0.13641526174847968,4,0.0,0.11734780436022718,False
M1_N3_L2_25Hz,505,primary,0.5,fx_deconv,wavelet_threshold,,5551BA08524203D13D36560A5FEE6F56BC61C54A9A82DA6240BD916B401C11B1,M1_N3_L2_25Hz_505_primary_g0.5.npy,0.08779296221739408,0.09360990062826721,0.1363879723368894,4,0.0,0.1173477905443456,False
M1_N3_L2_25Hz,505,primary,0.6,fx_deconv,wavelet_threshold,,F864447C399127F54E95C4E566E27D727CDAE9093B2366480C9E36BAC254AC95,M1_N3_L2_25Hz_505_primary_g0.6.npy,0.08774766013483148,0.09360964680049699,0.13636011369045287,4,0.0,0.11734777749099562,False
M1_N3_L2_25Hz,505,secondary,0.4,fx_deconv,svd_lowrank,,DCED958F2C26710AB90ED7D4661CC8211B848244D28091BCC44C166ECA484A54,M1_N3_L2_25Hz_505_secondary_g0.4.npy,0.6562404161019932,0.08297623918584215,0.8870776763439823,4,0.0,0.10133703737110755,False
M1_N3_L2_25Hz,505,secondary,0.5,fx_deconv,svd_lowrank,,8FF3F082AB8CF52ECEF927F2D1BB5EE615C97E8A209B5D2223D8B3A79B1A86CF,M1_N3_L2_25Hz_505_secondary_g0.5.npy,0.6555098998345574,0.08298714721372502,0.8856736473261089,4,0.0,0.10135039540842239,False
M1_N3_L2_25Hz,505,secondary,0.6,fx_deconv,svd_lowrank,,644715F7C891808919E16D2FA3DFE2B10518DD168EFE72C1BCE8F40C14E839D0,M1_N3_L2_25Hz_505_secondary_g0.6.npy,0.6547634689563724,0.08299827252876482,0.8842424638767303,4,0.0,0.10136399414032515,False
M1_N3_L2_40Hz,101,primary,0.4,fx_deconv,wavelet_threshold,,B9DE703DA1D0A65FB86629A994A291B0FBB3E73F6FD5FB6BF037432D66D9D708,M1_N3_L2_40Hz_101_primary_g0.4.npy,0.058644172829851016,0.049242997874673795,0.08871005867644596,2,0.0,0.0590059762530413,False
M1_N3_L2_40Hz,101,primary,0.5,fx_deconv,wavelet_threshold,,C3805C5744FBC4EE6D90E7F40EAA15E3503BA86A6D8434FFAB727B987212761E,M1_N3_L2_40Hz_101_primary_g0.5.npy,0.058644172829851016,0.049242997874673795,0.08871005867644596,2,0.0,0.0590059762530413,False
M1_N3_L2_40Hz,101,primary,0.6,fx_deconv,wavelet_threshold,,B067CF145826F04D13F1EF15B4F2958D17E1E2F7F2A30D1A373E49ABA2B2B556,M1_N3_L2_40Hz_101_primary_g0.6.npy,0.058644172829851016,0.049242997874673795,0.08871005867644596,2,0.0,0.0590059762530413,False
M1_N3_L2_40Hz,101,secondary,0.4,fx_deconv,svd_lowrank,,088141BCED2B0EA93A2DD123D1636B4A66FE2BCA8A8C8477DC01A9A1C968D2A6,M1_N3_L2_40Hz_101_secondary_g0.4.npy,0.6232252398311466,0.042686653842454216,0.8363008813516815,2,0.0,0.051232760131128735,False
M1_N3_L2_40Hz,101,secondary,0.5,fx_deconv,svd_lowrank,,924A87F9E626BD4C8E1BA97B7E82B98FF67A50A0F53777B5E9FAF8EDAC4523B2,M1_N3_L2_40Hz_101_secondary_g0.5.npy,0.623225239831152,0.042686653842454216,0.8363008813516863,2,0.0,0.05123276013112865,False
M1_N3_L2_40Hz,101,secondary,0.6,fx_deconv,svd_lowrank,,1142F1B12AEE3924ABB4A141FEB224BF3DBD049CCFCB1F3C04B8B5BB0B58A405,M1_N3_L2_40Hz_101_secondary_g0.6.npy,0.6232252398311555,0.042686653842454216,0.8363008813516895,2,0.0,0.05123276013112847,False
M1_N3_L2_40Hz,202,primary,0.4,fx_deconv,wavelet_threshold,,0CE2660CF5CE99065BE4BA3A01F480A11DF1D489D45DB642AF51D892C62C7384,M1_N3_L2_40Hz_202_primary_g0.4.npy,0.060884817054160933,0.11891784323171992,0.09076801084647365,3,0.0,0.13513879835286557,False
M1_N3_L2_40Hz,202,primary,0.5,fx_deconv,wavelet_threshold,,C49A24DA9C423058EF2017409F3F11DBB5375CD2A3ECD282BC3FB847A1B70B56,M1_N3_L2_40Hz_202_primary_g0.5.npy,0.060884817054160933,0.11891784323171992,0.09076801084647365,3,0.0,0.13513879835286557,False
M1_N3_L2_40Hz,202,primary,0.6,fx_deconv,wavelet_threshold,,1F795E72A6CD1F221EDED2C9E10DBD1C014AC3055F8195BDB6FB2D9040659C0E,M1_N3_L2_40Hz_202_primary_g0.6.npy,0.060884817054160933,0.11891784323171992,0.09076801084647365,3,0.0,0.13513879835286557,False
M1_N3_L2_40Hz,202,secondary,0.4,fx_deconv,svd_lowrank,,BC7DC191C2E091C8DC8556B85725C6EA153C9D1038DF94EC0B580444E90D21B5,M1_N3_L2_40Hz_202_secondary_g0.4.npy,0.6571428451818475,0.10450914392876454,0.877679628616369,3,0.0,0.12022923184355866,False
M1_N3_L2_40Hz,202,secondary,0.5,fx_deconv,svd_lowrank,,FB3CD656A445CC9634905A58260CA4913596CEBBE511472987B80927BA5DEAE8,M1_N3_L2_40Hz_202_secondary_g0.5.npy,0.6571428451818511,0.10450914392876452,0.8776796286163736,3,0.0,0.12022923184355848,False
M1_N3_L2_40Hz,202,secondary,0.6,fx_deconv,svd_lowrank,,DEB0C74F41C4876B4F5D5369D3BF669D3EFC074933BD61F309205EE704084C06,M1_N3_L2_40Hz_202_secondary_g0.6.npy,0.6571428451818564,0.10450914392876448,0.8776796286163807,3,0.0,0.1202292318435581,False
M1_N3_L2_40Hz,303,primary,0.4,fx_deconv,wavelet_threshold,,4587A433D93F79607C06A03D4D785C50402CCCFA23EA906C410FA2970E15E1B8,M1_N3_L2_40Hz_303_primary_g0.4.npy,0.06240228120593194,0.08679823883979292,0.09162550820953243,3,0.0,0.08570399978698257,False
M1_N3_L2_40Hz,303,primary,0.5,fx_deconv,wavelet_threshold,,BB88665657835D5B01F2BD51B52E8F260DE4E3B55D2274AB02D71042156DF109,M1_N3_L2_40Hz_303_primary_g0.5.npy,0.06240228120593194,0.08679823883979292,0.09162550820953243,3,0.0,0.08570399978698257,False
M1_N3_L2_40Hz,303,primary,0.6,fx_deconv,wavelet_threshold,,33C0E171FD9CAB3B67BB6FDDFDFA24D38FC9760259FA05976072CEC4A1881EA3,M1_N3_L2_40Hz_303_primary_g0.6.npy,0.06240228120593194,0.08679823883979292,0.09162550820953433,3,0.0,0.08570399978698257,False
M1_N3_L2_40Hz,303,secondary,0.4,fx_deconv,svd_lowrank,,BC4BF8F704ACEC4F11CEDCD090F589A452412EB150A3D73951EC5E1A20CED20A,M1_N3_L2_40Hz_303_secondary_g0.4.npy,0.6926031327272675,0.07673951926191372,0.9205640290137834,3,0.0,0.07376469926776819,False
M1_N3_L2_40Hz,303,secondary,0.5,fx_deconv,svd_lowrank,,A5C18807520F7C1B4BF19C51AC35564FE90B427C49B14EF8BC4AD31D1E7EFD42,M1_N3_L2_40Hz_303_secondary_g0.5.npy,0.6926031327272728,0.07673951926191369,0.9205640290137889,3,0.0,0.07376469926776784,False
M1_N3_L2_40Hz,303,secondary,0.6,fx_deconv,svd_lowrank,,512E9BE8A99DD8DC227E43A265BA8D0C529F38C5A90B063FDD4AAAD1151D778D,M1_N3_L2_40Hz_303_secondary_g0.6.npy,0.692603132727279,0.07673951926191365,0.9205640290137944,3,0.0,0.07376469926776784,False
M1_N3_L2_40Hz,404,primary,0.4,fx_deconv,wavelet_threshold,,FB9531AFA6817BB6ADEAD0479945BB4212411030FD0081DB404E1C30211D81B1,M1_N3_L2_40Hz_404_primary_g0.4.npy,0.05659042734934161,0.07232514262604703,0.08494799971393649,5,0.0,0.07532388771833426,False
M1_N3_L2_40Hz,404,primary,0.5,fx_deconv,wavelet_threshold,,FF06C69E88401772F208D6707C4A1C5AC27461FE65DD9FD44E2746E80A753034,M1_N3_L2_40Hz_404_primary_g0.5.npy,0.05659042734934161,0.07232514262604703,0.08494799971393649,5,0.0,0.07532388771833426,False
M1_N3_L2_40Hz,404,primary,0.6,fx_deconv,wavelet_threshold,,67E96AC288528FA21EB8C706CFBB263B1E48B0BB5E10A709C0C14DE8ACD86F58,M1_N3_L2_40Hz_404_primary_g0.6.npy,0.05659042734934161,0.07232514262604703,0.08494799971393649,5,0.0,0.07532388771833426,False
M1_N3_L2_40Hz,404,secondary,0.4,fx_deconv,svd_lowrank,,863022425D1EF00A57586DCF61C45A6251F46E71972B8FA3BCDF21356A37EC99,M1_N3_L2_40Hz_404_secondary_g0.4.npy,0.6637736228487183,0.06352974979151693,0.8861516272686344,5,0.0,0.06841931735373616,False
M1_N3_L2_40Hz,404,secondary,0.5,fx_deconv,svd_lowrank,,201935F15656794B7D5B08D25C30C14F56EEE9D723509EEEEA5DFE8CBC34E9ED,M1_N3_L2_40Hz_404_secondary_g0.5.npy,0.6637736228487245,0.06352974979151692,0.8861516272686383,5,0.0,0.06841931735373616,False
M1_N3_L2_40Hz,404,secondary,0.6,fx_deconv,svd_lowrank,,91AED1F5C93939FF771B5663483028DE797B0135E6547BDF8B8661A1DE491551,M1_N3_L2_40Hz_404_secondary_g0.6.npy,0.663773622848729,0.0635297497915169,0.8861516272686454,5,0.0,0.06841931735373616,False
M1_N3_L2_40Hz,505,primary,0.4,fx_deconv,wavelet_threshold,,7D3161DCCF3A60764691E1EA36457EBC9F86440C8572ED20344DE1C2DAF5F031,M1_N3_L2_40Hz_505_primary_g0.4.npy,0.07816408588188573,0.09947736260038426,0.11690834108733768,5,0.0,0.123128483146366,False
M1_N3_L2_40Hz,505,primary,0.5,fx_deconv,wavelet_threshold,,1AB330764B3C9467110184CC787EC8B677B82130745F76250B54765C33E889AC,M1_N3_L2_40Hz_505_primary_g0.5.npy,0.07816408588188573,0.09947736260038426,0.11690834108733768,5,0.0,0.123128483146366,False
M1_N3_L2_40Hz,505,primary,0.6,fx_deconv,wavelet_threshold,,B919CBC3C83E4F36974084CD9E87BF052BF677E8F169A6020F8A33E140C0E4F1,M1_N3_L2_40Hz_505_primary_g0.6.npy,0.07816408588188573,0.09947736260038426,0.11690834108733768,5,0.0,0.123128483146366,False
M1_N3_L2_40Hz,505,secondary,0.4,fx_deconv,svd_lowrank,,E5804E157B8EAB66E58FD5ACDB64D7AA28095C0D1B80BB1BBAC47FB3F4850672,M1_N3_L2_40Hz_505_secondary_g0.4.npy,0.6627562987649025,0.08587768528689287,0.8905423134014809,5,0.0,0.10470826717643877,False
M1_N3_L2_40Hz,505,secondary,0.5,fx_deconv,svd_lowrank,,CA4F54B7CDA2BE967121286B4B75BD9C02DAE53557BF3B4A0401CA23BA23E2BB,M1_N3_L2_40Hz_505_secondary_g0.5.npy,0.6627562987649069,0.08587768528689284,0.8905423134014873,5,0.0,0.10470826717643877,False
M1_N3_L2_40Hz,505,secondary,0.6,fx_deconv,svd_lowrank,,C43FA97185557E0DDA0A2250677E817BAE847F2F4A2C05BD47DE1C3250F3C57F,M1_N3_L2_40Hz_505_secondary_g0.6.npy,0.6627562987649123,0.08587768528689282,0.8905423134014944,5,0.0,0.10470826717643839,False
M1_N3_L3_15Hz,101,primary,0.4,fx_deconv,wavelet_threshold,,AF4783CEB5A65C3D38F0D0F3DCDAC69DD58A52F732C14B127B5BB71F756567FB,M1_N3_L3_15Hz_101_primary_g0.4.npy,0.17913352655204215,0.34208747823002644,0.3291374821297968,1,2.0,0.3425455800993907,False
M1_N3_L3_15Hz,101,primary,0.5,fx_deconv,wavelet_threshold,,ECCDC1B264C8B81D456F1D76396D3ABED3E9900DDD9F4498584ADFE7FAAFCB15,M1_N3_L3_15Hz_101_primary_g0.5.npy,0.17913697050736543,0.34208721674157383,0.3291160186934915,1,2.0,0.34254569501410714,False
M1_N3_L3_15Hz,101,primary,0.6,fx_deconv,wavelet_threshold,,69BC8ED2DA695C676C3314441F6A284588C8680337D583422D1FA427DDA23CD9,M1_N3_L3_15Hz_101_primary_g0.6.npy,0.17914076770635082,0.34208694755083885,0.32909462786810384,1,2.0,0.34254582028198793,False
M1_N3_L3_15Hz,101,secondary,0.4,fx_deconv,svd_lowrank,,FD433713BC8AA8A58F0E2C89F4572BD9E6CBC2C9513EC3F42BE8E432124226BA,M1_N3_L3_15Hz_101_secondary_g0.4.npy,0.4689390104235435,0.31700249157486043,0.7192344844216764,1,0.0,0.31744129292914613,False
M1_N3_L3_15Hz,101,secondary,0.5,fx_deconv,svd_lowrank,,0C4859998920332AE2F8D432D14F68A4492EB67F75B4277BC8792565F946C12F,M1_N3_L3_15Hz_101_secondary_g0.5.npy,0.46879429547958384,0.31700858455323844,0.7189082508937233,1,0.0,0.3174474735230992,False
M1_N3_L3_15Hz,101,secondary,0.6,fx_deconv,svd_lowrank,,24E1E647299F6292B6396B36E7196E2B7ADF9BE6C050DE2F9B2066879133CA21,M1_N3_L3_15Hz_101_secondary_g0.6.npy,0.4686464316246354,0.3170147539489616,0.7185784882434081,1,0.0,0.31745374249540276,False
M1_N3_L3_15Hz,202,primary,0.4,fx_deconv,wavelet_threshold,,5E878CF6C7D269F745113E9ABFC64D71C32FCFD47D26C08F17A1936C0CB0AF9A,M1_N3_L3_15Hz_202_primary_g0.4.npy,0.1909767368124184,0.3994600290057265,0.35120727400696966,2,1.0,0.372985497506405,False
M1_N3_L3_15Hz,202,primary,0.5,fx_deconv,wavelet_threshold,,B96D310C9386AD999D76FBA55BDF45AD3EA176CE85D11E63C78EE7383236D554,M1_N3_L3_15Hz_202_primary_g0.5.npy,0.19097544410454237,0.3994596013452402,0.35117670319279715,2,1.0,0.372984905187722,False
M1_N3_L3_15Hz,202,primary,0.6,fx_deconv,wavelet_threshold,,C336F11A74B6B145BA7147EE67B1B94854B8D89D7E6179665F3CEB87C7BCAF6E,M1_N3_L3_15Hz_202_primary_g0.6.npy,0.19097444680135248,0.3994591630570123,0.35114609974813277,2,1.0,0.37298430368774876,False
M1_N3_L3_15Hz,202,secondary,0.4,fx_deconv,svd_lowrank,,638736522BEE8F989E24CA014E01E1A2685F41AB2D6034032AC0C89E366E8A1B,M1_N3_L3_15Hz_202_secondary_g0.4.npy,0.47264497933244903,0.37502670693717494,0.7287544666495921,2,1.0,0.3490168728670871,False
M1_N3_L3_15Hz,202,secondary,0.5,fx_deconv,svd_lowrank,,F394ED7B44A84A84209C445FB2ADF77F6BA8A8761A7707937C277226F8F1FE8D,M1_N3_L3_15Hz_202_secondary_g0.5.npy,0.4720041951372749,0.37507872335443937,0.7274801894492434,2,1.0,0.3490638302261922,False
M1_N3_L3_15Hz,202,secondary,0.6,fx_deconv,svd_lowrank,,447CA5C5256580A6260A6157C49FF2869F28D42D0BA352121B2BF9378D206035,M1_N3_L3_15Hz_202_secondary_g0.6.npy,0.4713406544539899,0.37513260420214434,0.7261673930689714,2,1.0,0.3491123233870852,False
M1_N3_L3_15Hz,303,primary,0.4,fx_deconv,wavelet_threshold,,C4E0AD0CE6D0BB652C11188C4365883586EF9517D4064152CDE0DE1165672D15,M1_N3_L3_15Hz_303_primary_g0.4.npy,0.18040009147733727,0.2270502387443826,0.3252863483261019,1,0.0,0.22636082188842893,False
M1_N3_L3_15Hz,303,primary,0.5,fx_deconv,wavelet_threshold,,813FE257807D02F19247F81C1E0165F62522B2509216204B5D5EE52C6564F09F,M1_N3_L3_15Hz_303_primary_g0.5.npy,0.18039128012784017,0.22704949775912012,0.3252560184863407,1,0.0,0.22636032099590023,False
M1_N3_L3_15Hz,303,primary,0.6,fx_deconv,wavelet_threshold,,6E024C3F9E1C90E9DB24ECA3DAB02D7BEEF32B716F64E0E837063B2F2E04E84C,M1_N3_L3_15Hz_303_primary_g0.6.npy,0.18038236803328472,0.22704873835457198,0.32522529175891873,1,0.0,0.22635981608387842,False
M1_N3_L3_15Hz,303,secondary,0.4,fx_deconv,svd_lowrank,,7A8E122744D5118787628D2A6BF04038949E23996813EC91543475983CFDD166,M1_N3_L3_15Hz_303_secondary_g0.4.npy,0.4708396025786672,0.21465964993462303,0.713681817951477,1,0.0,0.21388925066806277,False
M1_N3_L3_15Hz,303,secondary,0.5,fx_deconv,svd_lowrank,,6D0A00767EF1DF671CFBEE258D0C1183C930CFA3BD7D4A069222B9CC8BF1463C,M1_N3_L3_15Hz_303_secondary_g0.5.npy,0.47035996969549565,0.2146633552335003,0.7127408053234119,1,0.0,0.2138940860347257,False
M1_N3_L3_15Hz,303,secondary,0.6,fx_deconv,svd_lowrank,,94E3C087C0F1866F2270F2F4F41727EBBD52F08277550C3D0A22035C24CE8EEB,M1_N3_L3_15Hz_303_secondary_g0.6.npy,0.4698661319538143,0.21466713686136205,0.7117774946226494,1,0.0,0.21389907199834796,False
M1_N3_L3_15Hz,404,primary,0.4,fx_deconv,wavelet_threshold,,989FB9430152E86153DECE60B7CDA6DB1404407B193A7637D601F3AFFA7CE10F,M1_N3_L3_15Hz_404_primary_g0.4.npy,0.1617893675100581,0.2600226549294217,0.2946551606045684,2,0.0,0.3263161589597597,False
M1_N3_L3_15Hz,404,primary,0.5,fx_deconv,wavelet_threshold,,63B809CF1854D48582205EE32D87E04E70FAB395760A585C4D502500BFAC6152,M1_N3_L3_15Hz_404_primary_g0.5.npy,0.1617881309464257,0.2600224202031254,0.2946358887945758,2,0.0,0.32631655576837515,False
M1_N3_L3_15Hz,404,primary,0.6,fx_deconv,wavelet_threshold,,3F77BAB078E50E8363069CB91FF61519C64EFBCEE975FF8EC96582378C2E73E0,M1_N3_L3_15Hz_404_primary_g0.6.npy,0.1617869593063961,0.2600221752995814,0.2946163309636134,2,0.0,0.3263169577431236,False
M1_N3_L3_15Hz,404,secondary,0.4,fx_deconv,svd_lowrank,,A2CD853D012C5970F129900CE50B337A4B0447766D8FF24A364CEA59397BDDBE,M1_N3_L3_15Hz_404_secondary_g0.4.npy,0.4146621201660284,0.24157657497342375,0.6357337572779604,2,0.0,0.30968833733669127,False
M1_N3_L3_15Hz,404,secondary,0.5,fx_deconv,svd_lowrank,,6C4EC4DF451DC9F8F07DC596C5CC289BF76AB4CD216990D02D4FBBCFE874EEE1,M1_N3_L3_15Hz_404_secondary_g0.5.npy,0.4141720254211755,0.24162223398595262,0.634713443918296,2,0.0,0.3097324818445443,False
M1_N3_L3_15Hz,404,secondary,0.6,fx_deconv,svd_lowrank,,F9ABE4E2946496A8C3FD174C716A066A2A62202737CB6FC8E4172FB2FF31C7C4,M1_N3_L3_15Hz_404_secondary_g0.6.npy,0.4136661540851195,0.2416693013149144,0.6336659240161904,2,0.0,0.30977809154643454,False
M1_N3_L3_15Hz,505,primary,0.4,fx_deconv,wavelet_threshold,,BE7E78BBF6F19D449C8A411C20DF64A8A7F66AEA4B3C2FDAE30BDB676365BA2C,M1_N3_L3_15Hz_505_primary_g0.4.npy,0.22535913087423323,0.25173878563759594,0.403957603734592,1,0.0,0.2512361954571771,False
M1_N3_L3_15Hz,505,primary,0.5,fx_deconv,wavelet_threshold,,C522C00E00DA6147F66B1A0FECB485ED078A2804FA826E0BBACCF249119C3956,M1_N3_L3_15Hz_505_primary_g0.5.npy,0.2253492391211794,0.251738543460801,0.4038919816848971,1,0.0,0.251234585149773,False
M1_N3_L3_15Hz,505,primary,0.6,fx_deconv,wavelet_threshold,,140CCFFC717C4F4CF263ED8AF518D4516408BE51E167CB8A43A1B4166FDA218D,M1_N3_L3_15Hz_505_primary_g0.6.npy,0.22533957262523005,0.25173830151465615,0.4038259719808524,1,0.0,0.2512329525747354,False
M1_N3_L3_15Hz,505,secondary,0.4,fx_deconv,svd_lowrank,,C6D3F6E5123C7D7EF421D897F4FE41E82D5CF553B3027C24B2AD006D0AE5031A,M1_N3_L3_15Hz_505_secondary_g0.4.npy,0.49935058565874096,0.2387619753079186,0.7736324642353314,1,0.0,0.239485372491418,False
M1_N3_L3_15Hz,505,secondary,0.5,fx_deconv,svd_lowrank,,0C0A8DC4F74086D8F0B7EE9A016370DFD74B42F8B0535B818B60197E51BAE731,M1_N3_L3_15Hz_505_secondary_g0.5.npy,0.4987715554564604,0.23878766581148067,0.7724360016779354,1,0.0,0.2395070770347462,False
M1_N3_L3_15Hz,505,secondary,0.6,fx_deconv,svd_lowrank,,281A092CC449AC129F2692891D24BD4FA66F774C2C041873FB459D779ABBEBAF,M1_N3_L3_15Hz_505_secondary_g0.6.npy,0.4981717877787857,0.2388141698232191,0.7712050798546527,1,0.0,0.2395294802621956,False
M1_N3_L3_25Hz,101,primary,0.4,fx_deconv,wavelet_threshold,,32E68518E42302CEFBE6F39C4469C1489B1B1921006EB2FE8A3D52F03B4C974F,M1_N3_L3_25Hz_101_primary_g0.4.npy,0.06724193316545737,0.20176771738648847,0.10606043785933877,2,0.0,0.20465040295624282,False
M1_N3_L3_25Hz,101,primary,0.5,fx_deconv,wavelet_threshold,,06A9513249BF6CFE656A79B38378665BF1E047B0E735A991A073007328DD27D2,M1_N3_L3_25Hz_101_primary_g0.5.npy,0.06722184036047926,0.20176820958519034,0.10604469904368011,2,0.0,0.2046519390937952,False
M1_N3_L3_25Hz,101,primary,0.6,fx_deconv,wavelet_threshold,,9E6FF27EF09931AA31D7BB2DCBA051AFF0F80F8679723098790501EC63A8EC66,M1_N3_L3_25Hz_101_primary_g0.6.npy,0.0672013289057136,0.20176870816247314,0.10602870271580062,2,0.0,0.20465349384661058,False
M1_N3_L3_25Hz,101,secondary,0.4,fx_deconv,svd_lowrank,,9D520E51526AF30B417874537A8C8911C2F3CE3ACBFE25ABD7B42CB5D0325536,M1_N3_L3_25Hz_101_secondary_g0.4.npy,0.33112785754460566,0.18805025768182426,0.4607791004964757,2,0.0,0.18995335381713496,False
M1_N3_L3_25Hz,101,secondary,0.5,fx_deconv,svd_lowrank,,E7E3BFACD2B23ECBAF4BA587F7E7BF2B6FC6DCAF336CB67AB1A74313C1D94F0D,M1_N3_L3_25Hz_101_secondary_g0.5.npy,0.33089772899828346,0.18806832598310128,0.4602928970288599,2,0.0,0.18997354757237522,False
M1_N3_L3_25Hz,101,secondary,0.6,fx_deconv,svd_lowrank,,224C7B8D80E0B0212407D4388973DE67FCF35E73A20B7BF92D3CBEA65AD9B2F4,M1_N3_L3_25Hz_101_secondary_g0.6.npy,0.33066153162280554,0.18808678286405284,0.459796556250967,2,0.0,0.18999411259632337,False
M1_N3_L3_25Hz,202,primary,0.4,fx_deconv,wavelet_threshold,,071B958372E1DEFBF7132A7BD712611D6DEBE9C8627E5FC8315773BD28E53EAF,M1_N3_L3_25Hz_202_primary_g0.4.npy,0.06962077606639863,0.3417531236949265,0.10854053507660014,2,0.9999999999999964,0.3656818222957496,False
M1_N3_L3_25Hz,202,primary,0.5,fx_deconv,wavelet_threshold,,829088CB2CDE101F1F0DF58A5888968046D481BBD19BE71870DA79BAD31E1AD9,M1_N3_L3_25Hz_202_primary_g0.5.npy,0.0695865584321199,0.3417538984428815,0.10851462536037539,2,0.9999999999999964,0.3656809312414837,False
M1_N3_L3_25Hz,202,primary,0.6,fx_deconv,wavelet_threshold,,C09517D97551C9E07EA2E21778121B66B877B45A363079A125D0C99DC715C78E,M1_N3_L3_25Hz_202_primary_g0.6.npy,0.06955163311466309,0.3417546829413888,0.10848826349550882,2,0.9999999999999964,0.365680027328534,False
M1_N3_L3_25Hz,202,secondary,0.4,fx_deconv,svd_lowrank,,B7373C18FCCEB75946FF3C64F17CB60CD8749F562D7462DE45A6D4588B8808BE,M1_N3_L3_25Hz_202_secondary_g0.4.npy,0.3240119966238766,0.32241878677938784,0.4501712081965412,2,0.9999999999999964,0.3434823425723664,False
M1_N3_L3_25Hz,202,secondary,0.5,fx_deconv,svd_lowrank,,18255826CD6B9C321C65FDFD9EE4C43D9606E29BF8039290B5E1080C126E4C2E,M1_N3_L3_25Hz_202_secondary_g0.5.npy,0.32342527430893003,0.32246941041285876,0.4490327449418486,2,0.9999999999999964,0.343514482290057,False
M1_N3_L3_25Hz,202,secondary,0.6,fx_deconv,svd_lowrank,,CF1AF59E9D0FEAF68DD86B1CB51416BD66FB3E0AD3F41B780EDF1B0544027A8D,M1_N3_L3_25Hz_202_secondary_g0.6.npy,0.322819071147217,0.3225219623246006,0.4478636956230666,2,0.9999999999999964,0.3435478096567271,False
M1_N3_L3_25Hz,303,primary,0.4,fx_deconv,wavelet_threshold,,D556B7FA20543A090E00016B98AD20110D4A95891C180ECC08764FBDE845E0CB,M1_N3_L3_25Hz_303_primary_g0.4.npy,0.07023445592420657,0.2590701567670384,0.10746370418140339,4,0.0,0.40506197096666924,False
M1_N3_L3_25Hz,303,primary,0.5,fx_deconv,wavelet_threshold,,C10520CB7E5FA594ECB9D65B6EBE208C8CCD3E519C1E1D6CC309F8E32CB107A8,M1_N3_L3_25Hz_303_primary_g0.5.npy,0.07019216163075365,0.259071128003197,0.10742407918812424,4,0.0,0.4050685495069317,False
M1_N3_L3_25Hz,303,primary,0.6,fx_deconv,wavelet_threshold,,29FB40B82AA29E82B20F84FAAD3F780AB04594D1B005BB7DD3AAE0C040CC8D70,M1_N3_L3_25Hz_303_primary_g0.6.npy,0.07014891365511573,0.25907211191564766,0.10738367356315776,4,0.0,0.40507522513311733,False
M1_N3_L3_25Hz,303,secondary,0.4,fx_deconv,svd_lowrank,,A48122A3090935DD4654358F4A1E2D5D3DA27C21DC3FF570192A32429753BF89,M1_N3_L3_25Hz_303_secondary_g0.4.npy,0.32149532378182033,0.24651375353642987,0.44461501502042877,4,0.0,0.38682701753450854,False
M1_N3_L3_25Hz,303,secondary,0.5,fx_deconv,svd_lowrank,,93EEC1DC715442EC20B6B3B97CB08618FD836190F591CF6E03B2BDDEADFFA296,M1_N3_L3_25Hz_303_secondary_g0.5.npy,0.32098825147831794,0.24652806310821135,0.44361413116871223,4,0.0,0.3868632233094493,False
M1_N3_L3_25Hz,303,secondary,0.6,fx_deconv,svd_lowrank,,65066951DA2F58A6A608C9813A0D0A8CE83DED310E5E50E0B1A8AD2A89D826DB,M1_N3_L3_25Hz_303_secondary_g0.6.npy,0.3204675633558491,0.2465426916834412,0.4425907518740979,4,0.0,0.38690019884122184,False
M1_N3_L3_25Hz,404,primary,0.4,fx_deconv,wavelet_threshold,,1FCD3B9EEC13B155167644759E176EE66BBC71AA85821DD9B523C74574D16E56,M1_N3_L3_25Hz_404_primary_g0.4.npy,0.06426412635633307,0.2545186086081005,0.1004451967461997,3,0.0,0.2438606489577096,False
M1_N3_L3_25Hz,404,primary,0.5,fx_deconv,wavelet_threshold,,4B72DF7ABA950A4B65BEB90D5D3C4D114EFB31C81C34EFE9D968083D4E6A1CA8,M1_N3_L3_25Hz_404_primary_g0.5.npy,0.0642441681031908,0.2545198228545282,0.10043054235218533,3,0.0,0.24385992355390754,False
M1_N3_L3_25Hz,404,primary,0.6,fx_deconv,wavelet_threshold,,BEF978CFA5172A84883BA3BB7F70DF4606B89D74CAB50BF899BB68427642B0B7,M1_N3_L3_25Hz_404_primary_g0.6.npy,0.06422391997895499,0.25452105138380343,0.10041572428057864,3,0.0,0.24385919122329588,False
M1_N3_L3_25Hz,404,secondary,0.4,fx_deconv,svd_lowrank,,EBE30263535B697C0697B9875FA1CB89273C6085D2DA0582D87EC581E4296C06,M1_N3_L3_25Hz_404_secondary_g0.4.npy,0.3438028783941952,0.23671065545261508,0.47752218187979895,3,0.0,0.23576415633401093,False
M1_N3_L3_25Hz,404,secondary,0.5,fx_deconv,svd_lowrank,,51C6B90487E95D4B0DCB5D924554078150523CB7F9AD95534DA75259B16CCC01,M1_N3_L3_25Hz_404_secondary_g0.5.npy,0.34351881330478207,0.23673624733225115,0.4769585700409104,3,0.0,0.23577359462825476,False
M1_N3_L3_25Hz,404,secondary,0.6,fx_deconv,svd_lowrank,,AFC837B9F8BB355F750F267FC78F6355134F2577B42C91AED0DEF2D884C47352,M1_N3_L3_25Hz_404_secondary_g0.6.npy,0.3432279358063888,0.23676247261085553,0.4763850461408545,3,0.0,0.23578323337298504,False
M1_N3_L3_25Hz,505,primary,0.4,fx_deconv,wavelet_threshold,,4E51C59C96B7A3D7919A0E48630EE19CFF4263CDE556C72764C3D36801763C3D,M1_N3_L3_25Hz_505_primary_g0.4.npy,0.08759378239413608,0.26010506019973223,0.1360175000355355,4,0.0,0.3254747126462111,False
M1_N3_L3_25Hz,505,primary,0.5,fx_deconv,wavelet_threshold,,E99EE20842A6363F4045833CDB00FE6F99317315CCCD38B2036AFD4F3A293066,M1_N3_L3_25Hz_505_primary_g0.5.npy,0.08754757974838054,0.2601045433366927,0.1359861802610799,4,0.0,0.32547136303830076,False
M1_N3_L3_25Hz,505,primary,0.6,fx_deconv,wavelet_threshold,,C9AC843E752685FEB8B0EC20E0D55DC8BB77A756706C4697AB2D618FD8CD21FE,M1_N3_L3_25Hz_505_primary_g0.6.npy,0.08750030747297906,0.26010401920600223,0.13595421699764926,4,0.0,0.32546797912774283,False
M1_N3_L3_25Hz,505,secondary,0.4,fx_deconv,svd_lowrank,,4D055FE691405BB795456C35CECA7553AFCA6FB296A81C7C089E907F17337F25,M1_N3_L3_25Hz_505_secondary_g0.4.npy,0.3769274183971301,0.24585910039736658,0.5260661303207824,4,0.0,0.3078055613832691,False
M1_N3_L3_25Hz,505,secondary,0.5,fx_deconv,svd_lowrank,,6454283043A75882BB68699672DF801A41B52B5D99399C91D54CB4B944D6A1FC,M1_N3_L3_25Hz_505_secondary_g0.5.npy,0.37651855126820666,0.24586984822477886,0.5252457722281614,4,0.0,0.30780755996834747,False
M1_N3_L3_25Hz,505,secondary,0.6,fx_deconv,svd_lowrank,,DC2759443DB686067141ECCC46E805D658CC9FFACD65AA17B4A8EDA079BE5546,M1_N3_L3_25Hz_505_secondary_g0.6.npy,0.3760996650011954,0.24588080786354766,0.5244088647003627,4,0.0,0.3078097085273561,False
M1_N3_L3_40Hz,101,primary,0.4,fx_deconv,wavelet_threshold,,8009C5C817E5A267B5914CBEC967710FF91034BF7203775EB760C616F81BFF1E,M1_N3_L3_40Hz_101_primary_g0.4.npy,0.058378648953939315,0.136778001242527,0.0882917589157038,2,0.0,0.1650272618151047,False
M1_N3_L3_40Hz,101,primary,0.5,fx_deconv,wavelet_threshold,,6738B2DE0276985430260B975B91893630D71840AA9C1D52F6904C3E08674D8A,M1_N3_L3_40Hz_101_primary_g0.5.npy,0.058378648953939315,0.136778001242527,0.0882917589157038,2,0.0,0.1650272618151047,False
M1_N3_L3_40Hz,101,primary,0.6,fx_deconv,wavelet_threshold,,F732A3D32027D395DCDCA347E6306B3BA892B0E24BAFA9D58653F815C0D4D142,M1_N3_L3_40Hz_101_primary_g0.6.npy,0.058378648953939315,0.136778001242527,0.0882917589157038,2,0.0,0.1650272618151047,False
M1_N3_L3_40Hz,101,secondary,0.4,fx_deconv,svd_lowrank,,ED920045082D00B1C6F040DC65F6E15B349E825D67DFBD5FED8C4BD3595ED123,M1_N3_L3_40Hz_101_secondary_g0.4.npy,0.32973964699643843,0.12650464454941118,0.4529235044239771,2,0.0,0.15141003025490984,False
M1_N3_L3_40Hz,101,secondary,0.5,fx_deconv,svd_lowrank,,29CD8F369F0B34DA351315488F2786D537847E32F5C5E00CA3651FF7D421DE81,M1_N3_L3_40Hz_101_secondary_g0.5.npy,0.3297396469964419,0.12650464454941115,0.4529235044239815,2,0.0,0.15141003025490976,False
M1_N3_L3_40Hz,101,secondary,0.6,fx_deconv,svd_lowrank,,072F966752A5ADAEA7A77B30479A32663FD406EB6B7C470988E5D39B758F0CAF,M1_N3_L3_40Hz_101_secondary_g0.6.npy,0.3297396469964456,0.12650464454941113,0.4529235044239832,2,0.0,0.15141003025490957,False
M1_N3_L3_40Hz,202,primary,0.4,fx_deconv,wavelet_threshold,,7AD8F82AD6D4CEA025007C3E9D41AEE1834C076A15A252794F3A8395E5489CEF,M1_N3_L3_40Hz_202_primary_g0.4.npy,0.06064667302395522,0.3303477454703829,0.09036508092417843,3,0.0,0.3751968729244939,False
M1_N3_L3_40Hz,202,primary,0.5,fx_deconv,wavelet_threshold,,96F587ED488766E478BDE1A8F2DA9128F2745C3196BB31F13660C3E30D99132E,M1_N3_L3_40Hz_202_primary_g0.5.npy,0.06064667302395522,0.3303477454703829,0.09036508092417843,3,0.0,0.3751968729244939,False
M1_N3_L3_40Hz,202,primary,0.6,fx_deconv,wavelet_threshold,,B138D31671781971A3BF1CAA6C9659E009132408E7FDAF643CFE15EFD51A2A9D,M1_N3_L3_40Hz_202_primary_g0.6.npy,0.06064667302395522,0.3303477454703829,0.09036508092417843,3,0.0,0.3751968729244939,False
M1_N3_L3_40Hz,202,secondary,0.4,fx_deconv,svd_lowrank,,67828F29A98501060C6DA382819FFA1B9F2D1FD9776E24DA378397D4C1A78C6C,M1_N3_L3_40Hz_202_secondary_g0.4.npy,0.32035070147534994,0.31192352812236523,0.4407094862073967,3,0.0,0.3567927451186482,False
M1_N3_L3_40Hz,202,secondary,0.5,fx_deconv,svd_lowrank,,09539AEAC3C03C08FCF704C517037D9363C77A2D3F07B50D3C75517B0BC3F525,M1_N3_L3_40Hz_202_secondary_g0.5.npy,0.3203507014753545,0.3119235281223652,0.44070948620739925,3,0.0,0.35679274511864806,False
M1_N3_L3_40Hz,202,secondary,0.6,fx_deconv,svd_lowrank,,18EEE9FF6B45355B065459D37584B4652A0B331240ABA219BAE8DEEEE016C9C6,M1_N3_L3_40Hz_202_secondary_g0.6.npy,0.3203507014753562,0.31192352812236507,0.440709486207401,3,0.0,0.35679274511864767,False
M1_N3_L3_40Hz,303,primary,0.4,fx_deconv,wavelet_threshold,,20571A54077D482BE3958D19DAFB874EEC5C8915470935383E8399E7D4D13C08,M1_N3_L3_40Hz_303_primary_g0.4.npy,0.06211202292839909,0.24120538567946256,0.09117510464249415,3,0.0,0.24041069197220089,False
M1_N3_L3_40Hz,303,primary,0.5,fx_deconv,wavelet_threshold,,86D3E8891B1B9C05750BF0A1FF21EEF2A32E00E599993CBB6857C06214B36BE7,M1_N3_L3_40Hz_303_primary_g0.5.npy,0.06211202292839909,0.24120538567946256,0.09117510464249415,3,0.0,0.24041069197220089,False
M1_N3_L3_40Hz,303,primary,0.6,fx_deconv,wavelet_threshold,,0EBD9BD9148694D4FB29F762DB2BBD7297B1A0C495CEEC1631774971BE4D5304,M1_N3_L3_40Hz_303_primary_g0.6.npy,0.06211202292839909,0.24120538567946256,0.09117510464249415,3,0.0,0.24041069197220089,False
M1_N3_L3_40Hz,303,secondary,0.4,fx_deconv,svd_lowrank,,98ED24986A0C251B81664ABB7E0BEC17165F5AD29D633F17DE28206D068233C8,M1_N3_L3_40Hz_303_secondary_g0.4.npy,0.32094049844099193,0.2286098821421024,0.4387621315134274,3,0.0,0.2284784748641914,False
M1_N3_L3_40Hz,303,secondary,0.5,fx_deconv,svd_lowrank,,16889E654E3B04C21AF72E2D713C7BD215E9713D71740289774742A5B1B0E8EC,M1_N3_L3_40Hz_303_secondary_g0.5.npy,0.32094049844099465,0.2286098821421024,0.4387621315134318,3,0.0,0.22847847486419123,False
M1_N3_L3_40Hz,303,secondary,0.6,fx_deconv,svd_lowrank,,D57A0DA216469C24C0F56F30D8855FF7E463C53A8251BAAA23AD138D2DCD795E,M1_N3_L3_40Hz_303_secondary_g0.6.npy,0.32094049844099737,0.22860988214210232,0.4387621315134344,3,0.0,0.22847847486419104,False
M1_N3_L3_40Hz,404,primary,0.4,fx_deconv,wavelet_threshold,,3B3F876C362912FB2F841688591CDA5FEE0EE92AC4AD9298B3E108EFA5B02A98,M1_N3_L3_40Hz_404_primary_g0.4.npy,0.05647138825686812,0.20091650448435452,0.08475793945054028,5,0.0,0.20524067978563332,False
M1_N3_L3_40Hz,404,primary,0.5,fx_deconv,wavelet_threshold,,9974B87ED063A8A03C5506D05785D4E471A20CE74A7FE6B2FA7A0D2C36A39DD7,M1_N3_L3_40Hz_404_primary_g0.5.npy,0.05647138825686812,0.20091650448435452,0.08475793945054028,5,0.0,0.20524067978563332,False
M1_N3_L3_40Hz,404,primary,0.6,fx_deconv,wavelet_threshold,,39EC468643B684693F6DFE672A1530E64EDABE2F976E8FEB1914D7BE2B8B7EFA,M1_N3_L3_40Hz_404_primary_g0.6.npy,0.05647138825686812,0.20091650448435452,0.08475793945054028,5,0.0,0.20524067978563332,False
M1_N3_L3_40Hz,404,secondary,0.4,fx_deconv,svd_lowrank,,00A24954FC45A214F0C1071C27E0A33106122B2D5CEE5AC8DD7731A848A31C47,M1_N3_L3_40Hz_404_secondary_g0.4.npy,0.34282757926123625,0.18753247236119183,0.4714047352035888,5,0.0,0.1988770263107401,False
M1_N3_L3_40Hz,404,secondary,0.5,fx_deconv,svd_lowrank,,976E03003B56ACC0903D8CF494F031EBEBF4070208AAC98F0F87F3DB598413C7,M1_N3_L3_40Hz_404_secondary_g0.5.npy,0.3428275792612407,0.1875324723611918,0.47140473520359133,5,0.0,0.1988770263107401,False
M1_N3_L3_40Hz,404,secondary,0.6,fx_deconv,svd_lowrank,,15F49611DA7DA1FE729E40DE1E9B93462D824AEE226C8A37DBEAC4985157DC23,M1_N3_L3_40Hz_404_secondary_g0.6.npy,0.34282757926124335,0.18753247236119172,0.47140473520359305,5,0.0,0.1988770263107401,False
M1_N3_L3_40Hz,505,primary,0.4,fx_deconv,wavelet_threshold,,BB8A2184105287B3C74F5FCCCEA1F50C6E8BD30FA5F0A0CF58B97E1703AF3440,M1_N3_L3_40Hz_505_primary_g0.4.npy,0.07781978173161051,0.2764190382830635,0.11635671764400782,5,0.0,0.34131453292505026,False
M1_N3_L3_40Hz,505,primary,0.5,fx_deconv,wavelet_threshold,,2E046DFEC81C149D0FF15464036E660231B50D0037391A8EDC3384687CF2995C,M1_N3_L3_40Hz_505_primary_g0.5.npy,0.07781978173161051,0.2764190382830635,0.11635671764400782,5,0.0,0.34131453292505026,False
M1_N3_L3_40Hz,505,primary,0.6,fx_deconv,wavelet_threshold,,00B901242E2AF613775544CAF913570138DD0959CEF762D03847DF7DCFDC1EED,M1_N3_L3_40Hz_505_primary_g0.6.npy,0.07781978173161051,0.2764190382830635,0.11635671764400782,5,0.0,0.34131453292505026,False
M1_N3_L3_40Hz,505,secondary,0.4,fx_deconv,svd_lowrank,,B247FE47B78454887024479506A5E821A9ADF24A48D3B65CF232E818AAAFC9AE,M1_N3_L3_40Hz_505_secondary_g0.4.npy,0.3802693479224907,0.2608192045822725,0.5250531939011959,5,0.0,0.32922352648274394,False
M1_N3_L3_40Hz,505,secondary,0.5,fx_deconv,svd_lowrank,,35762131501CEDB8D680DD239F1CF4233BE0D9B183E1901587B88CC7E945EDB7,M1_N3_L3_40Hz_505_secondary_g0.5.npy,0.38026934792249334,0.26081920458227237,0.5250531939011993,5,0.0,0.32922352648274394,False
M1_N3_L3_40Hz,505,secondary,0.6,fx_deconv,svd_lowrank,,29C2B4D1197C8B27A230F7777D26BB930E8432DCB5B382B9EF461E8ACE5EED4E,M1_N3_L3_40Hz_505_secondary_g0.6.npy,0.380269347922496,0.26081920458227237,0.5250531939012019,5,0.0,0.32922352648274356,False
M2_N1_L1_15Hz,101,primary,0.4,fx_deconv,wavelet_threshold,,97EC8F66C20580A8EB50CA6EAE0EDDDBA35FFA738BBB8F1A17F1658C1DD12490,M2_N1_L1_15Hz_101_primary_g0.4.npy,4.564827297291705,0.007431313752071942,,1,0.0,0.036497040664340896,False
M2_N1_L1_15Hz,101,primary,0.5,fx_deconv,wavelet_threshold,,8320C2AFC1E07706C45E36CF8301EFB5B94B5CA8686BA84785CCC255C00B3419,M2_N1_L1_15Hz_101_primary_g0.5.npy,4.577685521572809,0.007355339006304607,,1,0.0,0.03626153591397215,False
M2_N1_L1_15Hz,101,primary,0.6,fx_deconv,wavelet_threshold,,E93AC8DABFAE0A699868E3F22401EC25CC31A16B3DB4FD79BB4CFFA89B163A67,M2_N1_L1_15Hz_101_primary_g0.6.npy,4.590936565633131,0.007276771538348851,,1,0.0,0.03601796048034437,False
M2_N1_L1_15Hz,101,secondary,0.4,fx_deconv,svd_lowrank,,A824344C55DF75F7566917211B7F0E3A0B61E30480393B6366D056321CCB22C8,M2_N1_L1_15Hz_101_secondary_g0.4.npy,5.257432262316804,0.007034632295821663,,1,1.999999999999993,0.035003600793022595,False
M2_N1_L1_15Hz,101,secondary,0.5,fx_deconv,svd_lowrank,,BCB19855B0872356ECADFB57DE8E7A9E84CB6BCEFE68313C79354A5D57201E32,M2_N1_L1_15Hz_101_secondary_g0.5.npy,5.280022316558583,0.006942583815792265,,1,1.999999999999993,0.03469061963011908,False
M2_N1_L1_15Hz,101,secondary,0.6,fx_deconv,svd_lowrank,,7BD996D7D8AB8A7D75185E7A5B7AFA69A1BE1CDC26774A81AD16599FEF5D427E,M2_N1_L1_15Hz_101_secondary_g0.6.npy,5.303384852180368,0.006848009491565256,,1,1.999999999999993,0.03436810111454125,False
M2_N1_L1_15Hz,202,primary,0.4,fx_deconv,wavelet_threshold,,C0BDAAA23B6316E8765D6FCBB78F29A564241B65BC48BC2702EB56FB14B53A31,M2_N1_L1_15Hz_202_primary_g0.4.npy,-6.55674485785628,0.38204368643206854,,1,4.0,0.3889049875649018,False
M2_N1_L1_15Hz,202,primary,0.5,fx_deconv,wavelet_threshold,,9C38A8AB6285254E8FECA4CA5651CC21D972BED7DF620827D82D82D14B021307,M2_N1_L1_15Hz_202_primary_g0.5.npy,-6.556290156526858,0.3820327280829601,,1,4.0,0.38882253424377294,False
M2_N1_L1_15Hz,202,primary,0.6,fx_deconv,wavelet_threshold,,F2C27359F227F02B401D9E6AF53E4FB99DC4E0373006E8AF9FBC6352468A9AE4,M2_N1_L1_15Hz_202_primary_g0.6.npy,-6.555825818090776,0.3820220338667448,,1,4.0,0.38873594882822365,False
M2_N1_L1_15Hz,202,secondary,0.4,fx_deconv,svd_lowrank,,8B2DEA02B38326250476A93E3BB99494C2034736B7674835AF1C8271B16E1B2B,M2_N1_L1_15Hz_202_secondary_g0.4.npy,-6.497839545272085,0.38183128995609994,,1,4.0,0.3878523204100191,False
M2_N1_L1_15Hz,202,secondary,0.5,fx_deconv,svd_lowrank,,BDF54F18D3E0C9F9FC0BAB68364605308C58B3285589C8D527F517C904221674,M2_N1_L1_15Hz_202_secondary_g0.5.npy,-6.496995908957022,0.3818155505413617,,1,4.0,0.3877351070706341,False
M2_N1_L1_15Hz,202,secondary,0.6,fx_deconv,svd_lowrank,,D6169001FB9EAAC915D65E62ADAD0A65949FFFBEEF41F3C2754433F9B0A54943,M2_N1_L1_15Hz_202_secondary_g0.6.npy,-6.496132598122657,0.381800209843744,,1,4.0,0.3876139506021202,False
M2_N1_L1_15Hz,303,primary,0.4,fx_deconv,wavelet_threshold,,C89B6B7378197F985A5921F3039B7BE5A024521FE1FAEFE1D3DE904B5DD29AA8,M2_N1_L1_15Hz_303_primary_g0.4.npy,3.1923527653109964,0.01998005748438121,,1,0.0,0.058505264491991796,False
M2_N1_L1_15Hz,303,primary,0.5,fx_deconv,wavelet_threshold,,5A086EF9D1F583D97F94D5D8150581932E619282CEF5F0F22E232F34621E554D,M2_N1_L1_15Hz_303_primary_g0.5.npy,3.1987633564199207,0.019926202390884416,,1,0.0,0.058277046179263194,False
M2_N1_L1_15Hz,303,primary,0.6,fx_deconv,wavelet_threshold,,9F8C1B6ADD84B1369920A86A6E5E1AC2537C4A357D836CC56A78AEC70EFE5649,M2_N1_L1_15Hz_303_primary_g0.6.npy,3.2052330619153704,0.019872078923595944,,1,0.0,0.05804271909318,False
M2_N1_L1_15Hz,303,secondary,0.4,fx_deconv,svd_lowrank,,51F5535962C60CDA8C06BF8292D35E4677E29DF73519845B7B027EE5A70221F9,M2_N1_L1_15Hz_303_secondary_g0.4.npy,3.7651732491073755,0.019457188297796402,,1,0.0,0.05663709558051896,False
M2_N1_L1_15Hz,303,secondary,0.5,fx_deconv,svd_lowrank,,2254603207E40B3AB8FB3043FCF71A39C290DBBD62BA5DAACEBE78BC90A02A4D,M2_N1_L1_15Hz_303_secondary_g0.5.npy,3.7769634016963654,0.019389252501382376,,1,0.0,0.05632406426812096,False
M2_N1_L1_15Hz,303,secondary,0.6,fx_deconv,svd_lowrank,,80417E7AD3A3917633359F01781A7B00E61D01F2E9AAC84DE1C8B710F01F9FB7,M2_N1_L1_15Hz_303_secondary_g0.6.npy,3.7889166315818024,0.019321468460739618,,1,0.0,0.05600421737413942,False
M2_N1_L1_15Hz,404,primary,0.4,fx_deconv,wavelet_threshold,,2127912F324CDBA4844326C873D210C3DD4169B3303CC056F899D9707CC3B249,M2_N1_L1_15Hz_404_primary_g0.4.npy,-1.499632417566172,0.10455754361786644,,1,1.9999999999999716,0.13435839396174434,False
M2_N1_L1_15Hz,404,primary,0.5,fx_deconv,wavelet_threshold,,3BFE9847F87D116A58C3E00D4C5B7F512F48DD7CB63409A59FCDB69354218D34,M2_N1_L1_15Hz_404_primary_g0.5.npy,-1.4949284778811283,0.10441214574656983,,1,1.9999999999999716,0.1341041709797806,False
M2_N1_L1_15Hz,404,primary,0.6,fx_deconv,wavelet_threshold,,C537F46120B52A34F2230BE9368883ABE8B4118EC1729330AD4ADF77EE409A82,M2_N1_L1_15Hz_404_primary_g0.6.npy,-1.4899948375927323,0.10425950516156197,,1,1.9999999999999716,0.13383882382861514,False
M2_N1_L1_15Hz,404,secondary,0.4,fx_deconv,svd_lowrank,,C8348D1C634514BFA6ED9C412A01A1188CD769F16DF92CCBD21039FE90A45C36,M2_N1_L1_15Hz_404_secondary_g0.4.npy,-1.2851707897901523,0.10311221772340542,,1,0.0,0.13224687342589922,False
M2_N1_L1_15Hz,404,secondary,0.5,fx_deconv,svd_lowrank,,58F37E1F0E39125A1BC06AF137126834F869091FCAB498E497C41A510F4BB7F9,M2_N1_L1_15Hz_404_secondary_g0.5.npy,-1.2784712945632322,0.10293695791449843,,1,0.0,0.13192628191690212,False
M2_N1_L1_15Hz,404,secondary,0.6,fx_deconv,svd_lowrank,,63BEAC512FDF74E2C9442ACD598C29D44360E9E88EC4231A600BD8743EE5006D,M2_N1_L1_15Hz_404_secondary_g0.6.npy,-1.2714663586575554,0.10275372932444109,,1,0.0,0.13159344239645873,False
M2_N1_L1_15Hz,505,primary,0.4,fx_deconv,wavelet_threshold,,0F89CD4CE36250E5F32D896E3ABE5765970C3EFCAC5CE6E33855CD927C5C8DDA,M2_N1_L1_15Hz_505_primary_g0.4.npy,4.332383309414032,0.008319766655166577,,1,2.0,0.04380868995865422,False
M2_N1_L1_15Hz,505,primary,0.5,fx_deconv,wavelet_threshold,,0B55016E95FC91869EA8E65B21E0A813F780C924584242C83E9FA18CF29DDDF2,M2_N1_L1_15Hz_505_primary_g0.5.npy,4.343995725664259,0.00824893409779464,,1,2.0,0.04360393137420911,False
M2_N1_L1_15Hz,505,primary,0.6,fx_deconv,wavelet_threshold,,471FF18B01FDBCD63D8262D550BD1FB0560A1DCE9AFDD4B19902D756CBC7854B,M2_N1_L1_15Hz_505_primary_g0.6.npy,4.35591025400722,0.008176073301437055,,1,2.0,0.04339251551876072,False
M2_N1_L1_15Hz,505,secondary,0.4,fx_deconv,svd_lowrank,,188C33921D06322ED086606633CB78260BCB1465FFF51289D1D14EFBD7319D3C,M2_N1_L1_15Hz_505_secondary_g0.4.npy,5.139046034055928,0.007687691851676644,,1,2.0,0.04196198612358671,False
M2_N1_L1_15Hz,505,secondary,0.5,fx_deconv,svd_lowrank,,E3096FACE411ADF8B1E75F2FFF3547F30800A7EEDCDD966E23E87317CCA3233B,M2_N1_L1_15Hz_505_secondary_g0.5.npy,5.160865621373901,0.007593774540740305,,1,2.0,0.04167525671310528,False
M2_N1_L1_15Hz,505,secondary,0.6,fx_deconv,svd_lowrank,,EE991F950E6CF1E95B8A5B4A29680656CE786DB8D8264FBDA3590D3C66DD41B5,M2_N1_L1_15Hz_505_secondary_g0.6.npy,5.183268766457065,0.007497809006176259,,1,2.0,0.04138007068135042,False
M2_N1_L1_25Hz,101,primary,0.4,fx_deconv,wavelet_threshold,,D7A5134E15952519D23D642D431ABCBE837157E8E8A4BE2DEBE0D86E9843BAD9,M2_N1_L1_25Hz_101_primary_g0.4.npy,4.211154983405967,0.007400401892435254,,1,0.0,0.046617394082653064,False
M2_N1_L1_25Hz,101,primary,0.5,fx_deconv,wavelet_threshold,,A77B4150486F0876FA603FE77BFA29C700E3102489A65DFE9C1D38D852752E26,M2_N1_L1_25Hz_101_primary_g0.5.npy,4.2218985933414785,0.007327907247876271,,1,0.0,0.046409150703391376,False
M2_N1_L1_25Hz,101,primary,0.6,fx_deconv,wavelet_threshold,,279C06E24585A0272C2EF2B3E91CF136C8378A6109735E4CB051994B1B7827A7,M2_N1_L1_25Hz_101_primary_g0.6.npy,4.232947898539706,0.007252994892014984,,1,0.0,0.04619375711352447,False
M2_N1_L1_25Hz,101,secondary,0.4,fx_deconv,svd_lowrank,,03AB998DB9B064C271CBC7CE28BD3BBF1F18A078F622487FF61A64BF4AD8A223,M2_N1_L1_25Hz_101_secondary_g0.4.npy,4.84707177039979,0.006888936762808346,,1,0.0,0.04199955958947954,False
M2_N1_L1_25Hz,101,secondary,0.5,fx_deconv,svd_lowrank,,0634068C5F45AF3B337DE463B2D21BE7F7434DA1D8221642A4140620B109C12C,M2_N1_L1_25Hz_101_secondary_g0.5.npy,4.8688721920991735,0.006785534716933179,,1,0.0,0.04163816382564711,False
M2_N1_L1_25Hz,101,secondary,0.6,fx_deconv,svd_lowrank,,7D5F576F04C5C52AE31F84816BBD36913FA7DAE171E6C75EA886EAE4345BFBA6,M2_N1_L1_25Hz_101_secondary_g0.6.npy,4.891292063119151,0.0066798799258656096,,1,0.0,0.04126632081862245,False
M2_N1_L1_25Hz,202,primary,0.4,fx_deconv,wavelet_threshold,,C9DFF8DBBF52CCB282898ABA9E2F6B5075B5F5A57055C7CF16CA9FCDFC8A1F0A,M2_N1_L1_25Hz_202_primary_g0.4.npy,1.5663168335741684,0.034648841292643784,,1,2.0,0.07560698500516491,False
M2_N1_L1_25Hz,202,primary,0.5,fx_deconv,wavelet_threshold,,3BADDFAD039A93124A45D389D34E2E53289F5797857CA08F55C529355AE9C051,M2_N1_L1_25Hz_202_primary_g0.5.npy,1.5715395226724524,0.034601055161272445,,1,2.0,0.07540787228869433,False
M2_N1_L1_25Hz,202,primary,0.6,fx_deconv,wavelet_threshold,,E70D05EF880D25EA0C6948AAFB7FAD0EA14A40A2B609D6526B831A7D43035291,M2_N1_L1_25Hz_202_primary_g0.6.npy,1.5769283315282614,0.03455189781236823,,1,2.0,0.07520312224021346,False
M2_N1_L1_25Hz,202,secondary,0.4,fx_deconv,svd_lowrank,,44E87005E35C965575036984FA669E44E16CB067B66C6B902A8291A3D6E5C83A,M2_N1_L1_25Hz_202_secondary_g0.4.npy,1.9142846163765554,0.0342926143246421,,1,0.0,0.0723685858081065,False
M2_N1_L1_25Hz,202,secondary,0.5,fx_deconv,svd_lowrank,,92E2255B0782037002690A17A8D73B0843B42B5E0C0D8B2A7DBF377C35FE62CE,M2_N1_L1_25Hz_202_secondary_g0.5.npy,1.9241287627212742,0.03422257937045114,,1,0.0,0.07204132167737486,False
M2_N1_L1_25Hz,202,secondary,0.6,fx_deconv,svd_lowrank,,31AB6EC1FE4AB8A996F356B874CD3EFCDBE8578974585F7A5131A4F1C869A8BD,M2_N1_L1_25Hz_202_secondary_g0.6.npy,1.9342520983243965,0.034151255128856646,,1,0.0,0.07170586042777816,False
M2_N1_L1_25Hz,303,primary,0.4,fx_deconv,wavelet_threshold,,0A52CE399920ABF2EBFBED827B091356E424E233823F61F7143E7ABC17FC89F0,M2_N1_L1_25Hz_303_primary_g0.4.npy,4.084231441559497,0.007612283417666884,,1,0.0,0.05801148304225324,False
M2_N1_L1_25Hz,303,primary,0.5,fx_deconv,wavelet_threshold,,FBE4E2EF8462CBB5F0D35DE622618F74D3B0CB0AA4B1D161AEB4497D7FA7F6AE,M2_N1_L1_25Hz_303_primary_g0.5.npy,4.091657052562928,0.007559819854666366,,1,0.0,0.057832099480135575,False
M2_N1_L1_25Hz,303,primary,0.6,fx_deconv,wavelet_threshold,,21D091E5EA6E916BA4A416CBF44630AC479191EBE797AB7807C920F733D6F30A,M2_N1_L1_25Hz_303_primary_g0.6.npy,4.099301158088336,0.007505458955989747,,1,0.0,0.05764691168557355,False
M2_N1_L1_25Hz,303,secondary,0.4,fx_deconv,svd_lowrank,,05292848D398BD4A165128966AB7637156BBF20E2BFA092A192F061327FEA156,M2_N1_L1_25Hz_303_secondary_g0.4.npy,4.74221679972444,0.007246355171387668,,1,0.0,0.052856814025573406,False
M2_N1_L1_25Hz,303,secondary,0.5,fx_deconv,svd_lowrank,,41A77F1F262FF7EEA8739E4C359DE00BF01204AA8FF52C5BAF4C2A9B79CB0FB1,M2_N1_L1_25Hz_303_secondary_g0.5.npy,4.757920960817556,0.007172573726539674,,1,0.0,0.05252331045934838,False
M2_N1_L1_25Hz,303,secondary,0.6,fx_deconv,svd_lowrank,,6E240547BFA69F41798E699864EC853101C7FEBBEE35F0BF920CF15372DC99F9,M2_N1_L1_25Hz_303_secondary_g0.6.npy,4.774118431924119,0.007096928653705464,,1,0.0,0.05218083469531657,False
M2_N1_L1_25Hz,404,primary,0.4,fx_deconv,wavelet_threshold,,41E865AB5539024DAB220EB054D893748FDE8C88799395C00494C15615ED62F7,M2_N1_L1_25Hz_404_primary_g0.4.npy,3.2857085571452718,0.01775019256794197,,1,0.0,0.06062805790707341,False
M2_N1_L1_25Hz,404,primary,0.5,fx_deconv,wavelet_threshold,,FA06A1E5170E5900D0FE89B7D7470323A31719E288E22E063C1CCFDA507D2B52,M2_N1_L1_25Hz_404_primary_g0.5.npy,3.2998475054271363,0.017610057934587295,,1,0.0,0.0603596893222896,False
M2_N1_L1_25Hz,404,primary,0.6,fx_deconv,wavelet_threshold,,FCD1F56B87D01EBD6E59550C7B6BEAC7BEFDEBC65F2E635F2E862B557FB784B3,M2_N1_L1_25Hz_404_primary_g0.6.npy,3.314732486189026,0.017462437688143744,,1,2.0,0.06008001430128032,False
M2_N1_L1_25Hz,404,secondary,0.4,fx_deconv,svd_lowrank,,2ED11C101DF19F7317ADAE04DDCA9B0C868A94915EDE11D27752BB5F460BAB05,M2_N1_L1_25Hz_404_secondary_g0.4.npy,3.8976068194748663,0.016427147103239757,,1,0.0,0.05443849992504546,False
M2_N1_L1_25Hz,404,secondary,0.5,fx_deconv,svd_lowrank,,39BF6FC00D1EA2E0625620153794F84325C12377FD5652C8D8D0DA46F00EA7AC,M2_N1_L1_25Hz_404_secondary_g0.5.npy,3.9204978927270666,0.016251387674598765,,1,0.0,0.05405361026652573,False
M2_N1_L1_25Hz,404,secondary,0.6,fx_deconv,svd_lowrank,,D4FF8803DF9294F754D54A5AE3C7BCBFA0E497D8A78621AC116BEA8339B6007E,M2_N1_L1_25Hz_404_secondary_g0.6.npy,3.9445163325349917,0.016067630874647774,,1,0.0,0.05365370641400533,False
M2_N1_L1_25Hz,505,primary,0.4,fx_deconv,wavelet_threshold,,3ED811D0B2BAB696FBD51BAC9297E1BD237D60FB2CDFFA441E63A47C72BFEE44,M2_N1_L1_25Hz_505_primary_g0.4.npy,4.051846737453484,0.007815402269274341,,1,0.0,0.04793930785976593,False
M2_N1_L1_25Hz,505,primary,0.5,fx_deconv,wavelet_threshold,,2BD134553821E45EE8A08655B168C050B069299714307A6A6D6ABF1A3765A4EB,M2_N1_L1_25Hz_505_primary_g0.5.npy,4.062630997211032,0.007750031893408965,,1,0.0,0.047723744889124446,False
M2_N1_L1_25Hz,505,primary,0.6,fx_deconv,wavelet_threshold,,87D2AFD3EC421B96DE22781823B70FA5F299F4D86ECBCB4562FD6703E7B98640,M2_N1_L1_25Hz_505_primary_g0.6.npy,4.073754110365048,0.007682636083141302,,1,0.0,0.04750110927931283,False
M2_N1_L1_25Hz,505,secondary,0.4,fx_deconv,svd_lowrank,,496998B9A940F848635037F67A54127A2DB72CDB44259DE65869132DD5986546,M2_N1_L1_25Hz_505_secondary_g0.4.npy,4.709096128018697,0.007565497706992934,,1,0.0,0.04402813154072801,False
M2_N1_L1_25Hz,505,secondary,0.5,fx_deconv,svd_lowrank,,F262619094FE645D225932E727DE5752B3BB8B222DA39AF8FC5B6BA89DBC2786,M2_N1_L1_25Hz_505_secondary_g0.5.npy,4.730528371041007,0.007471715729763081,,1,0.0,0.04367154306967213,False
M2_N1_L1_25Hz,505,secondary,0.6,fx_deconv,svd_lowrank,,B45607261AA1D442FC69774A61B69AC8BDA9647240C7138C8F66DDA3B41D2F58,M2_N1_L1_25Hz_505_secondary_g0.6.npy,4.752570480947416,0.007375987111655064,,1,0.0,0.04330463119847955,False
M2_N1_L1_40Hz,101,primary,0.4,fx_deconv,wavelet_threshold,,867B01F7FE996603BABD7F49F98B3111ACEA612F4A8FBFFA5C7E2775AF3EC8DA,M2_N1_L1_40Hz_101_primary_g0.4.npy,3.718120813151412,0.009285501420805661,,1,0.0,0.05704358245786095,False
M2_N1_L1_40Hz,101,primary,0.5,fx_deconv,wavelet_threshold,,E2C27CC8192A75F8067B78C4767C45F875D1A584A7FD316121857D88CC849E0C,M2_N1_L1_40Hz_101_primary_g0.5.npy,3.718120813151451,0.009285501420805711,,1,0.0,0.05704358245786124,False
M2_N1_L1_40Hz,101,primary,0.6,fx_deconv,wavelet_threshold,,D8F270787CC36026EF29EAF1D6188E43D3FDA253D80209E18951C2ED9050EFF6,M2_N1_L1_40Hz_101_primary_g0.6.npy,3.718120813151492,0.00928550142080576,,1,0.0,0.057043582457861515,False
M2_N1_L1_40Hz,101,secondary,0.4,fx_deconv,svd_lowrank,,C042A66CF4E4385D86B917AB4EA60FF3AF790BED9841C52E70C7F3219C5F6047,M2_N1_L1_40Hz_101_secondary_g0.4.npy,4.190274776402889,0.009016137215733562,,1,0.0,0.05110003281770151,False
M2_N1_L1_40Hz,101,secondary,0.5,fx_deconv,svd_lowrank,,FDFD478C3CE757338206BCC6C7B4250AB73E4883EA671B3D1807E9C617EDAF5E,M2_N1_L1_40Hz_101_secondary_g0.5.npy,4.190274776402925,0.00901613721573361,,1,0.0,0.051100032817701785,False
M2_N1_L1_40Hz,101,secondary,0.6,fx_deconv,svd_lowrank,,4F3888468B54F9D8B2338C244695560154CC800EE817CF2C207D26F3E47C426E,M2_N1_L1_40Hz_101_secondary_g0.6.npy,4.19027477640296,0.009016137215733657,,1,0.0,0.05110003281770206,False
M2_N1_L1_40Hz,202,primary,0.4,fx_deconv,wavelet_threshold,,C471C9BD74CDE75B579D8B587B9DF217CA038F46B72F07D939C2D3102B42B158,M2_N1_L1_40Hz_202_primary_g0.4.npy,2.6884684116568724,0.01624472733315953,,2,0.0,0.072873223420344,False
M2_N1_L1_40Hz,202,primary,0.5,fx_deconv,wavelet_threshold,,9F7F9B450B9B80C3C23FB79264CE78626F3F2E558EC5DDA423F2618B2CC027EE,M2_N1_L1_40Hz_202_primary_g0.5.npy,2.6884684116569044,0.016244727333159573,,2,0.0,0.07287322342034419,False
M2_N1_L1_40Hz,202,primary,0.6,fx_deconv,wavelet_threshold,,381E6500109EFD26A3FDA4D115C2781F5A06AB5CF0EE9D155543C24D93BA0960,M2_N1_L1_40Hz_202_primary_g0.6.npy,2.6884684116569364,0.01624472733315961,,2,0.0,0.07287322342034455,False
M2_N1_L1_40Hz,202,secondary,0.4,fx_deconv,svd_lowrank,,0C2742B85266061B57941168821D40CB394544EE417AF24C69727FBA136A63AF,M2_N1_L1_40Hz_202_secondary_g0.4.npy,3.1194217959050583,0.01591430965945817,,2,0.0,0.06793988277430854,False
M2_N1_L1_40Hz,202,secondary,0.5,fx_deconv,svd_lowrank,,643A98DA6034A604C0FC276DCFDAFF35759ADEB85A80F87F7CAC0CF5AE58752A,M2_N1_L1_40Hz_202_secondary_g0.5.npy,3.1194217959050867,0.01591430965945821,,2,0.0,0.0679398827743088,False
M2_N1_L1_40Hz,202,secondary,0.6,fx_deconv,svd_lowrank,,24A1CB3465C64A2133D04D8CFAE1C448CFF9526421D3F89419FBE03B770A8BF6,M2_N1_L1_40Hz_202_secondary_g0.6.npy,3.119421795905117,0.015914309659458243,,2,0.0,0.06793988277430908,False
M2_N1_L1_40Hz,303,primary,0.4,fx_deconv,wavelet_threshold,,3FC43260F83F382BB5825DE53673763F648DDEF5302D45A721511736D41CABF7,M2_N1_L1_40Hz_303_primary_g0.4.npy,3.609550761902618,0.008974548113730175,,1,0.0,0.07141977310265729,False
M2_N1_L1_40Hz,303,primary,0.5,fx_deconv,wavelet_threshold,,EFEB943CD2E1A73F9F6DF4F1D1AC7BE8A378022B23CCAC97947C0CED12237A13,M2_N1_L1_40Hz_303_primary_g0.5.npy,3.6095507619026517,0.008974548113730224,,1,0.0,0.07141977310265768,False
M2_N1_L1_40Hz,303,primary,0.6,fx_deconv,wavelet_threshold,,EDA5E9857243977BD8AB74147AFD47044963C48309C1C524D5B33A773709332A,M2_N1_L1_40Hz_303_primary_g0.6.npy,3.609550761902687,0.00897454811373027,,1,0.0,0.07141977310265794,False
M2_N1_L1_40Hz,303,secondary,0.4,fx_deconv,svd_lowrank,,FBE990C4177BD8DC54A8EF6BC2A3269C014DC11A8F798340EE826CA4A5DD05D4,M2_N1_L1_40Hz_303_secondary_g0.4.npy,4.031320436627793,0.008580250428432723,,1,0.0,0.06448437882758352,False
M2_N1_L1_40Hz,303,secondary,0.5,fx_deconv,svd_lowrank,,B67132470B310D892F85984218217767F5834A18A9123FE5682AA6784824FBB4,M2_N1_L1_40Hz_303_secondary_g0.5.npy,4.031320436627826,0.00858025042843277,,1,0.0,0.06448437882758379,False
M2_N1_L1_40Hz,303,secondary,0.6,fx_deconv,svd_lowrank,,26EA4DD1E3AD59909AFD27150EF51F3CFA01E13DD0E8C348428D0949BD3EBDA6,M2_N1_L1_40Hz_303_secondary_g0.6.npy,4.031320436627858,0.008580250428432813,,1,0.0,0.06448437882758405,False
M2_N1_L1_40Hz,404,primary,0.4,fx_deconv,wavelet_threshold,,4CE1CBA544416E81E911649C34AEF6201BD80804CF1191D4BDE77D86A379D6F3,M2_N1_L1_40Hz_404_primary_g0.4.npy,3.274097317427241,0.01607331844887133,,1,2.0,0.07157969810955239,False
M2_N1_L1_40Hz,404,primary,0.5,fx_deconv,wavelet_threshold,,2311829297194B89D35D670B71F9446E676CAF719B7FBFF8EC80C014AD433C9B,M2_N1_L1_40Hz_404_primary_g0.5.npy,3.2740973174272696,0.016073318448871388,,1,2.0,0.07157969810955303,False
M2_N1_L1_40Hz,404,primary,0.6,fx_deconv,wavelet_threshold,,A59F8444D097CB4D75D0EF711050A6F805E5374204EE468166ABFD8245391F38,M2_N1_L1_40Hz_404_primary_g0.6.npy,3.2740973174273016,0.016073318448871443,,1,2.0,0.07157969810955335,False
M2_N1_L1_40Hz,404,secondary,0.4,fx_deconv,svd_lowrank,,E94265B6C1FE5F5B23C5A12919CF92A8D366A2913857F14E2B411474CAB9538A,M2_N1_L1_40Hz_404_secondary_g0.4.npy,3.7033494961042184,0.015306338408187617,,1,0.0,0.06340916277945763,False
M2_N1_L1_40Hz,404,secondary,0.5,fx_deconv,svd_lowrank,,8E36954557D577EF1F6D951E5271116A27A5D802AF91600ED561F3CB022E0150,M2_N1_L1_40Hz_404_secondary_g0.5.npy,3.703349496104245,0.015306338408187663,,1,0.0,0.06340916277945828,False
M2_N1_L1_40Hz,404,secondary,0.6,fx_deconv,svd_lowrank,,08BC7959191745AE3263449BDB2FCCC2E8A12BB871FAC7C82E9A308C23166D45,M2_N1_L1_40Hz_404_secondary_g0.6.npy,3.7033494961042717,0.015306338408187717,,1,0.0,0.0634091627794586,False
M2_N1_L1_40Hz,505,primary,0.4,fx_deconv,wavelet_threshold,,2179AA85B2A5276B8778D3245BF90BAB55968B74D963F42A517B034E8E026C0F,M2_N1_L1_40Hz_505_primary_g0.4.npy,3.585301445185312,0.009508257357775652,,2,1.0000000000000018,0.06593679987746906,False
M2_N1_L1_40Hz,505,primary,0.5,fx_deconv,wavelet_threshold,,D4C05E4C4F37EC6DA498FB524177E8636AC7E4C40F35EE14ED7C1536A3FB9C35,M2_N1_L1_40Hz_505_primary_g0.5.npy,3.5853014451853493,0.009508257357775692,,2,1.0000000000000018,0.06593679987746942,False
M2_N1_L1_40Hz,505,primary,0.6,fx_deconv,wavelet_threshold,,E2A0CB4ADD9231CD14C1B5A511050C065A278CEE6C5553FF462515446D697999,M2_N1_L1_40Hz_505_primary_g0.6.npy,3.58530144518539,0.009508257357775735,,2,1.0000000000000018,0.06593679987746974,False
M2_N1_L1_40Hz,505,secondary,0.4,fx_deconv,svd_lowrank,,0FD8DC21D2E2B9B6A4EC778F24ABDF2F839F0CE167AB77CFC83963BACDE80EEA,M2_N1_L1_40Hz_505_secondary_g0.4.npy,4.046103712464239,0.009351099730219014,,2,1.0000000000000018,0.0598144244734789,False
M2_N1_L1_40Hz,505,secondary,0.5,fx_deconv,svd_lowrank,,72570B656CD8DCB25EB4E04382B7DBA8CADFCD9497608FD9801207C452AD65FA,M2_N1_L1_40Hz_505_secondary_g0.5.npy,4.046103712464275,0.009351099730219052,,2,1.0000000000000018,0.05981442447347932,False
M2_N1_L1_40Hz,505,secondary,0.6,fx_deconv,svd_lowrank,,4DA03F5EDD589A97A965E54D1BDC8184AFB6B3B940D2D6BF0DC8271CA58EE6EA,M2_N1_L1_40Hz_505_secondary_g0.6.npy,4.0461037124643155,0.009351099730219092,,2,1.0000000000000018,0.059814424473479635,False
M2_N1_L2_15Hz,101,primary,0.4,fx_deconv,wavelet_threshold,,25DA2322E2C2A7BDE7EF8985773A569B4BCA75AFE0E2AE49D2F7BFC44E04E1AC,M2_N1_L2_15Hz_101_primary_g0.4.npy,5.787545141177132,0.014251681064473314,,1,0.0,0.0518836473028385,False
M2_N1_L2_15Hz,101,primary,0.5,fx_deconv,wavelet_threshold,,9F0E855918A5FC1F991A8CF77127AE5EEA6012B4A2B574327752BFD0EB099CDA,M2_N1_L2_15Hz_101_primary_g0.5.npy,5.7864463877276435,0.014199284620834625,,1,0.0,0.051563816381597655,False
M2_N1_L2_15Hz,101,primary,0.6,fx_deconv,wavelet_threshold,,B7DE80A0AC346CD39C9D018395B4D0E0021C1B79840CE59C591A7DB9FDD9F232,M2_N1_L2_15Hz_101_primary_g0.6.npy,5.785185521277851,0.014145755849143777,,1,0.0,0.051234718456982103,False
M2_N1_L2_15Hz,101,secondary,0.4,fx_deconv,svd_lowrank,,B57C0F589B9B83E09C632B4AF8BA267946DE23BA9E1ACBF90BDFE3325E5E4C0A,M2_N1_L2_15Hz_101_secondary_g0.4.npy,4.819305119456791,0.015938259176190628,,1,1.999999999999993,0.045147934207946404,False
M2_N1_L2_15Hz,101,secondary,0.5,fx_deconv,svd_lowrank,,710FD5E4E976F0E544C8D62831B849B9242CAFD1299E7693EED06ECB145134A8,M2_N1_L2_15Hz_101_secondary_g0.5.npy,4.818316443370074,0.015899231324073358,,1,1.999999999999993,0.04467141491555919,False
M2_N1_L2_15Hz,101,secondary,0.6,fx_deconv,svd_lowrank,,23370499179837F9498188795B18D0915F3A3D1FBF66688E08A903C255AC0CF2,M2_N1_L2_15Hz_101_secondary_g0.6.npy,4.817166694586074,0.015860340214756703,,1,1.999999999999993,0.04418177454112394,False
M2_N1_L2_15Hz,202,primary,0.4,fx_deconv,wavelet_threshold,,8FD5F00BBAA88FE8318E99F85544DE24E6EEBEAADA473E716D5A4B4C2AE2D5CE,M2_N1_L2_15Hz_202_primary_g0.4.npy,-1.1669880165978208,0.38655679430083384,,1,4.0,0.3906211045001609,False
M2_N1_L2_15Hz,202,primary,0.5,fx_deconv,wavelet_threshold,,C948884DC8EB0E10AC4A6BDC000427BBC144666C614874E9F4920BFD0AF73964,M2_N1_L2_15Hz_202_primary_g0.5.npy,-1.1674511867516486,0.3865555143860154,,1,4.0,0.3904699478270763,False
M2_N1_L2_15Hz,202,primary,0.6,fx_deconv,wavelet_threshold,,37DBF890D7BDED5331C59479B33F0A93D2A8B65ED6B78137D8D6589321F66E64,M2_N1_L2_15Hz_202_primary_g0.6.npy,-1.1679462450924074,0.38655480406932025,,1,4.0,0.3903105166536925,False
M2_N1_L2_15Hz,202,secondary,0.4,fx_deconv,svd_lowrank,,CABA0D1F2D69FAC3813F899789306950B39D5DF0EDB99D31D37BD59DB2F56FBF,M2_N1_L2_15Hz_202_secondary_g0.4.npy,-1.3661744401123306,0.38762810169253575,,1,2.0,0.38648595924103896,False
M2_N1_L2_15Hz,202,secondary,0.5,fx_deconv,svd_lowrank,,B62EDDF91F5A568996B3043DB5AFB402F929C73C3453DD8067335079648FD4EE,M2_N1_L2_15Hz_202_secondary_g0.5.npy,-1.3664483211520642,0.3876420577866297,,1,2.0,0.3862429468975692,False
M2_N1_L2_15Hz,202,secondary,0.6,fx_deconv,svd_lowrank,,DB5D4FAA5ECB4DC85EAEC71697A99BE285E139FB2F0F8E2B981B7AAC89839A82,M2_N1_L2_15Hz_202_secondary_g0.6.npy,-1.3667506215485763,0.38765761462239023,,1,2.0,0.3859870868174553,False
M2_N1_L2_15Hz,303,primary,0.4,fx_deconv,wavelet_threshold,,B4292C33BFBF289B5FED35A85EBC94010F1B237D2A4B4225A5F5B2BDD0F9A13C,M2_N1_L2_15Hz_303_primary_g0.4.npy,5.232961183446408,0.02875970355458516,,1,0.0,0.08022077207208111,False
M2_N1_L2_15Hz,303,primary,0.5,fx_deconv,wavelet_threshold,,180EAE73067D6B99EC955FFAC7C3363CFC68507F28E6EAAF73E73397885E7278,M2_N1_L2_15Hz_303_primary_g0.5.npy,5.230958358930353,0.02873280910123934,,1,0.0,0.07992126694999661,False
M2_N1_L2_15Hz,303,primary,0.6,fx_deconv,wavelet_threshold,,AEA01FA241C06B1E9B8AD11D13427B5F25BD694C33D59B493CF1355F4A0ED23A,M2_N1_L2_15Hz_303_primary_g0.6.npy,5.228755930149839,0.028707393643076496,,1,0.0,0.07961523751278812,False
M2_N1_L2_15Hz,303,secondary,0.4,fx_deconv,svd_lowrank,,9950F98FA078B06B30A169DAE65CA2BD0ABC65F204DFBFA380011DC55FC86ADD,M2_N1_L2_15Hz_303_secondary_g0.4.npy,4.393347989959603,0.0306536190171578,,1,0.0,0.07244026301843608,False
M2_N1_L2_15Hz,303,secondary,0.5,fx_deconv,svd_lowrank,,6F5847542A11F3BB83A726CD95334753F408F64DE96E268ABE5172832DC3930D,M2_N1_L2_15Hz_303_secondary_g0.5.npy,4.390753605750961,0.030648362426301534,,1,0.0,0.07196180165336709,False
M2_N1_L2_15Hz,303,secondary,0.6,fx_deconv,svd_lowrank,,D450ADA2334A7C9A1EB944BCC9D539F483DEE7668494CF4F1BC246F6E6F30FDA,M2_N1_L2_15Hz_303_secondary_g0.6.npy,4.387925496049602,0.030646698116641564,,1,0.0,0.07147461854812898,False
M2_N1_L2_15Hz,404,primary,0.4,fx_deconv,wavelet_threshold,,8B19BA617B215B0B834FE1163A9E3DD906BB7478FF9112CFDE12B66B973EEC4F,M2_N1_L2_15Hz_404_primary_g0.4.npy,2.6975168367112534,0.11967462363737758,,1,1.9999999999999716,0.14671659732427764,False
M2_N1_L2_15Hz,404,primary,0.5,fx_deconv,wavelet_threshold,,E33CCD69A7E9BB24AE27D5867CD6D1A02E3377F10A35BE04EE2B230D9DE4CA05,M2_N1_L2_15Hz_404_primary_g0.5.npy,2.6974476504378755,0.11960178254232644,,1,1.9999999999999716,0.1464017866475617,False
M2_N1_L2_15Hz,404,primary,0.6,fx_deconv,wavelet_threshold,,F8CCB2B207A7A1390248A27353628A7BA1F40DDBFB0AB65601F77FB0A4089630,M2_N1_L2_15Hz_404_primary_g0.6.npy,2.697370238766137,0.11952530157313852,,1,1.9999999999999716,0.14607613654241686,False
M2_N1_L2_15Hz,404,secondary,0.4,fx_deconv,svd_lowrank,,F4736C1DD1699DE8D3518074E9930F0CC28B9A3A30AFBD0EBBC18C23F17CC5A0,M2_N1_L2_15Hz_404_secondary_g0.4.npy,2.2530321326442397,0.12206066828630355,,1,1.9999999999999716,0.13699393625573755,False
M2_N1_L2_15Hz,404,secondary,0.5,fx_deconv,svd_lowrank,,01B8C13B568A8815EF8E7460EF5DAB1CC53C888B6C1039D3411F9757637EB1E9,M2_N1_L2_15Hz_404_secondary_g0.5.npy,2.252688690751617,0.12202151980878666,,1,1.9999999999999716,0.13651927153110754,False
M2_N1_L2_15Hz,404,secondary,0.6,fx_deconv,svd_lowrank,,FACC09FF5CE149EACD379150376BC2ADC7D8F972C2A40F2988E31B10FD81AD95,M2_N1_L2_15Hz_404_secondary_g0.6.npy,2.2523281744246724,0.12198029711060714,,1,1.9999999999999716,0.136026234935147,False
M2_N1_L2_15Hz,505,primary,0.4,fx_deconv,wavelet_threshold,,B47ED6B0E68848DCA56E68786CED2B28399A88ED3546D80B95A2B64613609F5A,M2_N1_L2_15Hz_505_primary_g0.4.npy,5.555408657414102,0.01685769708264224,,1,4.0,0.0636425647868088,False
M2_N1_L2_15Hz,505,primary,0.5,fx_deconv,wavelet_threshold,,2AF200C58518E8830F15314105F917E3C4E03747F71B2B543FED1E3B44B59A14,M2_N1_L2_15Hz_505_primary_g0.5.npy,5.554400434156914,0.016807549171473007,,1,4.0,0.0633630931003627,False
M2_N1_L2_15Hz,505,primary,0.6,fx_deconv,wavelet_threshold,,67A1883C710140541FA217C072CD89CF6D88945A008085562FC4EBC0DE09F429,M2_N1_L2_15Hz_505_primary_g0.6.npy,5.553224157597384,0.016756726221343644,,1,4.0,0.06307580150579126,False
M2_N1_L2_15Hz,505,secondary,0.4,fx_deconv,svd_lowrank,,A8AF683CE16BBD0772AE1E7B9C003EAA843B99DFA300011AC0DF171A87015B9C,M2_N1_L2_15Hz_505_secondary_g0.4.npy,4.662200205430478,0.018316786027027493,,1,2.0,0.05468872368626393,False
M2_N1_L2_15Hz,505,secondary,0.5,fx_deconv,svd_lowrank,,640A24829A296909F0671165EE377E47034DE79A5A7139EB8EC1B5E14F8DB66A,M2_N1_L2_15Hz_505_secondary_g0.5.npy,4.661135646077277,0.0182713978440874,,1,2.0,0.05422642263690858,False
M2_N1_L2_15Hz,505,secondary,0.6,fx_deconv,svd_lowrank,,21DAD45AE1882E9E019E49B081CDA7A6B3F629AF05FD6C2D261E101033CE2A2E,M2_N1_L2_15Hz_505_secondary_g0.6.npy,4.659881105054705,0.018226536156261592,,1,2.0,0.05375154615276674,False
M2_N1_L2_25Hz,101,primary,0.4,fx_deconv,wavelet_threshold,,550CFA1CE44946940B95C39A816A6135FC57602663E5A426C3F8465236DD0B19,M2_N1_L2_25Hz_101_primary_g0.4.npy,5.448420128766051,0.014104433119854308,,1,0.0,0.07629250786540173,False
M2_N1_L2_25Hz,101,primary,0.5,fx_deconv,wavelet_threshold,,399CB9B77FEB9C719F8468D6EDB33C3B7BDC5C27B5DB9B1A531065B2BB4EF523,M2_N1_L2_25Hz_101_primary_g0.5.npy,5.447773744265527,0.014029884432121685,,1,0.0,0.07598390585027048,False
M2_N1_L2_25Hz,101,primary,0.6,fx_deconv,wavelet_threshold,,EB11825DB1119FC5E4924F302C3CDAF9977D3B127BAACCCBB36AE22202B195F3,M2_N1_L2_25Hz_101_primary_g0.6.npy,5.446939254720039,0.013953401809909638,,1,0.0,0.07566593408541705,False
M2_N1_L2_25Hz,101,secondary,0.4,fx_deconv,svd_lowrank,,26CC51DCCFEECAC3FFC2CF9FF6CF1BAE48CB10F322FB2E3E2261B3A0DBEB9100,M2_N1_L2_25Hz_101_secondary_g0.4.npy,4.557992977864242,0.01436909367898391,,1,0.0,0.06519780831690163,False
M2_N1_L2_25Hz,101,secondary,0.5,fx_deconv,svd_lowrank,,C59C36E6C05CDA38730B2CC93443F34EF9245387E0B28715A0518A16065E67A6,M2_N1_L2_25Hz_101_secondary_g0.5.npy,4.5597195121688525,0.01427146723485468,,1,0.0,0.0646236384672327,False
M2_N1_L2_25Hz,101,secondary,0.6,fx_deconv,svd_lowrank,,FFF90F15CEEE83883D9F195AA0EFA65EFE569969D0516F19A395923A090F15C7,M2_N1_L2_25Hz_101_secondary_g0.6.npy,4.561355092792631,0.014172645630268222,,1,0.0,0.06403410589525266,False
M2_N1_L2_25Hz,202,primary,0.4,fx_deconv,wavelet_threshold,,A038E22E1710EE613CC0EF7BDEBA750F58EB35AA64A53F817DE3E57F9A344D11,M2_N1_L2_25Hz_202_primary_g0.4.npy,4.365269399033732,0.04131014435918017,,1,2.0,0.1089488943182926,False
M2_N1_L2_25Hz,202,primary,0.5,fx_deconv,wavelet_threshold,,A64010A751F51702C56F91C2349AF22A2300F6D873A6118D123E0FE1EB6200AA,M2_N1_L2_25Hz_202_primary_g0.5.npy,4.364539890467654,0.04125972803815553,,1,2.0,0.10863990331350397,False
M2_N1_L2_25Hz,202,primary,0.6,fx_deconv,wavelet_threshold,,75A3D9F7CCA131DE6F17C92C2E4D7AC3200A3417BD3D6839A85849609B8B9B9A,M2_N1_L2_25Hz_202_primary_g0.6.npy,4.363691941625756,0.04120825591985316,,1,2.0,0.10832306706563437,False
M2_N1_L2_25Hz,202,secondary,0.4,fx_deconv,svd_lowrank,,80651054E301E208808BF6B7A2554ACB09085D8166762EB944FCF6E759963F40,M2_N1_L2_25Hz_202_secondary_g0.4.npy,3.6927540265047867,0.04177438073605502,,1,0.0,0.10068700473752788,False
M2_N1_L2_25Hz,202,secondary,0.5,fx_deconv,svd_lowrank,,2B2FB718A4F752446CF9F422894D514307D59BD7B57A3FBE9B44692BC09B6B4B,M2_N1_L2_25Hz_202_secondary_g0.5.npy,3.694127475905601,0.04170673430319126,,1,0.0,0.1001253572030415,False
M2_N1_L2_25Hz,202,secondary,0.6,fx_deconv,svd_lowrank,,E035B1E7FE33656A4D206FDA49F9C85A5AF38EBE997C9546BC26BD44D339ADB3,M2_N1_L2_25Hz_202_secondary_g0.6.npy,3.695456423605922,0.041638490068231566,,1,0.0,0.09955034380056717,False
M2_N1_L2_25Hz,303,primary,0.4,fx_deconv,wavelet_threshold,,060586277D10DD571C79DF6A6D50352C23E45719B8B2AC2D80A805BF468CD4BB,M2_N1_L2_25Hz_303_primary_g0.4.npy,5.344227112760729,0.015949063089866506,,1,0.0,0.09387700243485748,False
M2_N1_L2_25Hz,303,primary,0.5,fx_deconv,wavelet_threshold,,ECC22C1D42BB209E54B2C03CFA3382B74DE84C4119BE26A289E8EABC140BD039,M2_N1_L2_25Hz_303_primary_g0.5.npy,5.342392290001948,0.015901909871385282,,1,0.0,0.0936250258251777,False
M2_N1_L2_25Hz,303,primary,0.6,fx_deconv,wavelet_threshold,,231D276AAC3DFB254DE58D33C350EA7184F1A5C5CAEA281576FFF02546D9CD7C,M2_N1_L2_25Hz_303_primary_g0.6.npy,5.3403812441575145,0.015853376650127496,,1,0.0,0.09336573824254446,False
M2_N1_L2_25Hz,303,secondary,0.4,fx_deconv,svd_lowrank,,959AAA6A71F0550F1382046BE82839A48C8D539F3CE6AC03830BC25C15AE5443,M2_N1_L2_25Hz_303_secondary_g0.4.npy,4.4932406518676125,0.016205830555907734,,1,0.0,0.08126038552636017,False
M2_N1_L2_25Hz,303,secondary,0.5,fx_deconv,svd_lowrank,,254C34E8DD75280AF5FE00BBA3D6C8D673B54ED21AD704C560AF2707298A9E98,M2_N1_L2_25Hz_303_secondary_g0.5.npy,4.492666721091975,0.016148418807431272,,1,0.0,0.08071263968778979,False
M2_N1_L2_25Hz,303,secondary,0.6,fx_deconv,svd_lowrank,,B817D62A328CBE3E3A17EDC872F5AAF18D846232B80EFE3F6B2A42975D6E4C49,M2_N1_L2_25Hz_303_secondary_g0.6.npy,4.49196591375375,0.016090328209448,,1,0.0,0.08015173309520576,False
M2_N1_L2_25Hz,404,primary,0.4,fx_deconv,wavelet_threshold,,B4EB5AB5DE124D0B8363A2C80C713C3006CEFBB0D37141B6938D2860452760E2,M2_N1_L2_25Hz_404_primary_g0.4.npy,5.011907958898854,0.03225258242142049,,1,2.0,0.0856832921281827,False
M2_N1_L2_25Hz,404,primary,0.5,fx_deconv,wavelet_threshold,,C852181BE190FD9DF9218D7BD3746C5A399A7B0A29B0284F5B38D077AE61179C,M2_N1_L2_25Hz_404_primary_g0.5.npy,5.011962146564194,0.03216099284025037,,1,2.0,0.08533688215331856,False
M2_N1_L2_25Hz,404,primary,0.6,fx_deconv,wavelet_threshold,,102141E752F7BAB7A2F3CA7125F2C08904F7CD0D3F28488AB2F22B0ED5180A14,M2_N1_L2_25Hz_404_primary_g0.6.npy,5.01197478378608,0.032064856242263254,,1,2.0,0.0849779498924701,False
M2_N1_L2_25Hz,404,secondary,0.4,fx_deconv,svd_lowrank,,2C66D6725A8EA3957B180024943B39A58391304A1A652D8ED59E91D78446AEBC,M2_N1_L2_25Hz_404_secondary_g0.4.npy,4.278436068503037,0.03342384472578101,,1,0.0,0.06837390581431112,False
M2_N1_L2_25Hz,404,secondary,0.5,fx_deconv,svd_lowrank,,36CE0E1FD8C4B4489A16DD0E654B3CF6776A9B2332A155100FE25F26EBD2F1F9,M2_N1_L2_25Hz_404_secondary_g0.5.npy,4.279369978438675,0.033342800123846154,,1,0.0,0.06782248451055738,False
M2_N1_L2_25Hz,404,secondary,0.6,fx_deconv,svd_lowrank,,887D1A9A4D472D73D09166C8D7AD762C334C6B01F91DA1948BD1116C71A26190,M2_N1_L2_25Hz_404_secondary_g0.6.npy,4.280317984549415,0.033258018523544576,,1,0.0,0.06725174654820902,False
M2_N1_L2_25Hz,505,primary,0.4,fx_deconv,wavelet_threshold,,B7DA25E2F52E2FF934BE9B11AE97B4C7B52A19365C7AC3267230F0AA0076E482,M2_N1_L2_25Hz_505_primary_g0.4.npy,5.271790535614642,0.015935711449867215,,1,0.0,0.07631385510501344,False
M2_N1_L2_25Hz,505,primary,0.5,fx_deconv,wavelet_threshold,,5F7A13E657CE8D562907A7C66717404F197AAE97297BC9288F986582A29EE91D,M2_N1_L2_25Hz_505_primary_g0.5.npy,5.271739675900408,0.015862676560091982,,1,0.0,0.07597666518252517,False
M2_N1_L2_25Hz,505,primary,0.6,fx_deconv,wavelet_threshold,,BC3037301324CB872295E1490554F2D7C48894C1FC65BC9D2C66DF7D57BC00D7,M2_N1_L2_25Hz_505_primary_g0.6.npy,5.271549765083675,0.01578794115039205,,1,0.0,0.07562931632535379,False
M2_N1_L2_25Hz,505,secondary,0.4,fx_deconv,svd_lowrank,,5775C779C06FC823CB54B4F25EE550305135B88091BABD4EE982BBC6B37E5406,M2_N1_L2_25Hz_505_secondary_g0.4.npy,4.412612765129161,0.016326472566960026,,1,0.0,0.06456192506670194,False
M2_N1_L2_25Hz,505,secondary,0.5,fx_deconv,svd_lowrank,,674C5879C18ECDBDDD6952877B7E4831E83293FBCDF1CF46E336374D870AEEDB,M2_N1_L2_25Hz_505_secondary_g0.5.npy,4.4145592878865045,0.016230522569677504,,1,0.0,0.06393459242942849,False
M2_N1_L2_25Hz,505,secondary,0.6,fx_deconv,svd_lowrank,,69B3B364F4EE6B3CF658EA8AF2149CBEC939982B2399AEFF753A49F86DF234E3,M2_N1_L2_25Hz_505_secondary_g0.6.npy,4.416418309260177,0.016133593208536686,,1,0.0,0.06329017674782794,False
M2_N1_L2_40Hz,101,primary,0.4,fx_deconv,wavelet_threshold,,B44F3CCA0B03D0330E14D230992960D7A18658F84FE5472023A1F433EDBC0D35,M2_N1_L2_40Hz_101_primary_g0.4.npy,5.122803041026002,0.01788714790906696,,1,1.9999999999999964,0.09696647177605464,False
M2_N1_L2_40Hz,101,primary,0.5,fx_deconv,wavelet_threshold,,311A14D65E904B379B061AB30867BFB09C6455CCF68C371E1F0D4ED94A937264,M2_N1_L2_40Hz_101_primary_g0.5.npy,5.1228030410260486,0.017887147909067015,,1,1.9999999999999964,0.09696647177605519,False
M2_N1_L2_40Hz,101,primary,0.6,fx_deconv,wavelet_threshold,,8208958F37233CD39797D98FD9F8C6EF16522DB5F4E5AED337C96B1C73EA1582,M2_N1_L2_40Hz_101_primary_g0.6.npy,5.122803041026095,0.017887147909067078,,1,1.9999999999999964,0.09696647177605547,False
M2_N1_L2_40Hz,101,secondary,0.4,fx_deconv,svd_lowrank,,08FD0509B68F615A8A3AB576BC8BAF7A381B76A0496C390C98FDD5F1F293AA4E,M2_N1_L2_40Hz_101_secondary_g0.4.npy,4.286629968281491,0.017461134562013515,,1,0.0,0.0837923513899444,False
M2_N1_L2_40Hz,101,secondary,0.5,fx_deconv,svd_lowrank,,93608B71EBA6D116DF5F3DF34BE3B7FD56DB8DFB8DFD80345B975A7010C71A07,M2_N1_L2_40Hz_101_secondary_g0.5.npy,4.286629968281541,0.01746113456201357,,1,0.0,0.08379235138994481,False
M2_N1_L2_40Hz,101,secondary,0.6,fx_deconv,svd_lowrank,,B8D8293FEF298C7C4C0865AE42625F0546B256C45F43A082DA336C827B0A91A9,M2_N1_L2_40Hz_101_secondary_g0.6.npy,4.286629968281594,0.017461134562013623,,1,0.0,0.08379235138994538,False
M2_N1_L2_40Hz,202,primary,0.4,fx_deconv,wavelet_threshold,,FD37045CACBB67D5D5544153C52AA04E971A6F3416A9FAD93A633996878236EF,M2_N1_L2_40Hz_202_primary_g0.4.npy,4.789727748483301,0.02355519606938219,,2,0.0,0.12020418439764287,False
M2_N1_L2_40Hz,202,primary,0.5,fx_deconv,wavelet_threshold,,2816DEBD33272528F5B31A2DC9FEAA5B08DFDC10A821B4E018C25855156E4FC2,M2_N1_L2_40Hz_202_primary_g0.5.npy,4.789727748483346,0.02355519606938223,,2,0.0,0.12020418439764333,False
M2_N1_L2_40Hz,202,primary,0.6,fx_deconv,wavelet_threshold,,F13B58A71D24BC8A3EB905CD28A41A6A937B268F5EDAF1A9603E14F529FB7901,M2_N1_L2_40Hz_202_primary_g0.6.npy,4.78972774848339,0.023555196069382275,,2,0.0,0.1202041843976438,False
M2_N1_L2_40Hz,202,secondary,0.4,fx_deconv,svd_lowrank,,3A663BCF261565431FB8CFD6EE43A4BC03C2868528BEB2EAD6D7AB777D86A8B4,M2_N1_L2_40Hz_202_secondary_g0.4.npy,4.04312789886049,0.023069704849178165,,2,0.0,0.1088990396080002,False
M2_N1_L2_40Hz,202,secondary,0.5,fx_deconv,svd_lowrank,,4004A004DB015BEB1B794A721FC85BDC41D568EEDA5521815E4F96A4ED77D622,M2_N1_L2_40Hz_202_secondary_g0.5.npy,4.04312789886054,0.023069704849178203,,2,0.0,0.10889903960800064,False
M2_N1_L2_40Hz,202,secondary,0.6,fx_deconv,svd_lowrank,,F7DC07DBE50D823F764506BBF19CE4948FE1A5983BE84A8C5960BE1E371160FA,M2_N1_L2_40Hz_202_secondary_g0.6.npy,4.04312789886059,0.02306970484917825,,2,0.0,0.10889903960800101,False
M2_N1_L2_40Hz,303,primary,0.4,fx_deconv,wavelet_threshold,,AEF23DF9EE214CAF366BF64067E14C43302D530A00682D7110EEED2FB98340F3,M2_N1_L2_40Hz_303_primary_g0.4.npy,5.029454126932402,0.018552837641212103,,1,0.0,0.11860042245346109,False
M2_N1_L2_40Hz,303,primary,0.5,fx_deconv,wavelet_threshold,,02B005F782D45A435CF12CCB30A6327BA56D983CB59869F22C013ECBF8F9B66E,M2_N1_L2_40Hz_303_primary_g0.5.npy,5.029454126932444,0.018552837641212166,,1,0.0,0.11860042245346147,False
M2_N1_L2_40Hz,303,primary,0.6,fx_deconv,wavelet_threshold,,7F44982ABF10512E7998A607A7A6149C41D8B423A07E8D96DDC1709668F951C8,M2_N1_L2_40Hz_303_primary_g0.6.npy,5.029454126932485,0.018552837641212218,,1,0.0,0.11860042245346188,False
M2_N1_L2_40Hz,303,secondary,0.4,fx_deconv,svd_lowrank,,6CEBF225D506EDA544C2EEE784D038844C69EE8D13E78626A6171B8763111618,M2_N1_L2_40Hz_303_secondary_g0.4.npy,4.174223017973114,0.017828556670210015,,1,0.0,0.10338385546622644,False
M2_N1_L2_40Hz,303,secondary,0.5,fx_deconv,svd_lowrank,,AB3054DBA120855EDC749E0AD4296638ADF7EEA17BA749A782282C6BFA32CE89,M2_N1_L2_40Hz_303_secondary_g0.5.npy,4.1742230179731585,0.01782855667021007,,1,0.0,0.10338385546622685,False
M2_N1_L2_40Hz,303,secondary,0.6,fx_deconv,svd_lowrank,,7705397DFFCA6AD939E7264E9E240C25155BDBBCF22E69AD86F63E3C23742195,M2_N1_L2_40Hz_303_secondary_g0.6.npy,4.174223017973205,0.017828556670210122,,1,0.0,0.10338385546622748,False
M2_N1_L2_40Hz,404,primary,0.4,fx_deconv,wavelet_threshold,,8056739D78873E937E5250940D60E2FC360DA97E30F39C9F94250613B7E928D8,M2_N1_L2_40Hz_404_primary_g0.4.npy,4.889021456982537,0.03131940649290124,,1,2.0,0.11030394026595548,False
M2_N1_L2_40Hz,404,primary,0.5,fx_deconv,wavelet_threshold,,7BC7A186E8585B4F29B89DDEF8A3A685987186C8C94938AA72731F7F38153675,M2_N1_L2_40Hz_404_primary_g0.5.npy,4.889021456982572,0.03131940649290133,,1,2.0,0.11030394026595629,False
M2_N1_L2_40Hz,404,primary,0.6,fx_deconv,wavelet_threshold,,43A37163F1806A13BAEC0B7E7AB77F464447B3325049185E35FAB4AD94A32C48,M2_N1_L2_40Hz_404_primary_g0.6.npy,4.889021456982611,0.03131940649290143,,1,2.0,0.11030394026595693,False
M2_N1_L2_40Hz,404,secondary,0.4,fx_deconv,svd_lowrank,,2E93E0AA1512BBEC8F948C215EECB9E72A08428D8ED1BBD1808C01261DCF3626,M2_N1_L2_40Hz_404_secondary_g0.4.npy,4.14807852876147,0.03138404083098077,,1,0.0,0.08944890116687511,False
M2_N1_L2_40Hz,404,secondary,0.5,fx_deconv,svd_lowrank,,3B182E7E2D9DBDC5C9A75B734662FF32300B83C0099CF9393662E4876E3BC37D,M2_N1_L2_40Hz_404_secondary_g0.5.npy,4.148078528761513,0.03138404083098086,,1,0.0,0.08944890116687608,False
M2_N1_L2_40Hz,404,secondary,0.6,fx_deconv,svd_lowrank,,A3C5752A0B0A1C8C45C4B8AC069218DA4F356E36D418F99060B3275A1577BC6D,M2_N1_L2_40Hz_404_secondary_g0.6.npy,4.148078528761557,0.03138404083098096,,1,0.0,0.08944890116687688,False
M2_N1_L2_40Hz,505,primary,0.4,fx_deconv,wavelet_threshold,,F86ABFEB4CEF5E6CADE9183AEA86BB8BBA372D9DBB48F58D9063FB41AE1F01CF,M2_N1_L2_40Hz_505_primary_g0.4.npy,4.969349344921715,0.01938508111355293,,2,1.0000000000000018,0.11144852343760625,False
M2_N1_L2_40Hz,505,primary,0.5,fx_deconv,wavelet_threshold,,26090CE8C53853B9EFDA1B9053716B78F1BF10AA13CFDB7257059525177CB8EB,M2_N1_L2_40Hz_505_primary_g0.5.npy,4.96934934492176,0.01938508111355297,,2,1.0000000000000018,0.11144852343760661,False
M2_N1_L2_40Hz,505,primary,0.6,fx_deconv,wavelet_threshold,,CD95A6635580EB82A9C9BA65BEA221A3431E1461C14120AF5C76948B3A9BFBAA,M2_N1_L2_40Hz_505_primary_g0.6.npy,4.969349344921808,0.019385081113553016,,2,1.0000000000000018,0.1114485234376072,False
M2_N1_L2_40Hz,505,secondary,0.4,fx_deconv,svd_lowrank,,56B755C067768E1DC28C63E1626AA4B376D111D8AF6788A97C0B0E963A04D7D7,M2_N1_L2_40Hz_505_secondary_g0.4.npy,4.1582303715033095,0.019043237242041197,,2,1.0000000000000018,0.09720234325236896,False
M2_N1_L2_40Hz,505,secondary,0.5,fx_deconv,svd_lowrank,,ACFE118DB68923B618E188938624B82742D57018381A8CDAFF903B285D50DC8C,M2_N1_L2_40Hz_505_secondary_g0.5.npy,4.1582303715033575,0.01904323724204124,,2,1.0000000000000018,0.09720234325236947,False
M2_N1_L2_40Hz,505,secondary,0.6,fx_deconv,svd_lowrank,,B5B1A3E1E7AA81AA84B9B89517F571828641F11023DC39ACBBBA2C55E39EF468,M2_N1_L2_40Hz_505_secondary_g0.6.npy,4.158230371503411,0.019043237242041277,,2,1.0000000000000018,0.09720234325237015,False
M2_N1_L3_15Hz,101,primary,0.4,fx_deconv,wavelet_threshold,,E16FCA24FE4734FA768F1C9114381E7F23535C85211C2D4CB5F165360EA27B00,M2_N1_L3_15Hz_101_primary_g0.4.npy,6.207625231068031,0.0281422063004142,,1,1.999999999999993,0.07065777924938309,False
M2_N1_L3_15Hz,101,primary,0.5,fx_deconv,wavelet_threshold,,27B0FCBB00CA2CDC389442898A8585A11C4EEE88CF9775F5CEA6B5BDB53B2F91,M2_N1_L3_15Hz_101_primary_g0.5.npy,6.203436219431253,0.028121683253559973,,1,1.999999999999993,0.07024350254148616,False
M2_N1_L3_15Hz,101,primary,0.6,fx_deconv,wavelet_threshold,,43D7F7569215C3F76841AAFBDE1AD34B8134A5F81B9CD3586ADCE184A22BA940,M2_N1_L3_15Hz_101_primary_g0.6.npy,6.199004615016528,0.02810153487947903,,1,1.999999999999993,0.0698183002669,False
M2_N1_L3_15Hz,101,secondary,0.4,fx_deconv,svd_lowrank,,624B8D7DE079EEF2461E5C94823E8E823C13E6CE74B4747334806AC0A1B9037B,M2_N1_L3_15Hz_101_secondary_g0.4.npy,4.82700695204814,0.03451439616295235,,1,1.999999999999993,0.0539772211774167,False
M2_N1_L3_15Hz,101,secondary,0.5,fx_deconv,svd_lowrank,,870D93F7C5305062D012B0893746CBE81680AF530C76966EC2BCEF59028059DB,M2_N1_L3_15Hz_101_secondary_g0.5.npy,4.824452651674543,0.03454991516071367,,1,1.999999999999993,0.053294268106737014,False
M2_N1_L3_15Hz,101,secondary,0.6,fx_deconv,svd_lowrank,,C9CD6F1997418BE006FF7048A44542E55DC59D24FBC368CB61E4E1E7B331BD85,M2_N1_L3_15Hz_101_secondary_g0.6.npy,4.821734516689671,0.034588715410779465,,1,1.999999999999993,0.05259314959031612,False
M2_N1_L3_15Hz,202,primary,0.4,fx_deconv,wavelet_threshold,,3A2569D18990418573489D46E0973488ED15C44D09429ADEE9F122AC93E73E71,M2_N1_L3_15Hz_202_primary_g0.4.npy,2.105065966941885,0.3965209590945164,,1,4.0,0.39565964736661574,False
M2_N1_L3_15Hz,202,primary,0.5,fx_deconv,wavelet_threshold,,A9E7351ECBC6CAF16958557EFFAD14151A54122A5F14011B56CFC5A33D0FF56A,M2_N1_L3_15Hz_202_primary_g0.5.npy,2.103311396430113,0.39653651078434776,,1,4.0,0.3954181787461968,False
M2_N1_L3_15Hz,202,primary,0.6,fx_deconv,wavelet_threshold,,9FF00BFFE9A9BF8107206434B50A446B4258178ECC5241D9588B350767D4FDB9,M2_N1_L3_15Hz_202_primary_g0.6.npy,2.101468529523723,0.3965532859867792,,1,4.0,0.39516607389783137,False
M2_N1_L3_15Hz,202,secondary,0.4,fx_deconv,svd_lowrank,,A79DACEE0C8D9EEF10637EA89607C2E586962607BAFFEC66F9A5CDEDF9B41AD8,M2_N1_L3_15Hz_202_secondary_g0.4.npy,1.5245070890330399,0.4011470571744709,,1,2.0,0.3850725454132634,False
M2_N1_L3_15Hz,202,secondary,0.5,fx_deconv,svd_lowrank,,42C9A2DAD80F2B46E37E75DB78224E77A65490428CD52DE4B12F29FF072CA249,M2_N1_L3_15Hz_202_secondary_g0.5.npy,1.5237916948216657,0.4012078584438222,,1,2.0,0.3846869191985815,False
M2_N1_L3_15Hz,202,secondary,0.6,fx_deconv,svd_lowrank,,057587FE12AD64918292F1F9BA20A500A0C9A02E8366B73901AFA946F93F74B2,M2_N1_L3_15Hz_202_secondary_g0.6.npy,1.5230355232952726,0.4012720379297937,,1,2.0,0.38428414139570943,False
M2_N1_L3_15Hz,303,primary,0.4,fx_deconv,wavelet_threshold,,815F7D627B0EC96DA24222DDCABDDF031D16932840178F3866E6171474E1F7AF,M2_N1_L3_15Hz_303_primary_g0.4.npy,5.939123350675664,0.04692139638952971,,1,0.0,0.10547443260471105,False
M2_N1_L3_15Hz,303,primary,0.5,fx_deconv,wavelet_threshold,,B20014CABF5A0BF717E1363958ED32D85F78EF00611C9C0530D12C9A22BAAE8B,M2_N1_L3_15Hz_303_primary_g0.5.npy,5.935004271505657,0.04692424958717908,,1,0.0,0.10506554483910896,False
M2_N1_L3_15Hz,303,primary,0.6,fx_deconv,wavelet_threshold,,550A3FCF1C19E3F4F126A91E7B6CA3B5318BCBD5E23A97B147863404041227DC,M2_N1_L3_15Hz_303_primary_g0.6.npy,5.930652393752809,0.046930308013956465,,1,0.0,0.10464786068535115,False
M2_N1_L3_15Hz,303,secondary,0.4,fx_deconv,svd_lowrank,,70B8E9CC6A60AE1619B3D8636D297644617AEA93675AD175AECC736A526F90AE,M2_N1_L3_15Hz_303_secondary_g0.4.npy,4.574820592463443,0.05497055974154248,,1,2.0,0.08592821908410521,False
M2_N1_L3_15Hz,303,secondary,0.5,fx_deconv,svd_lowrank,,692CF915C79C16FDCF3EB55D80FD531B7A2954741B8E201B5E109E872D9C4D85,M2_N1_L3_15Hz_303_secondary_g0.5.npy,4.570373754959834,0.05505222975697264,,1,2.0,0.08520455486909753,False
M2_N1_L3_15Hz,303,secondary,0.6,fx_deconv,svd_lowrank,,A829C61E5AA0420D71BA39D5E3C7FB0CDAA14DB5506B949DFA70AB5EFFB0CCEB,M2_N1_L3_15Hz_303_secondary_g0.6.npy,4.565686080753234,0.05514194983518322,,1,2.0,0.08446525273766926,False
M2_N1_L3_15Hz,404,primary,0.4,fx_deconv,wavelet_threshold,,3B71CE333D15AC2601E3D36AD1350E4E01C4437433F6DE2705167A4D351BCA7B,M2_N1_L3_15Hz_404_primary_g0.4.npy,4.6590764520016394,0.15084048824195634,,1,1.9999999999999716,0.1546144485069146,False
M2_N1_L3_15Hz,404,primary,0.5,fx_deconv,wavelet_threshold,,0B36E52C4D18D106619CA1E6FFEDA3CBF1E1BB0F8ACBF2121EF2DBF08BF0C97D,M2_N1_L3_15Hz_404_primary_g0.5.npy,4.656230738267954,0.15085043601400466,,1,1.9999999999999716,0.154217735563197,False
M2_N1_L3_15Hz,404,primary,0.6,fx_deconv,wavelet_threshold,,63738B0D0ECE8034550E923CB27C125D184DD75EFAFB13CA783C78C9994974F9,M2_N1_L3_15Hz_404_primary_g0.6.npy,4.653247527183613,0.15086090435272276,,1,1.9999999999999716,0.15380927684056747,False
M2_N1_L3_15Hz,404,secondary,0.4,fx_deconv,svd_lowrank,,711FC08F5391EA2CB53745D5ED8801431D2011379328FB7AAE78014CD0EC2631,M2_N1_L3_15Hz_404_secondary_g0.4.npy,3.678917614840886,0.16464359690929956,,1,1.9999999999999716,0.12871705989763152,False
M2_N1_L3_15Hz,404,secondary,0.5,fx_deconv,svd_lowrank,,695BB4CDA78BB9C3C7568A8EC5B53A98E69FD2BFDFF65D91BBF3BE333D92A8C6,M2_N1_L3_15Hz_404_secondary_g0.5.npy,3.675977004866442,0.16477824154154988,,1,1.9999999999999716,0.1280355658783973,False
M2_N1_L3_15Hz,404,secondary,0.6,fx_deconv,svd_lowrank,,3F7E70FB34A6232960774FB940B02C52FECF2430CB28568C9337A250D99456D5,M2_N1_L3_15Hz_404_secondary_g0.6.npy,3.6729105560270963,0.1649180401183373,,1,1.9999999999999716,0.127331214880837,False
M2_N1_L3_15Hz,505,primary,0.4,fx_deconv,wavelet_threshold,,5B16BD9C0128DF0500F82F1B958A9A1A46D981CDF1B380302350C2D1ECC41709,M2_N1_L3_15Hz_505_primary_g0.4.npy,5.999970566762577,0.03393773464369371,,1,4.0,0.08335802160785404,False
M2_N1_L3_15Hz,505,primary,0.5,fx_deconv,wavelet_threshold,,FC64282A516B55BF9EC8EF5A8664AAABEEF66F8B9F99477D7B9282620865D449,M2_N1_L3_15Hz_505_primary_g0.5.npy,5.9961118564475235,0.03391564778766697,,1,4.0,0.08297834841260446,False
M2_N1_L3_15Hz,505,primary,0.6,fx_deconv,wavelet_threshold,,865DA9B00BFC3C7C3AFF488152FFF3F9D6DE2864D9B598922764D47C062513FE,M2_N1_L3_15Hz_505_primary_g0.6.npy,5.992026199192078,0.03389428394175723,,1,4.0,0.08258878685617695,False
M2_N1_L3_15Hz,505,secondary,0.4,fx_deconv,svd_lowrank,,FDA3EBADBA59C0D2266D9F8691D2FDA22EF776529E0FF035596E048B7A9CED06,M2_N1_L3_15Hz_505_secondary_g0.4.npy,4.666773022815505,0.04085274466583498,,1,4.0,0.05990647617197728,False
M2_N1_L3_15Hz,505,secondary,0.5,fx_deconv,svd_lowrank,,D71010697600D279A8345D01A37A89395AA04E8339EEAF3B114A5F43ED01A40A,M2_N1_L3_15Hz_505_secondary_g0.5.npy,4.6626083905155395,0.040878095422354405,,1,4.0,0.059221641285860493,False
M2_N1_L3_15Hz,505,secondary,0.6,fx_deconv,svd_lowrank,,CC0CB540A07A00F11A17C56F36B16A761CED4A3D3731564C7A0DBF052EBB6E32,M2_N1_L3_15Hz_505_secondary_g0.6.npy,4.658211655867355,0.040906974577246416,,1,4.0,0.058518267098346316,False
M2_N1_L3_25Hz,101,primary,0.4,fx_deconv,wavelet_threshold,,03DE36577AA36BE66AB06B570BFF8D0C3346AD1DFCF677733CB7F082F51B9E66,M2_N1_L3_25Hz_101_primary_g0.4.npy,5.917344461087952,0.025845499167877203,,1,0.0,0.11479839952622012,False
M2_N1_L3_25Hz,101,primary,0.5,fx_deconv,wavelet_threshold,,2DAB5175078272756CADE72FFAF07C885A05B2809626CE7E9264C19BC423A121,M2_N1_L3_25Hz_101_primary_g0.5.npy,5.913266522616785,0.025777076753677797,,1,0.0,0.11437313963828442,False
M2_N1_L3_25Hz,101,primary,0.6,fx_deconv,wavelet_threshold,,040635F87273B41396F0264FB6338B48EDCC0C3F8F1DAC1C37FDB21B514E40CE,M2_N1_L3_25Hz_101_primary_g0.6.npy,5.908895695938359,0.02570738100161883,,1,0.0,0.11393584788282564,False
M2_N1_L3_25Hz,101,secondary,0.4,fx_deconv,svd_lowrank,,96C708399CE300E87E1CB5BDD44A8AC20D2DCFF79AF56BDE3464CD99F9D7CECB,M2_N1_L3_25Hz_101_secondary_g0.4.npy,4.579799213842591,0.02822237600066781,,1,0.0,0.0930705079233433,False
M2_N1_L3_25Hz,101,secondary,0.5,fx_deconv,svd_lowrank,,FBDEE4E0C91B0870C31900B654D75B90E2CE07044093174EEB474C6E9AA5AC0A,M2_N1_L3_25Hz_101_secondary_g0.5.npy,4.579264781572671,0.02814774899714186,,1,0.0,0.09225870742247508,False
M2_N1_L3_25Hz,101,secondary,0.6,fx_deconv,svd_lowrank,,26BEEC2559DDAFFC342E68730CB6B7D814FFB0C083EC7E5251054DFA3CFD09E5,M2_N1_L3_25Hz_101_secondary_g0.6.npy,4.578630063506991,0.028073412353429417,,1,0.0,0.09142507057081116,False
M2_N1_L3_25Hz,202,primary,0.4,fx_deconv,wavelet_threshold,,833BED9D4B9ECF2DC9887A14ACB7E36FBC8ADE14153E894FE274C81B25B377AC,M2_N1_L3_25Hz_202_primary_g0.4.npy,5.422530661111213,0.055032543316908274,,1,2.0,0.1545433335543563,False
M2_N1_L3_25Hz,202,primary,0.5,fx_deconv,wavelet_threshold,,164D551838F85325B1D8EA0C43CF05F4F6C0C908432649A09AF598792BE16A77,M2_N1_L3_25Hz_202_primary_g0.5.npy,5.41869529854848,0.054978349241652825,,1,2.0,0.15411150968165763,False
M2_N1_L3_25Hz,202,primary,0.6,fx_deconv,wavelet_threshold,,544D3550127E46927758AF86F7561AA8B5CBFCC2C6A6D26C7B4D8D3DB89D1198,M2_N1_L3_25Hz_202_primary_g0.6.npy,5.414604143526306,0.054923410183929156,,1,2.0,0.1536688297304993,False
M2_N1_L3_25Hz,202,secondary,0.4,fx_deconv,svd_lowrank,,522A7537C4D92F237FCFB153C28249E6BD6940663755823A070AD17FAAA0D445,M2_N1_L3_25Hz_202_secondary_g0.4.npy,4.244824488994258,0.05824064101780756,,1,0.0,0.13724777960245596,False
M2_N1_L3_25Hz,202,secondary,0.5,fx_deconv,svd_lowrank,,199A34E1569D095F745514CEE855DA33DA2D8E7FD4ED3894AF18D05BCD47DB8C,M2_N1_L3_25Hz_202_secondary_g0.5.npy,4.243389495643138,0.058186938369824144,,1,0.0,0.136439883591503,False
M2_N1_L3_25Hz,202,secondary,0.6,fx_deconv,svd_lowrank,,2E890A409F9254C018AB68FE6C0C9134DB0D1352DADEFADA4A5AEFA6C4F24610,M2_N1_L3_25Hz_202_secondary_g0.6.npy,4.2418308224917,0.05813366709648119,,1,0.0,0.1356124364787438,False
M2_N1_L3_25Hz,303,primary,0.4,fx_deconv,wavelet_threshold,,8B5D4F552714EB71E6075FC7DA54D9A029FC6E9AD7A2CE4AB561BFEFEADD37E8,M2_N1_L3_25Hz_303_primary_g0.4.npy,5.833834048834803,0.03236216684299716,,1,0.0,0.13865920229216933,False
M2_N1_L3_25Hz,303,primary,0.5,fx_deconv,wavelet_threshold,,BB52705C856CAF04781CECEA121C4E128132C6E2A2745525BB9BD26B19457C2A,M2_N1_L3_25Hz_303_primary_g0.5.npy,5.829550698772396,0.03232417843171256,,1,0.0,0.1383183590800511,False
M2_N1_L3_25Hz,303,primary,0.6,fx_deconv,wavelet_threshold,,3C31EB3DA4497EC3216EBD4EBA144F9E9B0F7ECE7551AB10A4F2AE7A02CFEFC0,M2_N1_L3_25Hz_303_primary_g0.6.npy,5.825004443607631,0.03228539552392793,,1,0.0,0.13796797223984253,False
M2_N1_L3_25Hz,303,secondary,0.4,fx_deconv,svd_lowrank,,1F62941917A1A804DDE26E3C6B54FE286AA151FE143A0519C11303679AAD9B41,M2_N1_L3_25Hz_303_secondary_g0.4.npy,4.498024927768711,0.03522763649291564,,1,0.0,0.11357378756596108,False
M2_N1_L3_25Hz,303,secondary,0.5,fx_deconv,svd_lowrank,,0EC33B77CEA5869BE6AE66DA4512751151A4B63FDB047C7549EEA5A88B2E3E2E,M2_N1_L3_25Hz_303_secondary_g0.5.npy,4.495872980284742,0.03521408906390302,,1,0.0,0.11281271082442748,False
M2_N1_L3_25Hz,303,secondary,0.6,fx_deconv,svd_lowrank,,E8BDFA10A8129C5E464981329242273CCF0E1D32AF9180262806F187EF2D387B,M2_N1_L3_25Hz_303_secondary_g0.6.npy,4.493584229134121,0.03520169651706662,,1,0.0,0.11203327710324931,False
M2_N1_L3_25Hz,404,primary,0.4,fx_deconv,wavelet_threshold,,934F735AACC79B4536B9808CA1B311AA81D98F9C3177324840507D069008D006,M2_N1_L3_25Hz_404_primary_g0.4.npy,5.685431963893524,0.061277516154246786,,1,2.0,0.1083291665755011,False
M2_N1_L3_25Hz,404,primary,0.5,fx_deconv,wavelet_threshold,,1D8F89295CF93F7B2970B5142AF1B82D033B18D5555C1D538D88CBBE2B1AC7CB,M2_N1_L3_25Hz_404_primary_g0.5.npy,5.681562768982296,0.061242734156075396,,1,4.0,0.10786260933715278,False
M2_N1_L3_25Hz,404,primary,0.6,fx_deconv,wavelet_threshold,,A7B10845962F899E7163E0016AB5A69BEBF256F7FBF981166E68C36AAB166F09,M2_N1_L3_25Hz_404_primary_g0.6.npy,5.6774690648145,0.06120650214271096,,1,4.0,0.10738076386453567,False
M2_N1_L3_25Hz,404,secondary,0.4,fx_deconv,svd_lowrank,,18B4B4BA727D40B945505DA40340EFEAF2F6CCA8563AC1697B9F3DEEFE66A7F8,M2_N1_L3_25Hz_404_secondary_g0.4.npy,4.472836867266892,0.07032718625797507,,1,2.0,0.070056779153587,False
M2_N1_L3_25Hz,404,secondary,0.5,fx_deconv,svd_lowrank,,066837DB0CA8278232EF5AA7E4C11FA48BED585A20B10FF0DA23682B76126E63,M2_N1_L3_25Hz_404_secondary_g0.5.npy,4.4698461659284865,0.07037683102962072,,1,2.0,0.06923869414318397,False
M2_N1_L3_25Hz,404,secondary,0.6,fx_deconv,svd_lowrank,,B09E1DEF30087CFD3B802C99D2CA51F9CB48B73B9CFB43A865DC59D39FF5E4C7,M2_N1_L3_25Hz_404_secondary_g0.6.npy,4.466699655358019,0.07042884367882675,,1,2.0,0.06839325918886968,False
M2_N1_L3_25Hz,505,primary,0.4,fx_deconv,wavelet_threshold,,44ED07028DAE576B8D17EBAE2DD11282D52DF1D325A86490939F8FCD1B426B50,M2_N1_L3_25Hz_505_primary_g0.4.npy,5.749851593952132,0.030739571266817572,,1,0.0,0.10832353217264734,False
M2_N1_L3_25Hz,505,primary,0.5,fx_deconv,wavelet_threshold,,A1786F171FF178675FEDC0AFD929BC52C84B0E81FDA11DFA8FAE4AC703E156D2,M2_N1_L3_25Hz_505_primary_g0.5.npy,5.746397261901649,0.03066448722309023,,1,0.0,0.10782830305578073,False
M2_N1_L3_25Hz,505,primary,0.6,fx_deconv,wavelet_threshold,,9399C0F9C6E57E5691114C19F6BD734B16BAAF77E982B60E7822B3141D21F84D,M2_N1_L3_25Hz_505_primary_g0.6.npy,5.742686039713911,0.030588150038259126,,1,0.0,0.10731815007089097,False
M2_N1_L3_25Hz,505,secondary,0.4,fx_deconv,svd_lowrank,,7E0D6269780295D000EA123F7DA9FAAB812D1395AB8C99F5CBD8AD41B84D735C,M2_N1_L3_25Hz_505_secondary_g0.4.npy,4.468918418614648,0.03338590201859431,,1,0.0,0.08253535848979168,False
M2_N1_L3_25Hz,505,secondary,0.5,fx_deconv,svd_lowrank,,C8336778DF39836D84436C161FAC8D9C8B1C44A0A64B40CB0B24068C2FC761C2,M2_N1_L3_25Hz_505_secondary_g0.5.npy,4.466886069382944,0.03331104421924478,,1,0.0,0.08150148422243016,False
M2_N1_L3_25Hz,505,secondary,0.6,fx_deconv,svd_lowrank,,1441A30A01DDBA15F3E693B592519937786425906279F0BBFF6144E9E2CB1ECE,M2_N1_L3_25Hz_505_secondary_g0.6.npy,4.464656004331535,0.03323709602385503,,1,0.0,0.08043770926156624,False
M2_N1_L3_40Hz,101,primary,0.4,fx_deconv,wavelet_threshold,,8EFC65F12EB59A9335B178099476FA1718992B6CE9DC8352DDFB9B83DF916C2A,M2_N1_L3_40Hz_101_primary_g0.4.npy,5.716059719097401,0.031079168289227688,,1,1.9999999999999964,0.1481514086434751,False
M2_N1_L3_40Hz,101,primary,0.5,fx_deconv,wavelet_threshold,,F132DD8B884B60AA14FDF7E7618F83D76BA8A6B38E28CAB2C91A4D0E437B06C7,M2_N1_L3_40Hz_101_primary_g0.5.npy,5.716059719097447,0.031079168289227754,,1,1.9999999999999964,0.1481514086434758,False
M2_N1_L3_40Hz,101,primary,0.6,fx_deconv,wavelet_threshold,,0CD73670B867E50C4CE46875AAA6709ABF0C83064797AC9E9A5C92A21B488984,M2_N1_L3_40Hz_101_primary_g0.6.npy,5.716059719097496,0.03107916828922783,,1,1.9999999999999964,0.14815140864347637,False
M2_N1_L3_40Hz,101,secondary,0.4,fx_deconv,svd_lowrank,,849EE0E4DE3E15AAC5510DB54C4B10801F5DB5B260DBEFCFA33557D19F074B0E,M2_N1_L3_40Hz_101_secondary_g0.4.npy,4.428918850694036,0.031004751319705356,,1,0.0,0.12373736497320578,False
M2_N1_L3_40Hz,101,secondary,0.5,fx_deconv,svd_lowrank,,56A9DE10546064439F24916C339AE1EA3D457C2F1EF96E125928ADB48448C746,M2_N1_L3_40Hz_101_secondary_g0.5.npy,4.428918850694089,0.031004751319705426,,1,0.0,0.12373736497320661,False
M2_N1_L3_40Hz,101,secondary,0.6,fx_deconv,svd_lowrank,,377AC2BCA549AE7A2959768CD7EE9585E1F65F053FBC605D2A1B0A925A8F244D,M2_N1_L3_40Hz_101_secondary_g0.6.npy,4.428918850694143,0.0310047513197055,,1,0.0,0.12373736497320746,False
M2_N1_L3_40Hz,202,primary,0.4,fx_deconv,wavelet_threshold,,70E3D9393E7B641F5CCE06C0E00D0AB302659EC6CA100E784492A0FF96B3CB7A,M2_N1_L3_40Hz_202_primary_g0.4.npy,5.5788070116301824,0.03731723738646792,,2,0.0,0.18698701131262851,False
M2_N1_L3_40Hz,202,primary,0.5,fx_deconv,wavelet_threshold,,7545D6A85B3089748BEB21CEF1555C9631FC1DA8C790B7B4EB35F6338574B876,M2_N1_L3_40Hz_202_primary_g0.5.npy,5.5788070116302295,0.03731723738646797,,2,0.0,0.18698701131262924,False
M2_N1_L3_40Hz,202,primary,0.6,fx_deconv,wavelet_threshold,,9166FAFCCEA9A9D066C71E6D8EE085944439F5DCD19D043F0F763B18AEDFAABA,M2_N1_L3_40Hz_202_primary_g0.6.npy,5.578807011630278,0.03731723738646802,,2,0.0,0.1869870113126299,False
M2_N1_L3_40Hz,202,secondary,0.4,fx_deconv,svd_lowrank,,012BAD8B6B922797C4DE2B43F74438DA93E15758FB8C5DFFF845DDF41C1FA6B5,M2_N1_L3_40Hz_202_secondary_g0.4.npy,4.3746307047710955,0.03753274395580197,,2,0.0,0.16575257004291133,False
M2_N1_L3_40Hz,202,secondary,0.5,fx_deconv,svd_lowrank,,ABB2AB64C1B06C3B1A5E7B9285D1411CF4941FB3722BA34B5841AF2ACC21BC0F,M2_N1_L3_40Hz_202_secondary_g0.5.npy,4.374630704771148,0.03753274395580202,,2,0.0,0.1657525700429121,False
M2_N1_L3_40Hz,202,secondary,0.6,fx_deconv,svd_lowrank,,FCE5BE60DE939A96262A33251F9DFAC1CF9ABC5D13C39861F41C11AB98A8278A,M2_N1_L3_40Hz_202_secondary_g0.6.npy,4.374630704771202,0.037532743955802084,,2,0.0,0.16575257004291288,False
M2_N1_L3_40Hz,303,primary,0.4,fx_deconv,wavelet_threshold,,A05A76566034FD91531D9D5B5C7563A5A4958047BC6450040DE55980B5E274FA,M2_N1_L3_40Hz_303_primary_g0.4.npy,5.626419654224587,0.03566558695152424,,1,1.9999999999999964,0.17729846321547318,False
M2_N1_L3_40Hz,303,primary,0.5,fx_deconv,wavelet_threshold,,95CD005D1B521A0F70B8846B003AC0F382934248B613DF8DCA3C00EE15D5E470,M2_N1_L3_40Hz_303_primary_g0.5.npy,5.626419654224629,0.03566558695152432,,1,1.9999999999999964,0.17729846321547396,False
M2_N1_L3_40Hz,303,primary,0.6,fx_deconv,wavelet_threshold,,BC88EF22518DAB7FA873494F98434A3FDACB28712CFCAF274CE1A03416E5F8A3,M2_N1_L3_40Hz_303_primary_g0.6.npy,5.626419654224674,0.03566558695152439,,1,1.9999999999999964,0.17729846321547463,False
M2_N1_L3_40Hz,303,secondary,0.4,fx_deconv,svd_lowrank,,131728209F08E67C74A883EC78670D90184F49CEAE567BA7E8ED81D704D9858B,M2_N1_L3_40Hz_303_secondary_g0.4.npy,4.3524916332330355,0.03536911416368847,,1,1.9999999999999964,0.1493993388776875,False
M2_N1_L3_40Hz,303,secondary,0.5,fx_deconv,svd_lowrank,,C5ED3C4EC573C950D83C19EA79EEA6AE5CDA87BB1BD987D2E8B56DD2344F54A0,M2_N1_L3_40Hz_303_secondary_g0.5.npy,4.352491633233084,0.03536911416368855,,1,1.9999999999999964,0.14939933887768841,False
M2_N1_L3_40Hz,303,secondary,0.6,fx_deconv,svd_lowrank,,92F3AB2AE678BBD1FAC124FCF04E0C8FEDA144E2F8504F1A6BEB6FD6902CF5E5,M2_N1_L3_40Hz_303_secondary_g0.6.npy,4.352491633233133,0.03536911416368863,,1,1.9999999999999964,0.14939933887768947,False
M2_N1_L3_40Hz,404,primary,0.4,fx_deconv,wavelet_threshold,,0210AFED824B93237064EAAE70B9BD1CD35E2DAFCD6FAE8955E5F4378853621E,M2_N1_L3_40Hz_404_primary_g0.4.npy,5.575209085507205,0.06006564103566373,,1,2.0,0.146860247019356,False
M2_N1_L3_40Hz,404,primary,0.5,fx_deconv,wavelet_threshold,,7AE13F8B55D750812C19B52CEB2AA6B1D82C26A29ACBE761837D0378F5DD8DA5,M2_N1_L3_40Hz_404_primary_g0.5.npy,5.575209085507246,0.06006564103566385,,1,2.0,0.1468602470193573,False
M2_N1_L3_40Hz,404,primary,0.6,fx_deconv,wavelet_threshold,,A27BF11C1261556E19B2DF16EB721E7809E1D235ACC7A665565E5EF3D9E77CC2,M2_N1_L3_40Hz_404_primary_g0.6.npy,5.575209085507289,0.06006564103566399,,1,2.0,0.14686024701935857,False
M2_N1_L3_40Hz,404,secondary,0.4,fx_deconv,svd_lowrank,,00A53DCAFB92360C1DF303930BB7AC81EF21B56FF18C27F177496A4DE10FB678,M2_N1_L3_40Hz_404_secondary_g0.4.npy,4.395908887020988,0.06438596028679139,,1,0.0,0.10484947630177079,False
M2_N1_L3_40Hz,404,secondary,0.5,fx_deconv,svd_lowrank,,F21061EAE0E4FB9F217A68CB31B62FCF627FFA8F84672C1D457BC44077C37062,M2_N1_L3_40Hz_404_secondary_g0.5.npy,4.395908887021035,0.0643859602867915,,1,0.0,0.10484947630177255,False
M2_N1_L3_40Hz,404,secondary,0.6,fx_deconv,svd_lowrank,,87C6C3FE8E0495025BE131CCA1304FACC5071E6B3F586D03C86BCD32DAE897F3,M2_N1_L3_40Hz_404_secondary_g0.6.npy,4.395908887021083,0.06438596028679161,,1,0.0,0.10484947630177432,False
M2_N1_L3_40Hz,505,primary,0.4,fx_deconv,wavelet_threshold,,6EFFE9C53CDC2AFCE620F739B4F2A4EE7EF380FB6FBC30D117C2D203A052B666,M2_N1_L3_40Hz_505_primary_g0.4.npy,5.572607846214864,0.03517693447489144,,2,1.0000000000000018,0.1646914383599491,False
M2_N1_L3_40Hz,505,primary,0.5,fx_deconv,wavelet_threshold,,AC6D5E753511935B31D6158F77A5D3B1BDAFE82410F6EEDFC116B2C0F9C6F61B,M2_N1_L3_40Hz_505_primary_g0.5.npy,5.572607846214909,0.035176934474891494,,2,1.0000000000000018,0.16469143835994987,False
M2_N1_L3_40Hz,505,primary,0.6,fx_deconv,wavelet_threshold,,161BA2F7AF1DA64469705F3F5D519299C23E83FB3CF952D3A616B1F20684E044,M2_N1_L3_40Hz_505_primary_g0.6.npy,5.572607846214957,0.03517693447489156,,2,1.0000000000000018,0.16469143835995065,False
M2_N1_L3_40Hz,505,secondary,0.4,fx_deconv,svd_lowrank,,D91F9F3D8A2B6B484F9DF607546828739C509618F16B676FEC80E7C782A98AEE,M2_N1_L3_40Hz_505_secondary_g0.4.npy,4.345259467524609,0.0351664984467223,,2,1.0000000000000018,0.13773679482869788,False
M2_N1_L3_40Hz,505,secondary,0.5,fx_deconv,svd_lowrank,,ABEABD97E82942E4C6446CC25DBBE6631B713674D134FA17157553CFD6E168F0,M2_N1_L3_40Hz_505_secondary_g0.5.npy,4.34525946752466,0.03516649844672236,,2,1.0000000000000018,0.13773679482869888,False
M2_N1_L3_40Hz,505,secondary,0.6,fx_deconv,svd_lowrank,,C5D6329EE1B54421723B46712A3FD06F2406BA176516AD9D97A6491496BA9992,M2_N1_L3_40Hz_505_secondary_g0.6.npy,4.345259467524714,0.03516649844672241,,2,1.0000000000000018,0.13773679482869997,False
M2_N2_L1_15Hz,101,primary,0.4,fx_deconv,wavelet_threshold,,35C489BF6F5498A9D00B26D6328B7EC864F7D7DD8D6038B8427F350B9480E1DB,M2_N2_L1_15Hz_101_primary_g0.4.npy,-0.4016228157616393,0.004817895217886206,0.13996968671475365,1,1.999999999999993,0.02613818242357185,False
M2_N2_L1_15Hz,101,primary,0.5,fx_deconv,wavelet_threshold,,02023FCC8097E3011079B80C28A71908D5E0048069AEF6A3C1496E765BCA4E8B,M2_N2_L1_15Hz_101_primary_g0.5.npy,-0.3978417067911977,0.004775999371009496,0.13881637482578982,1,1.999999999999993,0.026068192576325207,False
M2_N2_L1_15Hz,101,primary,0.6,fx_deconv,wavelet_threshold,,144F050019F1689E6E651ED2743D527CC7B2E08E7BBE309C3C6D24AC1DB73A18,M2_N2_L1_15Hz_101_primary_g0.6.npy,-0.3938085485755778,0.004731504584716178,0.13762495269769995,1,1.999999999999993,0.025995232213935956,False
M2_N2_L1_15Hz,101,secondary,0.4,fx_deconv,svd_lowrank,,E32ABCF66522040F184197B0B529A6341C6183A90424421F9756DC0D3F37EF11,M2_N2_L1_15Hz_101_secondary_g0.4.npy,2.6598537693658564,0.004676506185825279,4.381256112885294,1,1.999999999999993,0.025998155029918965,False
M2_N2_L1_15Hz,101,secondary,0.5,fx_deconv,svd_lowrank,,9166C696FC7FF064C4FF366142BD00099E4837EC578CFBB03AE38A3B6A4CE356,M2_N2_L1_15Hz_101_secondary_g0.5.npy,2.7020423552845827,0.004588031843094231,4.4295554367615715,1,1.999999999999993,0.025830335988799264,False
M2_N2_L1_15Hz,101,secondary,0.6,fx_deconv,svd_lowrank,,966D3252E1846E1C128B01503BECEB7121B21F792BA32F300FED86A4FC477055,M2_N2_L1_15Hz_101_secondary_g0.6.npy,2.746219267195075,0.004495950198978408,4.480506611602789,1,1.999999999999993,0.025656543932136847,False
M2_N2_L1_15Hz,202,primary,0.4,fx_deconv,wavelet_threshold,,BF5FC17B3DFF897E8CEF2595575117A8A2BA1F76B66F78E07966E447F74C26DE,M2_N2_L1_15Hz_202_primary_g0.4.npy,-9.204522023167105,0.38018933866554716,0.15098735317071266,1,6.0,0.3896940517056467,False
M2_N2_L1_15Hz,202,primary,0.5,fx_deconv,wavelet_threshold,,8ABC31F05F37E3D53BE3313E2C48D67C9EBE29E1CB7B91ECF0BBCF950FB55D6F,M2_N2_L1_15Hz_202_primary_g0.5.npy,-9.20429471489984,0.3801845126596583,0.150012107583674,1,6.0,0.3896803789229015,False
M2_N2_L1_15Hz,202,primary,0.6,fx_deconv,wavelet_threshold,,571F56B3892A408095FCE6996199E5CC5A7223F4A559560AD65370356A8F88B2,M2_N2_L1_15Hz_202_primary_g0.6.npy,-9.204052391950732,0.38017953094064144,0.14900677992244507,1,6.0,0.3896663437716725,False
M2_N2_L1_15Hz,202,secondary,0.4,fx_deconv,svd_lowrank,,C036AF3E23C1BA9CA2856EA055292CE846E4171175F2C8FFC1F76E4943B3A1BE,M2_N2_L1_15Hz_202_secondary_g0.4.npy,-8.809695023452134,0.3802496913015888,6.235057082217087,1,6.0,0.3899198257428248,False
M2_N2_L1_15Hz,202,secondary,0.5,fx_deconv,svd_lowrank,,BB1B724365981A43F3659210B20D4ABCFDFBB428C63D5522ABF89AF7A2060C7C,M2_N2_L1_15Hz_202_secondary_g0.5.npy,-8.806964385285795,0.3802385614989485,6.3029494579160215,1,6.0,0.38988422552230295,False
M2_N2_L1_15Hz,202,secondary,0.6,fx_deconv,svd_lowrank,,A8DCB0AB4EDA9D8CCAA5C42E5D7900C7017631886A28929B7635B24AE775ACD7,M2_N2_L1_15Hz_202_secondary_g0.6.npy,-8.8041222692508,0.3802273379279516,6.37491292334291,1,6.0,0.3898472634447801,False
M2_N2_L1_15Hz,303,primary,0.4,fx_deconv,wavelet_threshold,,9CAA9C7788D08DEF070E728D137F3D82CF41C91F22D3732817B87270C85F1A66,M2_N2_L1_15Hz_303_primary_g0.4.npy,-2.3114762336399313,0.016370815754569314,0.21223898700016983,1,0.0,0.03938904308891804,False
M2_N2_L1_15Hz,303,primary,0.5,fx_deconv,wavelet_threshold,,175362CB7DBFBA1BD956F40CEE0EC2E8B1826C966DD42FFDADF99FAB77F5E82F,M2_N2_L1_15Hz_303_primary_g0.5.npy,-2.2973149713117778,0.016297314274575574,0.21030260830197317,1,0.0,0.039218645946962595,False
M2_N2_L1_15Hz,303,primary,0.6,fx_deconv,wavelet_threshold,,34389CEFC9AB1AB313DE881ADE5E9EF96DC236D3040C9ADE81F40E759EB57EB0,M2_N2_L1_15Hz_303_primary_g0.6.npy,-2.282643351168767,0.016222326070205698,0.20830319649648232,1,0.0,0.039043089896228574,False
M2_N2_L1_15Hz,303,secondary,0.4,fx_deconv,svd_lowrank,,6A34488D4926002B467D68FC43A62FF346C4DB53290ED98BB3ECE5067C6D5B06,M2_N2_L1_15Hz_303_secondary_g0.4.npy,-0.8745337672212443,0.019248929624481898,6.628779566931476,1,0.0,0.047316600699334965,False
M2_N2_L1_15Hz,303,secondary,0.5,fx_deconv,svd_lowrank,,7CEE4595844514EC76C055C93E5BDB61C4A1670BBED11F2BBEF7CAA6CEC2DD11,M2_N2_L1_15Hz_303_secondary_g0.5.npy,-0.85125295921328,0.019215991356361487,6.72112308941897,1,0.0,0.047238851427439235,False
M2_N2_L1_15Hz,303,secondary,0.6,fx_deconv,svd_lowrank,,9BE782FDC4FFF701244B2A43E70CFD17977F9825535B0D0E91CED5C1B11A6FAE,M2_N2_L1_15Hz_303_secondary_g0.6.npy,-0.82618043362287,0.01918195312108145,6.823345244631842,1,0.0,0.047157998329775866,False
M2_N2_L1_15Hz,404,primary,0.4,fx_deconv,wavelet_threshold,,B8128C074A709BF5CC5C668FE2DE8A338E8DCA18CE65E4F12D4F264EA874180A,M2_N2_L1_15Hz_404_primary_g0.4.npy,-9.38426659948058,0.09926359778486211,0.4259621984870459,1,0.0,0.12173835252963663,False
M2_N2_L1_15Hz,404,primary,0.5,fx_deconv,wavelet_threshold,,67DE185E279893E4BB0DDF048366814F22D4AEC2EDDB07E1AC88B1E9158E7A43,M2_N2_L1_15Hz_404_primary_g0.5.npy,-9.379267565327439,0.0991426184909352,0.4232776312886367,1,0.0,0.1216279732879654,False
M2_N2_L1_15Hz,404,primary,0.6,fx_deconv,wavelet_threshold,,C0449996D5E4AAAF953FD00E08E03F218FA78D809393981986E543941409B250,M2_N2_L1_15Hz_404_primary_g0.6.npy,-9.3739064312987,0.0990131022118706,0.4205297301572333,1,0.0,0.12151270982238636,False
M2_N2_L1_15Hz,404,secondary,0.4,fx_deconv,svd_lowrank,,1910233DEF6E402EA7145800DFCDACFDD3000BC23075324C301ECC74F8387570,M2_N2_L1_15Hz_404_secondary_g0.4.npy,-9.241684245841263,0.10404519499310204,7.137590436446279,1,0.0,0.13393345844362636,False
M2_N2_L1_15Hz,404,secondary,0.5,fx_deconv,svd_lowrank,,7EE1DB43E54F13830CBF8922DC99879600A6EA1068BFE5CEA09EEDE87D5DEC34,M2_N2_L1_15Hz_404_secondary_g0.5.npy,-9.237425260706624,0.10398104309290203,7.193762825047837,1,0.0,0.13385735245825553,False
M2_N2_L1_15Hz,404,secondary,0.6,fx_deconv,svd_lowrank,,A7B510DF40F3AD22638C8B6685ACAD86C33BCCE38FCC7005907C1F369ED61772,M2_N2_L1_15Hz_404_secondary_g0.6.npy,-9.232837271725739,0.10391185864229519,7.255051474559387,1,0.0,0.13377767678680738,False
M2_N2_L1_15Hz,505,primary,0.4,fx_deconv,wavelet_threshold,,4DA16AA918EB624846392EB012BA329D1841B247425F7CA32B4FD2AEA99CF2E4,M2_N2_L1_15Hz_505_primary_g0.4.npy,-0.364693510420782,0.014771594036838686,0.12037832896195849,1,2.0,0.008448343277005879,False
M2_N2_L1_15Hz,505,primary,0.5,fx_deconv,wavelet_threshold,,136C73B4829F12B36FC54D08A8E74941132E9420D6A33D74025B8DB9DC794FC6,M2_N2_L1_15Hz_505_primary_g0.5.npy,-0.362136913811792,0.014742942583410384,0.1196547989010706,1,2.0,0.00840610544968891,False
M2_N2_L1_15Hz,505,primary,0.6,fx_deconv,wavelet_threshold,,77CC6DF5DE6941BB90FDE813373C89921D1BB225794D7196F513AEC510776288,M2_N2_L1_15Hz_505_primary_g0.6.npy,-0.35942051507800166,0.01471264823622507,0.11890702618260801,1,2.0,0.008362203616095921,False
M2_N2_L1_15Hz,505,secondary,0.4,fx_deconv,svd_lowrank,,BE79C26F0AC695C255AA5532755720F2CA9AB470C9AA692DE5404F223571F2E3,M2_N2_L1_15Hz_505_secondary_g0.4.npy,2.1936330797229893,0.011983374373174132,3.632192958397425,1,2.0,0.013784685020013197,False
M2_N2_L1_15Hz,505,secondary,0.5,fx_deconv,svd_lowrank,,51D22B5FC2F1E3EEFA2B0116E716DECDB27B6EDBA6A35C7FE93234C8E024716C,M2_N2_L1_15Hz_505_secondary_g0.5.npy,2.2279921202308266,0.011863097296309364,3.666904294267237,1,2.0,0.01362376042595794,False
M2_N2_L1_15Hz,505,secondary,0.6,fx_deconv,svd_lowrank,,731668103F70EA01482DDD8D2189F0546720C9B23792DADA97AB4D233498B88E,M2_N2_L1_15Hz_505_secondary_g0.6.npy,2.2637562028067624,0.011739235289173693,3.703416007763866,1,2.0,0.013456309169795788,False
M2_N2_L1_25Hz,101,primary,0.4,fx_deconv,wavelet_threshold,,D96B2DE74A3CCB9942781FACDDD4B9A4B9359C1B02D9348D1CE239548824C3DF,M2_N2_L1_25Hz_101_primary_g0.4.npy,-0.1090212138200286,0.004893450082925894,0.14355504134482694,1,0.0,0.026137032922484857,False
M2_N2_L1_25Hz,101,primary,0.5,fx_deconv,wavelet_threshold,,9BB2AEE64B57F283CCDCE1A6C4C5F740055398EFCDB9D2462547FBB98C01483C,M2_N2_L1_25Hz_101_primary_g0.5.npy,-0.10686480736408122,0.00483496585046273,0.1432948418236839,1,0.0,0.0260631843801853,False
M2_N2_L1_25Hz,101,primary,0.6,fx_deconv,wavelet_threshold,,EDCA65623DA8E364F96AE7295D109928C528ABAC0A9CF5B358F6A297832C4C01,M2_N2_L1_25Hz_101_primary_g0.6.npy,-0.10458038983998907,0.004773516958647579,0.14302891790883568,1,0.0,0.02598556569456929,False
M2_N2_L1_25Hz,101,secondary,0.4,fx_deconv,svd_lowrank,,0006AA47D8A05B1960C591A58DC3A66A3F329B04413B05DDA920549CA8AC7539,M2_N2_L1_25Hz_101_secondary_g0.4.npy,0.9781780556717061,0.005155237960008501,1.6332728768223623,1,0.0,0.02715841077003657,False
M2_N2_L1_25Hz,101,secondary,0.5,fx_deconv,svd_lowrank,,D6BD2C0E1AA8EA4AF5DFEFF4BF7FAABFB0E0C4C8F7EC0D2F8412144411F8D746,M2_N2_L1_25Hz_101_secondary_g0.5.npy,0.9779359973107011,0.005079265132585753,1.6252706865506155,1,0.0,0.02701424605236855,False
M2_N2_L1_25Hz,101,secondary,0.6,fx_deconv,svd_lowrank,,DAC7BDE47B87A469C4BF3301000FB238902B167F6249F9DC913A158C90A5669D,M2_N2_L1_25Hz_101_secondary_g0.6.npy,0.977668111019903,0.005000357196093635,1.6168994015622813,1,0.0,0.026864268849041306,False
M2_N2_L1_25Hz,202,primary,0.4,fx_deconv,wavelet_threshold,,DC21C4C1CE8989F6364810B2FB4167D1BB6E17461CD526E3FD0EA82095B13FF8,M2_N2_L1_25Hz_202_primary_g0.4.npy,-1.0442320778332181,0.0324389018547687,0.1720975947742248,1,0.0,0.05250138145437052,False
M2_N2_L1_25Hz,202,primary,0.5,fx_deconv,wavelet_threshold,,2627BC31FFC2EC8BBD28C429001ED29A1F295E9A26BB749B80B4ECB4A17FD4F8,M2_N2_L1_25Hz_202_primary_g0.5.npy,-1.0424248863903536,0.03241291635342448,0.17192422844191455,1,0.0,0.05244850333763567,False
M2_N2_L1_25Hz,202,primary,0.6,fx_deconv,wavelet_threshold,,EAE5CFCBF6BF3F06DCCB219E1F7F8621957F0CD85FCB636B0816FAC246CBE098,M2_N2_L1_25Hz_202_primary_g0.6.npy,-1.0405047829518779,0.03238558852071911,0.17174747395317752,1,0.0,0.05239364628264669,False
M2_N2_L1_25Hz,202,secondary,0.4,fx_deconv,svd_lowrank,,CC82D96830BF1EFCB47A4768644F16833AC022A77E0768D205D1BA51D4C6AC59,M2_N2_L1_25Hz_202_secondary_g0.4.npy,0.17370441253922664,0.032372469776242224,2.27281339302602,1,0.0,0.05242078294091037,False
M2_N2_L1_25Hz,202,secondary,0.5,fx_deconv,svd_lowrank,,6E8E2396BBC03ED394D555470B8ED33CAC9637BDA7EAE5CBC5E3995326EA95FD,M2_N2_L1_25Hz_202_secondary_g0.5.npy,0.1726513771173117,0.03230069180300537,2.257262996415089,1,0.0,0.052259137526624824,False
M2_N2_L1_25Hz,202,secondary,0.6,fx_deconv,svd_lowrank,,35F560CA3C6772EC1045192F8F6EC28A50CE06CABF0BC481293C449CE29ABD9F,M2_N2_L1_25Hz_202_secondary_g0.6.npy,0.1714414424618944,0.032227160326629145,2.2409969240682486,1,0.0,0.05209190217985278,False
M2_N2_L1_25Hz,303,primary,0.4,fx_deconv,wavelet_threshold,,8609CFCDEF930EC36E6B9DB0C81A6092CC093C7AF494AFCFA830207AE12ADF23,M2_N2_L1_25Hz_303_primary_g0.4.npy,-0.3203812925143499,0.004526897854510202,0.29915128244689926,1,0.0,0.02883671583607435,False
M2_N2_L1_25Hz,303,primary,0.5,fx_deconv,wavelet_threshold,,78045678148C50F0BCA0E456B91CA13624AB3EA2EEB5A4DD469C923855092EB5,M2_N2_L1_25Hz_303_primary_g0.5.npy,-0.3112891170453249,0.00444003794266979,0.29727716265938275,1,0.0,0.0286690461828955,False
M2_N2_L1_25Hz,303,primary,0.6,fx_deconv,wavelet_threshold,,36BC683DA24A80C582C79CC7A7954C976CC269155646FB3D83AB1CC761195942,M2_N2_L1_25Hz_303_primary_g0.6.npy,-0.3017902546030502,0.004350070435679905,0.29535619170439437,1,0.0,0.028494988046762617,False
M2_N2_L1_25Hz,303,secondary,0.4,fx_deconv,svd_lowrank,,A712D237A5707C16A4BD484369A069EB9559C9F921B61499D68C4F1339B63663,M2_N2_L1_25Hz_303_secondary_g0.4.npy,2.8246962377430425,0.004943412853402193,4.814980525334015,1,0.0,0.030127604770447045,False
M2_N2_L1_25Hz,303,secondary,0.5,fx_deconv,svd_lowrank,,AAF41C88EF8E57DDD08889DC4441F76891A2667C6EDD8495261CD6E112371B2C,M2_N2_L1_25Hz_303_secondary_g0.5.npy,2.8366013049625476,0.004886666528420407,4.80858696259705,1,0.0,0.029964280607909156,False
M2_N2_L1_25Hz,303,secondary,0.6,fx_deconv,svd_lowrank,,C4EDE0C177247E9C35D76304C553C1FC8E8AE84DFE1BD7605CFB503A1196ED3B,M2_N2_L1_25Hz_303_secondary_g0.6.npy,2.848971087989815,0.004827880011179907,4.8018490096307795,1,0.0,0.02979560310795285,False
M2_N2_L1_25Hz,404,primary,0.4,fx_deconv,wavelet_threshold,,AB250E809D43DC5879E27322F942C12727D5A4D8B08299D3425A3F1D5FF431E3,M2_N2_L1_25Hz_404_primary_g0.4.npy,-1.7580995996042326,0.012821164390631159,0.8348166092434574,1,0.0,0.040337759930551144,False
M2_N2_L1_25Hz,404,primary,0.5,fx_deconv,wavelet_threshold,,700C7D065D4E3E78C847B6B2AB470230C3B143124E8DE6DF00F86DDC4CAE50ED,M2_N2_L1_25Hz_404_primary_g0.5.npy,-1.7431303423521953,0.012691197345331163,0.8270468589554012,1,0.0,0.04020230908103616,False
M2_N2_L1_25Hz,404,primary,0.6,fx_deconv,wavelet_threshold,,0E16A174CAD9A7295FD4A97D92EAD33F5C0E2A5CA52C686EBA68BA901B35F560,M2_N2_L1_25Hz_404_primary_g0.6.npy,-1.7268886805179395,0.012551466768102768,0.8189992662188312,1,0.0,0.04005837037727055,False
M2_N2_L1_25Hz,404,secondary,0.4,fx_deconv,svd_lowrank,,B2B281ACA57B5872B161D05FA87D713721682E5EDB18868A0BFC5878981878FD,M2_N2_L1_25Hz_404_secondary_g0.4.npy,-0.18919534558256856,0.017395766301044505,7.891877177140968,1,0.0,0.0528003863006102,False
M2_N2_L1_25Hz,404,secondary,0.5,fx_deconv,svd_lowrank,,9EC5DBD49E0ECD88C8D868EB5F59BFEAF7F029E14B39E16A5071A430855A5DBB,M2_N2_L1_25Hz_404_secondary_g0.5.npy,-0.16637065323968514,0.017309801935298928,7.929384177316624,1,0.0,0.05270671854499687,False
M2_N2_L1_25Hz,404,secondary,0.6,fx_deconv,svd_lowrank,,3A97B7236E0B85935FAD54D1EC0A9305E422C667FD394C2590C9EEE98C115921,M2_N2_L1_25Hz_404_secondary_g0.6.npy,-0.14132003858336617,0.01721654145630921,7.971574363940497,1,0.0,0.05260723230130413,False
M2_N2_L1_25Hz,505,primary,0.4,fx_deconv,wavelet_threshold,,CD66E4783A787EF66CE4FE841FF84AF2C2CB0D7E8D2B6AB6334F8C58CFB2FB52,M2_N2_L1_25Hz_505_primary_g0.4.npy,-0.09743312923105663,0.020116455543699875,0.12756084862247563,1,0.0,0.011303015381788989,False
M2_N2_L1_25Hz,505,primary,0.5,fx_deconv,wavelet_threshold,,6214EEE7DED97BD2A780DCBB2F259D945A0607CE50FBA8D5E0C89FBA156F5573,M2_N2_L1_25Hz_505_primary_g0.5.npy,-0.09605227723491527,0.020072982932766048,0.12731243373993123,1,0.0,0.011369292991694903,False
M2_N2_L1_25Hz,505,primary,0.6,fx_deconv,wavelet_threshold,,7E3D04F0BD0737E0B9986150675C68D79E01925E9521120101B7751A89875E0A,M2_N2_L1_25Hz_505_primary_g0.6.npy,-0.09458736885925045,0.020027213687202818,0.12705692153059162,1,0.0,0.01143859790822832,False
M2_N2_L1_25Hz,505,secondary,0.4,fx_deconv,svd_lowrank,,04DE00E5F3A61C27799845BF393A799264AECE28AC0159652CC56B4711ACD32A,M2_N2_L1_25Hz_505_secondary_g0.4.npy,0.8563305372320862,0.01900113434604831,1.422179115773877,1,0.0,0.004912035883550865,False
M2_N2_L1_25Hz,505,secondary,0.5,fx_deconv,svd_lowrank,,24AA878F7B5CB4D43811ED8C4CBB312A2CF663EDE403D9FA065A4AA71A61C382,M2_N2_L1_25Hz_505_secondary_g0.5.npy,0.8586135278953879,0.018911146587605048,1.4178128029514916,1,0.0,0.00506552992121338,False
M2_N2_L1_25Hz,505,secondary,0.6,fx_deconv,svd_lowrank,,E65D69B806085209D2F175FB92C427EFB6EE07A28281DFD57A8CD8F6769FAE4D,M2_N2_L1_25Hz_505_secondary_g0.6.npy,0.8609430308905441,0.018818456437825558,1.413238824074624,1,0.0,0.005224793661696005,False
M2_N2_L1_40Hz,101,primary,0.4,fx_deconv,wavelet_threshold,,E39DCF3D509E4175BB50638492C636B349A46938C8CFF1C7932F8575DCF96B08,M2_N2_L1_40Hz_101_primary_g0.4.npy,-0.02405738048489292,0.005475296946932117,0.07175856159101301,1,0.0,0.029671055185722894,False
M2_N2_L1_40Hz,101,primary,0.5,fx_deconv,wavelet_threshold,,EB7083D6BB23BD6785E88C06657125AB1F005E170ED6005C177594D292D16E22,M2_N2_L1_40Hz_101_primary_g0.5.npy,-0.02405738048489292,0.005475296946932156,0.07175856159101301,1,0.0,0.029671055185723175,False
M2_N2_L1_40Hz,101,primary,0.6,fx_deconv,wavelet_threshold,,CC1842BD5BB22AF81F56E3E60410E52E343ED75549D65CE6793C13E6E98D8FB0,M2_N2_L1_40Hz_101_primary_g0.6.npy,-0.024057380484892033,0.005475296946932193,0.07175856159101301,1,0.0,0.029671055185723456,False
M2_N2_L1_40Hz,101,secondary,0.4,fx_deconv,svd_lowrank,,66245E2A3284BDC58E7000D8AFA365C93F6A4E5FAA89AB25A01765152F719391,M2_N2_L1_40Hz_101_secondary_g0.4.npy,0.3901610323485567,0.006021608307416407,0.6325279009000937,1,0.0,0.031389321179325046,False
M2_N2_L1_40Hz,101,secondary,0.5,fx_deconv,svd_lowrank,,EE2C67500A3638541D7491783AEA391FE1F1FE45A4D715A70413C8A609E6CA24,M2_N2_L1_40Hz_101_secondary_g0.5.npy,0.3901610323485607,0.006021608307416445,0.6325279009000953,1,0.0,0.03138932117932533,False
M2_N2_L1_40Hz,101,secondary,0.6,fx_deconv,svd_lowrank,,9CF54DCC951A0987E4E5E7D7844CA7C0785DB7273AB5B300549DCA0DA12BE525,M2_N2_L1_40Hz_101_secondary_g0.6.npy,0.39016103234856514,0.006021608307416483,0.6325279009000978,1,0.0,0.03138932117932561,False
M2_N2_L1_40Hz,202,primary,0.4,fx_deconv,wavelet_threshold,,577D06156CEE43F08A8364AC5AB175413CFE5E83CBAC98848E90EFBE8D2BCE1D,M2_N2_L1_40Hz_202_primary_g0.4.npy,-0.16066467013108765,0.013224639680985638,0.08622503093117834,2,0.0,0.0385295396296144,False
M2_N2_L1_40Hz,202,primary,0.5,fx_deconv,wavelet_threshold,,B5B510CCF97F8B27BC1F88E6D1068C135BD2012764EFA45B6F0BED971A7B8144,M2_N2_L1_40Hz_202_primary_g0.5.npy,-0.16066467013108765,0.013224639680985667,0.08622503093117834,2,0.0,0.03852953962961467,False
M2_N2_L1_40Hz,202,primary,0.6,fx_deconv,wavelet_threshold,,35062AE5D22229A7372A135FA580251C8A068AAC0300B114C357FF102B5525DD,M2_N2_L1_40Hz_202_primary_g0.6.npy,-0.1606646701310872,0.013224639680985702,0.08622503093117834,2,0.0,0.03852953962961484,False
M2_N2_L1_40Hz,202,secondary,0.4,fx_deconv,svd_lowrank,,7847DEB75086059E7E62C275F913C42136E52B175DCB894F91960F518BBED675,M2_N2_L1_40Hz_202_secondary_g0.4.npy,0.35400387441256864,0.013552765053090433,0.80223051011219,2,0.0,0.039627825551613906,False
M2_N2_L1_40Hz,202,secondary,0.5,fx_deconv,svd_lowrank,,FD5143D7E2D05C7FAC198F5D45FC34E6DAAA576901991B6BC88D75979588FAAE,M2_N2_L1_40Hz_202_secondary_g0.5.npy,0.35400387441257397,0.013552765053090462,0.8022305101121924,2,0.0,0.03962782555161427,False
M2_N2_L1_40Hz,202,secondary,0.6,fx_deconv,svd_lowrank,,1D290D44B4CBD9740E4FCD2A5F75C2A5ED029A7262672760B2E298BF61BE0A26,M2_N2_L1_40Hz_202_secondary_g0.6.npy,0.3540038744125793,0.013552765053090493,0.802230510112198,2,0.0,0.03962782555161445,False
M2_N2_L1_40Hz,303,primary,0.4,fx_deconv,wavelet_threshold,,F5444A7A7946E8035614F1D2F175AB2D558ACC64CC222AA47C0651E455EBDEC1,M2_N2_L1_40Hz_303_primary_g0.4.npy,-0.09720337832005832,0.005247252832893022,0.13510320467795123,1,0.0,0.03399429504486168,False
M2_N2_L1_40Hz,303,primary,0.5,fx_deconv,wavelet_threshold,,E313F2EB3BFA665747B176DEBCDF428105486355CA3EE2C84018B283B8102F1D,M2_N2_L1_40Hz_303_primary_g0.5.npy,-0.09720337832005743,0.005247252832893061,0.13510320467795123,1,0.0,0.033994295044862066,False
M2_N2_L1_40Hz,303,primary,0.6,fx_deconv,wavelet_threshold,,8F21625029F18E58FD51B0564AF7E6398215EF7E9FBD06089740346F60117E61,M2_N2_L1_40Hz_303_primary_g0.6.npy,-0.09720337832005743,0.005247252832893101,0.13510320467795123,1,0.0,0.03399429504486233,False
M2_N2_L1_40Hz,303,secondary,0.4,fx_deconv,svd_lowrank,,F67890A5290B41BFCAE9C9E8E76D1E231778E14F9E9715024047D1E72B436B2B,M2_N2_L1_40Hz_303_secondary_g0.4.npy,0.7009347387528004,0.006296129001485882,1.2601606358127773,1,0.0,0.038274357594999545,False
M2_N2_L1_40Hz,303,secondary,0.5,fx_deconv,svd_lowrank,,AC53182B6B709F35037DE1F449068E9857F0DCED9C7E578D91C490B3B96F8031,M2_N2_L1_40Hz_303_secondary_g0.5.npy,0.7009347387528075,0.006296129001485924,1.2601606358127877,1,0.0,0.03827435759499981,False
M2_N2_L1_40Hz,303,secondary,0.6,fx_deconv,svd_lowrank,,1913F69F9460EF334A4FF74FFB86D983398A3DA8B15445F3C9486F7BA13957B4,M2_N2_L1_40Hz_303_secondary_g0.6.npy,0.7009347387528164,0.0062961290014859695,1.2601606358127926,1,0.0,0.0382743575950002,False
M2_N2_L1_40Hz,404,primary,0.4,fx_deconv,wavelet_threshold,,CDB9F95E89DC4A51FF02E525F53D97E19887BEEA02E12AC13037F9AE70EFBF7D,M2_N2_L1_40Hz_404_primary_g0.4.npy,-0.39822357468969294,0.01069410311846243,0.3697323954287812,1,0.0,0.03706481168757737,False
M2_N2_L1_40Hz,404,primary,0.5,fx_deconv,wavelet_threshold,,75491CC26FAF53FF30E0A94DCD8F17E91C3C064B8373F8360353C22BBCA302E1,M2_N2_L1_40Hz_404_primary_g0.5.npy,-0.39822357468969294,0.010694103118462464,0.3697323954287812,1,0.0,0.03706481168757785,False
M2_N2_L1_40Hz,404,primary,0.6,fx_deconv,wavelet_threshold,,7BD021A848BA5AF87BF398C9554BEE81C04FE68466CA2A6E629ED2A7DF6DCD71,M2_N2_L1_40Hz_404_primary_g0.6.npy,-0.39822357468969294,0.010694103118462493,0.3697323954287812,1,0.0,0.03706481168757834,False
M2_N2_L1_40Hz,404,secondary,0.4,fx_deconv,svd_lowrank,,7E5C0FF2D0A5AF9D7A548FB48E7963918E8768A2BA534EDB9EEF19F5F794FB42,M2_N2_L1_40Hz_404_secondary_g0.4.npy,1.6782741986860081,0.011149242270901314,3.662048360570771,1,0.0,0.03880106130320389,False
M2_N2_L1_40Hz,404,secondary,0.5,fx_deconv,svd_lowrank,,387ABE67717D88B0AC3EE0100E58E56C79F934E998088F45481D9AA2B5644B31,M2_N2_L1_40Hz_404_secondary_g0.5.npy,1.6782741986860241,0.011149242270901343,3.6620483605707896,1,0.0,0.038801061303204536,False
M2_N2_L1_40Hz,404,secondary,0.6,fx_deconv,svd_lowrank,,F63831A2D35F04935F7CD670D9A5BC3D8B33191DB7419C3A2162F2B04404227B,M2_N2_L1_40Hz_404_secondary_g0.6.npy,1.6782741986860383,0.011149242270901374,3.6620483605708065,1,0.0,0.038801061303204855,False
M2_N2_L1_40Hz,505,primary,0.4,fx_deconv,wavelet_threshold,,FDE2C4BE1EBA02D7F022425A824F68F7C52B8183B0CE1E5B5F30A8ACC8217CAA,M2_N2_L1_40Hz_505_primary_g0.4.npy,-0.01937668777326529,0.04117459078903732,0.0669672939348249,2,0.0,0.06974210072539594,False
M2_N2_L1_40Hz,505,primary,0.5,fx_deconv,wavelet_threshold,,F76F36D588A4C683210B9FF38AC7747E9E3E700BF8C19B9181583A66546112ED,M2_N2_L1_40Hz_505_primary_g0.5.npy,-0.019376687773263956,0.04117459078903735,0.0669672939348249,2,0.0,0.06974210072539563,False
M2_N2_L1_40Hz,505,primary,0.6,fx_deconv,wavelet_threshold,,019D687F8FA69724A6D4C6A981A27741BB34095136AF20550679AAC5FF50AAEF,M2_N2_L1_40Hz_505_primary_g0.6.npy,-0.019376687773263956,0.04117459078903739,0.0669672939348249,2,0.0,0.06974210072539541,False
M2_N2_L1_40Hz,505,secondary,0.4,fx_deconv,svd_lowrank,,C11A4704261A1851A1FEC85D185F087ED3683A58328CFAF88AE54A8F891B77A7,M2_N2_L1_40Hz_505_secondary_g0.4.npy,0.32533536702141896,0.04269351234827408,0.5401951823557266,2,0.0,0.0607441955042405,False
M2_N2_L1_40Hz,505,secondary,0.5,fx_deconv,svd_lowrank,,90AAA8C70B880716719B0201FC7973F8567542A19574E8883358EF5E4A886821,M2_N2_L1_40Hz_505_secondary_g0.5.npy,0.3253353670214234,0.04269351234827411,0.54019518235573,2,0.0,0.060744195504240074,False
M2_N2_L1_40Hz,505,secondary,0.6,fx_deconv,svd_lowrank,,19B7C12508A50741B734D5CC3D5967D4FBB156E42F9077F60E3AC3ACB0D1112A,M2_N2_L1_40Hz_505_secondary_g0.6.npy,0.3253353670214272,0.04269351234827414,0.5401951823557317,2,0.0,0.06074419550423955,False
M2_N2_L2_15Hz,101,primary,0.4,fx_deconv,wavelet_threshold,,C5A36D3290F018DA75AF9A6CA147FE9EE54551CDE1F5D716CC19C5163BE28C89,M2_N2_L2_15Hz_101_primary_g0.4.npy,-0.4411587960751273,0.004781993177863915,0.08507866208259265,1,0.0,0.025987198344858835,False
M2_N2_L2_15Hz,101,primary,0.5,fx_deconv,wavelet_threshold,,4C203E279AA26E58076A59A3E3BA0615E00AAC034127CE896A2F5F4193B6D250,M2_N2_L2_15Hz_101_primary_g0.5.npy,-0.43728026909988493,0.004742339787555924,0.08455374626874597,1,0.0,0.02592149240469931,False
M2_N2_L2_15Hz,101,primary,0.6,fx_deconv,wavelet_threshold,,FD1B0F6B51E5273859072C0C92DE31CB5EB3EAD7F76802CF20B6F1E040CE4082,M2_N2_L2_15Hz_101_primary_g0.6.npy,-0.43315070376695,0.004700234291737556,0.08401144750679317,1,0.0,0.025853026443750263,False
M2_N2_L2_15Hz,101,secondary,0.4,fx_deconv,svd_lowrank,,7C9834921EFB11CAEDCC6222BBAB35DCB7A4812BD28449D40B0C48ABC4C77816,M2_N2_L2_15Hz_101_secondary_g0.4.npy,2.259016604766643,0.005190788239622597,3.897084202823051,1,0.0,0.027506792359190464,False
M2_N2_L2_15Hz,101,secondary,0.5,fx_deconv,svd_lowrank,,3A0371728517D488614F4CDE0A9E0C528735BB7CAF9CF15CFA83001D478DE298,M2_N2_L2_15Hz_101_secondary_g0.5.npy,2.294553478536516,0.00510707461096431,3.939004752066012,1,0.0,0.027341935795674555,False
M2_N2_L2_15Hz,101,secondary,0.6,fx_deconv,svd_lowrank,,04D1CBB87995D81FEF5923C32391C55D13B49E2807592836657B150F2D0ABE86,M2_N2_L2_15Hz_101_secondary_g0.6.npy,2.3315893987677594,0.00502016952280316,3.9829533257392584,1,0.0,0.02717125492166252,False
M2_N2_L2_15Hz,202,primary,0.4,fx_deconv,wavelet_threshold,,8565EBBA787B09CBBDE19DFD3FE6F3B2ADA260F5CAA355C1A4B0C7D020D3BA37,M2_N2_L2_15Hz_202_primary_g0.4.npy,-9.21716293092187,0.38015752881429393,0.09795971644437279,1,6.0,0.39207027934282307,False
M2_N2_L2_15Hz,202,primary,0.5,fx_deconv,wavelet_threshold,,D9924D0CFE7D60FBBC158C2669AF22C0AC7F82AC063570DD6CB29E58FEAF64E5,M2_N2_L2_15Hz_202_primary_g0.5.npy,-9.216921681852682,0.38015298868328584,0.09761388870239471,1,6.0,0.39205098715578124,False
M2_N2_L2_15Hz,202,primary,0.6,fx_deconv,wavelet_threshold,,7CC1528DA86C394F8EB84021707DECD5473253C9BF4145CC94237280695FF28B,M2_N2_L2_15Hz_202_primary_g0.6.npy,-9.216665497634224,0.38014828867865885,0.09725599738391655,1,6.0,0.39203106767938195,False
M2_N2_L2_15Hz,202,secondary,0.4,fx_deconv,svd_lowrank,,0DCF288415F14D19CA1CC6EEC196B7986E685C28A888542C2250BE47AC9B595E,M2_N2_L2_15Hz_202_secondary_g0.4.npy,-8.808440012497247,0.38019459614481,6.358857511620506,1,6.0,0.39230580181780195,False
M2_N2_L2_15Hz,202,secondary,0.5,fx_deconv,svd_lowrank,,461F885A0358AB4565454E3A90299FCEBA1352910DB852A08243F99D74B15B69,M2_N2_L2_15Hz_202_secondary_g0.5.npy,-8.805784969579403,0.3801846628083319,6.426478831845439,1,6.0,0.39225819954142094,False
M2_N2_L2_15Hz,202,secondary,0.6,fx_deconv,svd_lowrank,,7E7F8CA76D44885BCB024D6CD4A8D2701EA1E129240EE1D5776E5C31D7E09D8D,M2_N2_L2_15Hz_202_secondary_g0.6.npy,-8.802987058901035,0.3801746055514389,6.49924141296165,1,6.0,0.3922087771159665,False
M2_N2_L2_15Hz,303,primary,0.4,fx_deconv,wavelet_threshold,,6A4FC0144261F9A4BAE028184913E303334BE5C5C428DB1B90E5D17029B597AA,M2_N2_L2_15Hz_303_primary_g0.4.npy,-2.3570072177901906,0.01639119156526185,0.12532244504370688,1,0.0,0.03899028315043154,False
M2_N2_L2_15Hz,303,primary,0.5,fx_deconv,wavelet_threshold,,17DC6D9C0EBC8214A16B42E0116546EAA8DD94DD37FEEF7F2FD41783CBB1F0B6,M2_N2_L2_15Hz_303_primary_g0.5.npy,-2.3428631170372025,0.016319049696087586,0.12440557503507335,1,0.0,0.0388254338891031,False
M2_N2_L2_15Hz,303,primary,0.6,fx_deconv,wavelet_threshold,,92B639DEC4FCE1002B7FA13782B967BD289A0DA94254FB2936B81B1A4D4E41AF,M2_N2_L2_15Hz_303_primary_g0.6.npy,-2.3282180418129546,0.016245615795722035,0.12346419330137519,1,0.0,0.038655590857615704,False
M2_N2_L2_15Hz,303,secondary,0.4,fx_deconv,svd_lowrank,,1C29DA04A08EF77520FD7232A92DBB0730D91F7B7656200F639F23A2616E2CBD,M2_N2_L2_15Hz_303_secondary_g0.4.npy,-0.9227098603080695,0.019372099244334456,6.467891864649066,1,0.0,0.04664057063495026,False
M2_N2_L2_15Hz,303,secondary,0.5,fx_deconv,svd_lowrank,,9ABED9809500773E1AF078F9CCE8CE300FA3D399196029EBA02B2CBFB686102A,M2_N2_L2_15Hz_303_secondary_g0.5.npy,-0.8997581254755502,0.019339288002637234,6.551874624441316,1,0.0,0.046567234407167896,False
M2_N2_L2_15Hz,303,secondary,0.6,fx_deconv,svd_lowrank,,46C6F2CC5467A41D88254FBC3C286D635FB7BD4993D6CEF3F4EDA44112FFEB79,M2_N2_L2_15Hz_303_secondary_g0.6.npy,-0.8755220828392609,0.019305533755038323,6.642060209847943,1,0.0,0.046490933649847174,False
M2_N2_L2_15Hz,404,primary,0.4,fx_deconv,wavelet_threshold,,AEB35B83295A2D02322BE87DDCECD952E7F3138622FECF0C936F1A6AC32D3555,M2_N2_L2_15Hz_404_primary_g0.4.npy,-9.40560132564636,0.09900889792532346,0.2859942023533086,1,0.0,0.12240949431065919,False
M2_N2_L2_15Hz,404,primary,0.5,fx_deconv,wavelet_threshold,,83AF77ADE7A7A1B4401F56CCCA6AF91DCAD14613443727E2BE98DB283DEBFCCD,M2_N2_L2_15Hz_404_primary_g0.5.npy,-9.400530601062535,0.09888752160516388,0.2852943928401354,1,0.0,0.12229619128839485,False
M2_N2_L2_15Hz,404,primary,0.6,fx_deconv,wavelet_threshold,,338E314D519C361B77289B345CF218B9DCACC2ACC40EC9E50BFBE2576C9F2390,M2_N2_L2_15Hz_404_primary_g0.6.npy,-9.395096322222077,0.09875756320308986,0.2845823452165167,1,0.0,0.12217795870834401,False
M2_N2_L2_15Hz,404,secondary,0.4,fx_deconv,svd_lowrank,,A99512FFC52D0CABAF29A2C0D98E71B18039BB8565B6F98E1FCE2175C6DF3BA4,M2_N2_L2_15Hz_404_secondary_g0.4.npy,-9.262353906569674,0.10399020972883788,6.57946105325446,1,0.0,0.13428605358982756,False
M2_N2_L2_15Hz,404,secondary,0.5,fx_deconv,svd_lowrank,,8E606ECE312C727CF0EA70B7C35D933F6282D06F3340D4859AA6E462DD407ADF,M2_N2_L2_15Hz_404_secondary_g0.5.npy,-9.258924633584371,0.10392639847181717,6.599672189236029,1,0.0,0.13420961590113423,False
M2_N2_L2_15Hz,404,secondary,0.6,fx_deconv,svd_lowrank,,8BE9E65969D19C637560441E996D391DE2B74B1A2C52ACA6FED4013B2DFD178B,M2_N2_L2_15Hz_404_secondary_g0.6.npy,-9.255243546502811,0.10385755342163562,6.620994105520225,1,0.0,0.13412976392537512,False
M2_N2_L2_15Hz,505,primary,0.4,fx_deconv,wavelet_threshold,,B2F4859C7B58ED92C30A8F6DD7FB57A0763AF4539EE64A70439BC25460190D5F,M2_N2_L2_15Hz_505_primary_g0.4.npy,-0.40200026380063036,0.004903034524303218,0.06075740859734624,1,2.0,0.026230006264885385,False
M2_N2_L2_15Hz,505,primary,0.5,fx_deconv,wavelet_threshold,,FFFA1B4C4C9F7C6EDEB595B42F115652E00CA384AE836FDE0E034933E5ACEDBC,M2_N2_L2_15Hz_505_primary_g0.5.npy,-0.39902970635260715,0.004864155827925311,0.06048592044005681,1,2.0,0.02617993313308259,False
M2_N2_L2_15Hz,505,primary,0.6,fx_deconv,wavelet_threshold,,AD1190CFC632341C2F83F1A5498EF30C5CB594699370F3EEB28454910042C5CD,M2_N2_L2_15Hz_505_primary_g0.6.npy,-0.3958824947013948,0.00482310236894423,0.06020534510472111,1,2.0,0.026127546401314556,False
M2_N2_L2_15Hz,505,secondary,0.4,fx_deconv,svd_lowrank,,0B8CA074B4444B796C4538C32B13BB7653BDA7B55B6D958017D48D1637D6C228,M2_N2_L2_15Hz_505_secondary_g0.4.npy,2.1211581700108546,0.004817090409812424,3.5037671287179153,1,2.0,0.026286835034622973,False
M2_N2_L2_15Hz,505,secondary,0.5,fx_deconv,svd_lowrank,,D8BD5AB01C81D7A83839568A1FE1CA50C9FE8201E9BDA5C9A741ED49D9C2BE12,M2_N2_L2_15Hz_505_secondary_g0.5.npy,2.1543372741486166,0.004719442932222051,3.540612743830917,1,2.0,0.02612561111463306,False
M2_N2_L2_15Hz,505,secondary,0.6,fx_deconv,svd_lowrank,,8F1C2B193BFC3079923286ECCE9FAB1BDD75F81491C746E754D08193A9F1370E,M2_N2_L2_15Hz_505_secondary_g0.6.npy,2.1887684483129224,0.004618516810477262,3.579154162894112,1,0.0,0.025958173554327,False
M2_N2_L2_25Hz,101,primary,0.4,fx_deconv,wavelet_threshold,,029DF191E530C9C8617337256F8CA1A61E5CA6E75D76F7B50660DD73BB9AEC2A,M2_N2_L2_25Hz_101_primary_g0.4.npy,-0.12478071566354565,0.0050806324303987625,0.13556893747881865,1,0.0,0.027560971133471335,False
M2_N2_L2_25Hz,101,primary,0.5,fx_deconv,wavelet_threshold,,828F85F557E58F230924640D25FADBCD265F3160DEE5D68A35F9671D7BD48530,M2_N2_L2_25Hz_101_primary_g0.5.npy,-0.12252990422999233,0.005015033674174496,0.13519942599933282,1,0.0,0.027484856479372988,False
M2_N2_L2_25Hz,101,primary,0.6,fx_deconv,wavelet_threshold,,B3D82980E653F5B745391DE8EF3BE73969F28F0B2552E78D3F389D92C0A2FF2D,M2_N2_L2_25Hz_101_primary_g0.6.npy,-0.12014679133180106,0.004946054707609179,0.13481840614859794,1,0.0,0.027405059767248906,False
M2_N2_L2_25Hz,101,secondary,0.4,fx_deconv,svd_lowrank,,FE7D55D0379530E356A68C7246E7797D3D0A52DDF0B2C5BD6630B9992D153627,M2_N2_L2_25Hz_101_secondary_g0.4.npy,0.9882541487741854,0.005348618238667266,1.6593994360801656,1,0.0,0.028594645662830057,False
M2_N2_L2_25Hz,101,secondary,0.5,fx_deconv,svd_lowrank,,8D324C8A0E24B2881135B6264D619508359BC4A8C1D5CC9FC1531DA33EFB9238,M2_N2_L2_25Hz_101_secondary_g0.5.npy,0.9955441246863383,0.005263481103841454,1.667076723101018,1,0.0,0.02844641073306779,False
M2_N2_L2_25Hz,101,secondary,0.6,fx_deconv,svd_lowrank,,327047B1EBE0780EF582C4B7D8BF1D6F77D10714D67FF48E63CB8428D792D7DF,M2_N2_L2_25Hz_101_secondary_g0.6.npy,1.0030571403528779,0.005175015621484234,1.675001366690432,1,0.0,0.028292127583160107,False
M2_N2_L2_25Hz,202,primary,0.4,fx_deconv,wavelet_threshold,,D5AE542AA811BB271B43608A21B17A4F236FBBE9AC270DEB989289FABF2A4219,M2_N2_L2_25Hz_202_primary_g0.4.npy,-1.0587963358493777,0.032478376327224674,0.16076800503538646,1,0.0,0.05340008019672852,False
M2_N2_L2_25Hz,202,primary,0.5,fx_deconv,wavelet_threshold,,EFB01D6C451B9D3BBE394FD11612EE1523732BD2A19174CB3CE4461D2C911CB3,M2_N2_L2_25Hz_202_primary_g0.5.npy,-1.0571487944269755,0.03245053086765758,0.16043157364932475,1,0.0,0.05334168718467799,False
M2_N2_L2_25Hz,202,primary,0.6,fx_deconv,wavelet_threshold,,CB17567368005154B14FBDCCFD4E0F1C37676F028B22580D85560C1F82CDEA59,M2_N2_L2_25Hz_202_primary_g0.6.npy,-1.0553955470885104,0.03242121795158146,0.16008482600029963,1,0.0,0.05328130140332609,False
M2_N2_L2_25Hz,202,secondary,0.4,fx_deconv,svd_lowrank,,A05C06D427B6742DE01D32887CF4261D22E6CDFF8EED79E20942687419E0C0D9,M2_N2_L2_25Hz_202_secondary_g0.4.npy,0.14924204982181166,0.03248948989154373,2.231640451118025,1,0.0,0.05361351074052582,False
M2_N2_L2_25Hz,202,secondary,0.5,fx_deconv,svd_lowrank,,24ADD3A907C50718E28909ECFE92F431ED1F9BB57FCB1AC27206596649947234,M2_N2_L2_25Hz_202_secondary_g0.5.npy,0.1566083707720356,0.03241637106232291,2.238095156495106,1,0.0,0.05346567889587762,False
M2_N2_L2_25Hz,202,secondary,0.6,fx_deconv,svd_lowrank,,9525AF2905FFF669FBA43701E68E681B2035CC5B42320314DD4297161CCCF60C,M2_N2_L2_25Hz_202_secondary_g0.6.npy,0.16419991485621566,0.03234143573095577,2.2447665725574333,1,0.0,0.053312964908523136,False
M2_N2_L2_25Hz,303,primary,0.4,fx_deconv,wavelet_threshold,,B4833001143C7EB0B25B3F3BBD08167020E0B4BD0C63A1708E0BB67B8DBA3526,M2_N2_L2_25Hz_303_primary_g0.4.npy,-0.36165368500803297,0.004507195141311245,0.25952763847043603,1,0.0,0.0281465802684046,False
M2_N2_L2_25Hz,303,primary,0.5,fx_deconv,wavelet_threshold,,F12DF0BEF9399E0355A3C2A395C2AB9146CE469E0E0EA8BC2213BAB159134323,M2_N2_L2_25Hz_303_primary_g0.5.npy,-0.35247032734563,0.004419056693989164,0.2572937227946829,1,0.0,0.02798594175986563,False
M2_N2_L2_25Hz,303,primary,0.6,fx_deconv,wavelet_threshold,,229004B01F40B5FCF0BAFE86875D49AFC706D56F6B82F5228104F11481470FF9,M2_N2_L2_25Hz_303_primary_g0.6.npy,-0.3428730218008127,0.004327733820453218,0.2549950461035918,1,0.0,0.027819705056796488,False
M2_N2_L2_25Hz,303,secondary,0.4,fx_deconv,svd_lowrank,,8C231D5BB3510E5D7DE4CF25AA52027B5E01A0FAF1D4C861929AAD0E1A9683E5,M2_N2_L2_25Hz_303_secondary_g0.4.npy,2.6561378534956255,0.004928995970599423,4.619855067611238,1,0.0,0.029489562973823484,False
M2_N2_L2_25Hz,303,secondary,0.5,fx_deconv,svd_lowrank,,87DF1EB748342450BB9FF90556C0AD04695CA376E61139CF96212AB64332D03B,M2_N2_L2_25Hz_303_secondary_g0.5.npy,2.681666925872065,0.00485998164427613,4.63839571174888,1,0.0,0.029311643565401946,False
M2_N2_L2_25Hz,303,secondary,0.6,fx_deconv,svd_lowrank,,39EA5FD6FBA5EB952B1B6B3B1A9E56AF0D92A5616A9DFD7F5CD02AEF37648E58,M2_N2_L2_25Hz_303_secondary_g0.6.npy,2.7083352425577853,0.004788482530256797,4.657894710406528,1,0.0,0.029128019060909935,False
M2_N2_L2_25Hz,404,primary,0.4,fx_deconv,wavelet_threshold,,2E96D251690BC39BDEADB79DBD852FFF43E5847C17F389F6BACB16F1063B6D96,M2_N2_L2_25Hz_404_primary_g0.4.npy,-1.8585392029804257,0.012356459373211361,0.6121608394559209,1,0.0,0.04022039248324989,False
M2_N2_L2_25Hz,404,primary,0.5,fx_deconv,wavelet_threshold,,86AC9AA179F9D4ADE3EBD7C524788CB4A517CBDC3B2D9FE06A0528AA5B1AE6DE,M2_N2_L2_25Hz_404_primary_g0.5.npy,-1.843426522780403,0.012234758726231346,0.6062130277877948,1,0.0,0.04008950717865066,False
M2_N2_L2_25Hz,404,primary,0.6,fx_deconv,wavelet_threshold,,9B7216FB5AC47F89E8A046C0B37A05424ABA3B45CBF4C1EE0EF80155946D31F5,M2_N2_L2_25Hz_404_primary_g0.6.npy,-1.827105787298203,0.012103962897857715,0.6000208504970308,1,0.0,0.0399514544920527,False
M2_N2_L2_25Hz,404,secondary,0.4,fx_deconv,svd_lowrank,,C8FB1F369E71AB5EFE9D79EE017F20C21EF2C12100FE5EDEF4E5F91DCD05C22C,M2_N2_L2_25Hz_404_secondary_g0.4.npy,-0.2604673337665506,0.01693683816104877,7.32744001188506,1,0.0,0.05266737570275292,False
M2_N2_L2_25Hz,404,secondary,0.5,fx_deconv,svd_lowrank,,D6374EEFFA4B21C4A87E56934036BED1D590CF08F42889D53BFA8C3BC1209240,M2_N2_L2_25Hz_404_secondary_g0.5.npy,-0.23617800417806833,0.016859078506670084,7.373714265416771,1,0.0,0.0525833013572779,False
M2_N2_L2_25Hz,404,secondary,0.6,fx_deconv,svd_lowrank,,1DC1F12225C4DBBAC3549312102C1699A89546542393742BEE8910F5077E3CC3,M2_N2_L2_25Hz_404_secondary_g0.6.npy,-0.20976731210126687,0.01677477834726667,7.424316274120743,1,0.0,0.05249476229575684,False
M2_N2_L2_25Hz,505,primary,0.4,fx_deconv,wavelet_threshold,,FE4D8D58348FCFAC71F9405D9B6E28100393B071EF8494223423DA847355C537,M2_N2_L2_25Hz_505_primary_g0.4.npy,-0.12717940188108479,0.00521485807955591,0.10480959345963514,1,0.0,0.027975636130496334,False
M2_N2_L2_25Hz,505,primary,0.5,fx_deconv,wavelet_threshold,,9750633DC2750E9B74AA86CB521964FED1F2129D84CBB4643AA6E0C64355C91D,M2_N2_L2_25Hz_505_primary_g0.5.npy,-0.12546480732808707,0.005164090186604813,0.1045334010181535,1,0.0,0.02790046001557581,False
M2_N2_L2_25Hz,505,primary,0.6,fx_deconv,wavelet_threshold,,EC1FB7D6108083E3DC08582B7479864D396A31505B28CFAD51F41A814F490ADE,M2_N2_L2_25Hz_505_primary_g0.6.npy,-0.12364661542450062,0.005110676998802323,0.10424783580161284,1,0.0,0.02782248654090985,False
M2_N2_L2_25Hz,505,secondary,0.4,fx_deconv,svd_lowrank,,89622BBAD1546860BF6079A7B08D3DA6E47ABCC192D2C0CD3F51506E55F1F830,M2_N2_L2_25Hz_505_secondary_g0.4.npy,0.7585064766413732,0.005866462687273876,1.3411023444582202,1,0.0,0.02984476238731187,False
M2_N2_L2_25Hz,505,secondary,0.5,fx_deconv,svd_lowrank,,547E2136585B1DF33297853152C255FC88804AD56F2228D49F83FAC7E48D5CFB,M2_N2_L2_25Hz_505_secondary_g0.5.npy,0.7658465397921788,0.0058003502781664084,1.3490031717753168,1,0.0,0.02972729149408841,False
M2_N2_L2_25Hz,505,secondary,0.6,fx_deconv,svd_lowrank,,D3764D506326FF110E5F932DE8AFF7E1C58B1E25A04FAD4D69F5AAA804131F46,M2_N2_L2_25Hz_505_secondary_g0.6.npy,0.7733845902399814,0.0057322299484608465,1.357158994902116,1,0.0,0.029606511857420754,False
M2_N2_L2_40Hz,101,primary,0.4,fx_deconv,wavelet_threshold,,E4D14EDB694DE842C1874E864C374CA8149E36758E5A375E2F9675E313EA21EE,M2_N2_L2_40Hz_101_primary_g0.4.npy,-0.025239929072649492,0.005747944742299393,0.07594805779406429,1,0.0,0.031110506189230586,False
M2_N2_L2_40Hz,101,primary,0.5,fx_deconv,wavelet_threshold,,91D7F3B04BBC3F259AF2C0D50FE0479F1A67A12186EB3B36201333ECAD7D6EED,M2_N2_L2_40Hz_101_primary_g0.5.npy,-0.025239929072649492,0.0057479447422994195,0.07594805779406429,1,0.0,0.031110506189230724,False
M2_N2_L2_40Hz,101,primary,0.6,fx_deconv,wavelet_threshold,,01BCB068A9037E5862994E898DD8B88F75EDC8F608B847DD7CD72DE4961FEE0F,M2_N2_L2_40Hz_101_primary_g0.6.npy,-0.025239929072649048,0.0057479447422994455,0.07594805779406429,1,0.0,0.031110506189231144,False
M2_N2_L2_40Hz,101,secondary,0.4,fx_deconv,svd_lowrank,,11E9FEC62AA5E223BE0AA0783BC1FB8E68C2F9969C9D06BF96A977BDD6584E69,M2_N2_L2_40Hz_101_secondary_g0.4.npy,0.36122167328773847,0.00619718871610756,0.6027718375816599,1,0.0,0.03234664931070562,False
M2_N2_L2_40Hz,101,secondary,0.5,fx_deconv,svd_lowrank,,1B64EB52A2C86E82C1EAD3A405561E86B826E70D76615721E1FF9EFAB3620DD7,M2_N2_L2_40Hz_101_secondary_g0.5.npy,0.3612216732877407,0.0061971887161075875,0.6027718375816624,1,0.0,0.032346649310706035,False
M2_N2_L2_40Hz,101,secondary,0.6,fx_deconv,svd_lowrank,,1075CEC1A5F3B8023D005798CF28A544E49F1453BA8BDF084A1C532280DC9D6C,M2_N2_L2_40Hz_101_secondary_g0.6.npy,0.3612216732877438,0.006197188716107613,0.6027718375816657,1,0.0,0.03234664931070646,False
M2_N2_L2_40Hz,202,primary,0.4,fx_deconv,wavelet_threshold,,5A6BA860DABD5CA9F95F71291B1C0AA5725894680664BC546E56753350FFF187,M2_N2_L2_40Hz_202_primary_g0.4.npy,-0.16125859283066823,0.013386208991853752,0.0898110579628618,2,0.0,0.03904707739288796,False
M2_N2_L2_40Hz,202,primary,0.5,fx_deconv,wavelet_threshold,,B7405EE62637B44395EEEC1097F25B5D8D058F8B91ED03995E1449E75852A943,M2_N2_L2_40Hz_202_primary_g0.5.npy,-0.16125859283066735,0.013386208991853778,0.0898110579628618,2,0.0,0.039047077392888326,False
M2_N2_L2_40Hz,202,primary,0.6,fx_deconv,wavelet_threshold,,6F36A99BF646296F5FFE0AE0645FB2B923009D7203162BFB6AF43426108240D0,M2_N2_L2_40Hz_202_primary_g0.6.npy,-0.16125859283066646,0.013386208991853802,0.0898110579628618,2,0.0,0.039047077392888686,False
M2_N2_L2_40Hz,202,secondary,0.4,fx_deconv,svd_lowrank,,7B10AB256DAFB76F6DE27A044ADBF7E78B618AF253406C3FA120637C467C04AD,M2_N2_L2_40Hz_202_secondary_g0.4.npy,0.3229237730660133,0.013737304425161523,0.7708901251489229,2,0.0,0.04006972319521932,False
M2_N2_L2_40Hz,202,secondary,0.5,fx_deconv,svd_lowrank,,99BA6D0C261BD6FBBD08C9917B63142B6127B7F9B71F590B6AC398A317276E56,M2_N2_L2_40Hz_202_secondary_g0.5.npy,0.32292377306601594,0.013737304425161549,0.7708901251489236,2,0.0,0.040069723195219405,False
M2_N2_L2_40Hz,202,secondary,0.6,fx_deconv,svd_lowrank,,D695E6A299F691595D08B2BA415CBB43031AC576FC6E2AE0788BAB9A5638AACB,M2_N2_L2_40Hz_202_secondary_g0.6.npy,0.3229237730660186,0.013737304425161573,0.7708901251489253,2,0.0,0.040069723195219765,False
M2_N2_L2_40Hz,303,primary,0.4,fx_deconv,wavelet_threshold,,4CBDBBCEBEC6A65E7770863AD470395064A0868454BB95F1392EBD9113076C71,M2_N2_L2_40Hz_303_primary_g0.4.npy,-0.1030082648331403,0.005369118864217111,0.13821538360989485,1,0.0,0.03322134011002146,False
M2_N2_L2_40Hz,303,primary,0.5,fx_deconv,wavelet_threshold,,227483C942023A202C5FA938BEF1BD1552E0DA4CF177C70969B4E037442B8506,M2_N2_L2_40Hz_303_primary_g0.5.npy,-0.1030082648331394,0.005369118864217138,0.13821538360989485,1,0.0,0.03322134011002198,False
M2_N2_L2_40Hz,303,primary,0.6,fx_deconv,wavelet_threshold,,25AA21DFD21A43C03F63D941B22C6709E27B9642B5F5461991845714CD68A2F5,M2_N2_L2_40Hz_303_primary_g0.6.npy,-0.10300826483313763,0.005369118864217163,0.13821538360989485,1,0.0,0.033221340110022236,False
M2_N2_L2_40Hz,303,secondary,0.4,fx_deconv,svd_lowrank,,8A7B123B4FD872D964211D860C44A00A61C09D8819E5D72D597F2ACA2470292A,M2_N2_L2_40Hz_303_secondary_g0.4.npy,0.7325533266627797,0.00602941197191208,1.3195977125473837,1,0.0,0.03489155890733002,False
M2_N2_L2_40Hz,303,secondary,0.5,fx_deconv,svd_lowrank,,0D457A0AEED2CB8A64CC328514556ED7EBEE40301694FFA963A585C34105C208,M2_N2_L2_40Hz_303_secondary_g0.5.npy,0.732553326662785,0.006029411971912106,1.3195977125473881,1,0.0,0.034891558907330415,False
M2_N2_L2_40Hz,303,secondary,0.6,fx_deconv,svd_lowrank,,A20B587A890E19B6F4270C1E0B9439CE02E2FDDEBBB4BEC0D087BAA8BAC824A7,M2_N2_L2_40Hz_303_secondary_g0.6.npy,0.7325533266627913,0.0060294119719121325,1.3195977125473894,1,0.0,0.034891558907330804,False
M2_N2_L2_40Hz,404,primary,0.4,fx_deconv,wavelet_threshold,,91140C3A810B9874CB02CA5B1FA915E4333E4281A23D3FBCD9D2FEDD5EA684E3,M2_N2_L2_40Hz_404_primary_g0.4.npy,-0.42016596676741713,0.010557560486609172,0.3523563211464941,1,0.0,0.0375820358741982,False
M2_N2_L2_40Hz,404,primary,0.5,fx_deconv,wavelet_threshold,,41D08BFA980B90EA07C034EDA8201BE36F380519050F65B1FFE9BA30015F0C59,M2_N2_L2_40Hz_404_primary_g0.5.npy,-0.4201659667674136,0.010557560486609163,0.3523563211464941,1,0.0,0.037582035874198845,False
M2_N2_L2_40Hz,404,primary,0.6,fx_deconv,wavelet_threshold,,819F30973675FDCB4E7B446F43582E3D931E350DCCEB5F0A85A63AFDFC9404DC,M2_N2_L2_40Hz_404_primary_g0.6.npy,-0.42016596676741,0.010557560486609155,0.3523563211464941,1,0.0,0.037582035874199324,False
M2_N2_L2_40Hz,404,secondary,0.4,fx_deconv,svd_lowrank,,DC9BB7562B46A0420664A8280A5D2DF7015EFFD60C53D300768F5C4329289673,M2_N2_L2_40Hz_404_secondary_g0.4.npy,1.754350774080013,0.011174311149590593,3.6391817099010675,1,0.0,0.03913070870736953,False
M2_N2_L2_40Hz,404,secondary,0.5,fx_deconv,svd_lowrank,,B2842B9B1B48721BE80E0CAAA76D07FC24C352933A05BC5D71E1AA80C7E68E0E,M2_N2_L2_40Hz_404_secondary_g0.5.npy,1.7543507740800237,0.011174311149590582,3.6391817099010755,1,0.0,0.03913070870737017,False
M2_N2_L2_40Hz,404,secondary,0.6,fx_deconv,svd_lowrank,,B85FA6EBF981D5C462332AE5D97921F083BC7CD35D45781978C09D6CBDA4E151,M2_N2_L2_40Hz_404_secondary_g0.6.npy,1.7543507740800344,0.01117431114959057,3.6391817099010844,1,0.0,0.039130708707370655,False
M2_N2_L2_40Hz,505,primary,0.4,fx_deconv,wavelet_threshold,,CD57840AD4866746855E560A3D57984C6C7BE2E5D82C6E8504C0545B87440779,M2_N2_L2_40Hz_505_primary_g0.4.npy,-0.025802203037313287,0.006087699360153921,0.0668191628032502,2,0.0,0.0321200701873726,False
M2_N2_L2_40Hz,505,primary,0.5,fx_deconv,wavelet_threshold,,2FE7D54B98DCA419B6F760E7C27575E7524F05B6DD248D1BB918E1BA3C3DD5A1,M2_N2_L2_40Hz_505_primary_g0.5.npy,-0.025802203037313287,0.006087699360153941,0.0668191628032502,2,0.0,0.032120070187373076,False
M2_N2_L2_40Hz,505,primary,0.6,fx_deconv,wavelet_threshold,,3BFEDD4A43E05F44F988515304426461DE403BB1646A0AAFBAF530C6E875C847,M2_N2_L2_40Hz_505_primary_g0.6.npy,-0.025802203037312843,0.006087699360153966,0.0668191628032502,2,0.0,0.032120070187373284,False
M2_N2_L2_40Hz,505,secondary,0.4,fx_deconv,svd_lowrank,,55220DDE8E9D45D0A0C7D8F3920258F8C667E4ACDED1AF6486FBB5E97F8BFFB1,M2_N2_L2_40Hz_505_secondary_g0.4.npy,0.3016854256928021,0.007523407231114962,0.5259168787663836,2,0.0,0.035949292351697644,False
M2_N2_L2_40Hz,505,secondary,0.5,fx_deconv,svd_lowrank,,AD341A7979F1C3D313CD25F90F2DDE55AD3583AD3769861BE1634CE19C67C424,M2_N2_L2_40Hz_505_secondary_g0.5.npy,0.3016854256928032,0.007523407231114983,0.5259168787663862,2,0.0,0.035949292351697956,False
M2_N2_L2_40Hz,505,secondary,0.6,fx_deconv,svd_lowrank,,DFBD47ABC2AAF9C686D4BBDACFFC3C4F4B5490B97ACEED146BA7BF5A2479142F,M2_N2_L2_40Hz_505_secondary_g0.6.npy,0.30168542569280654,0.007523407231115007,0.5259168787663862,2,0.0,0.035949292351698435,False
M2_N2_L3_15Hz,101,primary,0.4,fx_deconv,wavelet_threshold,,6298183E4776FBBBC23AD3FD39C032BD6FE04D31A1BC2D0FE6A8B6EC315243C7,M2_N2_L3_15Hz_101_primary_g0.4.npy,-0.4614354909323435,0.004638533220573466,0.05762403226399592,1,0.0,0.025578413142646757,False
M2_N2_L3_15Hz,101,primary,0.5,fx_deconv,wavelet_threshold,,C5C00D1EDB8C034CAA60FAB37BD6C64D4C09031DC448E8D99AF7983F67B7E985,M2_N2_L3_15Hz_101_primary_g0.5.npy,-0.45727358666068696,0.004598919713440773,0.05763239909534579,1,0.0,0.025511240805843546,False
M2_N2_L3_15Hz,101,primary,0.6,fx_deconv,wavelet_threshold,,BFF1BD2808682EA03B483DD8B7FD11B35D003B6D7A07279840C0DE0AB5D23E2F,M2_N2_L3_15Hz_101_primary_g0.6.npy,-0.45284827029925445,0.004556817663547549,0.05764231277098671,1,0.0,0.02544111206124535,False
M2_N2_L3_15Hz,101,secondary,0.4,fx_deconv,svd_lowrank,,1CB116A88A8ADAC4F221454B59C44A004EAE1E61450EB527A9C90A470E54DEFF,M2_N2_L3_15Hz_101_secondary_g0.4.npy,2.2679145210474836,0.005193481375780632,3.891094934191977,1,0.0,0.027263240046815705,False
M2_N2_L3_15Hz,101,secondary,0.5,fx_deconv,svd_lowrank,,6B1832E9B1F4069BB26412C7B512F82F789E57167F243F26FA09D6FA0F1B4B1A,M2_N2_L3_15Hz_101_secondary_g0.5.npy,2.298663543192969,0.005114601372151876,3.924805301393579,1,0.0,0.027114589963970807,False
M2_N2_L3_15Hz,101,secondary,0.6,fx_deconv,svd_lowrank,,B6003BEE7BBCB34A117F5128CF6301050852EAD58BB805A9A814397FF3A280CD,M2_N2_L3_15Hz_101_secondary_g0.6.npy,2.3306382700078956,0.005032598703400623,3.9598091474025883,1,0.0,0.026960328783487593,False
M2_N2_L3_15Hz,202,primary,0.4,fx_deconv,wavelet_threshold,,562D51F677BBA094709EFE7D0A09B31467064F4CA68753DE92FB145A148D19B1,M2_N2_L3_15Hz_202_primary_g0.4.npy,-9.23781360530547,0.3800841544652077,0.08100281395911012,1,6.0,0.3912253937808957,False
M2_N2_L3_15Hz,202,primary,0.5,fx_deconv,wavelet_threshold,,D98DBAA5D326A0B69E1E612BF05D56079C6695D90C1C39FDBFDF4C88BFB8A0A3,M2_N2_L3_15Hz_202_primary_g0.5.npy,-9.237555109983944,0.38008004269551454,0.08099853777217697,1,6.0,0.39120810602100337,False
M2_N2_L3_15Hz,202,primary,0.6,fx_deconv,wavelet_threshold,,E954A696805FEEF689F9AC4FD47CA0AA0C45E0D55A841D5252A55513473FAEE2,M2_N2_L3_15Hz_202_primary_g0.6.npy,-9.237281644719785,0.38007578269345466,0.08099292922649357,1,6.0,0.3911902373621423,False
M2_N2_L3_15Hz,202,secondary,0.4,fx_deconv,svd_lowrank,,57ACBF4FB2DA098128D7179CCCC967E771C3D7597F42DD0F3C78BE04450F8C0F,M2_N2_L3_15Hz_202_secondary_g0.4.npy,-8.845396394083242,0.38014765836162295,5.97768672084717,1,6.0,0.39169172982157807,False
M2_N2_L3_15Hz,202,secondary,0.5,fx_deconv,svd_lowrank,,393E3B4E580D53574C55E0F4CC9ED58A7766C8C7D0A915D810156E3D18BD0458,M2_N2_L3_15Hz_202_secondary_g0.5.npy,-8.844052931135206,0.38014374028422443,6.010582920450634,1,6.0,0.39167289347523715,False
M2_N2_L3_15Hz,202,secondary,0.6,fx_deconv,svd_lowrank,,A1A182944850476333E7DAC0D5E219B635E0BB8AAE5F8EF6CD6A386CD34383C1,M2_N2_L3_15Hz_202_secondary_g0.6.npy,-8.842658785222726,0.3801397258009319,6.044950013617589,1,6.0,0.3916533220546732,False
M2_N2_L3_15Hz,303,primary,0.4,fx_deconv,wavelet_threshold,,E88BBB85FC0F2B16A4FB0E882EBE2EE4450FA68E54ACCB4C23DD089B0BE35A4E,M2_N2_L3_15Hz_303_primary_g0.4.npy,-2.395891105205587,0.016327245307657286,0.052493254901406224,1,0.0,0.038481987787532944,False
M2_N2_L3_15Hz,303,primary,0.5,fx_deconv,wavelet_threshold,,9BD78FD767C0B0D743B66FE5FB5EE0E41B928A58ED2D7B7D9FE10C78A32DFE1B,M2_N2_L3_15Hz_303_primary_g0.5.npy,-2.3814839246331942,0.016255185088806384,0.052527395976429,1,0.0,0.038319789459969805,False
M2_N2_L3_15Hz,303,primary,0.6,fx_deconv,wavelet_threshold,,F2DFE82496D5C701F0A4789C40AE54A1A00B1471AE07FED05E7B60F69D26D4E9,M2_N2_L3_15Hz_303_primary_g0.6.npy,-2.366561968760781,0.016181767481598767,0.0525646590974093,1,0.0,0.038152657709913815,False
M2_N2_L3_15Hz,303,secondary,0.4,fx_deconv,svd_lowrank,,70162C1E33E1C8505B6C274A529F85FD69F625DDA1E5B335E8CC8122FE57E92D,M2_N2_L3_15Hz_303_secondary_g0.4.npy,-1.0172061476240888,0.01911581566651522,5.985816161802186,1,0.0,0.046258361335129776,False
M2_N2_L3_15Hz,303,secondary,0.5,fx_deconv,svd_lowrank,,7AAA9FC98DF6B0B834233579E73403E0CF0A2BCAA98C268F14670C898E45EF05,M2_N2_L3_15Hz_303_secondary_g0.5.npy,-0.999781947789268,0.019082570779703246,6.0375191647457225,1,0.0,0.04618508526088692,False
M2_N2_L3_15Hz,303,secondary,0.6,fx_deconv,svd_lowrank,,68169E48E828C6D8FA5C2A5D8E86F4CDE2D3656194C849AC4F21817A68B03350,M2_N2_L3_15Hz_303_secondary_g0.6.npy,-0.981674884253664,0.0190483548733869,6.091263442452268,1,0.0,0.04610889214623112,False
M2_N2_L3_15Hz,404,primary,0.4,fx_deconv,wavelet_threshold,,877B580D821898048663E9F60DDBE0CFA8EB6C4C3332F4D2FDA284D023B70906,M2_N2_L3_15Hz_404_primary_g0.4.npy,-9.44040076161785,0.09882820883389344,0.07647005206276528,1,0.0,0.12225503180643196,False
M2_N2_L3_15Hz,404,primary,0.5,fx_deconv,wavelet_threshold,,32CFDAD5037E6D32F3BC7AD4EDD40F3CB9720F2B00929D268C9FF9DDE0784BD9,M2_N2_L3_15Hz_404_primary_g0.5.npy,-9.435150899812852,0.09870323059693378,0.07645478132682565,1,0.0,0.12213505931061754,False
M2_N2_L3_15Hz,404,primary,0.6,fx_deconv,wavelet_threshold,,12725B160295F2FD154361C6D124A62FBA46298413E5FDE0B907B63FCCCC4F27,M2_N2_L3_15Hz_404_primary_g0.6.npy,-9.429526730647494,0.09856938053528129,0.07643922980022855,1,0.0,0.1220097714294568,False
M2_N2_L3_15Hz,404,secondary,0.4,fx_deconv,svd_lowrank,,8BEC408B20F8D1689A9E11660323D5E498E5EFD698E7B29E0536401B3FB2E791,M2_N2_L3_15Hz_404_secondary_g0.4.npy,-9.299518219764375,0.10379194357405022,5.835481282526827,1,0.0,0.1342094971939796,False
M2_N2_L3_15Hz,404,secondary,0.5,fx_deconv,svd_lowrank,,E468E09B84AF2D72B6BEF632F59434F8EACF5161353ED426D3BBDD423EB48BE1,M2_N2_L3_15Hz_404_secondary_g0.5.npy,-9.296447823408194,0.10372705439452168,5.841082529867718,1,0.0,0.13413528327550814,False
M2_N2_L3_15Hz,404,secondary,0.6,fx_deconv,svd_lowrank,,F06A3729E73449DF3437517D339948DA43DA086C384BD864FD9CD67C30AB45CB,M2_N2_L3_15Hz_404_secondary_g0.6.npy,-9.293144686076596,0.10365699647295247,5.846846219177124,1,0.0,0.13405752449383856,False
M2_N2_L3_15Hz,505,primary,0.4,fx_deconv,wavelet_threshold,,8207CDED554912B2773499550FAB73BB9B4C8EC76C59EC2ABFA492A85BBE503F,M2_N2_L3_15Hz_505_primary_g0.4.npy,-0.41546048315584727,0.004710263082073064,0.038648876329953855,1,0.0,0.025657402451633813,False
M2_N2_L3_15Hz,505,primary,0.5,fx_deconv,wavelet_threshold,,CB61FAC4D62F287AF9C2F1FD3CA66F66BB536E774E66BFD2164D7DB624EB084B,M2_N2_L3_15Hz_505_primary_g0.5.npy,-0.4122381309732912,0.004671261077708222,0.03878902232542088,1,0.0,0.02559753688572171,False
M2_N2_L3_15Hz,505,primary,0.6,fx_deconv,wavelet_threshold,,8BC1BAA95638FF85A38762AB15B666DF8122A9DDC934969386DDB2FABC09DA1B,M2_N2_L3_15Hz_505_primary_g0.6.npy,-0.40882920037045345,0.004630056163546447,0.038933853570406025,1,0.0,0.025534838653227036,False
M2_N2_L3_15Hz,505,secondary,0.4,fx_deconv,svd_lowrank,,DCF99AEB03391B8390D03582CF80EE619B2323D4E08E04E351ADF1406198EEC0,M2_N2_L3_15Hz_505_secondary_g0.4.npy,2.0600924985576636,0.005214160226431424,3.463355675603222,1,0.0,0.02632915848212736,False
M2_N2_L3_15Hz,505,secondary,0.5,fx_deconv,svd_lowrank,,6AE9A307BD2F3DC141299C5E675087F32B2A55F294FCE27E6B546FAB9BD6541A,M2_N2_L3_15Hz_505_secondary_g0.5.npy,2.085504739980694,0.005132127113087779,3.4896130610731015,1,0.0,0.026179522970777254,False
M2_N2_L3_15Hz,505,secondary,0.6,fx_deconv,svd_lowrank,,108220E20E529C3EA84E556E7C7F4E785BA223E6E017C9C833F972D48D08BC89,M2_N2_L3_15Hz_505_secondary_g0.6.npy,2.111888677614319,0.00504692046757133,3.5168636023261612,1,0.0,0.026023814238824123,False
M2_N2_L3_25Hz,101,primary,0.4,fx_deconv,wavelet_threshold,,470A686B6095678FBA7A1280FD50213F9B33D95EE11DB3EFDEFE0EB94E791D60,M2_N2_L3_25Hz_101_primary_g0.4.npy,-0.16686226930283965,0.004641918341310777,0.08405666529824554,1,0.0,0.028098127618330467,False
M2_N2_L3_25Hz,101,primary,0.5,fx_deconv,wavelet_threshold,,136B41919AB2ABAA9C067A286A26F0767A1EC06333346CE70D43F6717D5A12B1,M2_N2_L3_25Hz_101_primary_g0.5.npy,-0.1646745252264692,0.004583382028900513,0.08390939173276965,1,0.0,0.028027383164461735,False
M2_N2_L3_25Hz,101,primary,0.6,fx_deconv,wavelet_threshold,,988EE194762B350CA711B1F84F732EA1AF8A8E669814765B5BB9D134632DF520,M2_N2_L3_25Hz_101_primary_g0.6.npy,-0.16236244438687297,0.004521779900514856,0.08375568604372413,1,0.0,0.027953166786120396,False
M2_N2_L3_25Hz,101,secondary,0.4,fx_deconv,svd_lowrank,,65EC18413DF9BA25BE4F9ACBA48A3D855336614B213256440BCCBB067B19ECC0,M2_N2_L3_25Hz_101_secondary_g0.4.npy,0.7195642892921121,0.0057604140380253105,1.361560651308893,1,0.0,0.031209533965261126,False
M2_N2_L3_25Hz,101,secondary,0.5,fx_deconv,svd_lowrank,,34B76754180F92E26355E13A26F46D0B557DE12E1E5AD1AA1EF8BFF9B12E3DAE,M2_N2_L3_25Hz_101_secondary_g0.5.npy,0.7272715883407201,0.0056941660958053355,1.3723429902763535,1,0.0,0.03110933230473833,False
M2_N2_L3_25Hz,101,secondary,0.6,fx_deconv,svd_lowrank,,700447C9587E1C88298E35DD48C48F0EA420DE04B4386EC4900FACD5DE9B9AC2,M2_N2_L3_25Hz_101_secondary_g0.6.npy,0.7352200604354167,0.005625131840387266,1.3835358381810823,1,0.0,0.03100449099190254,False
M2_N2_L3_25Hz,202,primary,0.4,fx_deconv,wavelet_threshold,,5833E379BD2D150FA9BB3C98E1D11089E019F9C12A304E4C63BBA0176154ABF1,M2_N2_L3_25Hz_202_primary_g0.4.npy,-1.0914424906694133,0.03222927851553705,0.11621966884225232,1,0.0,0.05341775860640977,False
M2_N2_L3_25Hz,202,primary,0.5,fx_deconv,wavelet_threshold,,25992E6C08A955C180B828F656507E46F3C55F772500E1893725E252073B9238,M2_N2_L3_25Hz_202_primary_g0.5.npy,-1.0898319785801611,0.03220487248742383,0.11601728546116263,1,0.0,0.05335845186928339,False
M2_N2_L3_25Hz,202,primary,0.6,fx_deconv,wavelet_threshold,,AD384D8B1C6B84A7231A6DE10A02DCB17F90926D066A47DC01E2C5EC5179EE9A,M2_N2_L3_25Hz_202_primary_g0.6.npy,-1.088124145302995,0.03217917221405967,0.11580706722881504,1,0.0,0.05329703782494665,False
M2_N2_L3_25Hz,202,secondary,0.4,fx_deconv,svd_lowrank,,E04AD45AFC45DD7C45BBA865F570DF6D034636E6E56A0C8D385982F322A087D1,M2_N2_L3_25Hz_202_secondary_g0.4.npy,0.1034678913226621,0.032781831197258096,2.220751270334909,1,0.0,0.05530902993306444,False
M2_N2_L3_25Hz,202,secondary,0.5,fx_deconv,svd_lowrank,,041404118B40E329DBBA317B36F2CC7A8A6C97FAB4658FB5D57A0919786147C9,M2_N2_L3_25Hz_202_secondary_g0.5.npy,0.1117131493521697,0.03272155890825624,2.2318423485045114,1,0.0,0.05520267659337873,False
M2_N2_L3_25Hz,202,secondary,0.6,fx_deconv,svd_lowrank,,CFDF3A35983744252492EC5C79F633777A9AE96015B30EA16B6649BA437227A1,M2_N2_L3_25Hz_202_secondary_g0.6.npy,0.120224439123783,0.03265977425402557,2.2433668552175234,1,0.0,0.05509211545480082,False
M2_N2_L3_25Hz,303,primary,0.4,fx_deconv,wavelet_threshold,,23607E1977E24CA50DAD34FDA611378B209D3F2A5E6B5BB9FD9FD429AAC77DEC,M2_N2_L3_25Hz_303_primary_g0.4.npy,-0.4493159323722864,0.004157292335451046,0.12039961718758552,1,0.0,0.02649461382840863,False
M2_N2_L3_25Hz,303,primary,0.5,fx_deconv,wavelet_threshold,,AD0642F44A6FC89C9CD2994367325F238013B015062B0A3EF07BEA5A71923FFC,M2_N2_L3_25Hz_303_primary_g0.5.npy,-0.44005468220727195,0.004078609683121423,0.1196096620497194,1,0.0,0.026354786020842163,False
M2_N2_L3_25Hz,303,primary,0.6,fx_deconv,wavelet_threshold,,83FEFB60452BA555D98B6E7EB312E0593E259CCCE00BA25A47D79B6434F39F8B,M2_N2_L3_25Hz_303_primary_g0.6.npy,-0.43039897225627577,0.003997052764706147,0.11879448045294844,1,0.0,0.026210047265492017,False
M2_N2_L3_25Hz,303,secondary,0.4,fx_deconv,svd_lowrank,,CB9028DC1E8E652FA0A7AAA565BC06D48DF8CD0820A69ABE3F84CB16BA907D5F,M2_N2_L3_25Hz_303_secondary_g0.4.npy,2.286208776313945,0.0047883541578428316,4.122810419303271,1,0.0,0.027554218014620574,False
M2_N2_L3_25Hz,303,secondary,0.5,fx_deconv,svd_lowrank,,0F2D11B0F1EF299AB97FD239DDC0DDCA8A1D9384F9CE2DACD1D72622EF257318,M2_N2_L3_25Hz_303_secondary_g0.5.npy,2.3113068162834,0.0047307005589534885,4.146307285235624,1,0.0,0.027405442938790766,False
M2_N2_L3_25Hz,303,secondary,0.6,fx_deconv,svd_lowrank,,133E89285509C58294441ABEC9120C789CA10A222741F6FE58890584DD0E784F,M2_N2_L3_25Hz_303_secondary_g0.6.npy,2.337541802114931,0.004670904738174258,4.171047715947288,1,0.0,0.027251830442689137,False
M2_N2_L3_25Hz,404,primary,0.4,fx_deconv,wavelet_threshold,,EC337E0C2348395D5133FF63F6B41936FC5E1BFD7A6F4AE9B7CB8D3E0C43189A,M2_N2_L3_25Hz_404_primary_g0.4.npy,-2.037839077442433,0.01185955959190628,0.17476096940110983,1,0.0,0.03966035268841962,False
M2_N2_L3_25Hz,404,primary,0.5,fx_deconv,wavelet_threshold,,0CE1CB5897729AB710E544902EEF8C7BA9776C012587741A4DF5F5DB837B4181,M2_N2_L3_25Hz_404_primary_g0.5.npy,-2.022138140216347,0.01174408851814274,0.17381510111103918,1,0.0,0.0395352711181575,False
M2_N2_L3_25Hz,404,primary,0.6,fx_deconv,wavelet_threshold,,CB4BCAEE630CFF0FB68F15834A9A1B7387CD0991086EEF798C70B5DDB6989876,M2_N2_L3_25Hz_404_primary_g0.6.npy,-2.005253157542759,0.011619980966810812,0.1728274633407403,1,0.0,0.03940321915957302,False
M2_N2_L3_25Hz,404,secondary,0.4,fx_deconv,svd_lowrank,,22FAA3DA6F1CE7D1EAE4B6D42A4AC5B8B7D9CEBF56C38505606D1E1768D40A06,M2_N2_L3_25Hz_404_secondary_g0.4.npy,-0.522599751905874,0.016399699890322517,5.799781020061947,1,0.0,0.0521202361058333,False
M2_N2_L3_25Hz,404,secondary,0.5,fx_deconv,svd_lowrank,,7066966D4A4057D6FB85E1E8F6D0B325712A8ADE7E2DFDEED95387759E8252CC,M2_N2_L3_25Hz_404_secondary_g0.5.npy,-0.501740850839056,0.016329014748077395,5.833130430141961,1,0.0,0.052044342506459826,False
M2_N2_L3_25Hz,404,secondary,0.6,fx_deconv,svd_lowrank,,BED9504071EF3FD48C37A36528D209CDF8518993657DF3802A2A96CCCF6C06B9,M2_N2_L3_25Hz_404_secondary_g0.6.npy,-0.47929125263797445,0.01625236563644731,5.8685962607534625,1,0.0,0.05196433214956875,False
M2_N2_L3_25Hz,505,primary,0.4,fx_deconv,wavelet_threshold,,51CC9541CC9B8316F86DA7CD0152AB37694A61D1CFD859BACE0B4B29E66479B4,M2_N2_L3_25Hz_505_primary_g0.4.npy,-0.1693896926659182,0.004382503121715007,0.04120929742488393,1,0.0,0.027669980045226965,False
M2_N2_L3_25Hz,505,primary,0.5,fx_deconv,wavelet_threshold,,AFA0E9E6166D40B9BBA4F9FA6ED95F7CD34ACF0AFB6885F42A21666BDA5CD7D4,M2_N2_L3_25Hz_505_primary_g0.5.npy,-0.16776132042251035,0.00434310187529922,0.04128557655479764,1,0.0,0.02760317568310123,False
M2_N2_L3_25Hz,505,primary,0.6,fx_deconv,wavelet_threshold,,FC0C984272FF38D36C4DAB5F1E2AA0578833BAB2F3533D7EC8DF9D3EF191876B,M2_N2_L3_25Hz_505_primary_g0.6.npy,-0.16604164698662327,0.004301584046619757,0.04136469630883779,1,0.0,0.02753358013855148,False
M2_N2_L3_25Hz,505,secondary,0.4,fx_deconv,svd_lowrank,,67C1CC449B8F9B8276720A262FDAE035D9CD4E6E9888FF74203BE4A7DBFA40BB,M2_N2_L3_25Hz_505_secondary_g0.4.npy,0.7202372975013311,0.005036957594126925,1.2846315494886533,1,0.0,0.02860440592930868,False
M2_N2_L3_25Hz,505,secondary,0.5,fx_deconv,svd_lowrank,,0517675CCD12AA6D4FF94FB80733FC000AA16B9240AD38C56C72786D8EAE0C97,M2_N2_L3_25Hz_505_secondary_g0.5.npy,0.7293876805496415,0.004998290896378402,1.2974495334462242,1,0.0,0.0285212649585233,False
M2_N2_L3_25Hz,505,secondary,0.6,fx_deconv,svd_lowrank,,821BD65098D81F0DD199F3D9BE73C111FD34BE0EAC16891D23B8D82E96AF1589,M2_N2_L3_25Hz_505_secondary_g0.6.npy,0.7387802806142751,0.004958493487667461,1.3107338720071902,1,0.0,0.02843555160382547,False
M2_N2_L3_40Hz,101,primary,0.4,fx_deconv,wavelet_threshold,,0649FA27EF4BA0FC4436FD7D41947BB3F211BF728E0C09677729A4A79D5BA241,M2_N2_L3_40Hz_101_primary_g0.4.npy,-0.0339133236070972,0.006097576088843068,0.07675994915326997,1,0.0,0.03341165871254326,False
M2_N2_L3_40Hz,101,primary,0.5,fx_deconv,wavelet_threshold,,9B96250D221895BE418824121291DEC5406C7A995A4AAE9CA5E7FBDDB7F0AF7B,M2_N2_L3_40Hz_101_primary_g0.5.npy,-0.03391332360709676,0.006097576088843084,0.07675994915326997,1,0.0,0.033411658712543535,False
M2_N2_L3_40Hz,101,primary,0.6,fx_deconv,wavelet_threshold,,2B764D4F8ADDF71CC1671C92D77829B46FE4D63C02F2A64A05ACCFAAB17B5A15,M2_N2_L3_40Hz_101_primary_g0.6.npy,-0.03391332360709676,0.006097576088843103,0.07675994915326997,1,0.0,0.03341165871254382,False
M2_N2_L3_40Hz,101,secondary,0.4,fx_deconv,svd_lowrank,,8A3AB37950BEACB79805E624049F1E958443A97424EA399D1EAFC0EABD2B7A95,M2_N2_L3_40Hz_101_secondary_g0.4.npy,0.3460777621884632,0.00712668309804628,0.6024992610577954,1,0.0,0.03550422919140722,False
M2_N2_L3_40Hz,101,secondary,0.5,fx_deconv,svd_lowrank,,C4D280693B28DBCCDA924DDAD7FF1A1DA615BFA0E7F3380794125CD2249214DB,M2_N2_L3_40Hz_101_secondary_g0.5.npy,0.3460777621884654,0.0071266830980463,0.6024992610577954,1,0.0,0.035504229191407645,False
M2_N2_L3_40Hz,101,secondary,0.6,fx_deconv,svd_lowrank,,08D18E85ED1AEDB020C63A349DABC9F2AAC6B98F0A4CD0CB568E900979ADDBD7,M2_N2_L3_40Hz_101_secondary_g0.6.npy,0.34607776218846675,0.007126683098046322,0.6024992610577987,1,0.0,0.03550422919140792,False
M2_N2_L3_40Hz,202,primary,0.4,fx_deconv,wavelet_threshold,,4304D2EFF59313FC888C60DF2057C3A1724C578E34C82A10341ED1F1AE8C93AB,M2_N2_L3_40Hz_202_primary_g0.4.npy,-0.1687296161361478,0.013642242522768657,0.09197479469493477,2,0.0,0.040750681415444176,False
M2_N2_L3_40Hz,202,primary,0.5,fx_deconv,wavelet_threshold,,C669ACA427669616B310F92D640C08677084B6775756DF511A17B52A84D6D90C,M2_N2_L3_40Hz_202_primary_g0.5.npy,-0.1687296161361478,0.013642242522768673,0.09197479469493477,2,0.0,0.04075068141544444,False
M2_N2_L3_40Hz,202,primary,0.6,fx_deconv,wavelet_threshold,,A0542AD5C694806B3FBCCDDC5EBC0BDAAB6CA07E721E781D727A6E7CF802A3AE,M2_N2_L3_40Hz_202_primary_g0.6.npy,-0.16872961613614645,0.013642242522768694,0.09197479469493477,2,0.0,0.0407506814154449,False
M2_N2_L3_40Hz,202,secondary,0.4,fx_deconv,svd_lowrank,,3E951A34D5CDF2F78C8EA6A756B714637334A1180CDB72CA1ACFA3CEA48FADDC,M2_N2_L3_40Hz_202_secondary_g0.4.npy,0.29950649211273994,0.014140528990246846,0.7567196456711118,2,0.0,0.04239738722491396,False
M2_N2_L3_40Hz,202,secondary,0.5,fx_deconv,svd_lowrank,,DBB8CEDD5CBF3F5D5A8C4400D0F3CBEC9BAA44B63F832057BFE2081DF4B8DF16,M2_N2_L3_40Hz_202_secondary_g0.5.npy,0.2995064921127426,0.014140528990246867,0.7567196456711135,2,0.0,0.04239738722491432,False
M2_N2_L3_40Hz,202,secondary,0.6,fx_deconv,svd_lowrank,,BF0F1A3F407836E3670BE6E902C4E495E9C8B81A7CA0A84D837DFD860BB13C51,M2_N2_L3_40Hz_202_secondary_g0.6.npy,0.2995064921127444,0.014140528990246886,0.7567196456711135,2,0.0,0.0423973872249145,False
M2_N2_L3_40Hz,303,primary,0.4,fx_deconv,wavelet_threshold,,82418CAA00D5E8412601FA5155BCD037B0B6921C9BEFCE74168ECC767DE19569,M2_N2_L3_40Hz_303_primary_g0.4.npy,-0.12868462414323645,0.005531584896569447,0.1134821316433777,1,0.0,0.03140512259350045,False
M2_N2_L3_40Hz,303,primary,0.5,fx_deconv,wavelet_threshold,,27A86B785414E9F4F339FDFC50C439D6A3EA87925E86D307656E6BA0B43EA9FF,M2_N2_L3_40Hz_303_primary_g0.5.npy,-0.12868462414323467,0.005531584896569466,0.1134821316433777,1,0.0,0.03140512259350071,False
M2_N2_L3_40Hz,303,primary,0.6,fx_deconv,wavelet_threshold,,271AA383E6A27ED0646652FFED4350300F65DA2F00C1DB06C0C2361C035D0529,M2_N2_L3_40Hz_303_primary_g0.6.npy,-0.12868462414323378,0.005531584896569488,0.1134821316433777,1,0.0,0.03140512259350097,False
M2_N2_L3_40Hz,303,secondary,0.4,fx_deconv,svd_lowrank,,6735A26B33EC02576702210BB6D5F05F1F9FFB1D0559523E3C7CD5A4C10BCE46,M2_N2_L3_40Hz_303_secondary_g0.4.npy,0.6302665709366764,0.006562328374555121,1.2144626063320343,1,0.0,0.03268574195092582,False
M2_N2_L3_40Hz,303,secondary,0.5,fx_deconv,svd_lowrank,,9B62849B6012F59C9DD01F2A83BC297C3C733ECA202D971A9E13A4955FEACF6D,M2_N2_L3_40Hz_303_secondary_g0.5.npy,0.6302665709366799,0.0065623283745551405,1.2144626063320356,1,0.0,0.032685741950926085,False
M2_N2_L3_40Hz,303,secondary,0.6,fx_deconv,svd_lowrank,,DFE73EF3FEF9D8A637EE94A503AE4A87EDD47778BF2E3A96E000707DF8825191,M2_N2_L3_40Hz_303_secondary_g0.6.npy,0.6302665709366835,0.006562328374555163,1.2144626063320365,1,0.0,0.032685741950926474,False
M2_N2_L3_40Hz,404,primary,0.4,fx_deconv,wavelet_threshold,,3F182D59AE8969A0869D29B3DA50B7293A669C1D69D78CA7F0934EFBD1962DB5,M2_N2_L3_40Hz_404_primary_g0.4.npy,-0.5341791541486636,0.00965513839056613,0.17810310297315754,1,0.0,0.038069012890955316,False
M2_N2_L3_40Hz,404,primary,0.5,fx_deconv,wavelet_threshold,,66ADEF8DE0782735EFAA69B502F337A5B97359C9637B96DC0DEDCA2D752A1C82,M2_N2_L3_40Hz_404_primary_g0.5.npy,-0.53417915414866,0.009655138390566118,0.17810310297315943,1,0.0,0.0380690128909558,False
M2_N2_L3_40Hz,404,primary,0.6,fx_deconv,wavelet_threshold,,64332BDAE6A16C781FF5CBCBEDB5C186D7C5EC134DBA7C8827AC835F820CD6C9,M2_N2_L3_40Hz_404_primary_g0.6.npy,-0.5341791541486582,0.009655138390566103,0.17810310297315943,1,0.0,0.03806901289095628,False
M2_N2_L3_40Hz,404,secondary,0.4,fx_deconv,svd_lowrank,,098B01EC48CAE99935FA6787CA50B2F73B2EFB4B3165EB3A2C548542A49467E9,M2_N2_L3_40Hz_404_secondary_g0.4.npy,1.5186967099314153,0.010831369918888237,3.379383171748761,1,0.0,0.040134722858898665,False
M2_N2_L3_40Hz,404,secondary,0.5,fx_deconv,svd_lowrank,,5BCF320B5A43D6FAFDB8BC9DEDD836B2C05D1496ED4DB3C8D23EBDA36FBAD202,M2_N2_L3_40Hz_404_secondary_g0.5.npy,1.5186967099314277,0.010831369918888223,3.3793831717487715,1,0.0,0.040134722858898984,False
M2_N2_L3_40Hz,404,secondary,0.6,fx_deconv,svd_lowrank,,FAA309F7EF1B0A9F3A85D054952DE1F5B396B1FF41BC6E5C1FCB5C112DE872A7,M2_N2_L3_40Hz_404_secondary_g0.6.npy,1.5186967099314383,0.010831369918888212,3.379383171748786,1,0.0,0.04013472285889963,False
M2_N2_L3_40Hz,505,primary,0.4,fx_deconv,wavelet_threshold,,48946726175247DFC89F495EC1660C47A14F7184BBD3FD20C20A3E3C10FA756B,M2_N2_L3_40Hz_505_primary_g0.4.npy,-0.044959248833495336,0.0058016932880610725,0.05055625399486965,2,0.0,0.03832121526774724,False
M2_N2_L3_40Hz,505,primary,0.5,fx_deconv,wavelet_threshold,,C7C242AC702758465D9702A5FE255544C46FA58523B0E24794CF852822B708BC,M2_N2_L3_40Hz_505_primary_g0.5.npy,-0.04495924883349467,0.0058016932880610925,0.05055625399486965,2,0.0,0.038321215267747344,False
M2_N2_L3_40Hz,505,primary,0.6,fx_deconv,wavelet_threshold,,4EB99A120251AE9D94F96836401EEAC0825E98DF7A0B73CE7DC6AE0882EDAA6D,M2_N2_L3_40Hz_505_primary_g0.6.npy,-0.04495924883349467,0.005801693288061114,0.05055625399486965,2,0.0,0.03832121526774744,False
M2_N2_L3_40Hz,505,secondary,0.4,fx_deconv,svd_lowrank,,2FC4F6A8CA326255C13E5352C6B884FDA09F488B237B42A952C667347753BCAC,M2_N2_L3_40Hz_505_secondary_g0.4.npy,0.2588738034991287,0.007287980675655426,0.47882288187656774,2,0.0,0.03830993096228796,False
M2_N2_L3_40Hz,505,secondary,0.5,fx_deconv,svd_lowrank,,12F1865EBC2AE6C512FBF8CA118A02356727F503A0A924921A559B1975E09352,M2_N2_L3_40Hz_505_secondary_g0.5.npy,0.2588738034991296,0.007287980675655445,0.47882288187656774,2,0.0,0.03830993096228806,False
M2_N2_L3_40Hz,505,secondary,0.6,fx_deconv,svd_lowrank,,8EE374CD93E21F3D7A7FDB2CD76A097978A4DA9777176B48B237E0ACA0A94797,M2_N2_L3_40Hz_505_secondary_g0.6.npy,0.2588738034991307,0.007287980675655466,0.4788228818765686,2,0.0,0.03830993096228821,False
M2_N3_L1_15Hz,101,primary,0.4,fx_deconv,wavelet_threshold,,1D28F0608D76EE5C91E220E1DF97FC443ADD0546CDE88D8BA73306686E3E6C9B,M2_N3_L1_15Hz_101_primary_g0.4.npy,-0.06832913609533264,0.012062411500019367,0.597509627252676,1,0.0,0.01868057889766702,False
M2_N3_L1_15Hz,101,primary,0.5,fx_deconv,wavelet_threshold,,5F13AE1882FFE9D5913F9277E142AECEFE76DBC572626BB1AB886CE6BCF204B9,M2_N3_L1_15Hz_101_primary_g0.5.npy,-0.061132778255826636,0.011964577636899612,0.5961506475507362,1,0.0,0.018523197390401654,False
M2_N3_L1_15Hz,101,primary,0.6,fx_deconv,wavelet_threshold,,EF2273A877E309DB7ADEFADA10102754A38D5CFF2B88F97DFFAEECA95F5FF27E,M2_N3_L1_15Hz_101_primary_g0.6.npy,-0.05360777096340996,0.011862379326441084,0.5947279250333226,1,0.0,0.018359944142689245,False
M2_N3_L1_15Hz,101,secondary,0.4,fx_deconv,svd_lowrank,,DAFE4F4128799C7EF380BB727D078CD49C133EC99EB84993D5365FC559812F77,M2_N3_L1_15Hz_101_secondary_g0.4.npy,1.957672917601009,0.01187088165861418,3.5472457575655536,1,1.999999999999993,0.02088064813282009,False
M2_N3_L1_15Hz,101,secondary,0.5,fx_deconv,svd_lowrank,,787F1450492D7185A9BCBB987A00776055441DB07882C74DCD769C0082A8B2F5,M2_N3_L1_15Hz_101_secondary_g0.5.npy,1.9742715109980367,0.011757716504952895,3.5520707548528687,1,1.999999999999993,0.020695465884353136,False
M2_N3_L1_15Hz,101,secondary,0.6,fx_deconv,svd_lowrank,,03B6C764831152E8A6C31983D1A629B9C08ED22E03421EF5012AEA9CD2EBC189,M2_N3_L1_15Hz_101_secondary_g0.6.npy,1.991604886007428,0.011640269834315245,3.5571999044182596,1,1.999999999999993,0.0205037920838518,False
M2_N3_L1_15Hz,202,primary,0.4,fx_deconv,wavelet_threshold,,9312DCAC21649A6F5BDAB14D4F637CC8515D3FA03E925918418308B11344697A,M2_N3_L1_15Hz_202_primary_g0.4.npy,-7.149907025493946,0.38530830725304677,0.6146284417093762,1,6.0,0.38430908708972794,False
M2_N3_L1_15Hz,202,primary,0.5,fx_deconv,wavelet_threshold,,7572F0C7398EA69F3787A5F8F892BBAE89530CF6A5473B4A16E0E47713F43FCE,M2_N3_L1_15Hz_202_primary_g0.5.npy,-7.149233906392668,0.385289535582505,0.614043747133826,1,6.0,0.3842830143687179,False
M2_N3_L1_15Hz,202,primary,0.6,fx_deconv,wavelet_threshold,,6E9FDE9FA0FED94090E5A132A65D74E95F5D4E4E7DBD3A3903701687E869FD44,M2_N3_L1_15Hz_202_primary_g0.6.npy,-7.148526957047524,0.38526989196175454,0.6134414611725482,1,6.0,0.38425768320376125,False
M2_N3_L1_15Hz,202,secondary,0.4,fx_deconv,svd_lowrank,,E6C8371A9E5CC7F9423986092953FEB0B43C550C589D32C5F8C11B44B98BED6E,M2_N3_L1_15Hz_202_secondary_g0.4.npy,-6.781429338007259,0.38440170963508924,3.904485157113253,1,6.0,0.38593902316009776,False
M2_N3_L1_15Hz,202,secondary,0.5,fx_deconv,svd_lowrank,,F661F47CA81392191A0BD3F87659E0A3C7320AEB5866FC6957181DEE56745C6E,M2_N3_L1_15Hz_202_secondary_g0.5.npy,-6.780583287402679,0.38437515083213947,3.9045183410017126,1,6.0,0.3859125675821618,False
M2_N3_L1_15Hz,202,secondary,0.6,fx_deconv,svd_lowrank,,5051FAE90EF780EF9C683F9031BC2606D98E762577C2DC98A28F6DEDED81DB6C,M2_N3_L1_15Hz_202_secondary_g0.6.npy,-6.7797004156774605,0.3843475740722141,3.904583046549528,1,6.0,0.3858866607128544,False
M2_N3_L1_15Hz,303,primary,0.4,fx_deconv,wavelet_threshold,,B7BB82E2199102ADF847DCCB0D6C01A3ABBEA61782DA5DB48B45995C4315C6D3,M2_N3_L1_15Hz_303_primary_g0.4.npy,-0.5495138848232397,0.02484789864807402,0.5936197708754967,1,0.0,0.029095164245708464,False
M2_N3_L1_15Hz,303,primary,0.5,fx_deconv,wavelet_threshold,,28652CED956BF88EE8C8279347813F4DFA8884D7820898E9AA92FF84022FD25A,M2_N3_L1_15Hz_303_primary_g0.5.npy,-0.5445813367261785,0.024779695221031465,0.5919416462011661,1,0.0,0.028950772958423906,False
M2_N3_L1_15Hz,303,primary,0.6,fx_deconv,wavelet_threshold,,EEF206659DFD9BD2B847D7F85FBAE0D2A0A355CA6731286A9578900FE030EFCD,M2_N3_L1_15Hz_303_primary_g0.6.npy,-0.5394646866424555,0.02471012785308063,0.5901992861359324,1,0.0,0.028801943754488444,False
M2_N3_L1_15Hz,303,secondary,0.4,fx_deconv,svd_lowrank,,67F3C7965ED75BCC7ED70919D8166C25ED8E1D264EA75E50927EB86F0CAA9993,M2_N3_L1_15Hz_303_secondary_g0.4.npy,1.231273344423128,0.024410855390131155,3.59086430875084,1,0.0,0.031621104241110004,False
M2_N3_L1_15Hz,303,secondary,0.5,fx_deconv,svd_lowrank,,8B1482B55FE5B39F186EA04FD339D6F6FBC470A837076422943DC950E8F01DB0,M2_N3_L1_15Hz_303_secondary_g0.5.npy,1.2424607645570607,0.02432930283787963,3.5969183739676556,1,0.0,0.031450585014420114,False
M2_N3_L1_15Hz,303,secondary,0.6,fx_deconv,svd_lowrank,,01442251892640D96EBB498B63FD2CC10A66E58806642D9CD58635253FA0F19E,M2_N3_L1_15Hz_303_secondary_g0.6.npy,1.2540843370025705,0.02424665393069923,3.603348337927286,1,0.0,0.03127489884043363,False
M2_N3_L1_15Hz,404,primary,0.4,fx_deconv,wavelet_threshold,,507563331B0B5C1716C934627878A919F4EFA167DA2D2BB900F4CD61ED64FB70,M2_N3_L1_15Hz_404_primary_g0.4.npy,-3.1370559203039408,0.11209062459454336,0.5685690707113826,1,0.0,0.1104336336313285,False
M2_N3_L1_15Hz,404,primary,0.5,fx_deconv,wavelet_threshold,,F64189E89242A31E02530D7A2BE9AB869F24B29AB51845DCF32013C03C706077,M2_N3_L1_15Hz_404_primary_g0.5.npy,-3.1320451467800625,0.11188711748519337,0.566830622942706,1,0.0,0.11023204459624578,False
M2_N3_L1_15Hz,404,primary,0.6,fx_deconv,wavelet_threshold,,C53C5682825C6F1BDDB7CDF6A18C481BAE293AF9233F48D19A6D76BA0CAE8700,M2_N3_L1_15Hz_404_primary_g0.6.npy,-3.1267479472505624,0.11167229676318825,0.5650157533440507,1,0.0,0.11002323659510792,False
M2_N3_L1_15Hz,404,secondary,0.4,fx_deconv,svd_lowrank,,F4F7D7EFC41CB608CD9F05BCD9B2A9A27D73AD3026228B939FF0AB63FC410A7D,M2_N3_L1_15Hz_404_secondary_g0.4.npy,-2.2735004984136484,0.11132677513321414,3.5110805236972316,1,0.0,0.11389529431924067,False
M2_N3_L1_15Hz,404,secondary,0.5,fx_deconv,svd_lowrank,,D5B2217530DF87CBD0E24DD7072663B42D8E615A27DFEB6A009345F9D156087E,M2_N3_L1_15Hz_404_secondary_g0.5.npy,-2.267710882604872,0.11117259376004042,3.5159868390062683,1,0.0,0.11374322992880674,False
M2_N3_L1_15Hz,404,secondary,0.6,fx_deconv,svd_lowrank,,9C97383C58085DF9E9FD5E8D75AF364B1ED1B7F8B9E7225A52D9F474C8A161BA,M2_N3_L1_15Hz_404_secondary_g0.6.npy,-2.2615612831440224,0.11100866889139689,3.5212045496060353,1,0.0,0.1135855679903995,False
M2_N3_L1_15Hz,505,primary,0.4,fx_deconv,wavelet_threshold,,4332CBDBD5A56FE0ACBAB0ADC4DAE2548D3ACA8F08FA08ECFB1F451B0F79879C,M2_N3_L1_15Hz_505_primary_g0.4.npy,-0.017232412746816195,0.01075780025517014,0.7001902431125818,1,2.0,0.014715601394670376,False
M2_N3_L1_15Hz,505,primary,0.5,fx_deconv,wavelet_threshold,,46918CBB8C0F89E4622B277D9BD896315971B71958A5ADC94176A44CE455851F,M2_N3_L1_15Hz_505_primary_g0.5.npy,-0.011207245378987096,0.010675190948451107,0.6985774286323332,1,2.0,0.014593985949792516,False
M2_N3_L1_15Hz,505,primary,0.6,fx_deconv,wavelet_threshold,,A6791531E245C430E92BBC5099BDA6273831BC898FE19E105A8F3FA76F06F779,M2_N3_L1_15Hz_505_primary_g0.6.npy,-0.004897102636970629,0.010588951954047828,0.6969192101044057,1,2.0,0.014467445143151623,False
M2_N3_L1_15Hz,505,secondary,0.4,fx_deconv,svd_lowrank,,5EA9F7BF93A0E126B49F0E495BC7C2BD331DAC874060D74D5DB76948660D552B,M2_N3_L1_15Hz_505_secondary_g0.4.npy,2.0462333980649987,0.010177201289321088,3.714636601171559,1,2.0,0.01680345677677855,False
M2_N3_L1_15Hz,505,secondary,0.5,fx_deconv,svd_lowrank,,9EC1D77955162330BC1862A76792AFD93DF388A5CB481F2002AA5911DBBEEF73,M2_N3_L1_15Hz_505_secondary_g0.5.npy,2.0608759804115557,0.010060985315165161,3.7156417514744837,1,0.0,0.01660678353834877,False
M2_N3_L1_15Hz,505,secondary,0.6,fx_deconv,svd_lowrank,,4CB049C50B7E17564353A815C89DF6917097A394BA011AE28A7E01E9D2222186,M2_N3_L1_15Hz_505_secondary_g0.6.npy,2.076098398062923,0.009941024288331818,3.71675016942147,1,0.0,0.016402908251544803,False
M2_N3_L1_25Hz,101,primary,0.4,fx_deconv,wavelet_threshold,,5EFE039778BF39D4B41F78E32BE717D9FDC12926265EE230C38AF8890CE6BE82,M2_N3_L1_25Hz_101_primary_g0.4.npy,-0.200883995946203,0.008194678958889584,0.2649521013930053,1,0.0,0.01696024227988012,False
M2_N3_L1_25Hz,101,primary,0.5,fx_deconv,wavelet_threshold,,4BE920CB64D3262035204DDE09DE489C6058E96AC601F8E9BB6828D650A512BB,M2_N3_L1_25Hz_101_primary_g0.5.npy,-0.1955301106335412,0.00813439137751656,0.2646191748536724,1,0.0,0.016851581379874785,False
M2_N3_L1_25Hz,101,primary,0.6,fx_deconv,wavelet_threshold,,D2768CE3B915C12C80689DB89D899ADBA6851C3088BD06A203B724F1FB48ED65,M2_N3_L1_25Hz_101_primary_g0.6.npy,-0.18991752626529212,0.008071411563641433,0.26426968211394236,1,0.0,0.016738598226342525,False
M2_N3_L1_25Hz,101,secondary,0.4,fx_deconv,svd_lowrank,,BDE02EF43AB8C3A7B6460FDAD539E2BFE2DDF07287851FEEFCA6C47CE9242B17,M2_N3_L1_25Hz_101_secondary_g0.4.npy,1.877706558400762,0.007634100862979143,3.18722630913417,1,0.0,0.01898778284894837,False
M2_N3_L1_25Hz,101,secondary,0.5,fx_deconv,svd_lowrank,,D940E3D0BC2B938A8CC6FB73EA111ECECFDCB610DEFAE5CBD47A5A8977EF6D41,M2_N3_L1_25Hz_101_secondary_g0.5.npy,1.8924539702244356,0.007548925027751238,3.1930917424032805,1,0.0,0.01883200168043469,False
M2_N3_L1_25Hz,101,secondary,0.6,fx_deconv,svd_lowrank,,26495464505F3649A42DD3D32BC3BBDABC90196FD6B7B5268C04618F1AD12837,M2_N3_L1_25Hz_101_secondary_g0.6.npy,1.9077997829129423,0.007461144523982185,3.1992654166026235,1,0.0,0.018670461616135066,False
M2_N3_L1_25Hz,202,primary,0.4,fx_deconv,wavelet_threshold,,288F52EF4AE511407270E4548BEED1DBA5FBD22F663D34B21CCC09D19894C199,M2_N3_L1_25Hz_202_primary_g0.4.npy,-1.3699434905639851,0.03650432957977627,0.2442453618154306,1,0.0,0.044201487855082204,False
M2_N3_L1_25Hz,202,primary,0.5,fx_deconv,wavelet_threshold,,B54D11827313CB83530FEE74490A5D5BA06435BA0063A93D5FBA6A4992E973A4,M2_N3_L1_25Hz_202_primary_g0.5.npy,-1.3663581649336116,0.036463570367269986,0.24424225635762922,1,0.0,0.04410931073151582,False
M2_N3_L1_25Hz,202,primary,0.6,fx_deconv,wavelet_threshold,,A0625A4959F7E56CE22CC9AF78C962889BB948B9B0951D96E4B1962C28244E65,M2_N3_L1_25Hz_202_primary_g0.6.npy,-1.3626047636980445,0.03642119884595421,0.24423407675364694,1,0.0,0.04401423508114158,False
M2_N3_L1_25Hz,202,secondary,0.4,fx_deconv,svd_lowrank,,BA917B57FA41DB3E8CFC26B6544585464F188F4F8C48652BADDA6455836B44F0,M2_N3_L1_25Hz_202_secondary_g0.4.npy,0.1856474316989285,0.03542826018977869,3.2443710141609805,1,0.0,0.046180669063245784,False
M2_N3_L1_25Hz,202,secondary,0.5,fx_deconv,svd_lowrank,,4B7DC2262221F90FE3F4F963005AFFDEF4F7FE788627DD9EA6F2C61E8A2E3D23,M2_N3_L1_25Hz_202_secondary_g0.5.npy,0.19270026563817666,0.03535943158051415,3.244084836982034,1,0.0,0.04603935721947118,False
M2_N3_L1_25Hz,202,secondary,0.6,fx_deconv,svd_lowrank,,37BC85AD166D2A3B936C95AB05CF2130DAACA73F29991BB8E545D46553E54F87,M2_N3_L1_25Hz_202_secondary_g0.6.npy,0.2000052021719263,0.03528882136086001,3.2438072517370147,1,0.0,0.04589384869624522,False
M2_N3_L1_25Hz,303,primary,0.4,fx_deconv,wavelet_threshold,,A86F57B079E664F64FFC8805AB82284105EE93A80F2229D07CC4CE5B25960061,M2_N3_L1_25Hz_303_primary_g0.4.npy,-0.18737926035058017,0.009135519541090693,0.28858150941481997,1,0.0,0.018525696623385896,False
M2_N3_L1_25Hz,303,primary,0.5,fx_deconv,wavelet_threshold,,039563DA692AC6831E310256729F04AA88C669D9E28F32D862CF8D4C7E16BC95,M2_N3_L1_25Hz_303_primary_g0.5.npy,-0.18253806805072692,0.009087808851114364,0.2878536589250364,1,0.0,0.018423135251355895,False
M2_N3_L1_25Hz,303,primary,0.6,fx_deconv,wavelet_threshold,,37EE8D6EE3FC22E4F13EDF5793F1CE860C5040F161ABB35D6900D850FA3C4FAB,M2_N3_L1_25Hz_303_primary_g0.6.npy,-0.17746190091560088,0.009037944565629697,0.2870837465938596,1,0.0,0.018317061271875726,False
M2_N3_L1_25Hz,303,secondary,0.4,fx_deconv,svd_lowrank,,C89BB5FE90FA9410FC3BDE7C57348E7B880887DFE597E794996D8D922A549B3A,M2_N3_L1_25Hz_303_secondary_g0.4.npy,1.9445412967727105,0.008357710527677477,3.3250832447108043,1,0.0,0.021825432988836147,False
M2_N3_L1_25Hz,303,secondary,0.5,fx_deconv,svd_lowrank,,EB31B9830CF8427D8CF228752E55B0C7A261EA86EDF5390A1C6A148F407772F1,M2_N3_L1_25Hz_303_secondary_g0.5.npy,1.9611147062014869,0.008291623330319398,3.3382830323093584,1,0.0,0.02168718101883839,False
M2_N3_L1_25Hz,303,secondary,0.6,fx_deconv,svd_lowrank,,CB211DF608FDF570F351014647094F5A61A69F16294E75390D0D818C3F8BA1EB,M2_N3_L1_25Hz_303_secondary_g0.6.npy,1.978427918203689,0.008223237933496245,3.352186942414001,1,0.0,0.021544622077386465,False
M2_N3_L1_25Hz,404,primary,0.4,fx_deconv,wavelet_threshold,,F07F08007AE1748FF908E0DD4CF3D72865C884AD2224D5D90576684AFDABC8E9,M2_N3_L1_25Hz_404_primary_g0.4.npy,-0.506134077249472,0.02247912329627598,0.23615434000261665,1,0.0,0.022754098187696394,False
M2_N3_L1_25Hz,404,primary,0.5,fx_deconv,wavelet_threshold,,32073A99A80FB5B6C71E839A0FA52225770193A424D7DD9AB69DF586EB2156BC,M2_N3_L1_25Hz_404_primary_g0.5.npy,-0.49735284442894034,0.022301577687467468,0.23542721440958242,1,0.0,0.022547198358074873,False
M2_N3_L1_25Hz,404,primary,0.6,fx_deconv,wavelet_threshold,,01D5A1D0429A0267BB21FD6A4A8DA9E8FB2BD0388A3E3D38A00B28DB9435D4A3,M2_N3_L1_25Hz_404_primary_g0.6.npy,-0.48803425081973906,0.022113305261537434,0.23466134650992929,1,0.0,0.02232971947016477,False
M2_N3_L1_25Hz,404,secondary,0.4,fx_deconv,svd_lowrank,,5BF205E46002CE7575A0AF08C8C6F38969967DD9108A2F9950F72318E66E7775,M2_N3_L1_25Hz_404_secondary_g0.4.npy,1.3599302036759493,0.020484014381488107,3.147053927629196,1,0.0,0.027491889217025296,False
M2_N3_L1_25Hz,404,secondary,0.5,fx_deconv,svd_lowrank,,8D72F84B82CB7B1F8E3961F49DB9A666CD1A8DEFB53C65A97982C555A87E4AA7,M2_N3_L1_25Hz_404_secondary_g0.5.npy,1.37924363453903,0.02030872452577773,3.1609546045110744,1,0.0,0.027311954552507213,False
M2_N3_L1_25Hz,404,secondary,0.6,fx_deconv,svd_lowrank,,8491F8CA447F5E078918EAB34E28A4AD2F5AA54330F79D55EE2F8FAC1D15BE59,M2_N3_L1_25Hz_404_secondary_g0.6.npy,1.3996932265168383,0.020123071267300265,3.175620215361361,1,0.0,0.027122486456921162,False
M2_N3_L1_25Hz,505,primary,0.4,fx_deconv,wavelet_threshold,,6F73AC47D93F8D1B73FB13BED13B0DF54C255ADF388A323689071DFCF2BE84F5,M2_N3_L1_25Hz_505_primary_g0.4.npy,-0.15487609254787849,0.007703290664370514,0.35608680907029555,1,0.0,0.014881487613076038,False
M2_N3_L1_25Hz,505,primary,0.5,fx_deconv,wavelet_threshold,,5E38E7CD6C91504972702AEA3FD6E345E2055AB03E72D6FC1E65D166C4C9A189,M2_N3_L1_25Hz_505_primary_g0.5.npy,-0.1497019470895875,0.007650406559385475,0.3554675356850536,1,0.0,0.01478342560899763,False
M2_N3_L1_25Hz,505,primary,0.6,fx_deconv,wavelet_threshold,,D874454A0A5F78AA930B4D7F71CBE6ABA343131911603659BC81E225F227C851,M2_N3_L1_25Hz_505_primary_g0.6.npy,-0.14426885599130657,0.007595136406783657,0.35481574867569354,1,0.0,0.014681849278726828,False
M2_N3_L1_25Hz,505,secondary,0.4,fx_deconv,svd_lowrank,,D0E271EA23F0EEE97294F07009ADEC7B3A6DF2F4738D6BD6CCFDBF1D5F0F7AF1,M2_N3_L1_25Hz_505_secondary_g0.4.npy,1.9224989549784866,0.0072058438287283914,3.3257502107054906,1,0.0,0.018526221745609927,False
M2_N3_L1_25Hz,505,secondary,0.5,fx_deconv,svd_lowrank,,9284D3AAD098D76A53CD401BC7C4C3F561C97622A6893570A06030D397CEA38F,M2_N3_L1_25Hz_505_secondary_g0.5.npy,1.938684230465693,0.0071281900426831525,3.335128194475498,1,0.0,0.018370320948858987,False
M2_N3_L1_25Hz,505,secondary,0.6,fx_deconv,svd_lowrank,,44653E57E0FB2F73912B4AA441A6AA349C98CC7DB9BBBA14372595514ABAAF16,M2_N3_L1_25Hz_505_secondary_g0.6.npy,1.9555660433044366,0.007048085646479095,3.345019714458069,1,0.0,0.018209180097102685,False
M2_N3_L1_40Hz,101,primary,0.4,fx_deconv,wavelet_threshold,,30058A8EA0AB41C672E684DE617A25867B3C89BC8988F5E1678FD2FE7750E3FF,M2_N3_L1_40Hz_101_primary_g0.4.npy,-0.2912108757446088,0.007430037670077273,0.18254765816840257,1,0.0,0.019737630364964696,False
M2_N3_L1_40Hz,101,primary,0.5,fx_deconv,wavelet_threshold,,525D46BC3E76341767C0FB73C712B92FF5B3F0E359D7FCE6C7F372000F33350F,M2_N3_L1_40Hz_101_primary_g0.5.npy,-0.29121087574460525,0.007430037670077305,0.18254765816840257,1,0.0,0.019737630364964835,False
M2_N3_L1_40Hz,101,primary,0.6,fx_deconv,wavelet_threshold,,4AF42029EB1783CC4080333C6A0EA932D3BE16B5E699C4C5551DA636305F671C,M2_N3_L1_40Hz_101_primary_g0.6.npy,-0.29121087574460525,0.007430037670077336,0.18254765816840257,1,0.0,0.019737630364965116,False
M2_N3_L1_40Hz,101,secondary,0.4,fx_deconv,svd_lowrank,,927A8401AAFF04C86AB479449852A894657966C2F7A30E3BD9919C66233AAB4B,M2_N3_L1_40Hz_101_secondary_g0.4.npy,1.7495395384279,0.006952501334238507,3.084405427167947,1,0.0,0.022583679929579853,False
M2_N3_L1_40Hz,101,secondary,0.5,fx_deconv,svd_lowrank,,53A62EA308314BFAD7D562FC478D4E9F96DA91DD2B6E556958BB186265571A9E,M2_N3_L1_40Hz_101_secondary_g0.5.npy,1.749539538427923,0.006952501334238538,3.084405427167976,1,0.0,0.022583679929580134,False
M2_N3_L1_40Hz,101,secondary,0.6,fx_deconv,svd_lowrank,,D98CB38D53573EC889B661615182D9F161A9A845E2CD692FF8F92D5AF0656E63,M2_N3_L1_40Hz_101_secondary_g0.6.npy,1.7495395384279444,0.006952501334238571,3.084405427168002,1,0.0,0.022583679929580415,False
M2_N3_L1_40Hz,202,primary,0.4,fx_deconv,wavelet_threshold,,F3C881BB1239D1122DDE05B9A5058BB62A26DF624BB789EC1AA16330FE796CE8,M2_N3_L1_40Hz_202_primary_g0.4.npy,-0.795524240257663,0.01592061558129162,0.1706968351309512,2,0.0,0.029154609786554094,False
M2_N3_L1_40Hz,202,primary,0.5,fx_deconv,wavelet_threshold,,22F3C0010811CB75DB099CC13DA809640C53F40EBBFABB0E9240C60EE25130C7,M2_N3_L1_40Hz_202_primary_g0.5.npy,-0.7955242402576612,0.01592061558129165,0.1706968351309512,2,0.0,0.029154609786554275,False
M2_N3_L1_40Hz,202,primary,0.6,fx_deconv,wavelet_threshold,,017A4E3317244AAB2A3E0A76AF2E725BCABA5C93C7313D8D4BF1CE237022FB56,M2_N3_L1_40Hz_202_primary_g0.6.npy,-0.7955242402576594,0.015920615581291677,0.17069683513095213,2,0.0,0.02915460978655455,False
M2_N3_L1_40Hz,202,secondary,0.4,fx_deconv,svd_lowrank,,9C4BEA42FE11936A3469BE50F60BF85EC0B044B877C43F4DE032BC2A40A89913,M2_N3_L1_40Hz_202_secondary_g0.4.npy,1.057568365806258,0.015088456309083152,3.1753051382030657,2,0.0,0.03224039158401307,False
M2_N3_L1_40Hz,202,secondary,0.5,fx_deconv,svd_lowrank,,53D02399C3024BBA05EFD2CE87DA8011E3EB4E556554152CF830DD457601CEB6,M2_N3_L1_40Hz_202_secondary_g0.5.npy,1.0575683658062758,0.015088456309083178,3.1753051382030932,2,0.0,0.032240391584013345,False
M2_N3_L1_40Hz,202,secondary,0.6,fx_deconv,svd_lowrank,,3BDA20C8C0BC3BCA78035C20E613C2454C5C318AFE2C3CB89B62F8F949009ECA,M2_N3_L1_40Hz_202_secondary_g0.6.npy,1.0575683658062953,0.015088456309083207,3.1753051382031177,2,0.0,0.032240391584013706,False
M2_N3_L1_40Hz,303,primary,0.4,fx_deconv,wavelet_threshold,,32EA3F58F51093EDD494CEBF5FE2A8B04FAAD8E1E6D5538169903A11AA06AEFC,M2_N3_L1_40Hz_303_primary_g0.4.npy,-0.28069398923392797,0.007926486849649021,0.2083621717664413,1,0.0,0.022819687241077913,False
M2_N3_L1_40Hz,303,primary,0.5,fx_deconv,wavelet_threshold,,B27AAA146E3FDE5BCAB173CF33F58C35075B75BD5480062432FE9C48618B22A3,M2_N3_L1_40Hz_303_primary_g0.5.npy,-0.2806939892339262,0.007926486849649056,0.2083621717664441,1,0.0,0.0228196872410783,False
M2_N3_L1_40Hz,303,primary,0.6,fx_deconv,wavelet_threshold,,649E63776A8A1B27B1A5D4A2F3383C4D53101BC88A81760F3A876CA7CD92A8A7,M2_N3_L1_40Hz_303_primary_g0.6.npy,-0.2806939892339244,0.00792648684964909,0.20836217176644592,1,0.0,0.02281968724107856,False
M2_N3_L1_40Hz,303,secondary,0.4,fx_deconv,svd_lowrank,,9953B89F92342025DDAD866D27DF677D0735C4353D0F19F9D1D35C61304FC630,M2_N3_L1_40Hz_303_secondary_g0.4.npy,1.6703554628438422,0.00739742243964182,3.010998384575803,1,0.0,0.025346150357924084,False
M2_N3_L1_40Hz,303,secondary,0.5,fx_deconv,svd_lowrank,,86C23DBD82EB099174C184A3F31664FC306178589A62D40394CF33010F0604C5,M2_N3_L1_40Hz_303_secondary_g0.5.npy,1.6703554628438635,0.007397422439641852,3.0109983845758244,1,0.0,0.025346150357924344,False
M2_N3_L1_40Hz,303,secondary,0.6,fx_deconv,svd_lowrank,,73C0900AC4A872C99AE00715945913CB05B1D7D3E2B1152F681D2347D2D9834A,M2_N3_L1_40Hz_303_secondary_g0.6.npy,1.6703554628438848,0.007397422439641886,3.01099838457585,1,0.0,0.025346150357924604,False
M2_N3_L1_40Hz,404,primary,0.4,fx_deconv,wavelet_threshold,,6F2325D88A2DFC0D3AC8DCC8FB54C9DB4234A38236DE2E0EB9E6738080606460,M2_N3_L1_40Hz_404_primary_g0.4.npy,-0.4112298651659714,0.01718240460384601,0.16622100760319894,1,0.0,0.01861062365729951,False
M2_N3_L1_40Hz,404,primary,0.5,fx_deconv,wavelet_threshold,,2A963F86741DAB59540CE98FF0C84290762897DAECB32D4B920AB810D8762E35,M2_N3_L1_40Hz_404_primary_g0.5.npy,-0.4112298651659678,0.017182404603846037,0.16622100760320171,1,0.0,0.018610623657299992,False
M2_N3_L1_40Hz,404,primary,0.6,fx_deconv,wavelet_threshold,,E9B182F12993DB75EB3E64BDFE70D1B1A7783343CC426D580B5E69C4C407B12A,M2_N3_L1_40Hz_404_primary_g0.6.npy,-0.4112298651659678,0.017182404603846065,0.1662210076032008,1,0.0,0.018610623657300315,False
M2_N3_L1_40Hz,404,secondary,0.4,fx_deconv,svd_lowrank,,E70937DA6D767AC585D3DFD440D8922CB622D5780488065655D0489AE448C348,M2_N3_L1_40Hz_404_secondary_g0.4.npy,1.5104032110630037,0.014970611412580362,3.0062023088528806,1,0.0,0.02543833397468415,False
M2_N3_L1_40Hz,404,secondary,0.5,fx_deconv,svd_lowrank,,3C1312C765C0CB676A0FEDC152D587C80A408FB853E67022B9AE4672732DAC91,M2_N3_L1_40Hz_404_secondary_g0.5.npy,1.5104032110630214,0.014970611412580387,3.006202308852904,1,0.0,0.025438333974684472,False
M2_N3_L1_40Hz,404,secondary,0.6,fx_deconv,svd_lowrank,,307405852D0442017033653237E0618DD50587BB11F532B7FE99C97ADA01DCA3,M2_N3_L1_40Hz_404_secondary_g0.6.npy,1.510403211063041,0.014970611412580414,3.0062023088529237,1,0.0,0.025438333974685114,False
M2_N3_L1_40Hz,505,primary,0.4,fx_deconv,wavelet_threshold,,EAE7F72C445F12B029342E3B462E73F468E13DC04CA1C6777045B1A07B1A80E4,M2_N3_L1_40Hz_505_primary_g0.4.npy,-0.25121729502984635,0.007141458331107029,0.2664702120874749,2,0.0,0.019204775807186054,False
M2_N3_L1_40Hz,505,primary,0.5,fx_deconv,wavelet_threshold,,98B5F6D2D9B956ED679F11086E7C8C32C9D92B6BF6DEE475E7C714E6EEB82C76,M2_N3_L1_40Hz_505_primary_g0.5.npy,-0.2512172950298446,0.007141458331107063,0.2664702120874767,2,0.0,0.019204775807186266,False
M2_N3_L1_40Hz,505,primary,0.6,fx_deconv,wavelet_threshold,,97EBAE3F81827DB81B2B48A966ED2443E73BD00688C178F76F486F66E77FB783,M2_N3_L1_40Hz_505_primary_g0.6.npy,-0.251217295029841,0.007141458331107099,0.2664702120874794,2,0.0,0.019204775807186478,False
M2_N3_L1_40Hz,505,secondary,0.4,fx_deconv,svd_lowrank,,8B5BB630B97F3CD04FED4B6ED138C357DC4D0BB3BA12CD020AB0282B9EAFBCA2,M2_N3_L1_40Hz_505_secondary_g0.4.npy,1.7328273721545084,0.006927368320566262,3.1183805794380204,2,0.0,0.022403633921584617,False
M2_N3_L1_40Hz,505,secondary,0.5,fx_deconv,svd_lowrank,,C7206CD4E9345F9014D668AAB302F88B77DE548647FD4C79548C7B3173B2AA54,M2_N3_L1_40Hz_505_secondary_g0.5.npy,1.7328273721545315,0.006927368320566296,3.1183805794380466,2,0.0,0.022403633921585037,False
M2_N3_L1_40Hz,505,secondary,0.6,fx_deconv,svd_lowrank,,A42C07FF7A3FB39BB5331E5728A5183C753CC0F8CACB82E7B19D038E293E2A47,M2_N3_L1_40Hz_505_secondary_g0.6.npy,1.7328273721545546,0.006927368320566333,3.1183805794380755,2,0.0,0.022403633921585356,False
M2_N3_L2_15Hz,101,primary,0.4,fx_deconv,wavelet_threshold,,701392F0758AD70EA3C2200F4195E9DA5EB1BC0B73929E8343CB0BF1A3890932,M2_N3_L2_15Hz_101_primary_g0.4.npy,0.1392480621888632,0.033179959878233564,0.43360170265369263,1,0.0,0.01279138029005448,False
M2_N3_L2_15Hz,101,primary,0.5,fx_deconv,wavelet_threshold,,D3A5CB967C8813648F598575C3AB11C3C8A02479FA4707103985DE1F0D8742AE,M2_N3_L2_15Hz_101_primary_g0.5.npy,0.141186338118942,0.03308397107865466,0.43316596890499376,1,0.0,0.012951700472226798,False
M2_N3_L2_15Hz,101,primary,0.6,fx_deconv,wavelet_threshold,,690A94819008BF9C3EE34C9428E6D4203E6E009C20D5E14F76CD9E7BB714FD9E,M2_N3_L2_15Hz_101_primary_g0.6.npy,0.14321106215558999,0.032983808295992276,0.43271013529036945,1,0.0,0.01311758838760321,False
M2_N3_L2_15Hz,101,secondary,0.4,fx_deconv,svd_lowrank,,4A783530F0D3B031A1C136F820564CE128AD369B2ABDD8E2A2B00815F82E4A5E,M2_N3_L2_15Hz_101_secondary_g0.4.npy,0.643488216629974,0.03345785042566893,1.1502144026481869,1,0.0,0.007760092290606318,False
M2_N3_L2_15Hz,101,secondary,0.5,fx_deconv,svd_lowrank,,7F154AEE3BDF5C69809FB57FE68BF5EA3F0E3826A02B5F3BB8EFE24740B5D199,M2_N3_L2_15Hz_101_secondary_g0.5.npy,0.6463733905893525,0.033358208772780604,1.1511129534808209,1,0.0,0.00793259714082581,False
M2_N3_L2_15Hz,101,secondary,0.6,fx_deconv,svd_lowrank,,3EBB935865CDFC6BEA8ED20E1B860B625B8174A694A0A4337AE257BCE4C8B1CE,M2_N3_L2_15Hz_101_secondary_g0.6.npy,0.6493712848848023,0.03325487976946697,1.1520557206300723,1,0.0,0.008110786511166396,False
M2_N3_L2_15Hz,202,primary,0.4,fx_deconv,wavelet_threshold,,455B93396083BD33F74D97A6CD60B2E368B3B4EE57B48C06391F977F20195CAA,M2_N3_L2_15Hz_202_primary_g0.4.npy,-3.0309643374712314,0.40036410790561633,0.4578592107482681,1,6.0,0.3658810006354657,False
M2_N3_L2_15Hz,202,primary,0.5,fx_deconv,wavelet_threshold,,54B1E1315706C3EEBFDA41FAA14470F86A102638DB377E52C85CAD3936FC8D7A,M2_N3_L2_15Hz_202_primary_g0.5.npy,-3.030495746752665,0.40034167970972123,0.45764061619134944,1,6.0,0.36584805676268556,False
M2_N3_L2_15Hz,202,primary,0.6,fx_deconv,wavelet_threshold,,BFD243185F74223392736656EABB8EDCA5482D83FD8789DCB320219C28E68FE8,M2_N3_L2_15Hz_202_primary_g0.6.npy,-3.0300037287327024,0.4003180786414123,0.4574120998330388,1,6.0,0.36581639325783855,False
M2_N3_L2_15Hz,202,secondary,0.4,fx_deconv,svd_lowrank,,EBF4C1C4F7AA0C564E02B86A0E1334504FF2FB04B8716E4AB35EC8D628FBD9CB,M2_N3_L2_15Hz_202_secondary_g0.4.npy,-2.7846266035915086,0.3982585364368367,1.1854232312288622,1,6.0,0.3697240301685392,False
M2_N3_L2_15Hz,202,secondary,0.5,fx_deconv,svd_lowrank,,CBB7911E92DEEAF19FF35E831B46F044E30821777EE5A7DD9F7C6B0F0AE9EBAB,M2_N3_L2_15Hz_202_secondary_g0.5.npy,-2.7842183426381735,0.3982312665426728,1.1851392897521864,1,6.0,0.36970309058415063,False
M2_N3_L2_15Hz,202,secondary,0.6,fx_deconv,svd_lowrank,,1CD9D4BD4053B59DED83A19CC13E5845D41BE376D49D607BA0F24B33A0F810B9,M2_N3_L2_15Hz_202_secondary_g0.6.npy,-2.7837878870708086,0.3982026362450515,1.1848560516005064,1,6.0,0.36968259897807676,False
M2_N3_L2_15Hz,303,primary,0.4,fx_deconv,wavelet_threshold,,C17B24AE9477782E842AA20BDA50931535E21DECBF4938F89BD53F3FA162877D,M2_N3_L2_15Hz_303_primary_g0.4.npy,0.021024090907654447,0.04966435869945939,0.4457850084141819,1,0.0,0.006573386867311698,False
M2_N3_L2_15Hz,303,primary,0.5,fx_deconv,wavelet_threshold,,5BFA8915FBF216CFE02897CF8DB2405F98FC643518A67FB81D8F72E1C7B660A5,M2_N3_L2_15Hz_303_primary_g0.5.npy,0.022329438011406744,0.04959723667204312,0.4450839156419855,1,0.0,0.006719022655352758,False
M2_N3_L2_15Hz,303,primary,0.6,fx_deconv,wavelet_threshold,,D7725767039C79719AB1C0E41A415ED5BEA752A915E23EFED09D31B377E6FD5D,M2_N3_L2_15Hz_303_primary_g0.6.npy,0.023679853522399874,0.04952920482242015,0.4443557949650017,1,0.0,0.006869168480659967,False
M2_N3_L2_15Hz,303,secondary,0.4,fx_deconv,svd_lowrank,,83EAECCA1E0746E11055DD34CFA31B5E460FB63C507B286185B96C7791AFDF8B,M2_N3_L2_15Hz_303_secondary_g0.4.npy,0.5333025836861367,0.050155128957112736,1.198367110063865,1,0.0,0.00034723658074584964,False
M2_N3_L2_15Hz,303,secondary,0.5,fx_deconv,svd_lowrank,,A8FC1DA75E782B52911183AFB3D4A29799EFBECE8C53CC5A720D25A483956298,M2_N3_L2_15Hz_303_secondary_g0.5.npy,0.5356349258798119,0.05008387842041295,1.1992970991252068,1,0.0,0.0005211320197617555,False
M2_N3_L2_15Hz,303,secondary,0.6,fx_deconv,svd_lowrank,,F8405B2E19207D330D9F0FA422C8639A20B8F8FC6B2E910286DCD531B87A3725,M2_N3_L2_15Hz_303_secondary_g0.6.npy,0.5380295140407707,0.0500128379512431,1.2002674954982524,1,0.0,0.0007009217961030252,False
M2_N3_L2_15Hz,404,primary,0.4,fx_deconv,wavelet_threshold,,D2ECD31319B3EF4870A524DB650CFC5962F348363680422BB2A227C141B5C593,M2_N3_L2_15Hz_404_primary_g0.4.npy,-0.9072698764976437,0.1532719170297944,0.39921956998470004,1,0.0,0.0668219368539774,False
M2_N3_L2_15Hz,404,primary,0.5,fx_deconv,wavelet_threshold,,AB8CDE423C80BCCB1B28B48926194B2A2CA4809EF4F8C33C1DC70599114F8DD9,M2_N3_L2_15Hz_404_primary_g0.5.npy,-0.9051250086075555,0.15305800097816852,0.3986498382151552,1,0.0,0.06661640261093235,False
M2_N3_L2_15Hz,404,primary,0.6,fx_deconv,wavelet_threshold,,E9861B3CB84F540D167C5EFAD1654363FC28783D1BA2E3F15DF6DFD087C9006D,M2_N3_L2_15Hz_404_primary_g0.6.npy,-0.9028589327905561,0.15283221758153126,0.3980601092639808,1,0.0,0.06640486583404136,False
M2_N3_L2_15Hz,404,secondary,0.4,fx_deconv,svd_lowrank,,4F8FC20AC842B10E4AB68A219A97E5A0A55A452431135B07DCC8C4F37BDCBC07,M2_N3_L2_15Hz_404_secondary_g0.4.npy,-0.5033961647200549,0.15114349150095713,1.143773742255879,1,0.0,0.07352728401872832,False
M2_N3_L2_15Hz,404,secondary,0.5,fx_deconv,svd_lowrank,,DCB0CEA2156A9F16C5D428336608D100B221ED80B6457A5F95163902A9DA1FF8,M2_N3_L2_15Hz_404_secondary_g0.5.npy,-0.5013577886040022,0.1509712049873361,1.143888621177655,1,0.0,0.07337516309636691,False
M2_N3_L2_15Hz,404,secondary,0.6,fx_deconv,svd_lowrank,,B33213C52542914025BCEF1E700F800EF69B9D180DB1F4BB5682C70A9F0D6079,M2_N3_L2_15Hz_404_secondary_g0.6.npy,-0.49919766604136306,0.15078842067235557,1.1440068084119501,1,0.0,0.07321828068811143,False
M2_N3_L2_15Hz,505,primary,0.4,fx_deconv,wavelet_threshold,,E18D148A92932BFE378C5D427ED11725B00B37A99ADA4EE1AF1597BD0E45EC7B,M2_N3_L2_15Hz_505_primary_g0.4.npy,0.20440370381439088,0.02765092667549702,0.541070550347861,1,2.0,0.024395780151349418,False
M2_N3_L2_15Hz,505,primary,0.5,fx_deconv,wavelet_threshold,,D90EC286CC9330A076716012CDA345FBF6AC0A320FB29EA1D6207D4DADF169EA,M2_N3_L2_15Hz_505_primary_g0.5.npy,0.20598822080002321,0.027565402580232202,0.5403727191988097,1,2.0,0.02451802418105354,False
M2_N3_L2_15Hz,505,primary,0.6,fx_deconv,wavelet_threshold,,13A537777E43766D2E096D0E8395934EC78A279185BF4E1D71C7320B5F870C68,M2_N3_L2_15Hz_505_primary_g0.6.npy,0.2076475454110973,0.027476080822046757,0.5396566282742957,1,2.0,0.024645050482220744,False
M2_N3_L2_15Hz,505,secondary,0.4,fx_deconv,svd_lowrank,,D6CFC99540E326C2265A8ACCD2A93BAA939D1699D07F0CCEF0D161F91F18CD13,M2_N3_L2_15Hz_505_secondary_g0.4.npy,0.7163547504197494,0.027369415201871083,1.262354654639973,1,2.0,0.020702942335378526,False
M2_N3_L2_15Hz,505,secondary,0.5,fx_deconv,svd_lowrank,,0A700DB04AB4CC41957B388EEC338D10C08083AD860F86B029B66FD93B7CA11E,M2_N3_L2_15Hz_505_secondary_g0.5.npy,0.7186436376524759,0.02725781834161506,1.2616292251884995,1,2.0,0.0209028743829459,False
M2_N3_L2_15Hz,505,secondary,0.6,fx_deconv,svd_lowrank,,2EC3AF2C6175193CB4AAC706FC81126483D862176851E99238D534EE1155AADD,M2_N3_L2_15Hz_505_secondary_g0.6.npy,0.721008205293769,0.027142556978503082,1.2608789611403348,1,2.0,0.021109721080256105,False
M2_N3_L2_25Hz,101,primary,0.4,fx_deconv,wavelet_threshold,,07A6CAD512C013F80797FEA224AB3297DF30462ECE77448A233A03BEFDB95028,M2_N3_L2_25Hz_101_primary_g0.4.npy,0.015156476640792782,0.02120148645102902,0.1754600125302601,1,0.0,0.007423356306608246,False
M2_N3_L2_25Hz,101,primary,0.5,fx_deconv,wavelet_threshold,,1A5D954986E46EFCF34456FA4DF50CFF85285370C82984514D4BCD9E6CDD4DF5,M2_N3_L2_25Hz_101_primary_g0.5.npy,0.01661337114104189,0.021142514155241307,0.1753472560961879,1,0.0,0.007534637928951322,False
M2_N3_L2_25Hz,101,primary,0.6,fx_deconv,wavelet_threshold,,A96250280F71268DCD0529676E3723202D0F50F1AE9F7CAF66A8004AA65329CE,M2_N3_L2_25Hz_101_primary_g0.6.npy,0.018138755590820566,0.02108095653780372,0.1752291809291316,1,0.0,0.007650105232299092,False
M2_N3_L2_25Hz,101,secondary,0.4,fx_deconv,svd_lowrank,,6FB9CCE9FC7F03A056927765B21ABFC2F880F90A3177E54DEA3CF1331AE87C24,M2_N3_L2_25Hz_101_secondary_g0.4.npy,0.5294951741602576,0.020860962221884504,0.9025515843088167,1,0.0,0.003110349335817959,False
M2_N3_L2_25Hz,101,secondary,0.5,fx_deconv,svd_lowrank,,77A67E967659A8338351D6857F9EF198B4C84FFC30B7511F1D176F6DA055C92F,M2_N3_L2_25Hz_101_secondary_g0.5.npy,0.5320581081118245,0.020784903662662883,0.9036279203684372,1,0.0,0.003256285563020324,False
M2_N3_L2_25Hz,101,secondary,0.6,fx_deconv,svd_lowrank,,4BDF15DDFE494CF2085349C0833CCCD71F7B19D547951883C347B67614ED3CCD,M2_N3_L2_25Hz_101_secondary_g0.6.npy,0.5347126607000154,0.02070651546790518,0.9047490132576177,1,0.0,0.0034073788971374095,False
M2_N3_L2_25Hz,202,primary,0.4,fx_deconv,wavelet_threshold,,CCC24EE3C8E57E333A5A64B7DB70E7FAE84CB4F57A9C51CAD99292C071126A9D,M2_N3_L2_25Hz_202_primary_g0.4.npy,-0.32351205184679444,0.05003754684533174,0.1688718000407863,1,0.0,0.020768418139487984,False
M2_N3_L2_25Hz,202,primary,0.5,fx_deconv,wavelet_threshold,,3988F6D23B89F29A30D87001868AAF4C14CB2FAE5B3F16D200C84C8A6A89FF90,M2_N3_L2_25Hz_202_primary_g0.5.npy,-0.3223287291118435,0.04999491608805148,0.16882209063268147,1,0.0,0.020670855440274593,False
M2_N3_L2_25Hz,202,primary,0.6,fx_deconv,wavelet_threshold,,2CF1E4FCD29F679ECC3AF4862017D54305EB5D936C9E5667CAF2E16CD0B8A1A1,M2_N3_L2_25Hz_202_primary_g0.6.npy,-0.32109019757756396,0.04995068542460919,0.16876810605922166,1,0.0,0.02057045066862573,False
M2_N3_L2_25Hz,202,secondary,0.4,fx_deconv,svd_lowrank,,F68E9F41F9BE780E7A602407C437E1141A22E76B1914F760C3C17F455E7B06A6,M2_N3_L2_25Hz_202_secondary_g0.4.npy,0.15686489472295584,0.048017929984063755,0.8978816066177354,1,0.0,0.026895668159555023,False
M2_N3_L2_25Hz,202,secondary,0.5,fx_deconv,svd_lowrank,,04A26B99559D29374C75275D813C9B58873E43AECE4345BEBEC07A2FE8BB150C,M2_N3_L2_25Hz_202_secondary_g0.5.npy,0.15844107058237533,0.04795193773824867,0.8978397417370765,1,0.0,0.026766423465480717,False
M2_N3_L2_25Hz,202,secondary,0.6,fx_deconv,svd_lowrank,,F25CD666C445A7769DE71CA13043C8C2041A608C21E60CF93CD306401DEE458F,M2_N3_L2_25Hz_202_secondary_g0.6.npy,0.1600699005737134,0.04788451765710668,0.8978021471582577,1,0.0,0.02663354869629884,False
M2_N3_L2_25Hz,303,primary,0.4,fx_deconv,wavelet_threshold,,B7A4CBF5DAF943BF2ED00A6841C54A98A9F2573C3DC29F6135B0ABBDD1615908,M2_N3_L2_25Hz_303_primary_g0.4.npy,0.028429049435607645,0.025218630045767333,0.19587384876862435,1,0.0,0.010380528090692478,False
M2_N3_L2_25Hz,303,primary,0.5,fx_deconv,wavelet_threshold,,4240AFD7DCF5AE4EF9202DE1DC7B75BEE06820B4DED95D56C43793B4F9AF5381,M2_N3_L2_25Hz_303_primary_g0.5.npy,0.029721980038776685,0.02516996783805095,0.195513414459364,1,0.0,0.010486062467605469,False
M2_N3_L2_25Hz,303,primary,0.6,fx_deconv,wavelet_threshold,,69DF5A6782A32528000A110E2CF490E55DAF3B1B9C8EC31255ABD4BC7C402BCD,M2_N3_L2_25Hz_303_primary_g0.6.npy,0.03107525527020627,0.025119117639416984,0.1951332567668187,1,0.0,0.010595101356833784,False
M2_N3_L2_25Hz,303,secondary,0.4,fx_deconv,svd_lowrank,,20BFB80EB648BE87C71FC36E748F17449517E9F64029656008DB0CBC1F0E8197,M2_N3_L2_25Hz_303_secondary_g0.4.npy,0.5406936394841244,0.024363167053269005,0.9302730096188326,1,0.0,0.004807169887880384,False
M2_N3_L2_25Hz,303,secondary,0.5,fx_deconv,svd_lowrank,,71230BD5799E38D1019A517E218D82EDB5492A0ED63A9317C8C77AE3B919393B,M2_N3_L2_25Hz_303_secondary_g0.5.npy,0.5434663390798589,0.024296843131617365,0.9325184905725732,1,0.0,0.004944971067472588,False
M2_N3_L2_25Hz,303,secondary,0.6,fx_deconv,svd_lowrank,,2E470CA82A7E9EDD5DE5AFAD6C0B8AE7BFA67ACC5AB53DCA54BBF87080B4720C,M2_N3_L2_25Hz_303_secondary_g0.6.npy,0.5463372888299265,0.02422837034623293,0.9348489623038929,1,0.0,0.005087064938454886,False
M2_N3_L2_25Hz,404,primary,0.4,fx_deconv,wavelet_threshold,,32D6D8D6E540B05BB32386FD0839BFC680CBAEEEC9F79F7D5748A11F93CE5990,M2_N3_L2_25Hz_404_primary_g0.4.npy,-0.07095311346176114,0.05574830522033544,0.1600928944689395,1,0.0,0.024355132055532955,False
M2_N3_L2_25Hz,404,primary,0.5,fx_deconv,wavelet_threshold,,5367D4DEDC4BB3A4708076EA189E3F4B164FFBAAABFC66DD1183617FCE6B1C46,M2_N3_L2_25Hz_404_primary_g0.5.npy,-0.06851937539671216,0.05557041385187764,0.15980493219967434,1,0.0,0.02456461500807213,False
M2_N3_L2_25Hz,404,primary,0.6,fx_deconv,wavelet_threshold,,5C5CE32A8D3689A763A909F20E7636FA3885302CDE03448A8EBFE26D3F44CEF5,M2_N3_L2_25Hz_404_primary_g0.6.npy,-0.0659411078658172,0.05538172017037444,0.15950150139486638,1,0.0,0.024784718946126157,False
M2_N3_L2_25Hz,404,secondary,0.4,fx_deconv,svd_lowrank,,4A7E3ADB6F700F9C3A978232F76A2FDDF0CB0452181F820C1863BAE2E2A80F38,M2_N3_L2_25Hz_404_secondary_g0.4.npy,0.4247936994639465,0.053471636612283026,0.8916473215007169,1,0.0,0.01521347726643505,False
M2_N3_L2_25Hz,404,secondary,0.5,fx_deconv,svd_lowrank,,C8D698008D2A7C14C7973336A4BD466FC74D7F580B04D090898F45A334BCB3A5,M2_N3_L2_25Hz_404_secondary_g0.5.npy,0.4286368432333383,0.05329811744041994,0.8944568991317187,1,0.0,0.01538358249564732,False
M2_N3_L2_25Hz,404,secondary,0.6,fx_deconv,svd_lowrank,,EDF52CEFB600DF470DE53FB73E4BDA2EDD5F288600F6D38A57671E4805360742,M2_N3_L2_25Hz_404_secondary_g0.6.npy,0.432674713168649,0.05311423150315747,0.8973807265652951,1,0.0,0.015562506939262446,False
M2_N3_L2_25Hz,505,primary,0.4,fx_deconv,wavelet_threshold,,43CDEE50D0B6D5F2B6D560D264D56CD80D5C10FF09C10326CAA340D46F52822E,M2_N3_L2_25Hz_505_primary_g0.4.npy,0.053113803182023744,0.01843374930628921,0.24032596999384753,1,0.0,0.016003059886779053,False
M2_N3_L2_25Hz,505,primary,0.5,fx_deconv,wavelet_threshold,,05F5AFEA12C865070727220ADEC802F53C9722A289379A1162810B6E08C17D4C,M2_N3_L2_25Hz_505_primary_g0.5.npy,0.05453474207483655,0.018376169064976335,0.23999357747665656,1,0.0,0.016106648772840987,False
M2_N3_L2_25Hz,505,primary,0.6,fx_deconv,wavelet_threshold,,6EB22F28F21EAA750D1098A2984B2933CA6C3BAC0261B83E9B2967118563AAD9,M2_N3_L2_25Hz_505_primary_g0.6.npy,0.05602657732161109,0.018316039926941842,0.23964484703288835,1,0.0,0.016213332194941473,False
M2_N3_L2_25Hz,505,secondary,0.4,fx_deconv,svd_lowrank,,E2B44BBD23B01889542347931D072FCFAA51EB8F333DFEC8E8690E753F653DCF,M2_N3_L2_25Hz_505_secondary_g0.4.npy,0.5627704321613871,0.01774191841626206,0.9609988730998966,1,0.0,0.009357452986381222,False
M2_N3_L2_25Hz,505,secondary,0.5,fx_deconv,svd_lowrank,,23657AD2C2F8CF74C0A8D44789A89D0041A0893D15C1C65CAB61673051A74B12,M2_N3_L2_25Hz_505_secondary_g0.5.npy,0.5656072256111946,0.017663954967676913,0.9624721466795687,1,0.0,0.009510936285320758,False
M2_N3_L2_25Hz,505,secondary,0.6,fx_deconv,svd_lowrank,,6C7F39122545C1EA083E88822D5E1C7BAEDF2F3DEFDBE65B1204C151C89A13EE,M2_N3_L2_25Hz_505_secondary_g0.6.npy,0.5685402376437887,0.01758354780817426,0.9639953950644133,1,0.0,0.009668974500145248,False
M2_N3_L2_40Hz,101,primary,0.4,fx_deconv,wavelet_threshold,,AF1EBEEE3B097E83265C67DD0E821AE07EBB1B6F90FD0D3EEEC6E59CD0258554,M2_N3_L2_40Hz_101_primary_g0.4.npy,-0.02147173569945693,0.01644735617547522,0.1330463613898456,1,0.0,0.000712403763022133,False
M2_N3_L2_40Hz,101,primary,0.5,fx_deconv,wavelet_threshold,,7275EF05B9AD051BCF4D9F9A66F205C6DFE9ECB7D959DCEFF5F9DB9F9FFC157A,M2_N3_L2_40Hz_101_primary_g0.5.npy,-0.021471735699455152,0.01644735617547525,0.1330463613898475,1,0.0,0.0007124037630217134,False
M2_N3_L2_40Hz,101,primary,0.6,fx_deconv,wavelet_threshold,,64F887DD6B2F7BB41FF30C0063D87559AE1ED8EB29665BF12E495594DA5EE544,M2_N3_L2_40Hz_101_primary_g0.6.npy,-0.021471735699455152,0.01644735617547528,0.1330463613898475,1,0.0,0.0007124037630215736,False
M2_N3_L2_40Hz,101,secondary,0.4,fx_deconv,svd_lowrank,,C4D68B7249C51797AFFD3CE6F53A48C626F2DCF4A44490C2A87A04610E36FBDF,M2_N3_L2_40Hz_101_secondary_g0.4.npy,0.5199406457552342,0.016086426981598026,0.8936494840960291,1,0.0,0.0038516650523219968,False
M2_N3_L2_40Hz,101,secondary,0.5,fx_deconv,svd_lowrank,,81B0DE660FA53D4899D147BD3F9DAA370814D3A1D1CBE18B57B6C1575947B7B0,M2_N3_L2_40Hz_101_secondary_g0.5.npy,0.5199406457552405,0.016086426981598054,0.8936494840960362,1,0.0,0.0038516650523222765,False
M2_N3_L2_40Hz,101,secondary,0.6,fx_deconv,svd_lowrank,,E44F74E38F7C4B0CCB5F004CDA6C33E02D539911AB41E47A40F65C70888A5CF8,M2_N3_L2_40Hz_101_secondary_g0.6.npy,0.5199406457552467,0.01608642698159808,0.8936494840960432,1,0.0,0.0038516650523225562,False
M2_N3_L2_40Hz,202,primary,0.4,fx_deconv,wavelet_threshold,,03F90ADB81790D298FAD6D5124CB9CAFFC2217C1B3AD46E1AFE3183D8B75BF08,M2_N3_L2_40Hz_202_primary_g0.4.npy,-0.16138501062047883,0.025803910018985222,0.12810542048912107,2,0.0,0.017768134472378096,False
M2_N3_L2_40Hz,202,primary,0.5,fx_deconv,wavelet_threshold,,2747EBE89750B97B825079692FEF82B02236D135EBED8B79C094F09ACAF2283E,M2_N3_L2_40Hz_202_primary_g0.5.npy,-0.16138501062047883,0.02580391001898525,0.12810542048912107,2,0.0,0.017768134472377996,False
M2_N3_L2_40Hz,202,primary,0.6,fx_deconv,wavelet_threshold,,C1A74FD20568BA24EB08FA392B7E57E397F9E737776F00BB3D64AF7FB9D12DF9,M2_N3_L2_40Hz_202_primary_g0.6.npy,-0.16138501062047794,0.025803910018985275,0.12810542048912202,2,0.0,0.017768134472377895,False
M2_N3_L2_40Hz,202,secondary,0.4,fx_deconv,svd_lowrank,,7914FDD11EC1D1AD89C52125268C87D277F46BB0E3E216B2D867C2B2A328D301,M2_N3_L2_40Hz_202_secondary_g0.4.npy,0.39330884813292943,0.02363206187942172,0.9197589217598199,2,0.0,0.019258872201882826,False
M2_N3_L2_40Hz,202,secondary,0.5,fx_deconv,svd_lowrank,,55DBDA86C757B1C5EE709F44068E656D40AA390B54D898E936B0A9236B2F617F,M2_N3_L2_40Hz_202_secondary_g0.5.npy,0.39330884813293565,0.023632061879421747,0.9197589217598252,2,0.0,0.019258872201882816,False
M2_N3_L2_40Hz,202,secondary,0.6,fx_deconv,svd_lowrank,,DEC7551BE65B4230C938D1536922EB62D5975354E7D531EA6C818A0254174389,M2_N3_L2_40Hz_202_secondary_g0.6.npy,0.39330884813294187,0.02363206187942177,0.9197589217598283,2,0.0,0.019258872201882896,False
M2_N3_L2_40Hz,303,primary,0.4,fx_deconv,wavelet_threshold,,723D087861B10F98ED82E27C9783710E1E3EE1A4A152B83F48CCD2C2C13DE0FF,M2_N3_L2_40Hz_303_primary_g0.4.npy,-0.01115817367932781,0.018993340545670916,0.1517344926935883,1,0.0,0.0006093856581312461,False
M2_N3_L2_40Hz,303,primary,0.5,fx_deconv,wavelet_threshold,,C1A6C9BFFA9BD1A703B5EB60C1A87C2B6DE70D53E198075934D0265E5E64BE48,M2_N3_L2_40Hz_303_primary_g0.5.npy,-0.011158173679326922,0.01899334054567095,0.1517344926935883,1,0.0,0.0006093856581309855,False
M2_N3_L2_40Hz,303,primary,0.6,fx_deconv,wavelet_threshold,,F1C756E3031D27B4A8554D423E87D7323F448D79A90A2AC55CBE986878C71DEB,M2_N3_L2_40Hz_303_primary_g0.6.npy,-0.011158173679325145,0.018993340545670985,0.1517344926935883,1,0.0,0.0006093856581305947,False
M2_N3_L2_40Hz,303,secondary,0.4,fx_deconv,svd_lowrank,,E85CFBDC659985FC2B030C74BCB6744DD1F56DEF51F030F6DA0561D030BD770E,M2_N3_L2_40Hz_303_secondary_g0.4.npy,0.48529612315686155,0.01823013940759314,0.864547979918357,1,0.0,0.004118021546838083,False
M2_N3_L2_40Hz,303,secondary,0.5,fx_deconv,svd_lowrank,,2439E20BA765893F21C1C1516CCA9685E072BF5C5C9E988E22A9BAEC50D6D146,M2_N3_L2_40Hz_303_secondary_g0.5.npy,0.48529612315686865,0.01823013940759317,0.8645479799183633,1,0.0,0.004118021546838213,False
M2_N3_L2_40Hz,303,secondary,0.6,fx_deconv,svd_lowrank,,EB4E1F06C85343DA8A75419559C267C8504665FAAE5AA06A512A4E69BA0AE915,M2_N3_L2_40Hz_303_secondary_g0.6.npy,0.48529612315687576,0.0182301394075932,0.8645479799183713,1,0.0,0.004118021546838734,False
M2_N3_L2_40Hz,404,primary,0.4,fx_deconv,wavelet_threshold,,C8C456EC08C80614A4B49E185B4D5E9D7449D2B10F626B3CE989CA46B655EAD8,M2_N3_L2_40Hz_404_primary_g0.4.npy,-0.056386463477979376,0.04329249646515664,0.12425213778075365,1,0.0,0.026629236150854673,False
M2_N3_L2_40Hz,404,primary,0.5,fx_deconv,wavelet_threshold,,91BFF653FE448CD4039788FF9927BE7481265329082745CBA55C726395918911,M2_N3_L2_40Hz_404_primary_g0.5.npy,-0.05638646347797849,0.04329249646515667,0.12425213778075365,1,0.0,0.02662923615085435,False
M2_N3_L2_40Hz,404,primary,0.6,fx_deconv,wavelet_threshold,,FF4A2D93B27875DC521257CDC6B683B15FB91804D02E6FAAC07F4A55CAD01C2F,M2_N3_L2_40Hz_404_primary_g0.6.npy,-0.05638646347797849,0.043292496465156705,0.12425213778075365,1,0.0,0.02662923615085403,False
M2_N3_L2_40Hz,404,secondary,0.4,fx_deconv,svd_lowrank,,0F342DDFBD419D01F35518BD4A314BDDBE1E1D18BFB9B8D8C5818AAC708E2022,M2_N3_L2_40Hz_404_secondary_g0.4.npy,0.38332916255547644,0.04236246811322501,0.7799066133736063,1,0.0,0.01592290750429668,False
M2_N3_L2_40Hz,404,secondary,0.5,fx_deconv,svd_lowrank,,DE28FC78F0ABBDD198903961B26C2BCB1C8C47D29B513DA1142EB581F7E5A6F2,M2_N3_L2_40Hz_404_secondary_g0.5.npy,0.3833291625554809,0.042362468113225034,0.779906613373611,1,0.0,0.0159229075042962,False
M2_N3_L2_40Hz,404,secondary,0.6,fx_deconv,svd_lowrank,,8D3E1068A90629A1C193777EA1FEF7914AFC9FC5F6BC467E4E2975B0E24CAEDD,M2_N3_L2_40Hz_404_secondary_g0.6.npy,0.3833291625554862,0.042362468113225055,0.779906613373619,1,0.0,0.015922907504295716,False
M2_N3_L2_40Hz,505,primary,0.4,fx_deconv,wavelet_threshold,,1A79916CBF64ADF4ED87D6765A196F47BAB34FCF0D2A6D1B33AA85FD86085E0F,M2_N3_L2_40Hz_505_primary_g0.4.npy,0.010246680705945366,0.014695149397349365,0.190179320076292,2,0.0,0.00496011134240422,False
M2_N3_L2_40Hz,505,primary,0.5,fx_deconv,wavelet_threshold,,C700A3EE5DB8BC3B1397FA5B0806B16755E483F5414EC3A02215A8CAABD09E95,M2_N3_L2_40Hz_505_primary_g0.5.npy,0.010246680705947142,0.0146951493973494,0.19017932007629385,2,0.0,0.004960111342404112,False
M2_N3_L2_40Hz,505,primary,0.6,fx_deconv,wavelet_threshold,,05BE57B93AC9623AEC7EF067A7D2EAA355F01B7BBD52D1D4C4D3BC28B2DE1FEA,M2_N3_L2_40Hz_505_primary_g0.6.npy,0.010246680705948918,0.014695149397349437,0.19017932007629568,2,0.0,0.004960111342404214,False
M2_N3_L2_40Hz,505,secondary,0.4,fx_deconv,svd_lowrank,,7E2FEB0BCB7EDC4B1A3137039B4BC1A0C562BF541D3D9753F774984B57561AF3,M2_N3_L2_40Hz_505_secondary_g0.4.npy,0.5503927876056158,0.014775464251204273,0.9537781966143621,2,0.0,0.005658454707745229,False
M2_N3_L2_40Hz,505,secondary,0.5,fx_deconv,svd_lowrank,,E45D15E3C1784586A645CA81717CAB9047075F90A4C0327A399C51F7DFC3EF81,M2_N3_L2_40Hz_505_secondary_g0.5.npy,0.5503927876056238,0.014775464251204308,0.953778196614369,2,0.0,0.005658454707745439,False
M2_N3_L2_40Hz,505,secondary,0.6,fx_deconv,svd_lowrank,,6FD2E124ECE3C2D8001CC7800FF8C1E41EF54499DEC81988B05023F8891600B8,M2_N3_L2_40Hz_505_secondary_g0.6.npy,0.5503927876056309,0.014775464251204346,0.953778196614376,2,0.0,0.00565845470774533,False
M2_N3_L3_15Hz,101,primary,0.4,fx_deconv,wavelet_threshold,,C18E4ED6E5D53F583CBA99EAF2AF45795DFF4E1AEE767427964D8D8C263E9111,M2_N3_L3_15Hz_101_primary_g0.4.npy,0.1781618399409028,0.08340690257426396,0.38702598712076935,1,0.0,0.0910297387917604,False
M2_N3_L3_15Hz,101,primary,0.5,fx_deconv,wavelet_threshold,,21FDDBCD0D3FD72505BB50EE45612C4D258B992E2265F113349C626862554857,M2_N3_L3_15Hz_101_primary_g0.5.npy,0.17885939498066736,0.08331647702941304,0.3867878890797618,1,0.0,0.09119535749530913,False
M2_N3_L3_15Hz,101,primary,0.6,fx_deconv,wavelet_threshold,,22EB0DF69A4FDDD2094C889C89DFFCCBF7BFFBFFBB82A342B28D0EBA7A13DB75,M2_N3_L3_15Hz_101_primary_g0.6.npy,0.17958735818572716,0.08322218883586267,0.3865397166092938,1,0.0,0.09136615347232574,False
M2_N3_L3_15Hz,101,secondary,0.4,fx_deconv,svd_lowrank,,389690647AB3439DF6885F452AA348E1F8A97FB114CCA305A5FCA62F757888F3,M2_N3_L3_15Hz_101_secondary_g0.4.npy,0.40509578428977716,0.08358688071300267,0.7115653001607718,1,0.0,0.08316306867709473,False
M2_N3_L3_15Hz,101,secondary,0.5,fx_deconv,svd_lowrank,,E2AAC998233DC97C2B7973980782942C80F032B9BB0D8E67D83F3F8BA724D5FD,M2_N3_L3_15Hz_101_secondary_g0.5.npy,0.40591385894599774,0.08350726611883882,0.7116983207749943,1,0.0,0.08332318874454457,False
M2_N3_L3_15Hz,101,secondary,0.6,fx_deconv,svd_lowrank,,4BC0AA93C5C1CF681A67220084C2A2045ED38E7202068B81343D6B7463EC3BE1,M2_N3_L3_15Hz_101_secondary_g0.6.npy,0.40676268378966585,0.08342455992412957,0.7118407861427589,1,0.0,0.08348829384494519,False
M2_N3_L3_15Hz,202,primary,0.4,fx_deconv,wavelet_threshold,,4B0CC40AF808E199E84E0EEFAEDAB387142C99EAF2A920A6197075693D7EDD72,M2_N3_L3_15Hz_202_primary_g0.4.npy,-1.2480720592158123,0.43594027509043326,0.41176394016661133,1,4.0,0.3179315206867738,False
M2_N3_L3_15Hz,202,primary,0.5,fx_deconv,wavelet_threshold,,1227910E98D5638E88032D32DBF63DF39A505DEFF290E02BC3002DE2A938210A,M2_N3_L3_15Hz_202_primary_g0.5.npy,-1.247815731775489,0.4359129301621513,0.4116053909119755,1,4.0,0.3178873148394518,False
M2_N3_L3_15Hz,202,primary,0.6,fx_deconv,wavelet_threshold,,2E78124C9F5201F5940378889BA9354FBBF7DE0DD59B1F1292D2B4D47909DC0B,M2_N3_L3_15Hz_202_primary_g0.6.npy,-1.2475462899618819,0.43588415496149757,0.4114398887915219,1,4.0,0.31784466840693976,False
M2_N3_L3_15Hz,202,secondary,0.4,fx_deconv,svd_lowrank,,8CBF3D07ABB0F9EAF0ACE26FA0573B269065B1AABEAAF4D83F1418968B87AAB2,M2_N3_L3_15Hz_202_secondary_g0.4.npy,-1.0537941556822361,0.4331696192216977,0.7857724689669855,1,6.0,0.32402099248129734,False
M2_N3_L3_15Hz,202,secondary,0.5,fx_deconv,svd_lowrank,,763AF19625FC0B85DAE1462689D09951B6BA9F004EF1A31E4B4313A28EE0CA2C,M2_N3_L3_15Hz_202_secondary_g0.5.npy,-1.0536454263661872,0.4331320566764761,0.7853300994681287,1,6.0,0.32398687493996253,False
M2_N3_L3_15Hz,202,secondary,0.6,fx_deconv,svd_lowrank,,E300CEA7D68DA839026EDED2A9FF2696659625337BFE1B23BDD8A114D65EC53E,M2_N3_L3_15Hz_202_secondary_g0.6.npy,-1.0534874859713976,0.433092504612198,0.7848755058579597,1,6.0,0.32395415190411286,False
M2_N3_L3_15Hz,303,primary,0.4,fx_deconv,wavelet_threshold,,C4584859AFCF17ED068532DA6B7EC35717C153851C52953D5EBFB5A48F47ED34,M2_N3_L3_15Hz_303_primary_g0.4.npy,0.14105471545435921,0.1087719648314881,0.3956180440314839,1,0.0,0.09293011871423261,False
M2_N3_L3_15Hz,303,primary,0.5,fx_deconv,wavelet_threshold,,E66AFFC7B45245269D6AFC1F093747CE2C887A691E2A3C309FED4B286C684560,M2_N3_L3_15Hz_303_primary_g0.5.npy,0.14147730903097752,0.10870612136636232,0.39521626398713416,1,0.0,0.09307620746822257,False
M2_N3_L3_15Hz,303,primary,0.6,fx_deconv,wavelet_threshold,,8655D730B96781D50BF9D7B04EFCC5E18386EB6AD21D52446F74AD9F36A7C6A3,M2_N3_L3_15Hz_303_primary_g0.6.npy,0.14191310692854583,0.10863988246629526,0.39479918319320717,1,0.0,0.09322682331627644,False
M2_N3_L3_15Hz,303,secondary,0.4,fx_deconv,svd_lowrank,,B232CF89AE508A14DA642C7BCBAEA4685413D69592D8BFE53EE2621BF6C82C29,M2_N3_L3_15Hz_303_secondary_g0.4.npy,0.36974606246951847,0.1124492180672839,0.7373009683501877,1,0.0,0.08227485148209074,False
M2_N3_L3_15Hz,303,secondary,0.5,fx_deconv,svd_lowrank,,C467884A09FC01EF541446727FA9D18859EFA548696CAE8E6D17BD45A7D83B9F,M2_N3_L3_15Hz_303_secondary_g0.5.npy,0.3702979030741857,0.11241707489760676,0.7373447635187402,1,0.0,0.08244276239542238,False
M2_N3_L3_15Hz,303,secondary,0.6,fx_deconv,svd_lowrank,,0A9093B939F7AE0469632AFE7169B4E7F79850E1C81C07F72F612C18CEC600AD,M2_N3_L3_15Hz_303_secondary_g0.6.npy,0.3708512697177272,0.11238827614518074,0.7373883112164379,1,0.0,0.08261858873193932,False
M2_N3_L3_15Hz,404,primary,0.4,fx_deconv,wavelet_threshold,,787A31DCF4A7A98F1E1D4B3AE6938414108730FD68B6F28CB079D92DD1FE4C16,M2_N3_L3_15Hz_404_primary_g0.4.npy,-0.24403677637854546,0.24991640053526976,0.34859492145077997,1,0.0,0.03996844239424315,False
M2_N3_L3_15Hz,404,primary,0.5,fx_deconv,wavelet_threshold,,0D89FB52805AC057D3D14A255DDD43416B80C6A3D477457A5C5EF89000C97690,M2_N3_L3_15Hz_404_primary_g0.5.npy,-0.24313854881912564,0.24970117021079802,0.34833343950053824,1,0.0,0.0401781973481342,False
M2_N3_L3_15Hz,404,primary,0.6,fx_deconv,wavelet_threshold,,E888984AE4564C4EAA69CF358727CC163D09208BE83EC13A278A8A8F63C8FE1D,M2_N3_L3_15Hz_404_primary_g0.6.npy,-0.24218903268513198,0.24947364712993791,0.34806430880432454,1,0.0,0.0403936163073,False
M2_N3_L3_15Hz,404,secondary,0.4,fx_deconv,svd_lowrank,,A1FAF5BC94A8AB8D646FBE74F532DBF501F369C6D4C692CACE639BD154F22880,M2_N3_L3_15Hz_404_secondary_g0.4.npy,-0.042677730150593,0.24814547151758304,0.6734969868305053,1,0.0,0.026939148016304926,False
M2_N3_L3_15Hz,404,secondary,0.5,fx_deconv,svd_lowrank,,05D39537F330986500626BAC984B04BC241D0E7343B78AFD47042EBD34D5F259,M2_N3_L3_15Hz_404_secondary_g0.5.npy,-0.04196116188458443,0.24798103213175476,0.6733244867159967,1,0.0,0.02707465942994891,False
M2_N3_L3_15Hz,404,secondary,0.6,fx_deconv,svd_lowrank,,B82CD676067AD035D77DDE663FD29C9B508F5EF98A563588810CBF30ED1C1681,M2_N3_L3_15Hz_404_secondary_g0.6.npy,-0.04120323947662741,0.24780652842452403,0.6731473297475592,1,0.0,0.02721402591893438,False
M2_N3_L3_15Hz,505,primary,0.4,fx_deconv,wavelet_threshold,,77193462119F3FD8147DFADEC232D99BFFC983D3879FA72EAE10ADBB8A712E14,M2_N3_L3_15Hz_505_primary_g0.4.npy,0.23953822766847585,0.06785772428825544,0.48505452608263544,1,2.0,0.12020455483210875,False
M2_N3_L3_15Hz,505,primary,0.5,fx_deconv,wavelet_threshold,,D67B1D6BE9220B846424771F332E0A405143D09AF9C62C48C35D5B76087FC20B,M2_N3_L3_15Hz_505_primary_g0.5.npy,0.24010454942226148,0.0677677217869871,0.4846369595243846,1,2.0,0.12032455483155759,False
M2_N3_L3_15Hz,505,primary,0.6,fx_deconv,wavelet_threshold,,2D771552663056957A0E1F2E0D797BED66D95393AB5B3D97F21A231B68CD965B,M2_N3_L3_15Hz_505_primary_g0.6.npy,0.24069931088685192,0.06767369104428311,0.48420883188613906,1,2.0,0.12044899024901827,False
M2_N3_L3_15Hz,505,secondary,0.4,fx_deconv,svd_lowrank,,9BFCB86528709AE5926732D6611F81C00583D1E90F2BB3CB71B3476414E8809A,M2_N3_L3_15Hz_505_secondary_g0.4.npy,0.45834510656169625,0.06896412468090762,0.8034171032696826,1,2.0,0.11263008039734203,False
M2_N3_L3_15Hz,505,secondary,0.5,fx_deconv,svd_lowrank,,5E3CF257BDC720176A986D7BEA48C79DABEB99BB65E5CA05E553379057579973,M2_N3_L3_15Hz_505_secondary_g0.5.npy,0.45901745777355235,0.06886328245275773,0.8030444049352704,1,2.0,0.11282515747716038,False
M2_N3_L3_15Hz,505,secondary,0.6,fx_deconv,svd_lowrank,,C6F1385C4EC6E1B9A3E2BA08652DDE6E6EFE7F829C6DB3B7F8B67E3E33165EB0,M2_N3_L3_15Hz_505_secondary_g0.6.npy,0.45971157675385743,0.0687591534747135,0.802656791440044,1,2.0,0.11302661929867308,False
M2_N3_L3_25Hz,101,primary,0.4,fx_deconv,wavelet_threshold,,24952191CECCEC6B74560A363426FCC4AB5BE168FA00F09103029915410DF96D,M2_N3_L3_25Hz_101_primary_g0.4.npy,0.05667476445282779,0.05242226415683014,0.14611351377251325,1,0.0,0.06742333972619713,False
M2_N3_L3_25Hz,101,primary,0.5,fx_deconv,wavelet_threshold,,87ABF6B0B453A22027358107E5DD52EABDA29584B2FADF7E0723843F80AE959C,M2_N3_L3_25Hz_101_primary_g0.5.npy,0.05724041651092782,0.05236202259539657,0.1460531472526743,1,0.0,0.06753659068094316,False
M2_N3_L3_25Hz,101,primary,0.6,fx_deconv,wavelet_threshold,,1EE0C2716CBBBBB02C59BDEC768B119671F7A817721D619C80C3615EBF522DE4,M2_N3_L3_25Hz_101_primary_g0.6.npy,0.05783197015552176,0.05229923287348589,0.1459901668144714,1,0.0,0.06765375029616126,False
M2_N3_L3_25Hz,101,secondary,0.4,fx_deconv,svd_lowrank,,856E296529DB9684CEAB6257D7ADF794D17B1C3ADBA07D17C8791CE94B334189,M2_N3_L3_25Hz_101_secondary_g0.4.npy,0.2718218023092243,0.05423227837550444,0.46087272040236793,1,0.0,0.06075568244200064,False
M2_N3_L3_25Hz,101,secondary,0.5,fx_deconv,svd_lowrank,,FB56650CA11D8FADE8E91227D73711460DF73586CB2744862BA8AE63740C65B8,M2_N3_L3_25Hz_101_secondary_g0.5.npy,0.2724834292171641,0.0541753069322229,0.4611345096468019,1,0.0,0.060862183525049914,False
M2_N3_L3_25Hz,101,secondary,0.6,fx_deconv,svd_lowrank,,18D76CC3AE8A13A952F4B08AD3DF9656CF7D5E695718B2085278920ED5D446A2,M2_N3_L3_25Hz_101_secondary_g0.6.npy,0.27317042986031326,0.05411640769450755,0.461405140717929,1,0.0,0.06097249137771162,False
M2_N3_L3_25Hz,202,primary,0.4,fx_deconv,wavelet_threshold,,7B574B9BEDC59C2A9A26ECFDF35294081176A090A1B33CBBF225676BC4ED6B6B,M2_N3_L3_25Hz_202_primary_g0.4.npy,-0.06859278110676946,0.08170647094241894,0.14335771753660143,1,0.0,0.03688795961106012,False
M2_N3_L3_25Hz,202,primary,0.5,fx_deconv,wavelet_threshold,,4F39C5919E55F4A44F6772F6231E18C45D3798EC85204C2855AF6BE8508B3D05,M2_N3_L3_25Hz_202_primary_g0.5.npy,-0.06812110454633151,0.08166072731012146,0.14330151444891376,1,0.0,0.03699270686471746,False
M2_N3_L3_25Hz,202,primary,0.6,fx_deconv,wavelet_threshold,,75BC72F36D3009EDB9C085D57A2D21D5934ED00226AD42970456599E6681E077,M2_N3_L3_25Hz_202_primary_g0.6.npy,-0.067627864259538,0.08161340717427934,0.14324165142729675,1,0.0,0.037100260162952994,False
M2_N3_L3_25Hz,202,secondary,0.4,fx_deconv,svd_lowrank,,3049C14962AA8122D7B592684FF32148C136BB4077434C8163387E2246F2874F,M2_N3_L3_25Hz_202_secondary_g0.4.npy,0.17913744251932942,0.07951028675658557,0.5050501972954367,1,0.0,0.0251047266140137,False
M2_N3_L3_25Hz,202,secondary,0.5,fx_deconv,svd_lowrank,,F78258909B345591096F8B3DDF73FFABCE0721437B311DD34A486C11153B3E62,M2_N3_L3_25Hz_202_secondary_g0.5.npy,0.17905375743431534,0.07946635411127022,0.5039638195651827,1,0.0,0.02522705929600037,False
M2_N3_L3_25Hz,202,secondary,0.6,fx_deconv,svd_lowrank,,593B797897FA05E1AEF8DE31C0335D1D77AD0A61BF03FF665BED63ABE76689AC,M2_N3_L3_25Hz_202_secondary_g0.6.npy,0.17896326500406345,0.0794220824395468,0.502837376623152,1,0.0,0.025352748750641835,False
M2_N3_L3_25Hz,303,primary,0.4,fx_deconv,wavelet_threshold,,A889B576C72820D9DB9B0AFBE08A6D4F9742E5689166FD4AA4EB6896C56E23C5,M2_N3_L3_25Hz_303_primary_g0.4.npy,0.06608185221609275,0.06360024210955237,0.15911770306521408,1,0.0,0.08097190471521382,False
M2_N3_L3_25Hz,303,primary,0.5,fx_deconv,wavelet_threshold,,3EA5F7C259DEC6414737C91FC99B84B43B04549E2111D40E6C896DE7BA40E79F,M2_N3_L3_25Hz_303_primary_g0.5.npy,0.06655878048406269,0.06354948403202763,0.15890486631318881,1,0.0,0.0810813522298558,False
M2_N3_L3_25Hz,303,primary,0.6,fx_deconv,wavelet_threshold,,701D21FCD130566A9F71018FFEB7B838B7161A614453B5F71705190DCC1E3965,M2_N3_L3_25Hz_303_primary_g0.6.npy,0.06705710432243953,0.06349648500744634,0.15868117359423245,1,0.0,0.08119440234631636,False
M2_N3_L3_25Hz,303,secondary,0.4,fx_deconv,svd_lowrank,,879252FAFEF721908FCFFF32AA677861193DAAA486D2795BB0DDD4E48F7F576F,M2_N3_L3_25Hz_303_secondary_g0.4.npy,0.2762054965562977,0.0633472860647372,0.47448162190517756,1,0.0,0.07098593289368986,False
M2_N3_L3_25Hz,303,secondary,0.5,fx_deconv,svd_lowrank,,B62B164836F4DE336FC55ACEF6A77E8A414990D33715F8EF63F2A038E2DBBD9E,M2_N3_L3_25Hz_303_secondary_g0.5.npy,0.27698328780848225,0.06328565505140266,0.4750668065822903,1,0.0,0.07111064642808003,False
M2_N3_L3_25Hz,303,secondary,0.6,fx_deconv,svd_lowrank,,E60F50B8E476ABF954F2EC4DC4F883BE475FC8A02C44F3E39F15B8DECEA3BE82,M2_N3_L3_25Hz_303_secondary_g0.6.npy,0.2777865801447293,0.06322219003047001,0.4756733270416996,1,0.0,0.07123921089925833,False
M2_N3_L3_25Hz,404,primary,0.4,fx_deconv,wavelet_threshold,,9285439AEC988A15AC4EEE9BD2DF6AC492B274E7B72E17FE35FEEE8C47951B26,M2_N3_L3_25Hz_404_primary_g0.4.npy,0.022225381164420185,0.13474156201578183,0.13511097190276283,1,0.0,0.13809727664479737,False
M2_N3_L3_25Hz,404,primary,0.5,fx_deconv,wavelet_threshold,,85D093C381C0ACEB9169AECC9DE32544EBF83E8EE96F6F58A44B2225801C94CC,M2_N3_L3_25Hz_404_primary_g0.5.npy,0.023144505903691985,0.13456082434293146,0.13496763275031842,1,0.0,0.13830271316521542,False
M2_N3_L3_25Hz,404,primary,0.6,fx_deconv,wavelet_threshold,,BBB9F9D33237143DD48DA2361C3B01D9587CF3CDF8722F9C43196CCCB16E657D,M2_N3_L3_25Hz_404_primary_g0.6.npy,0.02411625559000872,0.13436932902424098,0.13481699650009796,1,0.0,0.13851821251031815,False
M2_N3_L3_25Hz,404,secondary,0.4,fx_deconv,svd_lowrank,,7007CD00C8156D41E7946913B6C984C9FE7AD8E088A4660D67F7B5A8F662F919,M2_N3_L3_25Hz_404_secondary_g0.4.npy,0.2412616574763039,0.13575042805895218,0.474738049677581,1,0.0,0.11803718989813705,False
M2_N3_L3_25Hz,404,secondary,0.5,fx_deconv,svd_lowrank,,BD6C97BBF2A98EE0C48499DE95701F860018BA131AD6ABABA0AF8129FCB3F644,M2_N3_L3_25Hz_404_secondary_g0.5.npy,0.24214717146234976,0.13562210058729696,0.4752172730754267,1,0.0,0.11815798182841293,False
M2_N3_L3_25Hz,404,secondary,0.6,fx_deconv,svd_lowrank,,8A3AE5B55136AB0422FDB93CC33251F275625941ADC11AA97EE7E19D4296E424,M2_N3_L3_25Hz_404_secondary_g0.6.npy,0.24308313745698268,0.13548507514103172,0.47571585721145343,1,0.0,0.11828504236247125,False
M2_N3_L3_25Hz,505,primary,0.4,fx_deconv,wavelet_threshold,,DD938C58028AD8739161221E98E581A1E659EB483A5F6FB3FEDA355933AF4C47,M2_N3_L3_25Hz_505_primary_g0.4.npy,0.08677091576015071,0.04366447605314228,0.19487690013560696,1,0.0,0.09250110328168759,False
M2_N3_L3_25Hz,505,primary,0.5,fx_deconv,wavelet_threshold,,EB19EF59A4FB0F9421B004F85E74C81E31383DF18C35B2A1919D43FD9B8665BA,M2_N3_L3_25Hz_505_primary_g0.5.npy,0.08731743020628836,0.0435989420345087,0.19468349357633588,1,0.0,0.09261006775165571,False
M2_N3_L3_25Hz,505,primary,0.6,fx_deconv,wavelet_threshold,,08398B42CD3BBC036DB03263A562FDEDAE122C601CA4CF963C12915361AE73FE,M2_N3_L3_25Hz_505_primary_g0.6.npy,0.08789237736331376,0.04353059264416825,0.1944818058489683,1,0.0,0.09272147216317206,False
M2_N3_L3_25Hz,505,secondary,0.4,fx_deconv,svd_lowrank,,753104615B316B4069BCC207B58F901386A6D9BEBC710739D474D6E9AD8476B4,M2_N3_L3_25Hz_505_secondary_g0.4.npy,0.31721184333449387,0.04343181105418243,0.5283080692892077,1,0.0,0.08069453437270173,False
M2_N3_L3_25Hz,505,secondary,0.5,fx_deconv,svd_lowrank,,0A77FFA65D510B677D9E250A404AE0ACAF601914998BE9790191566464B59121,M2_N3_L3_25Hz_505_secondary_g0.5.npy,0.3181010476377543,0.04335338520204395,0.5286108688861648,1,0.0,0.08083744335918071,False
M2_N3_L3_25Hz,505,secondary,0.6,fx_deconv,svd_lowrank,,6FEFE22472D1984CB2E74A51A8B16A4B6EA80534F06ECF585067BA31182F1A5F,M2_N3_L3_25Hz_505_secondary_g0.6.npy,0.31901625789679083,0.043272609882042665,0.5289198026862736,1,0.0,0.08098417646309025,False
M2_N3_L3_40Hz,101,primary,0.4,fx_deconv,wavelet_threshold,,144471E1C31CB3CC0B39F1BD6A2BF19753B46B1E7ABA0C103551A2DB72561079,M2_N3_L3_40Hz_101_primary_g0.4.npy,0.033268497970627454,0.03787866708487242,0.1136078198695595,1,0.0,0.05059501848953506,False
M2_N3_L3_40Hz,101,primary,0.5,fx_deconv,wavelet_threshold,,275ADA7CBA63C6B328BCC60D6B76CF07E03FF373D1346522271CE45B47F63548,M2_N3_L3_40Hz_101_primary_g0.5.npy,0.033268497970627454,0.03787866708487245,0.1136078198695614,1,0.0,0.05059501848953478,False
M2_N3_L3_40Hz,101,primary,0.6,fx_deconv,wavelet_threshold,,F2F9CEAD81BE97EA06307AE708B53B44BEE1894C101297518E7220694567EB91,M2_N3_L3_40Hz_101_primary_g0.6.npy,0.033268497970627454,0.03787866708487247,0.1136078198695614,1,0.0,0.05059501848953422,False
M2_N3_L3_40Hz,101,secondary,0.4,fx_deconv,svd_lowrank,,544CACC355CECAB0FF98AB42B00C8205587AA650190C7F7B2FB225431FC3F38C,M2_N3_L3_40Hz_101_secondary_g0.4.npy,0.23492861327634512,0.03998451633110672,0.4164108969435787,1,0.0,0.03853528056041532,False
M2_N3_L3_40Hz,101,secondary,0.5,fx_deconv,svd_lowrank,,6B9F476AC825DB6D09CB7EFEA70DA6B785A7263080A6A32B075FE8A0132E53B2,M2_N3_L3_40Hz_101_secondary_g0.5.npy,0.23492861327634787,0.039984516331106744,0.4164108969435831,1,0.0,0.03853528056041491,False
M2_N3_L3_40Hz,101,secondary,0.6,fx_deconv,svd_lowrank,,2B8BD777E7973904344C848F686B8F6DCBCC5477F5FE46896D634FA5C41A7151,M2_N3_L3_40Hz_101_secondary_g0.6.npy,0.2349286132763515,0.03998451633110677,0.41641089694358924,1,0.0,0.03853528056041462,False
M2_N3_L3_40Hz,202,primary,0.4,fx_deconv,wavelet_threshold,,3CC162ABDFAC6B3E079434824580425A682C484A9FAFC775E4173889B5B512AD,M2_N3_L3_40Hz_202_primary_g0.4.npy,-0.017460613899757955,0.04886491195939054,0.11138193940664137,2,0.0,0.04327394970956096,False
M2_N3_L3_40Hz,202,primary,0.5,fx_deconv,wavelet_threshold,,6EA89B988F44CA889036688CAE035F74B1137EC9380BF0E1C89019F15F0F62B4,M2_N3_L3_40Hz_202_primary_g0.5.npy,-0.017460613899757955,0.048864911959390564,0.11138193940664232,2,0.0,0.04327394970956078,False
M2_N3_L3_40Hz,202,primary,0.6,fx_deconv,wavelet_threshold,,D65C14A7044DD57B4E82077AC699884C0479C559275A9FD177C1638EBB6F342A,M2_N3_L3_40Hz_202_primary_g0.6.npy,-0.017460613899756987,0.048864911959390585,0.11138193940664232,2,0.0,0.04327394970956051,False
M2_N3_L3_40Hz,202,secondary,0.4,fx_deconv,svd_lowrank,,FC5E5A6AEC10734BEF001413BA83CC79979405925C13133C804C96CBB261D772,M2_N3_L3_40Hz_202_secondary_g0.4.npy,0.1787326029022055,0.04844170097415793,0.408872688141962,2,0.0,0.029149057847730607,False
M2_N3_L3_40Hz,202,secondary,0.5,fx_deconv,svd_lowrank,,855BB7C89DE6EAE58D2871935388C20C8501D5F2C263A93F867BCAB557B43CEF,M2_N3_L3_40Hz_202_secondary_g0.5.npy,0.17873260290220827,0.04844170097415795,0.40887268814196553,2,0.0,0.029149057847730146,False
M2_N3_L3_40Hz,202,secondary,0.6,fx_deconv,svd_lowrank,,14FA1C0A5B1BB20FD49BB204D1D74D78FBFB119ACF71DCA5379E2B771E2B7499,M2_N3_L3_40Hz_202_secondary_g0.6.npy,0.17873260290221105,0.04844170097415798,0.40887268814196903,2,0.0,0.029149057847729785,False
M2_N3_L3_40Hz,303,primary,0.4,fx_deconv,wavelet_threshold,,CDC795442ECE9559BD84F3E4B310449F03C156F5E134CDD029E48A4298479FC0,M2_N3_L3_40Hz_303_primary_g0.4.npy,0.04178499357918233,0.04529443266014924,0.12658883878048197,1,0.0,0.058296969263445936,False
M2_N3_L3_40Hz,303,primary,0.5,fx_deconv,wavelet_threshold,,FA646AECF9A4F7F5683EEE2B0036A626D9D0BB1A3AF691ED6C6CFF6E095E6A3F,M2_N3_L3_40Hz_303_primary_g0.5.npy,0.04178499357918233,0.045294432660149285,0.12658883878048197,1,0.0,0.05829696926344567,False
M2_N3_L3_40Hz,303,primary,0.6,fx_deconv,wavelet_threshold,,DEB07BCF05F3C2BE37E38D5A2D423ECADAC371A1CAFFB58578EB2F288FEC3E75,M2_N3_L3_40Hz_303_primary_g0.6.npy,0.04178499357918424,0.04529443266014931,0.12658883878048197,1,0.0,0.058296969263445284,False
M2_N3_L3_40Hz,303,secondary,0.4,fx_deconv,svd_lowrank,,15CD07909083BF2979DF200BC938A5CA1B2E960EFFA62CA99E578C0049E6A013,M2_N3_L3_40Hz_303_secondary_g0.4.npy,0.23671643278611734,0.04599119083830748,0.4214887266245,1,0.0,0.04860358855468564,False
M2_N3_L3_40Hz,303,secondary,0.5,fx_deconv,svd_lowrank,,7CC4F99C93A392A10B505D644E6E1E890EA5CC759A9AABD587D62093FD98D67A,M2_N3_L3_40Hz_303_secondary_g0.5.npy,0.23671643278612003,0.0459911908383075,0.4214887266245035,1,0.0,0.04860358855468538,False
M2_N3_L3_40Hz,303,secondary,0.6,fx_deconv,svd_lowrank,,4FF6B67BB22E5DA2EFB8853A7FF529443885097E038147D19FBE505CF5F86EDD,M2_N3_L3_40Hz_303_secondary_g0.6.npy,0.23671643278612373,0.045991190838307536,0.4214887266245079,1,0.0,0.04860358855468499,False
M2_N3_L3_40Hz,404,primary,0.4,fx_deconv,wavelet_threshold,,5EA5D3CD37940AB8F76EDA2A290634C9B903319CEE5F5C95819164D5247E0873,M2_N3_L3_40Hz_404_primary_g0.4.npy,0.01926460975153338,0.10515527188429526,0.10814763491325985,1,0.0,0.13574278641034743,False
M2_N3_L3_40Hz,404,primary,0.5,fx_deconv,wavelet_threshold,,8992089783C3255CF094B8945A9D79C9259C9A8B52D448B50824A06422C22B65,M2_N3_L3_40Hz_404_primary_g0.5.npy,0.019264609751535298,0.10515527188429528,0.10814763491326079,1,0.0,0.1357427864103471,False
M2_N3_L3_40Hz,404,primary,0.6,fx_deconv,wavelet_threshold,,AF7654B4A4F04164ED7C705D80EA10FCD5C92BE39D14D2EA57D5A29F40BE2686,M2_N3_L3_40Hz_404_primary_g0.6.npy,0.019264609751535298,0.1051552718842953,0.10814763491326079,1,0.0,0.13574278641034662,False
M2_N3_L3_40Hz,404,secondary,0.4,fx_deconv,svd_lowrank,,B07B1D319EEC8130D189F19977BC3AF4EEB60E255FEB075E4EACE1B766718A18,M2_N3_L3_40Hz_404_secondary_g0.4.npy,0.20576767852272163,0.10605132908903658,0.4042544782250169,1,0.0,0.11533782484389274,False
M2_N3_L3_40Hz,404,secondary,0.5,fx_deconv,svd_lowrank,,A828828C48D3046AF3CA380CB64265ADC2D21AD4ADF48CB2D2F8CE1EE49CAAC2,M2_N3_L3_40Hz_404_secondary_g0.5.npy,0.20576767852272437,0.10605132908903663,0.4042544782250169,1,0.0,0.11533782484389193,False
M2_N3_L3_40Hz,404,secondary,0.6,fx_deconv,svd_lowrank,,AF3BFF9DE7788ACD6D9B07C32F7D1F1BFFA148759FDFA3A0310766039718FF81,M2_N3_L3_40Hz_404_secondary_g0.6.npy,0.20576767852272715,0.1060513290890366,0.4042544782250213,1,0.0,0.11533782484389128,False
M2_N3_L3_40Hz,505,primary,0.4,fx_deconv,wavelet_threshold,,E713E9B8B7CF31C8BFBA3B46E1A5E45933157520ABF8DA5C4D47DCBD01421076,M2_N3_L3_40Hz_505_primary_g0.4.npy,0.05914162607894501,0.032236172189160514,0.15681501930148142,2,0.0,0.06337999469433267,False
M2_N3_L3_40Hz,505,primary,0.5,fx_deconv,wavelet_threshold,,900F349C8A07EBAB7FEBD736763F13224BE8569571920BC96FD764E1697A3A1E,M2_N3_L3_40Hz_505_primary_g0.5.npy,0.05914162607894501,0.032236172189160556,0.15681501930148142,2,0.0,0.06337999469433245,False
M2_N3_L3_40Hz,505,primary,0.6,fx_deconv,wavelet_threshold,,56DA4BDA9E6AAE03539C9F2D4428DB6BDBB316B32650C44B8258378831A007BF,M2_N3_L3_40Hz_505_primary_g0.6.npy,0.05914162607894596,0.03223617218916058,0.15681501930148142,2,0.0,0.06337999469433214,False
M2_N3_L3_40Hz,505,secondary,0.4,fx_deconv,svd_lowrank,,05C5C8134012DE882D19E161B1A6B3E966A34908507D63CA1677104780BDA41E,M2_N3_L3_40Hz_505_secondary_g0.4.npy,0.3119079583268334,0.03322193128867939,0.5219243283336241,2,0.0,0.05189113085759865,False
M2_N3_L3_40Hz,505,secondary,0.5,fx_deconv,svd_lowrank,,749F9D985900118ED1293056FC179C1F0A4BA46AA2C09EC75A094FBE3416D186,M2_N3_L3_40Hz_505_secondary_g0.5.npy,0.31190795832683604,0.033221931288679424,0.5219243283336285,2,0.0,0.051891130857598125,False
M2_N3_L3_40Hz,505,secondary,0.6,fx_deconv,svd_lowrank,,CFBF43A012D3375166F75602FA5A4F1E0A53379F818BE38C22447C2C7260987C,M2_N3_L3_40Hz_505_secondary_g0.6.npy,0.3119079583268406,0.03322193128867945,0.5219243283336319,2,0.0,0.0518911308575977,False
