config_id,seed,method,wall_time_ms,y_hat_sha256,y_hat_file,delta_snr_db,lsig,cna_db,n_event_windows,event_timing_median_ms,event_timing_max_ms,event_energy_median,event_energy_max
M1_N1_L1_15Hz,101,fk_filter,2.48,4F83F3717B022F13CE09C3A6AF8E9EB5E4538E8C8823F8D50D7C3BA5BDA26E6D,M1_N1_L1_15Hz_101_fk_filter.npy,0.8449909288425541,0.026677292162232365,,1,2.0,2.0,0.032353546835724674,0.032353546835724674
M1_N1_L1_15Hz,101,fx_deconv,3.007,E7C1793F1CAE9FDEA63E5522A2B0A9378FC7FACF53F105A096E31184C84DBDFB,M1_N1_L1_15Hz_101_fx_deconv.npy,6.98578735496891,0.006348595233000277,,1,0.0,0.0,0.0013557927075189828,0.0013557927075189828
M1_N1_L1_15Hz,101,wavelet_threshold,19.732,2BDAD678686E2FBB6455465B6A3057F2A69EBDE3AA7A99A5596F9E3A3A4CE453,M1_N1_L1_15Hz_101_wavelet_threshold.npy,2.455108545378476,0.018493868328871087,,1,2.0,2.0,0.022058063919772327,0.022058063919772327
M1_N1_L1_15Hz,101,ssa_decomposition,285.235,98D67AC0BEC1C519C92852F80EFD88FC6479666D68CEA80271BE14F6D5ED4540,M1_N1_L1_15Hz_101_ssa_decomposition.npy,4.115168694309881,0.013538856612084654,,1,2.0,2.0,0.002268125513451876,0.002268125513451876
M1_N1_L1_15Hz,101,svd_lowrank,9.38,EC0C633678259D4A7805D3A249E8CE0931D8DE9DCBD2125FF420D6172E108376,M1_N1_L1_15Hz_101_svd_lowrank.npy,3.983934595457171,0.012790772403137965,,1,0.0,0.0,0.02053438035419816,0.02053438035419816
M1_N1_L1_15Hz,202,fk_filter,1.155,7815FC797EE23BD1F82D23D1D71F6F19DC2B9FF0B749F27E6A7AC17FF753B635,M1_N1_L1_15Hz_202_fk_filter.npy,0.4655521894434269,0.031099348789984424,,2,1.0,2.0,0.02227262704201794,0.027439778895355423
M1_N1_L1_15Hz,202,fx_deconv,1.92,8D30305D75C6805E72D4FC02A70485C1A48F53BDAC5EBA63887C377EE64E2CB3,M1_N1_L1_15Hz_202_fx_deconv.npy,6.822813550574924,0.007126249030550412,,2,40.0,78.0,0.018118842529413638,0.0326208555120116
M1_N1_L1_15Hz,202,wavelet_threshold,1.143,4482543D02EA22DA4DFAB345480FB36FE01C44B8277094A60656799A9233B392,M1_N1_L1_15Hz_202_wavelet_threshold.npy,2.3937376026030144,0.019774615671051852,,2,1.0,2.0,0.008610633101937815,0.012542306133665231
M1_N1_L1_15Hz,202,ssa_decomposition,233.571,B4FBA352DD866729FFF7ACE14CF5F6C54CECDBD6F6ACAAACBBD9156ECD5AA176,M1_N1_L1_15Hz_202_ssa_decomposition.npy,3.7631432801479345,0.01593727372604276,,2,2.0,2.0,0.025162785801614695,0.039945525757607306
M1_N1_L1_15Hz,202,svd_lowrank,3.68,53B90135EB77BDC6E2720FB87F94CF661FFEE7CE4C9D212577389EA88184E628,M1_N1_L1_15Hz_202_svd_lowrank.npy,3.957317858269647,0.013000891954236048,,2,0.0,0.0,0.008458355910543194,0.011861850865827467
M1_N1_L1_15Hz,303,fk_filter,0.824,56C7F6149295632E18A03F67FB3BCD865DD6BDF09C5F0720A744D7FAA2AAA502,M1_N1_L1_15Hz_303_fk_filter.npy,0.5378947925928959,0.018941166656133334,,1,2.0,2.0,0.01547453861575969,0.01547453861575969
M1_N1_L1_15Hz,303,fx_deconv,1.809,46D857AB03334FFD9DE77D282728D9DCB64262872991D22C134FF4D187C0E0FD,M1_N1_L1_15Hz_303_fx_deconv.npy,6.839774452642525,0.004213970764845519,,1,2.0,2.0,0.011589131868505393,0.011589131868505393
M1_N1_L1_15Hz,303,wavelet_threshold,1.096,07AEADFE528A2B06DD6BC9F3B9A768DC1B98F8A4E47F7EA2FE791F4AF07A75A3,M1_N1_L1_15Hz_303_wavelet_threshold.npy,2.509304271636333,0.011251797108311583,,1,2.0,2.0,0.007464889423408781,0.007464889423408781
M1_N1_L1_15Hz,303,ssa_decomposition,301.485,801A5D8E7BA949FCC234E12A0DA0014006AAC01ECA88573B40B6C95F95B9F692,M1_N1_L1_15Hz_303_ssa_decomposition.npy,4.200616313267348,0.008594602770769502,,1,4.0,4.0,0.0030641652848416587,0.0030641652848416587
M1_N1_L1_15Hz,303,svd_lowrank,5.842,CF29C01D3CB390AD97DD16319ABD6E95CF2273BCDDDE0D28977183F3E090165D,M1_N1_L1_15Hz_303_svd_lowrank.npy,4.000925738999326,0.007960129540214142,,1,0.0,0.0,0.007415883066495373,0.007415883066495373
M1_N1_L1_15Hz,404,fk_filter,0.876,363C0A1685888DDF1C3F8F001117A6B1127DD8C7201841F837B881A2252726ED,M1_N1_L1_15Hz_404_fk_filter.npy,0.8487780218384025,0.02224213857077918,,2,0.0,0.0,0.02941043868004449,0.039907407966081776
M1_N1_L1_15Hz,404,fx_deconv,1.936,A043E3F3F740A9B83AD2DB81819B093D79D9B571C6BC24B63A685A4C373B21B0,M1_N1_L1_15Hz_404_fx_deconv.npy,7.0025297075379385,0.005590998632188333,,2,0.0,0.0,0.005557850790190482,0.006011857556792952
M1_N1_L1_15Hz,404,wavelet_threshold,1.065,6178F27EFC86523793B959B23B404A8CBCBCEC46AB173DB1E950C809F64B9575,M1_N1_L1_15Hz_404_wavelet_threshold.npy,2.4220243702247526,0.015826222526211863,,2,0.9999999999999929,1.9999999999999858,0.021740954584118996,0.028838395849326078
M1_N1_L1_15Hz,404,ssa_decomposition,241.476,7B393575F731D228E121C12650E5B63A3CDCF0E8E632F6AE16C8FCAB81186F4A,M1_N1_L1_15Hz_404_ssa_decomposition.npy,4.358189974534,0.010988538870669827,,2,0.0,0.0,0.003420106448868474,0.00674254306084766
M1_N1_L1_15Hz,404,svd_lowrank,3.593,C7C5E774FAD9E3C7028B093C2F6D940B8ECF50ACEE995D7A5EA870EF85CEBB32,M1_N1_L1_15Hz_404_svd_lowrank.npy,3.9582423754821416,0.011201380930193128,,2,0.0,0.0,0.01940725734203409,0.02633424344518939
M1_N1_L1_15Hz,505,fk_filter,0.813,A684C1D9A5B3B4F2A222082259EB9B56BC4567240D5A1924996660D5D8E39CFF,M1_N1_L1_15Hz_505_fk_filter.npy,0.599409338584973,0.019488163919125667,,1,7.999999999999993,7.999999999999993,0.0077780634269895964,0.0077780634269895964
M1_N1_L1_15Hz,505,fx_deconv,1.849,54ACD9F1339695109F3EF14A5F697083FE774A4A12C35C6382CABCD8244858D0,M1_N1_L1_15Hz_505_fx_deconv.npy,6.742275662622262,0.004573290611856899,,1,0.0,0.0,0.009502388625295122,0.009502388625295122
M1_N1_L1_15Hz,505,wavelet_threshold,1.047,AEB40822170BC6A3F4E2D9087475C9FF7180FB1C5C27AACA8A30B451B07846D4,M1_N1_L1_15Hz_505_wavelet_threshold.npy,2.44614494020567,0.012132525046479707,,1,0.0,0.0,0.007342350894215906,0.007342350894215906
M1_N1_L1_15Hz,505,ssa_decomposition,256.222,A8DC60EA121DE46BC3087B9D6976486159AEB1C3FBE73C1A27953A70CB9C391F,M1_N1_L1_15Hz_505_ssa_decomposition.npy,4.133312526898038,0.00855701273922398,,1,1.999999999999993,1.999999999999993,0.004614882793315534,0.004614882793315534
M1_N1_L1_15Hz,505,svd_lowrank,3.405,E9B27E96093014594AFD6C842628B5AC72DB8621C507EF8E0196B53019B1B93B,M1_N1_L1_15Hz_505_svd_lowrank.npy,3.886834710982182,0.00881891972513261,,1,4.000000000000007,4.000000000000007,0.00843872572703825,0.00843872572703825
M1_N1_L1_25Hz,101,fk_filter,0.931,DE257F2389A1A43B7FCD426FA2660713D06D06C36F2AB37041D1F6DFE8A828B1,M1_N1_L1_25Hz_101_fk_filter.npy,0.9815206360724424,0.014691497188336108,,2,0.0,0.0,0.016852001645902073,0.02035594828140625
M1_N1_L1_25Hz,101,fx_deconv,1.862,F563CDCA6CE6FD6189EA428386654F333C86847D0A93CBA29CE083129C438E58,M1_N1_L1_25Hz_101_fx_deconv.npy,5.932742737746095,0.0054579289328307535,,2,0.0,0.0,0.014651458718074332,0.0163520495806061
M1_N1_L1_25Hz,101,wavelet_threshold,1.136,A11C3CDE2751829AB5EAD00CF8090EBD8F9B98A21E101ABBCFD66145E7425CF1,M1_N1_L1_25Hz_101_wavelet_threshold.npy,2.3546476157812783,0.011391262482493133,,2,0.9999999999999964,1.999999999999993,0.008383359806668041,0.008815185763388352
M1_N1_L1_25Hz,101,ssa_decomposition,227.148,1CC44C3FD069A283434ABA192DF20F7F9A2319DC07ACA73E4EFB8BAD32485A3D,M1_N1_L1_25Hz_101_ssa_decomposition.npy,0.30845661776126576,0.04488923693324398,,2,15.000000000000007,24.000000000000014,0.08076423716280282,0.09366677149060755
M1_N1_L1_25Hz,101,svd_lowrank,3.351,3F74947D003E2EBD44640E21AB7403D101D00236FA30793C7FBB2289496DD8B8,M1_N1_L1_25Hz_101_svd_lowrank.npy,3.9735454674851365,0.007776203613960686,,2,0.0,0.0,0.009475164373142508,0.012147576731325964
M1_N1_L1_25Hz,202,fk_filter,0.932,C4D0A54FEC02FC59B55DB5596D619299E436C3F0AEEBB4C9A32C27639397C60A,M1_N1_L1_25Hz_202_fk_filter.npy,0.921580109926273,0.02386807713858548,,2,0.0,0.0,0.023342056942242544,0.04005864775544487
M1_N1_L1_25Hz,202,fx_deconv,1.898,16C4B955DACC0A361E5CAA59615E2CED8D7B72672161A79D426613C26BED54CC,M1_N1_L1_25Hz_202_fx_deconv.npy,5.896776623617283,0.007815521419873876,,2,0.0,0.0,0.01648149450781862,0.032526698191419526
M1_N1_L1_25Hz,202,wavelet_threshold,1.144,8866369E467576AF8C01BD2F97DDF1C2D3CFB0745557960E850076E0FB0FD5F2,M1_N1_L1_25Hz_202_wavelet_threshold.npy,2.2818380701028094,0.018257983894942067,,2,0.0,0.0,0.017979652409339363,0.020339550716300045
M1_N1_L1_25Hz,202,ssa_decomposition,259.198,5C2F4F002145A1CBAD174F3FD0A56A1EF09D5F0AED8E8E014A5EE0A11B7143FC,M1_N1_L1_25Hz_202_ssa_decomposition.npy,0.0675432985820752,0.05427187766057297,,2,24.0,48.0,0.10453199508340913,0.11630156893475771
M1_N1_L1_25Hz,202,svd_lowrank,9.113,F27D33DD6597BC790D219EA1DC975FE68BDEA86B15C7A34FDFCFB2F85F6E4820,M1_N1_L1_25Hz_202_svd_lowrank.npy,3.9510158723475257,0.01136564575283976,,2,0.0,0.0,0.015642206118143535,0.02604366093387487
M1_N1_L1_25Hz,303,fk_filter,0.812,02C66BA7D4DC3164769753367645B4FF2C1A9519F7EBCF2F081D175CB964588A,M1_N1_L1_25Hz_303_fk_filter.npy,0.8784655817900546,0.018440961574541007,,4,0.0,2.0,0.017145014923970917,0.026919300001879212
M1_N1_L1_25Hz,303,fx_deconv,1.823,0B12156A2AE996A40AA48BD2534D628F455DB5AD59A7B01BA91E48238C8401F5,M1_N1_L1_25Hz_303_fx_deconv.npy,5.925188416210606,0.005898750102174772,,4,0.0,2.0,0.023362666410710328,0.026827093862369696
M1_N1_L1_25Hz,303,wavelet_threshold,1.123,2AC32C4ED8AB0A513C9D4B0E7B3F6F58DC835B61A88C0443131889ACD3F71FB1,M1_N1_L1_25Hz_303_wavelet_threshold.npy,2.39562750399309,0.013786931024957063,,4,1.0,2.0,0.007619125516246798,0.009298747619598565
M1_N1_L1_25Hz,303,ssa_decomposition,1163.375,387F0FABEE99A9B4A7EC09F966443124022FF9D5AB3F898DB45B0C2857DBEE88,M1_N1_L1_25Hz_303_ssa_decomposition.npy,1.8386901504264177,0.020730201247106745,,4,1.9999999999999982,4.0000000000000036,0.07449616529920668,0.16312540666367478
M1_N1_L1_25Hz,303,svd_lowrank,23.413,4A85761080C0ABF1E4BC3DBEC45CA6D33369EACA828B1C8F76FE9FBFD2960D4C,M1_N1_L1_25Hz_303_svd_lowrank.npy,4.011668918721497,0.009304117409187383,,4,0.0,2.0,0.010626269889075023,0.014024382557240967
M1_N1_L1_25Hz,404,fk_filter,0.986,7717C389EEC225A176050CCCBCE569204E235820F2E7798D75019D2F3CDC8CBE,M1_N1_L1_25Hz_404_fk_filter.npy,0.962202816534381,0.020525592945507504,,3,0.0,0.0,0.03807497338155539,0.06744767977882811
M1_N1_L1_25Hz,404,fx_deconv,2.02,83DEB5BF5CDD350BAD8A057B09B2794478D51E10C31EFA4FA43C86BAB88CC5D4,M1_N1_L1_25Hz_404_fx_deconv.npy,5.995904294139704,0.006935220406479529,,3,0.0,0.0,0.008691344992345933,0.02521527275414927
M1_N1_L1_25Hz,404,wavelet_threshold,1.063,C94FEBAC0F435750C8607E997AA233C0ADF05F07F7AA34E8FCEA71BB98E8E939,M1_N1_L1_25Hz_404_wavelet_threshold.npy,2.3060016527334515,0.015896218162572192,,3,0.0,2.0000000000000036,0.0168369932971802,0.025996361731531692
M1_N1_L1_25Hz,404,ssa_decomposition,749.885,56F18050BE39C7151888AED9F250609D730759147180821F1352B215247A8363,M1_N1_L1_25Hz_404_ssa_decomposition.npy,-0.2418750045984357,0.05016475585439343,,3,2.0,2.000000000000007,0.1732973412345548,0.3769408842727611
M1_N1_L1_25Hz,404,svd_lowrank,4.81,C5820E16464906525081EC559B6BB75346E32A3F62F288EDF4DC847BBF8355A0,M1_N1_L1_25Hz_404_svd_lowrank.npy,3.9519759288057443,0.010536346749494234,,3,0.0,0.0,0.02900393191438998,0.040358904995504055
M1_N1_L1_25Hz,505,fk_filter,0.955,A9C5F8EE5A18F26621196E6012F5F85E147C5008441DF5F88EE56BD12C5EEFE6,M1_N1_L1_25Hz_505_fk_filter.npy,0.9695430770126681,0.018627826711560956,,4,0.0,4.0,0.015348743271039089,0.035606802515339805
M1_N1_L1_25Hz,505,fx_deconv,2.223,226B874581014FCCF15D80BDA76D396AE3E5BD64049B239C2B1145C0D89E7ECA,M1_N1_L1_25Hz_505_fx_deconv.npy,5.910611109966553,0.0064773994058526805,,4,2.0,4.0,0.021215934901272666,0.03286019164924588
M1_N1_L1_25Hz,505,wavelet_threshold,1.237,AB3AF595809B38EF775B7A04A883A2CD5420A7DDC783844ED895C2355A644FB1,M1_N1_L1_25Hz_505_wavelet_threshold.npy,2.353586189158017,0.014303673441581078,,4,0.0,4.0,0.007999451873856245,0.01835813628109939
M1_N1_L1_25Hz,505,ssa_decomposition,288.9,4F7A5B584D2F5591A4F9C87588DF20F18C5B6C3B49D3C5E981C061667A1605F7,M1_N1_L1_25Hz_505_ssa_decomposition.npy,0.8047662871067232,0.033432399895523525,,4,6.999999999999998,8.0,0.16862901783091294,0.24208182869049194
M1_N1_L1_25Hz,505,svd_lowrank,7.23,163CE87CA8F3752913A9B315076E2C80EEE0C15A3ACB3EB096D8E01B126FD972,M1_N1_L1_25Hz_505_svd_lowrank.npy,3.874290100819401,0.009824735711909196,,4,0.0,4.0,0.0049749162648410755,0.022418080281687763
M1_N1_L1_40Hz,101,fk_filter,0.843,4DA8F32C0AA64F63F7B0097D67653E8E2E21A9DDF1B96C8A3667431CDE28A6A0,M1_N1_L1_40Hz_101_fk_filter.npy,0.5204824741678564,0.011116303448225243,,2,2.0000000000000018,2.0000000000000036,0.0031271849495955015,0.0043685979488690034
M1_N1_L1_40Hz,101,fx_deconv,1.874,BB8AE35DD343CA09E78A6590F530A7E2B1FA3CE2610825BE7670F82F6444C4BB,M1_N1_L1_40Hz_101_fx_deconv.npy,5.123528643758506,0.004179520524904429,,2,0.0,0.0,0.0398765780174996,0.04867514399894247
M1_N1_L1_40Hz,101,wavelet_threshold,1.059,47CBD2137D19ED0E8F0932B65B93DDC4DDBC757ABA54C2C0758BC9504867CEAC,M1_N1_L1_40Hz_101_wavelet_threshold.npy,2.190632973074777,0.008640101527285182,,2,0.0,0.0,0.018584471532211048,0.020166485571096016
M1_N1_L1_40Hz,101,ssa_decomposition,649.308,76907517DBD03655B1401BE30861741083B1E3539D7A2BF0307B0D1232310D02,M1_N1_L1_40Hz_101_ssa_decomposition.npy,-4.836732795576391,0.14355492540864442,,2,9.0,16.0,0.4061148300997006,0.553677228151315
M1_N1_L1_40Hz,101,svd_lowrank,17.272,B423CF551CF6DE2B90CA589D112106911FEA80B3ED78D5DA4EDF9BF5B47AD327,M1_N1_L1_40Hz_101_svd_lowrank.npy,3.9674599352882147,0.00554425724697692,,2,0.0,0.0,0.0033191830468488467,0.004035358848757321
M1_N1_L1_40Hz,202,fk_filter,0.874,EBF504C34B6659432B1527401096BC89024D65E2A898C3E3ABC12C3490516112,M1_N1_L1_40Hz_202_fk_filter.npy,0.5411181288190949,0.028479664639569215,,3,0.0,0.0,0.013831446777692203,0.03730134310793746
M1_N1_L1_40Hz,202,fx_deconv,1.948,170CF9BF19BB17848B22FB44B5275DA27B3E43396871A70AF86DB93EBF58EBEB,M1_N1_L1_40Hz_202_fx_deconv.npy,5.211731392426611,0.009002300790412822,,3,0.0,0.0,0.02556471298150573,0.03494870265909355
M1_N1_L1_40Hz,202,wavelet_threshold,1.187,6B0A9867DBE76DEC55DF522F0039D99C464C459E35E82B558896858B1B98B85C,M1_N1_L1_40Hz_202_wavelet_threshold.npy,2.1780743920190133,0.018819107719478298,,3,2.0,60.0,0.024807426576622105,0.02501896206477659
M1_N1_L1_40Hz,202,ssa_decomposition,1290.112,404079F2CFEC2AD8D2EBDCEE79C5166AB714C5A50753B1677D5EC08BA945841E,M1_N1_L1_40Hz_202_ssa_decomposition.npy,-2.5797620769704643,0.11103706118933492,,3,2.0,2.0,0.27097122190397044,0.3382470399846114
M1_N1_L1_40Hz,202,svd_lowrank,37.982,0A1CB5F194FFE903FDA64011DE8A064E99280D60256ACBEDF37174BB3A7A26C6,M1_N1_L1_40Hz_202_svd_lowrank.npy,3.9597059318572967,0.010411368590002924,,3,0.0,0.0,0.0035899311627971358,0.03362134869373447
M1_N1_L1_40Hz,303,fk_filter,0.954,7B1D80222566ABE876B2BF1E1147C9F2DCD608BA1F687E2D721373B36DEFC5A6,M1_N1_L1_40Hz_303_fk_filter.npy,0.6056642751749965,0.02078315583379886,,3,0.0,0.0,0.014709275837141563,0.0491673379182934
M1_N1_L1_40Hz,303,fx_deconv,4.995,9A9D84EA08B0E6FFFFC55D2D0A154FB96AE224DA58E4CEB3FCC4CE385EBB3458,M1_N1_L1_40Hz_303_fx_deconv.npy,5.095216381355129,0.006566557808134133,,3,0.0,0.0,0.01964656450219539,0.029019494266730266
M1_N1_L1_40Hz,303,wavelet_threshold,2.323,C3717B05ECDCC1BC9DEEB702831012940ABAE2794C32D412E95AD49CC1128867,M1_N1_L1_40Hz_303_wavelet_threshold.npy,2.224034877350535,0.01456862453325036,,3,0.0,1.9999999999999964,0.015196123002537877,0.019764316759186683
M1_N1_L1_40Hz,303,ssa_decomposition,1786.58,036A52C47641FB77E52D8D4533760ED5E66362BD6EBE4C27AFF94361EB16441D,M1_N1_L1_40Hz_303_ssa_decomposition.npy,-4.303690550982102,0.14776005628743763,,3,0.0,2.0,0.2297928419175698,0.4927973579384384
M1_N1_L1_40Hz,303,svd_lowrank,33.402,9662D57BBD3566BCB248E81BC6DDC22F92DB837DAC099D82287F15EC06F2A436,M1_N1_L1_40Hz_303_svd_lowrank.npy,4.0186445458958335,0.008847621125739875,,3,0.0,0.0,0.008225418428331877,0.02998564460875246
M1_N1_L1_40Hz,404,fk_filter,1.04,34305AB938189CBC815382985D2F775AEED2BB031B5CDFE46588FF8D10F7F58E,M1_N1_L1_40Hz_404_fk_filter.npy,0.5724656501519032,0.019830473624908907,,5,1.9999999999999964,4.0,0.03460829090483632,0.04456572534447291
M1_N1_L1_40Hz,404,fx_deconv,1.996,3DAF257567046DD72E4AC261709669DEA628321C2FC86F157F3AEF2F2F9AF9D3,M1_N1_L1_40Hz_404_fx_deconv.npy,5.148786031007694,0.006471432104867858,,5,0.0,1.9999999999999964,0.029828795043067565,0.05310522215128415
M1_N1_L1_40Hz,404,wavelet_threshold,1.369,3B86775D53EA9B9581E1BE7313F9C1F15BC5F42EDB9CD0B74D21FA958A6A7FF5,M1_N1_L1_40Hz_404_wavelet_threshold.npy,2.1750953201689036,0.013066865387352624,,5,2.0,4.0,0.009202336987156164,0.01949761647845845
M1_N1_L1_40Hz,404,ssa_decomposition,1637.175,DD378400FB052EC3430474FCFA9C6D1BA873DA8BA1FDFD49A7062770A6674115,M1_N1_L1_40Hz_404_ssa_decomposition.npy,-3.469483942576481,0.12220130513580929,,5,2.0,20.0,0.3238031412384556,0.440103670359463
M1_N1_L1_40Hz,404,svd_lowrank,20.055,34C21B6967A18424C76C7F9CCA2753AEAE09A1FE11B62608FEE79203800DC993,M1_N1_L1_40Hz_404_svd_lowrank.npy,3.947068952334636,0.00788787756541049,,5,0.0,1.9999999999999964,0.02826285893294508,0.03765917126804052
M1_N1_L1_40Hz,505,fk_filter,1.533,283E23243CDB3BCC4657F803AAEF97E9976D90EFD93B14EF5101137FF844009D,M1_N1_L1_40Hz_505_fk_filter.npy,0.5937416422547948,0.024709633932330523,,5,0.0,10.0,0.010954795764023804,0.02953030163901824
M1_N1_L1_40Hz,505,fx_deconv,4.992,679EA06B77F168582C1C5BB36C5ABF103401D0A4AF1CCFDDF48697F653D3DA4E,M1_N1_L1_40Hz_505_fx_deconv.npy,5.10117037665078,0.008190205991922179,,5,0.0,0.0,0.0250949317814389,0.030992582153437434
M1_N1_L1_40Hz,505,wavelet_threshold,2.081,ADA3ACE35D616FFBF92885F57F2B5A61E07C012E00F3A1B7D5913A12710A94B4,M1_N1_L1_40Hz_505_wavelet_threshold.npy,2.1754082139165973,0.016901239435481413,,5,0.0,2.0,0.021568224477814524,0.03430633251862942
M1_N1_L1_40Hz,505,ssa_decomposition,1587.758,A92E9D69755A9561AAC89CDF3216984A665174D452E6C97FEF4765DE11F14479,M1_N1_L1_40Hz_505_ssa_decomposition.npy,-3.492248141153052,0.13289898709431067,,5,2.0000000000000036,14.0,0.3072657767467637,0.5052767360015126
M1_N1_L1_40Hz,505,svd_lowrank,11.044,C58B08458FA986184E3BD1C89D964C848E39AA75BE85CEA897F03D24C3A75D27,M1_N1_L1_40Hz_505_svd_lowrank.npy,3.8845169152729415,0.01070956464119346,,5,0.0,0.0,0.007235183169905235,0.023183986378063078
M1_N1_L2_15Hz,101,fk_filter,1.543,3C538CB9B83820E700FC375AEA58F4C087B3C9D7F2E9C01624F285315FB5399B,M1_N1_L2_15Hz_101_fk_filter.npy,0.9559614108458252,0.10190176337118993,,1,2.0,2.0,0.11533258729067619,0.11533258729067619
M1_N1_L2_15Hz,101,fx_deconv,4.736,34E5B4343D2423DEB6B630F5E595C600165A242AF08999593E22FE86B320A051,M1_N1_L2_15Hz_101_fx_deconv.npy,7.258646413120426,0.024192842841170716,,1,1.999999999999993,1.999999999999993,0.013120928924451221,0.013120928924451221
M1_N1_L2_15Hz,101,wavelet_threshold,2.38,66C45A554A3C424F958285DCCDFBEA4FD8226554EA9A678210B33D36570EB03F,M1_N1_L2_15Hz_101_wavelet_threshold.npy,2.4795068383793524,0.07291289345793,,1,2.0,2.0,0.08084841812708272,0.08084841812708272
M1_N1_L2_15Hz,101,ssa_decomposition,617.42,48C9884755BDFE2D145F29059C87653E3630E755077BF72CDA48B55EBC52CD2D,M1_N1_L2_15Hz_101_ssa_decomposition.npy,4.169962130075479,0.051654088882434814,,1,2.0,2.0,0.03312089111063613,0.03312089111063613
M1_N1_L2_15Hz,101,svd_lowrank,36.646,753EF43ED1FD1591E2F3581E029D7BC281196EB5C826CAE706FC7B74CEC9C8FD,M1_N1_L2_15Hz_101_svd_lowrank.npy,0.9061681634191228,0.10311592831581019,,1,2.0,2.0,0.11856304964650684,0.11856304964650684
M1_N1_L2_15Hz,202,fk_filter,0.899,83EE34BBB9E3702BF30F4B0851AE081B128945467CE693D6C8EB0956885F2F70,M1_N1_L2_15Hz_202_fk_filter.npy,0.8236002703859775,0.11236177041558636,,2,1.0,2.0,0.0910590755403611,0.10052147403591277
M1_N1_L2_15Hz,202,fx_deconv,5.535,9CBB4B0D9E9E3EE3624E83A88E51525D56A06512AE5272AAD9435339B786AEDD,M1_N1_L2_15Hz_202_fx_deconv.npy,7.091288456966089,0.02772959886275444,,2,2.0,2.0,0.04690403864568112,0.07256412469207543
M1_N1_L2_15Hz,202,wavelet_threshold,1.083,383A2B3F2A11012CD87D69DBEBF5045133B06B5C48F65DB2CFD610404A63B6B9,M1_N1_L2_15Hz_202_wavelet_threshold.npy,2.420996346394486,0.07794286530421238,,2,1.0,2.0,0.0458101721692596,0.056030289636844866
M1_N1_L2_15Hz,202,ssa_decomposition,352.972,8D15C01DA150E01BF4862D841E5C8B985A52B6D0CB7E2E41753EFF99E5EB6D2C,M1_N1_L2_15Hz_202_ssa_decomposition.npy,4.065130592366918,0.05611706723996577,,2,1.0,2.0,0.017687476180431788,0.025824352018153335
M1_N1_L2_15Hz,202,svd_lowrank,7.207,2A84C9AA95EC12A00D5DF96D8C4F7DD86D88BBC451D7E407197111B1D3CEC96A,M1_N1_L2_15Hz_202_svd_lowrank.npy,0.8440543019470326,0.1095109218663709,,2,1.0,2.0,0.08690394146526506,0.08857519980050071
M1_N1_L2_15Hz,303,fk_filter,0.806,E82AEB86059B71549F08B74ED219D16CC2E8E2E626BD83AEBA4F3AF6F282D9E8,M1_N1_L2_15Hz_303_fk_filter.npy,0.8129048716677207,0.06548949805771016,,1,2.0,2.0,0.06140511323808532,0.06140511323808532
M1_N1_L2_15Hz,303,fx_deconv,1.912,282AE57C8BB9084C7FA31DABDE1388FD8970749C49B051F0866B189489B66CAF,M1_N1_L2_15Hz_303_fx_deconv.npy,7.104558349089052,0.016453097497223616,,1,2.0,2.0,0.0382964820452506,0.0382964820452506
M1_N1_L2_15Hz,303,wavelet_threshold,1.405,5C007521F03D56C21197F6F1A22024F3CF3994199988043747D67B1AA225F0B0,M1_N1_L2_15Hz_303_wavelet_threshold.npy,2.5303275432293066,0.04434298611336787,,1,4.0,4.0,0.0371699827896634,0.0371699827896634
M1_N1_L2_15Hz,303,ssa_decomposition,1350.713,66D47B2E2DAA6F2A9BAB43DE5A83ADB8F46DC479D490D3AF31B7AD555E7CD28D,M1_N1_L2_15Hz_303_ssa_decomposition.npy,3.8428785625768533,0.03574871548927833,,1,6.0,6.0,0.008726284435509685,0.008726284435509685
M1_N1_L2_15Hz,303,svd_lowrank,27.297,8A26990C5D2246CA2974E3F30493C7AA3E96F1E063C5ACE16621C810E3F9F7CE,M1_N1_L2_15Hz_303_svd_lowrank.npy,0.8998631356497668,0.06300642983047673,,1,0.0,0.0,0.062037800493912484,0.062037800493912484
M1_N1_L2_15Hz,404,fk_filter,1.448,BFCA837CAEE3FDBABCB8F31397AFBF44D256836D4CC027D8735C0598A4C04816,M1_N1_L2_15Hz_404_fk_filter.npy,0.944557467603607,0.08623425605788802,,2,0.0,0.0,0.10879474854654086,0.13904907594826982
M1_N1_L2_15Hz,404,fx_deconv,2.35,F8233D312535F5049409064C1A53CE12F0D75F71C531E1842B6E7CF3E65E0BD1,M1_N1_L2_15Hz_404_fx_deconv.npy,7.252705369103985,0.021668830325786457,,2,1.999999999999993,3.999999999999986,0.016027842343475134,0.02517908390828477
M1_N1_L2_15Hz,404,wavelet_threshold,2.565,5128E77A88847355C72E7CA016A78C92A5487ABC122D5566DDB0C375D3813D36,M1_N1_L2_15Hz_404_wavelet_threshold.npy,2.458554801746714,0.06196443767409059,,2,0.9999999999999929,1.9999999999999858,0.07864656184587727,0.09993039326387655
M1_N1_L2_15Hz,404,ssa_decomposition,1365.568,65AB9578F0F10F6782B6DE4752091B5F0F2A8B7B4FDCAC2D5B27614BB5645201,M1_N1_L2_15Hz_404_ssa_decomposition.npy,4.092896764868117,0.04516371073541556,,2,0.9999999999999929,1.9999999999999858,0.022606757337836205,0.028549637325233183
M1_N1_L2_15Hz,404,svd_lowrank,26.592,CC08879D43C9AF3E0363F877638922CED7F946E17C2BD759EEF9F37BA33BF2B7,M1_N1_L2_15Hz_404_svd_lowrank.npy,0.8830862781711453,0.08832566086364231,,2,0.0,0.0,0.11362278864053998,0.1432757488654736
M1_N1_L2_15Hz,505,fk_filter,1.044,C461064C76C668D0BF4C7948A0CD8835131FD2F866A326E4F1933735E7FA89E0,M1_N1_L2_15Hz_505_fk_filter.npy,0.8932134736350203,0.06953375100345255,,1,9.999999999999993,9.999999999999993,0.057514204435164286,0.057514204435164286
M1_N1_L2_15Hz,505,fx_deconv,1.884,F45A50C4D7EF6C7EE2C224198D9EE5A2E4FB66C5CD9B0E65FB50172FE7B4BBE2,M1_N1_L2_15Hz_505_fx_deconv.npy,6.9917158718526675,0.01773495892612062,,1,4.000000000000007,4.000000000000007,0.03294621474239395,0.03294621474239395
M1_N1_L2_15Hz,505,wavelet_threshold,1.104,492EA351E1A339D2EA01888CB9B7C4E9C9090F059A15B81734F9841415227F3F,M1_N1_L2_15Hz_505_wavelet_threshold.npy,2.4692703940194054,0.04788867939633835,,1,0.0,0.0,0.03876440159712432,0.03876440159712432
M1_N1_L2_15Hz,505,ssa_decomposition,1874.166,8C58B40FC4979C7CB0D6BCEC007CBE17114A14630D5DED6D2269387742B70A63,M1_N1_L2_15Hz_505_ssa_decomposition.npy,4.011964628067673,0.034759926247672476,,1,3.999999999999993,3.999999999999993,0.0022886683734106438,0.0022886683734106438
M1_N1_L2_15Hz,505,svd_lowrank,14.639,493C1E06D0584AB2C3426CE8396E7EADC4FBB759CBCC4C618C73ED3BBAF44F8B,M1_N1_L2_15Hz_505_svd_lowrank.npy,0.8727972912747095,0.06716394742261937,,1,4.000000000000007,4.000000000000007,0.06645472000283618,0.06645472000283618
M1_N1_L2_25Hz,101,fk_filter,0.862,0264F41EF82045BE71CED41925FF7011457382440349203DFEC9846C7BE299CC,M1_N1_L2_25Hz_101_fk_filter.npy,0.9905700799336499,0.05851648106581315,,2,0.0,0.0,0.06373916133077567,0.07596336416583864
M1_N1_L2_25Hz,101,fx_deconv,1.927,CA7F522F92E4BD34713B882BAD412CFDBFA6E19C7B742EBC150025FD67FC93AA,M1_N1_L2_25Hz_101_fx_deconv.npy,6.335380158268221,0.02085071742939447,,2,1.0,2.0,0.045529351994399475,0.054638643067795506
M1_N1_L2_25Hz,101,wavelet_threshold,2.065,2AD7B30134AF96DC14A066399E12FCF2B737C7CF36677CA9D1F4A0639768C288,M1_N1_L2_25Hz_101_wavelet_threshold.npy,2.4003997605822747,0.04434371718997234,,2,0.9999999999999964,1.999999999999993,0.022882093507843388,0.04392622641096537
M1_N1_L2_25Hz,101,ssa_decomposition,1294.38,BDE43FFAAD7ED5D62A74BD5AAFB89ED214EE3489A4255DF72CC344F67854E67F,M1_N1_L2_25Hz_101_ssa_decomposition.npy,2.7580554462476092,0.06722037663117028,,2,15.000000000000007,24.000000000000014,0.058210744256385755,0.06106101744161663
M1_N1_L2_25Hz,101,svd_lowrank,6.971,9DD4C6411AA079C77D29188324C8E110D0EC8988683B1736BDB6E7FFC46231EF,M1_N1_L2_25Hz_101_svd_lowrank.npy,0.9002605197789739,0.05998350752810548,,2,0.0,0.0,0.06542472471750542,0.0802087657758212
M1_N1_L2_25Hz,202,fk_filter,0.905,2FCA8D95FB20176D393D0B5A3006581667D618B0692371A794694A18A096427E,M1_N1_L2_25Hz_202_fk_filter.npy,0.9427458726366718,0.09486669010599391,,2,0.0,0.0,0.1002324188553222,0.14520975839472594
M1_N1_L2_25Hz,202,fx_deconv,1.781,A9126176192A6EA590D7901EEEF1BD7DF722745406E34D20676740874CD768BA,M1_N1_L2_25Hz_202_fx_deconv.npy,6.3017241328966,0.02935823171709455,,2,0.0,0.0,0.050178556616500426,0.08496066565411398
M1_N1_L2_25Hz,202,wavelet_threshold,1.033,698E6054DC15E56804F78CB4693CEE8BEFDC87F6719A86F083477F56606A9653,M1_N1_L2_25Hz_202_wavelet_threshold.npy,2.332201298055759,0.07117737174357704,,2,0.0,0.0,0.043197826283827165,0.07856586891967045
M1_N1_L2_25Hz,202,ssa_decomposition,1638.209,468EFDF809C5FFB6BC5FCCF33BDF31FBB36A54ED97FC11DAA641E2CE92954EBB,M1_N1_L2_25Hz_202_ssa_decomposition.npy,2.73600934165405,0.08659750150413525,,2,25.0,48.0,0.07908455337565004,0.101772306097692
M1_N1_L2_25Hz,202,svd_lowrank,17.657,A1B5B1526057467324FD50968F93C2FF6BE3B55ED1F0DACC57BC4C1E7E85E74B,M1_N1_L2_25Hz_202_svd_lowrank.npy,0.8455447321008682,0.09480507416197427,,2,0.0,0.0,0.10088537430615832,0.14695583919303426
M1_N1_L2_25Hz,303,fk_filter,1.533,E15FACD5C59873DBC88A9C175A3A253F2F86A01EF3818901FAA946A66A245824,M1_N1_L2_25Hz_303_fk_filter.npy,0.9010361889959793,0.0729053461091703,,4,1.0,2.0,0.0984714257378074,0.11506707015240976
M1_N1_L2_25Hz,303,fx_deconv,1.853,2063675076D12C3F2E663814EA2DBF905FCAF9E26A1DD5B843305E07F5A3BB30,M1_N1_L2_25Hz_303_fx_deconv.npy,6.389000522314873,0.021705699398251923,,4,1.0,2.0,0.060151916126051294,0.07335875677320766
M1_N1_L2_25Hz,303,wavelet_threshold,2.931,BF48CACD66FA4BBD7EC8BADE21406E4AEE7CCF9781B749862832BE707AA5FC0B,M1_N1_L2_25Hz_303_wavelet_threshold.npy,2.462490148739489,0.053315999151241404,,4,1.0,2.0,0.02875270785836353,0.058563048560177355
M1_N1_L2_25Hz,303,ssa_decomposition,1960.566,C1BD19FA2D3534B2A314B059367D5EB74F3A9F2EE794452C1896196D02290AB4,M1_N1_L2_25Hz_303_ssa_decomposition.npy,3.463499536528065,0.04770746021443279,,4,1.0,4.0000000000000036,0.04096885221320196,0.12737604743862715
M1_N1_L2_25Hz,303,svd_lowrank,26.838,B22F6CE5C266E934C2CAB00748201855A103192DE8F823389FBF2141D5CE77BF,M1_N1_L2_25Hz_303_svd_lowrank.npy,0.9022698604467623,0.0734466996581406,,4,0.0,2.0,0.10973665871231797,0.11599911841898178
M1_N1_L2_25Hz,404,fk_filter,1.047,01A4AF5F0C35E29458E694D42D6F6D19E4C26D079AC0E50BAC3CDFF0FC28DBD0,M1_N1_L2_25Hz_404_fk_filter.npy,0.9732653833769485,0.08181779946457132,,3,0.0,0.0,0.1096617971222593,0.2238281133489404
M1_N1_L2_25Hz,404,fx_deconv,4.646,D46D35207147DF23D92D949A6D64942B080D1E8CED842F9DB10C84CD043537CA,M1_N1_L2_25Hz_404_fx_deconv.npy,6.362035618806762,0.025920254430611647,,3,0.0,0.0,0.03862141238228913,0.06866609674211392
M1_N1_L2_25Hz,404,wavelet_threshold,1.175,27B4B8108D24EA5EA2353BCC7FA50E0A8A78F1BB9B9765EBFAD0C8C29D39F0AC,M1_N1_L2_25Hz_404_wavelet_threshold.npy,2.356894234026961,0.06206997041153286,,3,2.0,4.0,0.07704468265614972,0.10463176265840819
M1_N1_L2_25Hz,404,ssa_decomposition,1888.454,83FEB7C5536E3E0A2748314D7A9077AE15EBC8978DFD84884504AC2C3BC75D27,M1_N1_L2_25Hz_404_ssa_decomposition.npy,2.52501237622514,0.08233223531965186,,3,2.0,2.000000000000007,0.1403428873680888,0.2630222854159989
M1_N1_L2_25Hz,404,svd_lowrank,35.911,20F735BD9B42032547DD287A6788BFCB27BE0F7EDDC9B33B92F55312D83B7C23,M1_N1_L2_25Hz_404_svd_lowrank.npy,0.8818291123180719,0.08413090579958794,,3,0.0,0.0,0.11031277931238644,0.22250274479187412
M1_N1_L2_25Hz,505,fk_filter,0.904,5FBB475A7B1AFEC21AE084AB2AAA7152E62A791F6141D7FC67E0360E208DD2E7,M1_N1_L2_25Hz_505_fk_filter.npy,0.9891740914796499,0.07415094871562469,,4,0.0,4.0,0.08964178667996775,0.1205347050312081
M1_N1_L2_25Hz,505,fx_deconv,2.808,BF02E79641491910C8F488147700EFFEBCD6209F2B0E42FD5A48FC566D4CFF2A,M1_N1_L2_25Hz_505_fx_deconv.npy,6.2870178791066405,0.0247245676177294,,4,2.9999999999999982,4.0,0.06862304263963148,0.09017941110411426
M1_N1_L2_25Hz,505,wavelet_threshold,1.245,7BCCB0A0BED4CD5D1C80A3E22917DA1A8773504C973FCC1E7CFFB8036D105D10,M1_N1_L2_25Hz_505_wavelet_threshold.npy,2.409815524981833,0.055874399732904,,4,2.0,4.0,0.018669104329600117,0.05275458947422674
M1_N1_L2_25Hz,505,ssa_decomposition,1268.251,94EE40B65A288F5EBC04829C71BE97EC90B90A41FBFB08DD3ECA7FAA7B3FB634,M1_N1_L2_25Hz_505_ssa_decomposition.npy,3.026363055626951,0.061561108184368704,,4,4.999999999999998,8.0,0.1168337567870239,0.22661483508372673
M1_N1_L2_25Hz,505,svd_lowrank,67.3,1F7D5BA7B1B9C558D7F1096B713B01160AE084364CDE516D97E12E6130E19AD5,M1_N1_L2_25Hz_505_svd_lowrank.npy,0.8670193333994662,0.07603461248184393,,4,0.0,4.0,0.0941379569557349,0.12226444443886303
M1_N1_L2_40Hz,101,fk_filter,0.818,6F4D51C28EBB0A1CA639A53D4AAC2E0A44D06F33B75C2EC98A41FB22D740127C,M1_N1_L2_40Hz_101_fk_filter.npy,0.8703948317973769,0.040944026073263584,,2,2.0000000000000018,2.0000000000000036,0.02491230745472174,0.035917205996704935
M1_N1_L2_40Hz,101,fx_deconv,4.579,BAF1DE9ACCE17B18213544E1850599508CFE0807DD524941A8FE385C194FD309,M1_N1_L2_40Hz_101_fx_deconv.npy,5.493285477259807,0.01870004734357473,,2,0.0,0.0,0.12131969518693626,0.1432807297351359
M1_N1_L2_40Hz,101,wavelet_threshold,1.437,1D7ECF2E3EB8EFE0F9F52FEB4D34202182B01E581E2473ABE57FEDF189BE7E31,M1_N1_L2_40Hz_101_wavelet_threshold.npy,2.2796916994589083,0.03347603090907342,,2,1.0,2.0,0.016881996462121462,0.026355302920693883
M1_N1_L2_40Hz,101,ssa_decomposition,303.989,DB7D64CD2DDAA2455592DF29A90CB92DCB6FEC0392AC9388367292AE04AA4B48,M1_N1_L2_40Hz_101_ssa_decomposition.npy,-0.3112939857414343,0.1624854861391383,,2,2.0,2.0,0.40231752620347727,0.5246586830661281
M1_N1_L2_40Hz,101,svd_lowrank,4.364,E7CAD31CE23B7CAC53900B216E9864B1764FAD2DE7261CC7385D67713389539D,M1_N1_L2_40Hz_101_svd_lowrank.npy,0.900040941381409,0.04202070867339021,,2,0.0,0.0,0.03600832486850282,0.05572902382128189
M1_N1_L2_40Hz,202,fk_filter,0.817,950CCD19BA58AD84807B2B8C57377BBF87F5888C246C9FE76E9EBACF6AE378B8,M1_N1_L2_40Hz_202_fk_filter.npy,0.843985562995698,0.09678531369752254,,3,0.0,2.0,0.08162451939358667,0.14913029594164237
M1_N1_L2_40Hz,202,fx_deconv,1.745,E7A5FF56D36516CF5440B51B195F5E3FC9B359A7573816671925D57AF315DB00,M1_N1_L2_40Hz_202_fx_deconv.npy,5.657116863414254,0.034676553610222594,,3,0.0,2.0,0.07674509149918503,0.10009300755986267
M1_N1_L2_40Hz,202,wavelet_threshold,1.122,E8D4D8734109CD136460857F8AE301BE68731665DF163FDED44975B14E469CD6,M1_N1_L2_40Hz_202_wavelet_threshold.npy,2.2559429881349216,0.07207699600015192,,3,2.0,60.0,0.02245935774592776,0.05544260389175233
M1_N1_L2_40Hz,202,ssa_decomposition,1402.629,57572516AFA330E1F41BE87B7107A301ED8ABB0E80BD81A8793F70733B7BB2F7,M1_N1_L2_40Hz_202_ssa_decomposition.npy,1.2052878024852935,0.14908526007287637,,3,0.0,2.0,0.23664966241710989,0.2615222331165959
M1_N1_L2_40Hz,202,svd_lowrank,14.048,AE03712B0A548491BC99EA9B6FD64EA5DF6993A3E90E2A0AD527C1FCFB1932B0,M1_N1_L2_40Hz_202_svd_lowrank.npy,0.906578810538357,0.08927723442838084,,3,0.0,0.0,0.08334354039373491,0.15912022387996524
M1_N1_L2_40Hz,303,fk_filter,1.025,22FD7598EC2538355ECD9886F5C14EAE56DDF903D1B4C9710CBC17DC2D2E59AC,M1_N1_L2_40Hz_303_fk_filter.npy,0.8308517183156852,0.07256150704222364,,3,0.0,0.0,0.06716519510330513,0.1515572586269147
M1_N1_L2_40Hz,303,fx_deconv,1.937,FDF73A0CB3FA90E9AD09FD1EB0FB210583E1C214D049007E6896FB506740DCA1,M1_N1_L2_40Hz_303_fx_deconv.npy,5.461925204431868,0.025424218212299197,,3,0.0,0.0,0.07566183334226055,0.09504100435842418
M1_N1_L2_40Hz,303,wavelet_threshold,1.2,ED823BA0187331327B6B56B093CC785D5C8E995A312CF42C9CF2BC66156B5885,M1_N1_L2_40Hz_303_wavelet_threshold.npy,2.3209543654097553,0.05558912763607544,,3,0.0,1.9999999999999964,0.008888045823597566,0.05657240190861041
M1_N1_L2_40Hz,303,ssa_decomposition,915.362,7DCD446E071335777AF7FAAF71D630991016E8B1AE1C7AAB0E2B3B9413809ACA,M1_N1_L2_40Hz_303_ssa_decomposition.npy,0.1199994628072627,0.1739507804891191,,3,0.0,2.0,0.21284307568371666,0.45560286354677193
M1_N1_L2_40Hz,303,svd_lowrank,13.509,8F4FAFD5C9F424E01F1C0ABDE9F904186E87992858B4AE478A11ADCFDD13598C,M1_N1_L2_40Hz_303_svd_lowrank.npy,0.9047320777503556,0.0705472536417546,,3,0.0,0.0,0.07187168482498815,0.15352481680958568
M1_N1_L2_40Hz,404,fk_filter,1.68,F1CB2EC9171D4D866B0DC355B450FE575D5C75A920E378C4C925F5EE5EB39ECC,M1_N1_L2_40Hz_404_fk_filter.npy,0.8722494042078477,0.0670778810192466,,5,1.9999999999999964,4.0,0.09992615319141333,0.13095931046828202
M1_N1_L2_40Hz,404,fx_deconv,5.43,39F32F518CCBF3979892E4C268A24A3D9A510DB5EFCFB8382D7DDFBC44404E5C,M1_N1_L2_40Hz_404_fx_deconv.npy,5.614911206560861,0.02599449388349285,,5,0.0,1.9999999999999964,0.08166161677741968,0.15553122972821337
M1_N1_L2_40Hz,404,wavelet_threshold,2.218,7F3EEA976CB2F91D7C6567F6AF99FCF45BE0E56574510B88AF9B799460FCFFD1,M1_N1_L2_40Hz_404_wavelet_threshold.npy,2.2522540127832142,0.0502308228154065,,5,2.0,4.0,0.037384217293969006,0.058862394591822
M1_N1_L2_40Hz,404,ssa_decomposition,803.933,CF6D087F85B4C25294E25AB4493FA4955B15A4B1C1EDA23A6B376F36C5C9B1AE,M1_N1_L2_40Hz_404_ssa_decomposition.npy,0.730968800121933,0.13998557718104077,,5,2.0,4.0,0.28960588396909986,0.4152188406015464
M1_N1_L2_40Hz,404,svd_lowrank,42.381,9923B13E6F6E323D0F42F154A7D3C3B30DFDCA6C6FF3DCDE19265694564C3FF7,M1_N1_L2_40Hz_404_svd_lowrank.npy,0.8831639374082156,0.06376453412357824,,5,0.0,1.9999999999999964,0.10141267147601707,0.1319764044434886
M1_N1_L2_40Hz,505,fk_filter,1.205,4819FBA6651F05C471B1FB00CBA67B46AF617C45D7F18B8AE2130D01AD81B27C,M1_N1_L2_40Hz_505_fk_filter.npy,0.891696651814633,0.08471514001537543,,5,0.0,14.0,0.10371961550321813,0.11778580647178694
M1_N1_L2_40Hz,505,fx_deconv,5.184,0AA1DACF89BE4C5F3139B13E9E193DAE0568CB5EF066CF1896737B935907A805,M1_N1_L2_40Hz_505_fx_deconv.npy,5.468474683908261,0.0325007393252875,,5,0.0,2.0000000000000036,0.0732299892818974,0.0954754553263602
M1_N1_L2_40Hz,505,wavelet_threshold,1.189,71D56B8651812DF52335C0EAF07C8306E8782CB30310DECD638B566F02E1EF58,M1_N1_L2_40Hz_505_wavelet_threshold.npy,2.2701044798483103,0.06489722070746042,,5,0.0,2.0,0.0009755936450485574,0.02628063134205859
M1_N1_L2_40Hz,505,ssa_decomposition,1966.749,6DF42750AD9A0E6B77AD563B4281C1F64376989E7EF731BC7F1529FF2BAB78F2,M1_N1_L2_40Hz_505_ssa_decomposition.npy,0.6544086549879644,0.16705352865679293,,5,2.0000000000000036,14.0,0.26036459434625625,0.40838372335878903
M1_N1_L2_40Hz,505,svd_lowrank,20.095,3FCD5F9037FC4B7A473924B66AA85747E7FA2DAB799357DAA2EABCA527D27875,M1_N1_L2_40Hz_505_svd_lowrank.npy,0.8695458460976138,0.0833062761692919,,5,0.0,6.0,0.10980327539648606,0.15124982232503573
M1_N1_L3_15Hz,101,fk_filter,0.99,000AF6160A97B086DF20022CE071B6EA53C22E14F92F5FFD9216FD72D01B17A2,M1_N1_L3_15Hz_101_fk_filter.npy,0.9800066020666657,0.28016335888417504,,1,2.0,2.0,0.3039336084649867,0.3039336084649867
M1_N1_L3_15Hz,101,fx_deconv,4.655,C7C6DB6F9706FFFD62DAB5C33851A5105ADF1A47E3FD8526B0082983CB1E38BE,M1_N1_L3_15Hz_101_fx_deconv.npy,7.531235924552861,0.06470683640718367,,1,4.0,4.0,0.0308260566766709,0.0308260566766709
M1_N1_L3_15Hz,101,wavelet_threshold,2.243,7DB47042CCE929F0D930907FA00E8F533C791C39568547525BE5A5899C609CE9,M1_N1_L3_15Hz_101_wavelet_threshold.npy,2.4938355735457542,0.20086633325467176,,1,0.0,0.0,0.21543174278645524,0.21543174278645524
M1_N1_L3_15Hz,101,ssa_decomposition,1094.089,24DA9110BB403BA168EDAB56B5CEDF079A0F565022A1B80B4FF3F8693BC3DDDD,M1_N1_L3_15Hz_101_ssa_decomposition.npy,3.8136580184744657,0.15810872677972068,,1,2.0,2.0,0.10251162385561788,0.10251162385561788
M1_N1_L3_15Hz,101,svd_lowrank,7.167,F39F67E5E57AB402D13DBBBD43CC10CB21FC4EA783699696A32C1E84610FB882,M1_N1_L3_15Hz_101_svd_lowrank.npy,0.44547323471758576,0.31630059584844183,,1,2.0,2.0,0.3422110739465836,0.3422110739465836
M1_N1_L3_15Hz,202,fk_filter,0.883,724892E42418D18854D3C13C143FE932082A1F24EED191DAA94FA08D4E4F2760,M1_N1_L3_15Hz_202_fk_filter.npy,0.9039597732246742,0.3050716494755186,,2,1.9999999999999964,3.999999999999993,0.26366250078909237,0.2943423217174479
M1_N1_L3_15Hz,202,fx_deconv,4.748,C518EC3310C3685D20D83DBB6E7B833F8543C0ADF681FC02722C9BDA97DB2818,M1_N1_L3_15Hz_202_fx_deconv.npy,7.325244447627243,0.07545718481196846,,2,3.0,4.0,0.09175998313179207,0.12458916667673321
M1_N1_L3_15Hz,202,wavelet_threshold,1.111,5D75DE041374C1B3FB1214E27F469533F4951B98BC9E24C9B76D60BB28CB958E,M1_N1_L3_15Hz_202_wavelet_threshold.npy,2.438952534547628,0.2140475227257757,,2,42.0,80.0,0.15949452780338386,0.1610423026722485
M1_N1_L3_15Hz,202,ssa_decomposition,1697.854,B755061369F05EF78B443AB8BE116F6ADCE25395EC4F8D1882DF93515E518E58,M1_N1_L3_15Hz_202_ssa_decomposition.npy,3.8866819811667686,0.1636174410067243,,2,2.0,2.0,0.038545025188695556,0.05681599738000631
M1_N1_L3_15Hz,202,svd_lowrank,8.146,84DEB74B40E9344F86ED9DBEBC274C132C9B6032E92B8B1887C6F8D2B306975B,M1_N1_L3_15Hz_202_svd_lowrank.npy,0.41338281473797445,0.33854805910005853,,2,41.0,78.0,0.295364167166941,0.3175341846037353
M1_N1_L3_15Hz,303,fk_filter,1.056,D863D5EA2BADA123927941999BF53087C4F0E95D4CA4DC7ADA05C4780436486B,M1_N1_L3_15Hz_303_fk_filter.npy,0.873897373580444,0.17591908326560263,,1,2.0,2.0,0.1710110227403096,0.1710110227403096
M1_N1_L3_15Hz,303,fx_deconv,2.001,42BC9E9977718482D7EF4DB0C0218FE6552A7C33E88D42CB7677EF89364BD96E,M1_N1_L3_15Hz_303_fx_deconv.npy,7.383986638249549,0.04574099171678583,,1,2.0,2.0,0.08250652874555896,0.08250652874555896
M1_N1_L3_15Hz,303,wavelet_threshold,1.19,474CB8B6D71BFA4407F9CC24794821008EB0540D7C6A840C881B08C1DFA249EE,M1_N1_L3_15Hz_303_wavelet_threshold.npy,2.5613118564914057,0.1217437302027197,,1,4.0,4.0,0.11083102603934056,0.11083102603934056
M1_N1_L3_15Hz,303,ssa_decomposition,375.915,D3250A1A131751E447E87E135DD4732BE7FB4484D2DF771705C9AC1D2FF00A28,M1_N1_L3_15Hz_303_ssa_decomposition.npy,3.6266751649613953,0.10430346522606486,,1,12.0,12.0,0.03661272732226543,0.03661272732226543
M1_N1_L3_15Hz,303,svd_lowrank,9.224,CF4BA799471EACD6E34455DE6B9FD081A77F79D7E632861EFC5C4C402BD3200A,M1_N1_L3_15Hz_303_svd_lowrank.npy,0.4402121002403748,0.1948291610049211,,1,0.0,0.0,0.1930951562077247,0.1930951562077247
M1_N1_L3_15Hz,404,fk_filter,0.805,B66D6327B8192368356CC03BA602DE3F1413B47C3195032756F658A6EE2EE6AA,M1_N1_L3_15Hz_404_fk_filter.npy,0.9652666933522465,0.23786331923181736,,2,0.0,0.0,0.2898522096189566,0.3622340763160862
M1_N1_L3_15Hz,404,fx_deconv,1.725,16F2F4D7316045A25DB1021B2E435D41AFB2D782DCACB3E3736FA54B3969B429,M1_N1_L3_15Hz_404_fx_deconv.npy,7.488511964059661,0.058149213091157136,,2,2.999999999999993,5.999999999999986,0.034977405247493376,0.06138530823489959
M1_N1_L3_15Hz,404,wavelet_threshold,1.024,D7764F4DE0D232817F2C90ECD37AFF56253B4D20C217544435E57AFC72C60161,M1_N1_L3_15Hz_404_wavelet_threshold.npy,2.474398966883588,0.17080596754681757,,2,0.9999999999999929,1.9999999999999858,0.20813712007718893,0.25894945878478887
M1_N1_L3_15Hz,404,ssa_decomposition,1792.186,590467A9B190BE59ABBFF1A02C082E3ED6719A7C0969BCA8BE04FC9FE5AA578A,M1_N1_L3_15Hz_404_ssa_decomposition.npy,3.9267722456088934,0.12827924922147899,,2,2.999999999999993,3.999999999999986,0.07568392337550289,0.09315467008264662
M1_N1_L3_15Hz,404,svd_lowrank,4.952,881FAA68557A9E71354F377C8AB8B803F91F8BA5DC0198919FE36CD511C26B96,M1_N1_L3_15Hz_404_svd_lowrank.npy,0.43654264366482914,0.2707973874285977,,2,0.0,0.0,0.3289762031788005,0.4069167542780502
M1_N1_L3_15Hz,505,fk_filter,1.492,33C91C9205166DD26FBDC7E2B4B6B8909331FD9A2A41BD7FFF57D4392FF87782,M1_N1_L3_15Hz_505_fk_filter.npy,0.9585494441891033,0.1879889235803202,,1,11.999999999999993,11.999999999999993,0.1755567822438295,0.1755567822438295
M1_N1_L3_15Hz,505,fx_deconv,4.787,3D20C50850C333406C2AF572DDC2F5E9FAC5FA7715E4E71BC19F49A810DF638E,M1_N1_L3_15Hz_505_fx_deconv.npy,7.232437931145831,0.04905622704525309,,1,9.999999999999993,9.999999999999993,0.07181608635743016,0.07181608635743016
M1_N1_L3_15Hz,505,wavelet_threshold,2.206,9EC5546BF2C30E5DC0C5C9911AF04F50CE0B91C8AF10EE9BB536DE83A189EAC9,M1_N1_L3_15Hz_505_wavelet_threshold.npy,2.48640414207993,0.1320191216866739,,1,0.0,0.0,0.11793032701683795,0.11793032701683795
M1_N1_L3_15Hz,505,ssa_decomposition,1692.027,5C4093A5D16CA5336AD62B809F1C2E17C8A764D590C7CD0F4B3C989DBF6E96D9,M1_N1_L3_15Hz_505_ssa_decomposition.npy,3.725005029183897,0.10371871998285924,,1,7.999999999999993,7.999999999999993,0.028628068394818452,0.028628068394818452
M1_N1_L3_15Hz,505,svd_lowrank,14.284,E551E6F412B1A989A35A9732BD651F90DB71CB75CD2D826ADCD8A5CFB2E9BE01,M1_N1_L3_15Hz_505_svd_lowrank.npy,0.42383317623291344,0.20614103022869645,,1,9.999999999999993,9.999999999999993,0.2051819585392059,0.2051819585392059
M1_N1_L3_25Hz,101,fk_filter,0.931,3C0BDD10A4AC8985D1AF098F7D299D47166F3C5E88B4AD258728511CFAACB018,M1_N1_L3_25Hz_101_fk_filter.npy,0.9925030708189657,0.16237572877043596,,2,3.9999999999999964,6.0,0.1732820312997199,0.20456964623449242
M1_N1_L3_25Hz,101,fx_deconv,3.536,94619678F2E9823E3C7D33214CE9612434383FCB43D1426F2549A84B2966975E,M1_N1_L3_25Hz_101_fx_deconv.npy,6.739712162503708,0.053460278837332155,,2,3.9999999999999964,6.0,0.09472968486600357,0.12502602478106098
M1_N1_L3_25Hz,101,wavelet_threshold,1.377,3FAC1E83AEC58634F4DF9F66CA5F80CE70F9C80436AE2F26A9D4909D218E0AC1,M1_N1_L3_25Hz_101_wavelet_threshold.npy,2.4380377046872472,0.11992750070283767,,2,0.9999999999999964,1.999999999999993,0.08905857177483342,0.13308626684510053
M1_N1_L3_25Hz,101,ssa_decomposition,1827.598,A1BBED26C32320C805B792B6750B1605984AD45A5EADB7AA18CE62714D54E743,M1_N1_L3_25Hz_101_ssa_decomposition.npy,3.36120211231042,0.1273434578013256,,2,15.000000000000007,24.000000000000014,0.018383198067180733,0.034732835329821105
M1_N1_L3_25Hz,101,svd_lowrank,22.534,9C3CADC57A2763CB61A4370C42294DFFD1C4CBA00116B78CB5CA660170669324,M1_N1_L3_25Hz_101_svd_lowrank.npy,0.4417023426762861,0.1836682266050199,,2,3.9999999999999964,6.0,0.19629433745534358,0.23615111531531321
M1_N1_L3_25Hz,202,fk_filter,0.946,EA5BD7E39AE3ADC89D4FD9B440D7E451838B893F982741058F7152896CE99E11,M1_N1_L3_25Hz_202_fk_filter.npy,0.947274616699346,0.26313739761675203,,2,0.0,0.0,0.2846506462317366,0.3826523720404755
M1_N1_L3_25Hz,202,fx_deconv,1.77,4507802CDACDB9512DCA9D96D1785F1F9F80FE119A2367FE60E24504BA86CDB6,M1_N1_L3_25Hz_202_fx_deconv.npy,6.712272603007291,0.07707506992994619,,2,1.0,2.0,0.10520710951114326,0.16252818754423828
M1_N1_L3_25Hz,202,wavelet_threshold,1.042,8D08F00532494F12061B008AE25CC46029C187B5C81C5F9F2D400FE5472179BE,M1_N1_L3_25Hz_202_wavelet_threshold.npy,2.3698412945688556,0.1935637613996532,,2,0.0,0.0,0.1458677869454179,0.23392098853560844
M1_N1_L3_25Hz,202,ssa_decomposition,1788.717,85BD9D01BE25D74E2889E4C074B494907EAC1548BA74E4D80BFA38CD75ABD0F7,M1_N1_L3_25Hz_202_ssa_decomposition.npy,3.273280081937285,0.18518883856462026,,2,28.0,54.0,0.029805648045378295,0.058436061878881465
M1_N1_L3_25Hz,202,svd_lowrank,33.166,E432D1AE50721C5F0CFDD0C85A4F3343D6FBD86657E83B7C3B29E34B52E0E444,M1_N1_L3_25Hz_202_svd_lowrank.npy,0.449156815197582,0.29159270850339075,,2,0.0,0.0,0.3187335217903578,0.42679327115169324
M1_N1_L3_25Hz,303,fk_filter,1.539,164190330C0535EDD25748B93C45106534A28700CBEC45020E5D83DEB8055E54,M1_N1_L3_25Hz_303_fk_filter.npy,0.9058664708469139,0.20201449329856333,,4,2.0,2.0,0.29619571679927115,0.32366429572195127
M1_N1_L3_25Hz,303,fx_deconv,3.538,A12DFEEFE416826EB97607A0CEC02167038F8E5B21DAF9926E585CEDAA29ED41,M1_N1_L3_25Hz_303_fx_deconv.npy,6.780348213369244,0.056016029734105015,,4,2.9999999999999964,4.0000000000000036,0.11199153231703227,0.14016322541966397
M1_N1_L3_25Hz,303,wavelet_threshold,1.288,7C13D3ACBA085BD24FAA173B986D503D5D4B72ABD55C086F20A194669581840E,M1_N1_L3_25Hz_303_wavelet_threshold.npy,2.5038458220860464,0.14513780125915207,,4,3.0,6.0000000000000036,0.14107185919832144,0.19495098546278844
M1_N1_L3_25Hz,303,ssa_decomposition,1588.968,279B03067D74B2BBE294FD35051F95E4CFAFEBE21F0697981E50BD7C8FA2D919,M1_N1_L3_25Hz_303_ssa_decomposition.npy,3.622320402443148,0.11986947920251931,,4,1.0,4.0000000000000036,0.02754994210777996,0.08174570322378076
M1_N1_L3_25Hz,303,svd_lowrank,5.098,AB274D58BE93292E874BBF0F2E561C17862603563F1A9949D56CD1E3D11D6019,M1_N1_L3_25Hz_303_svd_lowrank.npy,0.44156487194468697,0.22573084554521997,,4,1.0,2.0,0.3466091875885037,0.35536287979470604
M1_N1_L3_25Hz,404,fk_filter,1.462,CCCAA40DDBD7EE27D855B9E2C69D2B95636B698A22D80D6C617CE6828C8B6C86,M1_N1_L3_25Hz_404_fk_filter.npy,0.9756290490645515,0.22708038336242584,,3,0.0,0.0,0.2575672918136545,0.5758852590201985
M1_N1_L3_25Hz,404,fx_deconv,4.641,B6C7D07F7B3B5AD6C92CA655358177FE93578FB8770B0C64C38163EE11BF13BB,M1_N1_L3_25Hz_404_fx_deconv.npy,6.694391819758487,0.06837262694421975,,3,0.0,0.0,0.09945466073446273,0.10935760503828054
M1_N1_L3_25Hz,404,wavelet_threshold,2.154,F0B85EEDAA1A9F8CE79F0E15030380D663BCB9E9CCEBBE173C4817FA847C0A66,M1_N1_L3_25Hz_404_wavelet_threshold.npy,2.396550087340623,0.1690637870376593,,3,2.0,4.0,0.18249599319324353,0.3271928820733329
M1_N1_L3_25Hz,404,ssa_decomposition,644.838,9BEF94293D4A09749F2B94779C95457D842405614F3C575F08FF5DE49B8518C9,M1_N1_L3_25Hz_404_ssa_decomposition.npy,3.330452275528332,0.1655392937318162,,3,2.0,2.000000000000007,0.0529743615713434,0.09649979457452365
M1_N1_L3_25Hz,404,svd_lowrank,37.805,D6DEE53849AF1C3180136A4632CE4FFA61C3E84864C89E2A2219DC7E7FA70F95,M1_N1_L3_25Hz_404_svd_lowrank.npy,0.4357799765439869,0.2572426473670345,,3,0.0,0.0,0.27576142564564904,0.6235457193119874
M1_N1_L3_25Hz,505,fk_filter,1.088,48A0286A1BA570A0BB080FD42FD23B40D866FEBECD44AFEC5973860765E5588C,M1_N1_L3_25Hz_505_fk_filter.npy,0.9933735504151153,0.20582753300775672,,4,2.0,4.0,0.27809137468009837,0.3128187175058281
M1_N1_L3_25Hz,505,fx_deconv,1.808,1F976AB003084D4AE7AB8BCA0967A11EA20F36C4031BC79F92CBB821090B4BBA,M1_N1_L3_25Hz_505_fx_deconv.npy,6.634824219663854,0.06716463018949008,,4,2.9999999999999982,4.0,0.14022515393770374,0.16873064690467512
M1_N1_L3_25Hz,505,wavelet_threshold,1.887,03D7BA17C4BBF554759E7DEE361597CBA5DEE969B18C37F6BBB52DAA0F66DD6A,M1_N1_L3_25Hz_505_wavelet_threshold.npy,2.44344560516188,0.15224759882406524,,4,2.0,4.0,0.12899714700525255,0.17079105224266364
M1_N1_L3_25Hz,505,ssa_decomposition,1851.654,5B71046FE46898B74FA709C868B06CF06921BDDC1044AC1102F38E8D025494D8,M1_N1_L3_25Hz_505_ssa_decomposition.npy,3.267911163126747,0.1524983236773473,,4,4.999999999999998,8.0,0.06950504180428645,0.1703682217681587
M1_N1_L3_25Hz,505,svd_lowrank,31.436,B631FABF316C63002A9AD370EAAD6D393A0F270A7EFE64228A0CBCC9DB98DF4D,M1_N1_L3_25Hz_505_svd_lowrank.npy,0.4213894746059144,0.2318593414693387,,4,0.9999999999999982,4.0,0.3181678864839201,0.35629765441661987
M1_N1_L3_40Hz,101,fk_filter,1.671,0C2925F9BEFAD7426CCFD4A95E03BDD3DF260DE8A8AC8169E827DE756B0E61EC,M1_N1_L3_40Hz_101_fk_filter.npy,0.9488365800322056,0.11164284548778759,,2,1.0000000000000018,2.0000000000000036,0.09845628538348591,0.1362284494407792
M1_N1_L3_40Hz,101,fx_deconv,4.664,D49ECB436743AF4242070257DBBB525D38CFE8FB157BB2411528AE97A9B68638,M1_N1_L3_40Hz_101_fx_deconv.npy,5.9277757716334785,0.05775405894959445,,2,0.0,0.0,0.24577021637396285,0.27539600436148554
M1_N1_L3_40Hz,101,wavelet_threshold,2.392,402A983DC97F93B10A82188E62AF44277A9B7C563899F80D5A733E8A3FE236C5,M1_N1_L3_40Hz_101_wavelet_threshold.npy,2.3488702839233246,0.08988589344643623,,2,2.0000000000000018,2.0000000000000036,0.02886622554750403,0.04391350179359818
M1_N1_L3_40Hz,101,ssa_decomposition,1128.39,B3E453D5F3C04BE6BC5CD4C6DD4DF329F6F8D2017449A6BB09428D3B2D610CB8,M1_N1_L3_40Hz_101_ssa_decomposition.npy,1.7028033736610568,0.2133661675173944,,2,2.0,2.0,0.37939673137983093,0.4481649579301207
M1_N1_L3_40Hz,101,svd_lowrank,31.932,52C071E3BA35F20A64092670CD07AFF6509468416A340A9989CD7D8D56CFD2E8,M1_N1_L3_40Hz_101_svd_lowrank.npy,0.4395265840478006,0.1283903692848986,,2,0.0,0.0,0.12842886544342444,0.1813118911568597
M1_N1_L3_40Hz,202,fk_filter,1.814,BFB4871E26FE8598B7CD646E9143C651EC763B59E5E785E8380AA85C6B84C7CE,M1_N1_L3_40Hz_202_fk_filter.npy,0.9114244277722086,0.2589617562368862,,3,0.0,2.0,0.25039469494404804,0.3930891808192048
M1_N1_L3_40Hz,202,fx_deconv,1.934,91022F9F8C483D0A68DE62F8B452B04AEA5B5663166E5594006A3F55F537691B,M1_N1_L3_40Hz_202_fx_deconv.npy,6.1802236277444464,0.09023431838610306,,3,0.0,2.0,0.1572680005335393,0.19200632658793415
M1_N1_L3_40Hz,202,wavelet_threshold,1.114,2358CB8E3AF7E21E320A8D05CDDE97F43BA78451B5E3ECF7AB9671AD8BEA12E0,M1_N1_L3_40Hz_202_wavelet_threshold.npy,2.3050890572327205,0.1944928383964064,,3,2.0,60.0,0.0749295083424843,0.19653827885938452
M1_N1_L3_40Hz,202,ssa_decomposition,1963.569,9BDEF7DBC889D7E73E0A4CF027F98C5FF54A3915A1B4DCC2D58619A54DF3ABB3,M1_N1_L3_40Hz_202_ssa_decomposition.npy,2.6609158768521324,0.24528592941706423,,3,0.0,2.0,0.12989776058431554,0.166815227999038
M1_N1_L3_40Hz,202,svd_lowrank,20.144,C30DC86EDEB26B75AEAC4FE5D9A3F1E3C332430F44A1AD81DA8F06A80F0F22FE,M1_N1_L3_40Hz_202_svd_lowrank.npy,0.44904235333034614,0.28043037407445065,,3,0.0,0.0,0.27884842754435485,0.4437773317294006
M1_N1_L3_40Hz,303,fk_filter,0.955,0D43F3B087ADBD2015618ECCB279DD3A52F4E984B32274860CF724C2254C026E,M1_N1_L3_40Hz_303_fk_filter.npy,0.8804410228075753,0.1952487404680601,,3,0.0,0.0,0.19234696086559414,0.3784674311415074
M1_N1_L3_40Hz,303,fx_deconv,1.862,15703D297B7ADECB08F99B38DFFCD989C89954457195ADA300B3A5154E8B86E5,M1_N1_L3_40Hz_303_fx_deconv.npy,5.933790794979208,0.07008433627866593,,3,0.0,2.0,0.17287188885724325,0.2040266575129373
M1_N1_L3_40Hz,303,wavelet_threshold,1.253,37FF7A5794FBF672C22AD3ECACFEECC868F692870C6CB6CFDA44191FDDB6CFC3,M1_N1_L3_40Hz_303_wavelet_threshold.npy,2.3937481394733293,0.14848168816980273,,3,0.0,1.9999999999999964,0.04981722103851633,0.1984706780454176
M1_N1_L3_40Hz,303,ssa_decomposition,1435.153,72F7FF97CBEDD2A7AB7B756A6449779F2B6DD8E55F4484BAE2A40F43587C1C35,M1_N1_L3_40Hz_303_ssa_decomposition.npy,2.014374789705961,0.24693854161805248,,3,0.0,2.0,0.19296072297686226,0.3979391078005914
M1_N1_L3_40Hz,303,svd_lowrank,69.578,749E5CE8ECD0A58063DD47A16799AF935977A4FBFFF4C9171FC53DF8C4481E5D,M1_N1_L3_40Hz_303_svd_lowrank.npy,0.442948053906558,0.21662635330934582,,3,0.0,0.0,0.22084530981238118,0.4287561351859749
M1_N1_L3_40Hz,404,fk_filter,1.046,887699BF4CD3F13BF434732DCCFC8C0C73F92C132B15A586C822806E52B5179C,M1_N1_L3_40Hz_404_fk_filter.npy,0.9389721772014752,0.17911396372724642,,5,1.9999999999999964,4.0,0.23089915872676975,0.3121399991093731
M1_N1_L3_40Hz,404,fx_deconv,1.785,71FB54033E59DBB818956BE05E50A6E8613F56CF8794E46A9174D376B27E56D7,M1_N1_L3_40Hz_404_fx_deconv.npy,6.198120820612349,0.06972840879855019,,5,0.0,4.0,0.17122661560198618,0.28506308841013417
M1_N1_L3_40Hz,404,wavelet_threshold,1.153,55A61486FE41EE012613A2D430CCB94569640EB24BF0180EA72E815021DE4F80,M1_N1_L3_40Hz_404_wavelet_threshold.npy,2.315007385165289,0.13542939687979663,,5,2.0,4.0,0.12034008942362236,0.1620378458528227
M1_N1_L3_40Hz,404,ssa_decomposition,1851.416,5867D68750916532EEBAE24D6227AB8E6C9EDC3E49C941BAAC2450B8083A0D33,M1_N1_L3_40Hz_404_ssa_decomposition.npy,2.4413774794733722,0.1963881775916524,,5,0.0,2.0,0.2502031476397696,0.3471426530190534
M1_N1_L3_40Hz,404,svd_lowrank,18.283,C4A365C7D23F2BEDE134EA5A8B16A1929521B7888F2D41C34D7945B290881FE6,M1_N1_L3_40Hz_404_svd_lowrank.npy,0.43666077909953416,0.19493679460360483,,5,0.0,2.0,0.2685328933598964,0.3269343420133633
M1_N1_L3_40Hz,505,fk_filter,0.882,B0B546F70D82D2634554CD5EBC224EA71D430914B10A1DF8CC8EF178C6EB517D,M1_N1_L3_40Hz_505_fk_filter.npy,0.9579950498478695,0.22720653688066134,,5,0.0,16.0,0.267543012516829,0.38622454460097305
M1_N1_L3_40Hz,505,fx_deconv,2.08,2B6486C5B6974606DD5F67128076EDEBAA79643482750788413A1609360CA253,M1_N1_L3_40Hz_505_fx_deconv.npy,5.93973993998032,0.08774175281306752,,5,0.0,2.0000000000000036,0.13983117413286458,0.18980804556307984
M1_N1_L3_40Hz,505,wavelet_threshold,2.162,011AF78E48AF8B948887D5BAC6847FF3A8665E5FAEA5B22353C5CAAB488C154A,M1_N1_L3_40Hz_505_wavelet_threshold.npy,2.3439798600657653,0.17435447494368503,,5,0.0,2.0,0.10004603298671956,0.14532621212484242
M1_N1_L3_40Hz,505,ssa_decomposition,317.015,FF7DDF247DCC4840B0B668FC0F8594C0A79B8D2846C8939F6EFB1C5F1A003E84,M1_N1_L3_40Hz_505_ssa_decomposition.npy,2.278164737732313,0.2580676003731143,,5,2.0,14.0,0.21523846744029138,0.28456035822304865
M1_N1_L3_40Hz,505,svd_lowrank,34.363,3039651549936A0887FC0C3EB9FEA97FADF6FB68636E66521CF6D6C7DF483E79,M1_N1_L3_40Hz_505_svd_lowrank.npy,0.4212681491629325,0.25426631539271133,,5,0.0,6.0,0.30379028505021655,0.49386027479977884
M1_N2_L1_15Hz,101,fk_filter,1.424,6084F0858AC629AC000E2F44A434FCA851B97CB01A142D95370EB3275DA7EE2C,M1_N2_L1_15Hz_101_fk_filter.npy,1.62876691332478,0.0111212251272305,4.026687046875843,1,2.0,2.0,0.008074689466048255,0.008074689466048255
M1_N2_L1_15Hz,101,fx_deconv,2.202,D0E4CF459981BF3AA72AE3832A6324A83D17ABACBF6C58FD228161F4D0AEFB4E,M1_N2_L1_15Hz_101_fx_deconv.npy,5.4440008057099476e-11,0.012290599673301438,5.682396029374725e-11,1,0.0,0.0,0.0113257791669066,0.0113257791669066
M1_N2_L1_15Hz,101,wavelet_threshold,1.046,165D8ADC20E87C78546EEB4DDC85C6DE01A6650B859494806D046F9584F29E74,M1_N2_L1_15Hz_101_wavelet_threshold.npy,0.0,0.012290599660382494,-3.3751461329365063e-15,1,0.0,0.0,0.011325779240160504,0.011325779240160504
M1_N2_L1_15Hz,101,ssa_decomposition,2093.174,2342248D38E6635BD3B95FFF0B49B89AA57C2DC7D8922431453FAB986805374F,M1_N2_L1_15Hz_101_ssa_decomposition.npy,2.275003150226386,0.008472463375220281,4.609707827671151,1,2.0,2.0,0.011575183032079368,0.011575183032079368
M1_N2_L1_15Hz,101,svd_lowrank,9.509,49778C84EEEFF12CEE0A91FCA8084DA41CE1A01E36DEF31FBDBC13EA8035068D,M1_N2_L1_15Hz_101_svd_lowrank.npy,21.824437897458175,0.00027973415081829813,43.64991524676909,1,0.0,0.0,0.0006774475077433366,0.0006774475077433366
M1_N2_L1_15Hz,202,fk_filter,0.875,95903B5388248D2E0CFE6CE5E01B80A0EB5F4636D396C7CB216ACB27C82FFBEF,M1_N2_L1_15Hz_202_fk_filter.npy,0.8288230388763687,0.014276246151006911,4.027747479121591,2,0.0,0.0,0.015328388400595616,0.028261774746649395
M1_N2_L1_15Hz,202,fx_deconv,1.938,D3913862628EC9DB645A486D78594FD2F5F2AEE25D07DBF5FF86E5DEE5EF3444,M1_N2_L1_15Hz_202_fx_deconv.npy,1.0292744434536871e-10,0.01367273099950891,1.061010938336959e-10,2,1.0,2.0,0.014186156573010407,0.01601842244846925
M1_N2_L1_15Hz,202,wavelet_threshold,1.313,C99DFBEF1D7E9FB18BFF981519E96D87556E0EEE04938DBED79467FE2EFEEBB6,M1_N2_L1_15Hz_202_wavelet_threshold.npy,-3.552713678800501e-15,0.013672730974136403,-2.8929823996598624e-15,2,1.0,2.0,0.014186158321541738,0.016018424534101558
M1_N2_L1_15Hz,202,ssa_decomposition,1362.74,CC99B8639A43F0A2D869E76F11472E42358B9796486872580A4AD44A0CB3C843,M1_N2_L1_15Hz_202_ssa_decomposition.npy,1.7465052646238117,0.010905203386534243,4.516851102008835,2,2.0,2.0,0.020842200091880442,0.027709077320145666
M1_N2_L1_15Hz,202,svd_lowrank,15.232,2733D122176C1F7D64D8D22FFE1F4B827D874004A4F95A927BB623D94F9062EB,M1_N2_L1_15Hz_202_svd_lowrank.npy,22.40278205325006,0.00024752417384817945,44.81531274629304,2,1.0,2.0,0.0004361762785733735,0.0006809046046917836
M1_N2_L1_15Hz,303,fk_filter,1.033,D6E4144BE1E52327DAAC02C6295DBA670013F2A53FCBE63C324DD8EBE0A790BE,M1_N2_L1_15Hz_303_fk_filter.npy,1.075835691056989,0.009465043855864483,4.024828697011137,1,4.0,4.0,0.00661280372018905,0.00661280372018905
M1_N2_L1_15Hz,303,fx_deconv,2.007,0A331B559C05B0B6C80B1002CE6D680D0F2177A07D9BE63E95300E755272FCD2,M1_N2_L1_15Hz_303_fx_deconv.npy,5.686295878604142e-11,0.012120001227861795,5.931578246728762e-11,1,0.0,0.0,0.012113183957591122,0.012113183957591122
M1_N2_L1_15Hz,303,wavelet_threshold,1.087,7B5B8123FC6B361DCFEB9DF6D42704F39FD6384C184FAFD9E612C0DF3F001A55,M1_N2_L1_15Hz_303_wavelet_threshold.npy,0.0,0.012120001226887722,0.0,1,0.0,0.0,0.012113183759732514,0.012113183759732514
M1_N2_L1_15Hz,303,ssa_decomposition,955.112,3FB2DC0933E5E2E54EB2462A8313D4127406C14D25F818F923B06BFE735E613F,M1_N2_L1_15Hz_303_ssa_decomposition.npy,2.105093061886313,0.008182855193837896,4.224239480014953,1,4.0,4.0,0.002235764846987475,0.002235764846987475
M1_N2_L1_15Hz,303,svd_lowrank,14.771,B32C316924DE2586F8066E81FF96ED566910B0A94B7A21A9852FCB76C3C371E7,M1_N2_L1_15Hz_303_svd_lowrank.npy,19.979721293796572,0.00042587874071485125,39.96085865417126,1,0.0,0.0,0.000552550915073432,0.000552550915073432
M1_N2_L1_15Hz,404,fk_filter,1.114,CF2399A869ACC8B4B70D75EF00549A56E67AB8E0FC84A4A6D66C51837FE061B6,M1_N2_L1_15Hz_404_fk_filter.npy,1.5769446235474511,0.007815121401366979,4.028821251598952,2,0.0,0.0,0.004960977324455113,0.007207286034421405
M1_N2_L1_15Hz,404,fx_deconv,2.06,13F40F19D84AF8360B17D235ED96F2626C27DDD157B1C6B18A2547292B0EF5FA,M1_N2_L1_15Hz_404_fx_deconv.npy,6.129141638666624e-11,0.01031759380232889,6.348264145020547e-11,2,0.0,0.0,0.011879847468758654,0.016612166742484075
M1_N2_L1_15Hz,404,wavelet_threshold,1.32,76B606C9A55DE7DF1F858206CC4A13D60E94096D571DD35003596B41DC8221FF,M1_N2_L1_15Hz_404_wavelet_threshold.npy,-1.7763568394002505e-15,0.010317593792744157,-1.446491199829931e-15,2,0.0,0.0,0.011879847199363552,0.01661216714749356
M1_N2_L1_15Hz,404,ssa_decomposition,1913.692,007BC1D8917980869D17BC39FA5DDF20086B096F44A9945249F22AEA8A6B9292,M1_N2_L1_15Hz_404_ssa_decomposition.npy,2.538609360541379,0.006725395750184603,5.184432332740937,2,0.0,0.0,0.006739883447332378,0.007725692704550515
M1_N2_L1_15Hz,404,svd_lowrank,9.372,654F4C0E9EB93BA02EEFD599012BA5AA3B9530210F122D3B52B984F3CA735907,M1_N2_L1_15Hz_404_svd_lowrank.npy,23.139724292105466,0.00015610384495330214,46.286788149583685,2,0.0,0.0,0.000827596703962964,0.0012996088631732855
M1_N2_L1_15Hz,505,fk_filter,0.918,6E4EE0DDD0610137D3BB8E8F2D176A0F15C7B84540C5E689C2C03318239645FD,M1_N2_L1_15Hz_505_fk_filter.npy,0.1281872789192171,0.005274446856973393,4.030904412831274,1,3.999999999999993,3.999999999999993,0.004321607341981965,0.004321607341981965
M1_N2_L1_15Hz,505,fx_deconv,1.912,12D64F1CBC8CA306304BF77962D452238882D982E7CF56C083BD307738A5C157,M1_N2_L1_15Hz_505_fx_deconv.npy,1.4264855963119771e-10,0.0017246825022623423,1.4659223982562387e-10,1,0.0,0.0,0.0035550987417087795,0.0035550987417087795
M1_N2_L1_15Hz,505,wavelet_threshold,1.002,D5E7EF62CEA1AF23CCC3BC7F877023E54AFE3BA506CD66AB97E8B60BAD693275,M1_N2_L1_15Hz_505_wavelet_threshold.npy,0.0,0.0017246825129107635,-5.303801066043082e-15,1,0.0,0.0,0.003555100482414325,0.003555100482414325
M1_N2_L1_15Hz,505,ssa_decomposition,1821.016,6BC12DBE294C641479D3F25158B4DEEBE41C6EFCA748AF36B34783F645ECF9AB,M1_N2_L1_15Hz_505_ssa_decomposition.npy,2.0358397822487717,0.00202354513514209,4.7884080406081235,1,0.0,0.0,0.00905036837629066,0.00905036837629066
M1_N2_L1_15Hz,505,svd_lowrank,9.251,16B7BD79730A3E55C852DA283E8ACFE50906E4CDA24EBCE5383278606ABF012C,M1_N2_L1_15Hz_505_svd_lowrank.npy,21.93058054212199,0.00012800081983460086,43.862391187712916,1,0.0,0.0,0.0018588327620305627,0.0018588327620305627
M1_N2_L1_25Hz,101,fk_filter,1.068,1FD77A8CD6B87363FE4C8DD11A6739B42C60DD2146D92F0B478A85A570D1E704,M1_N2_L1_25Hz_101_fk_filter.npy,1.9928349826170333,0.006569627324374448,4.026545328948887,2,0.0,0.0,0.0076173017201106655,0.011490057678749582
M1_N2_L1_25Hz,101,fx_deconv,1.938,1A43FD7DF27C9B1DFD8B5068B89A89BF55B4226BD019D8C96B8A9A18542DF01E,M1_N2_L1_25Hz_101_fx_deconv.npy,7.359624021319178e-11,0.008804213941645059,7.567559793710989e-11,2,0.0,0.0,0.011211893992845941,0.022423787983666444
M1_N2_L1_25Hz,101,wavelet_threshold,1.069,21FE649A644FFF7290E7BB082E12F602EF42869FCAED20D2F466C9DCDF72D790,M1_N2_L1_25Hz_101_wavelet_threshold.npy,0.0,0.008804213941632617,-4.821637332766439e-15,2,0.0,0.0,0.011211893988266658,0.022423787976529545
M1_N2_L1_25Hz,101,ssa_decomposition,1652.757,68280FA25E83CDDEDBF80C345F76903FB7D01A267D67D6496A1B5D0728065CA3,M1_N2_L1_25Hz_101_ssa_decomposition.npy,-1.838355457784239,0.045000057976464156,1.661256666187161,2,15.000000000000007,24.000000000000014,0.07961459768702589,0.08585228603842386
M1_N2_L1_25Hz,101,svd_lowrank,5.522,91CB8C8F9170FA2B39873E114C52F1B6F130AF5D3D69DC850416F06F38E81AC6,M1_N2_L1_25Hz_101_svd_lowrank.npy,6.303217497788706,0.0020696401625098257,12.606758986176681,2,0.0,0.0,0.003022847265273085,0.0053982846618697835
M1_N2_L1_25Hz,202,fk_filter,1.058,A26EF1F855310B819E86B3458BE3AF2A067218107B3F39FA518A2FB8A7EB9BBB,M1_N2_L1_25Hz_202_fk_filter.npy,1.942592736250754,0.009914872522576446,4.026749436163439,2,0.0,0.0,0.009426180663887103,0.009942018542191428
M1_N2_L1_25Hz,202,fx_deconv,1.949,BF94FE97B4E7F0F6F65ABCF4EEE21723B8F73765BBA93F9F440C764466D87668,M1_N2_L1_25Hz_202_fx_deconv.npy,1.3992540459639713e-10,0.013146106561178187,1.4200204108498276e-10,2,0.0,0.0,0.017129788320423413,0.025581748299448932
M1_N2_L1_25Hz,202,wavelet_threshold,1.248,E5190EF2A071E50D4139749377464A8B638ED226788EB695CA90523100F60608,M1_N2_L1_25Hz_202_wavelet_threshold.npy,0.0,0.013146106563460809,-3.85730986621315e-15,2,0.0,0.0,0.017129788337406106,0.02558174833989525
M1_N2_L1_25Hz,202,ssa_decomposition,1652.625,72E593C5648A839F62A307A057E4F36DFCFE6431E78B38725037C96E86ABF03D,M1_N2_L1_25Hz_202_ssa_decomposition.npy,-3.0260713088236972,0.054925602079259554,1.6075688162438726,2,24.999999999999996,48.0,0.09750403149999448,0.10258149690577542
M1_N2_L1_25Hz,202,svd_lowrank,62.373,C7512E938BB5590100C8205B3313BA10883385EF53FBF21B4356C5E75D059316,M1_N2_L1_25Hz_202_svd_lowrank.npy,19.113886991850826,0.0005592322716392849,38.23467597096128,2,0.0,0.0,0.0004449727880548401,0.0007024180198621596
M1_N2_L1_25Hz,303,fk_filter,0.914,E5AEF1F88D655532CC4E4F41ECF89DBFE09A147D50FC5E06FA86BC27A191A147,M1_N2_L1_25Hz_303_fk_filter.npy,1.958877289167173,0.009984435267722445,4.02609955947052,4,0.0,0.0,0.006248206682178543,0.015339494195952479
M1_N2_L1_25Hz,303,fx_deconv,1.864,929843BBBAE3B935325E0B32F6C364593E14F49E46E0E3AA0495EE7DB525A7F4,M1_N2_L1_25Hz_303_fx_deconv.npy,7.776179700158536e-11,0.016691261279448564,7.98414925925455e-11,4,0.0,0.0,0.02173143060568829,0.03490152321503626
M1_N2_L1_25Hz,303,wavelet_threshold,1.466,E323151EFEBB967E7A541170117BBF84538B1AFD43C9FD52C12A61D7D52D9C69,M1_N2_L1_25Hz_303_wavelet_threshold.npy,0.0,0.016691261281352496,-4.821637332766436e-16,4,0.0,0.0,0.021731430567086495,0.034901523357551846
M1_N2_L1_25Hz,303,ssa_decomposition,539.638,C80A1D2CC665A7B14125AC55C984F434062BB68FC8239EB224282EDD555C15E7,M1_N2_L1_25Hz_303_ssa_decomposition.npy,-0.722389863479517,0.02539836569414132,1.6629799817195816,4,1.9999999999999982,6.0,0.058274603658692026,0.17091228828005875
M1_N2_L1_25Hz,303,svd_lowrank,20.771,C5CE212F281D1B60843993BD687B528FBB188E4883DF6909B3B68D30B25C88F2,M1_N2_L1_25Hz_303_svd_lowrank.npy,7.548765483408612,0.003712302449315204,15.098094406300289,4,0.0,0.0,0.004289233317622598,0.007719033451027859
M1_N2_L1_25Hz,404,fk_filter,0.822,F26E6422FE9E0807B5C5AB1450640E84643485AF3D93925588615F6D0C087865,M1_N2_L1_25Hz_404_fk_filter.npy,1.988896611020163,0.012883402457695233,4.026998343233616,3,0.0,0.0,0.012455375228487286,0.03347617008795518
M1_N2_L1_25Hz,404,fx_deconv,1.867,670096108C9DF3663976B8DAA7987144298F140961D2D27976ED8F4764A059FA,M1_N2_L1_25Hz_404_fx_deconv.npy,8.175149446287833e-11,0.016091409771282622,8.383670128640048e-11,3,0.0,0.0,0.01954072251152699,0.05917037625971077
M1_N2_L1_25Hz,404,wavelet_threshold,1.099,6BA608A2425AB24EFEAD87C03D4018DBDA2741C05667A8B061A6042A5C81E770,M1_N2_L1_25Hz_404_wavelet_threshold.npy,-1.7763568394002505e-15,0.016091409774088725,-1.446491199829931e-15,3,0.0,0.0,0.019540722623505615,0.05917037597057828
M1_N2_L1_25Hz,404,ssa_decomposition,863.38,CEA5E7D33FF2BEF645B38F891CE1F34BC9A5FD3F749AC87C75D6E7042A11B479,M1_N2_L1_25Hz_404_ssa_decomposition.npy,-2.1914328824928795,0.05344877026762339,1.741456051247674,3,2.0,2.000000000000007,0.17778441716588306,0.3664545479498485
M1_N2_L1_25Hz,404,svd_lowrank,14.947,BD2D925C9B8C8A86B568F74A94A253B7E6CE5A97F68B1E0D887C91B06F5FD7FF,M1_N2_L1_25Hz_404_svd_lowrank.npy,6.277027307038102,0.0034916821317288248,12.554649211519317,3,0.0,0.0,0.005568834499126564,0.013066946438737416
M1_N2_L1_25Hz,505,fk_filter,4.768,E9364677A75761D1CABAB07AECA09F98B58F7589119944167CAE66A3D647B551,M1_N2_L1_25Hz_505_fk_filter.npy,1.890255490757987,0.00412398950717679,4.0274469118687355,4,0.0,4.0,0.006444279520699107,0.008627687653025405
M1_N2_L1_25Hz,505,fx_deconv,5.662,63A85CC07656B9FE72A523798D4E55C32D8F08DC8CF018DC3329ABF9E894C852,M1_N2_L1_25Hz_505_fx_deconv.npy,1.9174706267222064e-10,0.004542252595593582,1.9382307048061973e-10,4,0.0,2.0,0.00833363317866358,0.011603564157769706
M1_N2_L1_25Hz,505,wavelet_threshold,8.429,15DFF8FD3EADC13F7E25D59D68FA16B6E13248D0B64F98E8F5220A4FA03CE3B9,M1_N2_L1_25Hz_505_wavelet_threshold.npy,0.0,0.0045422525968917245,-5.303801066043082e-15,4,0.0,2.0,0.00833363316874565,0.011603564213508779
M1_N2_L1_25Hz,505,ssa_decomposition,2249.248,AA15793E09D38E82A0EBEF678B5CB32E981416D8BE7A045805F6BBD4DF6CCD32,M1_N2_L1_25Hz_505_ssa_decomposition.npy,-3.9652098517485346,0.028467216528009757,1.6323516479647373,4,6.999999999999998,8.0,0.16948417512272446,0.2394332819707885
M1_N2_L1_25Hz,505,svd_lowrank,9.22,FB436EA28ACAE59401D80690608CD0F5AA183FE142513D7AF0DAC45756C796EA,M1_N2_L1_25Hz_505_svd_lowrank.npy,20.14810281817504,0.00023097801610054525,40.29801751741368,4,0.0,0.0,0.0006088617566284916,0.003080142772175879
M1_N2_L1_40Hz,101,fk_filter,0.979,500280CDE4B165912B433E1212A6E135B578325BA280B18E8A766391D999EFA7,M1_N2_L1_40Hz_101_fk_filter.npy,1.511550509978374,0.007382834447543717,4.029664855879286,2,2.0000000000000018,2.0000000000000036,0.0015342020607056945,0.0019146160863391063
M1_N2_L1_40Hz,101,fx_deconv,2.384,A583DDCC2399E91F4B7636AE092C7BCA71592DC0CC51C586254DF8C9CA3AEB31,M1_N2_L1_40Hz_101_fx_deconv.npy,7.359979292687058e-11,0.007839243873856734,7.567945524697603e-11,2,0.0,0.0,0.01587193550374878,0.031743871007443844
M1_N2_L1_40Hz,101,wavelet_threshold,1.44,FD46E5208598116A5779611E529F331ACCC27FFA2E549F1658B80661FE8DB57F,M1_N2_L1_40Hz_101_wavelet_threshold.npy,-1.7763568394002505e-15,0.007839243874397578,-4.821637332766439e-15,2,0.0,0.0,0.01587193549900387,0.031743870998007316
M1_N2_L1_40Hz,101,ssa_decomposition,1671.651,9717AE7B614C11F56F1D9D67FCC95DC9849453CF86A4166AA0F795A89D460A69,M1_N2_L1_40Hz_101_ssa_decomposition.npy,-4.43299478131629,0.14112955557144888,3.6024665408079604,2,9.0,16.0,0.4009138931431538,0.5416128361506787
M1_N2_L1_40Hz,101,svd_lowrank,15.823,3D215ADBDFE06C75AEC4675B2CB897E7C971EC3340C601F179808399A1E91E01,M1_N2_L1_40Hz_101_svd_lowrank.npy,2.9361970701847984,0.004365938382742075,5.872693555337323,2,0.0,0.0,0.008637254454204995,0.016339058290021236
M1_N2_L1_40Hz,202,fk_filter,1.571,A6B825F01AB3F0C9DDD3F51A475D1DC18375DFE611CDE34F9A0725B10CB16856,M1_N2_L1_40Hz_202_fk_filter.npy,1.24698939154678,0.01723941158836447,4.026710358004487,3,0.0,0.0,0.0014857850273796037,0.003701175304385197
M1_N2_L1_40Hz,202,fx_deconv,4.745,16F8F5327B857D28993EC886949F4B66A92DA0529276CB1A94C9B8E625CB89C6,M1_N2_L1_40Hz_202_fx_deconv.npy,1.3993428638059413e-10,0.01621175814299855,1.4201168435964797e-10,3,0.0,0.0,0.01891043636975291,0.03080288330754129
M1_N2_L1_40Hz,202,wavelet_threshold,2.936,D2439DAB96447E99BC3A9BCFA50201333D3DA6DE98FB0C7ADA60EFA8BCD5F81D,M1_N2_L1_40Hz_202_wavelet_threshold.npy,0.0,0.01621175814350117,-2.8929823996598624e-15,3,0.0,0.0,0.018910436372468833,0.030802883313220997
M1_N2_L1_40Hz,202,ssa_decomposition,1785.999,78B2AC0FF1243B1026886ADF6A0B9203FA659F5B694433ECFBFE711F67557B69,M1_N2_L1_40Hz_202_ssa_decomposition.npy,-4.382674962333125,0.10862511075880754,4.1089773273061905,3,0.0,2.0,0.2792021606234659,0.3615344173923204
M1_N2_L1_40Hz,202,svd_lowrank,8.557,874DE0D540D34DC2F08A29D63A9B2A5C3D30603BFC9FD07A70EEBBB1A898A9C1,M1_N2_L1_40Hz_202_svd_lowrank.npy,9.72604559233793,0.0017640622727048824,19.452923813186224,3,0.0,0.0,0.002171668808228732,0.004238122986724906
M1_N2_L1_40Hz,303,fk_filter,1.324,B42320B54CE7E843F478241947186AC7FECA56532EADAF42D04CBA6E6FA5AF4F,M1_N2_L1_40Hz_303_fk_filter.npy,1.7340351909397231,0.018260309291677396,4.028761231942441,3,0.0,0.0,0.011439493765270588,0.041723611541138524
M1_N2_L1_40Hz,303,fx_deconv,2.383,AE5D8AF99C9310A058FC1414118A299B79CFE68FFC3BD17E04C8920657445BD0,M1_N2_L1_40Hz_303_fx_deconv.npy,7.774225707635196e-11,0.02084667135915724,7.982220604321478e-11,3,0.0,0.0,0.03435638115124223,0.06820586067157566
M1_N2_L1_40Hz,303,wavelet_threshold,1.261,4A630D9D6706F55B1AB8B9B78D9D4CD2DA3A01B63A044E019B4684D3636B57A0,M1_N2_L1_40Hz_303_wavelet_threshold.npy,0.0,0.020846671361009126,-4.821637332766436e-16,3,0.0,0.0,0.03435638115364321,0.06820586066956337
M1_N2_L1_40Hz,303,ssa_decomposition,1987.936,43711E09575E0347CF1E8D05E92175B75A2A121762C6FAAC3505E4FE2CD87F6B,M1_N2_L1_40Hz_303_ssa_decomposition.npy,-3.5163744807946173,0.14597639844384602,2.0961575163560835,3,0.0,0.0,0.303742903974252,0.43615040369877595
M1_N2_L1_40Hz,303,svd_lowrank,10.886,8E14E07E243A6272FFF513A311C9D10F0AB75A139D832D9AE40D9FA4981D82EC,M1_N2_L1_40Hz_303_svd_lowrank.npy,2.4586571018243024,0.011701239066046113,4.917680911837116,3,0.0,0.0,0.020964875041831504,0.03800840133265627
M1_N2_L1_40Hz,404,fk_filter,0.892,310029FB2A6573EB0570548614E148766626FF6BE8F85773F0832BFA5A224925,M1_N2_L1_40Hz_404_fk_filter.npy,1.56013615538639,0.017908130244273377,4.0259699830783,5,0.0,4.0,0.010296847637011433,0.020430320952626944
M1_N2_L1_40Hz,404,fx_deconv,5.566,829E8FE01F5AFCC35827E6C0E49305CDBCED7D59E5FA4E1C9414BF0F801E4CDD,M1_N2_L1_40Hz_404_fx_deconv.npy,8.175682353339653e-11,0.017014967326208958,8.384055859626662e-11,5,0.0,0.0,0.02669295484570236,0.03816085133235099
M1_N2_L1_40Hz,404,wavelet_threshold,2.662,922BC15BC1E707E861A78ED1F5DB3E77B7F4C18DD679D11C5D8862D9ADD28B31,M1_N2_L1_40Hz_404_wavelet_threshold.npy,-1.7763568394002505e-15,0.01701496732418842,-1.446491199829931e-15,5,0.0,0.0,0.026692954850932475,0.03816085133353821
M1_N2_L1_40Hz,404,ssa_decomposition,2112.297,732B54384C862FE1B154D369E55A6A58D7CBA96D770A422117953A3A1AF93180,M1_N2_L1_40Hz_404_ssa_decomposition.npy,-3.542575392891921,0.13036030177573535,2.675129102118051,5,2.0,20.0,0.3780058153551147,0.4244853680014864
M1_N2_L1_40Hz,404,svd_lowrank,54.595,8B5666D088D7EEAB86E4B0DF2E913C0F55630378DF27C1B1946813762F7E2FE9,M1_N2_L1_40Hz_404_svd_lowrank.npy,3.1901977274581714,0.007169254296570202,6.380753197071889,5,0.0,0.0,0.012128815987272914,0.01739298807804223
M1_N2_L1_40Hz,505,fk_filter,1.709,D1F3B7444B73C4B8B4308ECFD867B3D0C73E55BADA66AB006491B90CF50D843A,M1_N2_L1_40Hz_505_fk_filter.npy,0.9525107350581763,0.012173712094757726,4.022155347892837,5,0.0,10.0,0.010716912108519454,0.02147076345630162
M1_N2_L1_40Hz,505,fx_deconv,5.053,2FF555E308DB2C240255E41257AD1C024C2307C22515E4F972B13097D04A5CEC,M1_N2_L1_40Hz_505_fx_deconv.npy,1.9169732468071743e-10,0.010566100532674531,1.937729254523612e-10,5,0.0,0.0,0.013644810211042078,0.03102454420837315
M1_N2_L1_40Hz,505,wavelet_threshold,3.066,94BEC93B5A61245DF0F6FB5B2502A2FC8B46D9CB0C58D99C332BF6760ABAD0C6,M1_N2_L1_40Hz_505_wavelet_threshold.npy,-1.7763568394002505e-15,0.010566100536346058,-5.303801066043082e-15,5,0.0,0.0,0.013644810213330007,0.03102454422293802
M1_N2_L1_40Hz,505,ssa_decomposition,2103.901,14A49ADE5F244873E5BC0698B98C7ACEFDC98188CA68475A2214D89157BD62CB,M1_N2_L1_40Hz_505_ssa_decomposition.npy,-6.694638658173825,0.12856847633419125,2.7931372077675376,5,2.0000000000000036,14.0,0.3008764531308759,0.4991200144742163
M1_N2_L1_40Hz,505,svd_lowrank,10.001,2A9093A263DDF07D2BD5EE334A873C62F048C154978B9649503C8B61B1D7F25D,M1_N2_L1_40Hz_505_svd_lowrank.npy,22.705490982159635,0.00021090381836849515,45.42084098387534,5,0.0,0.0,0.00020787756502841853,0.0013571822194067631
M1_N2_L2_15Hz,101,fk_filter,0.901,05DC88A9CFAC969DA915D7E97A9EE618D0D9CEB9601FE2A77B68A0321EE8A828,M1_N2_L2_15Hz_101_fk_filter.npy,-0.2230046053647161,0.0015930386921992484,0.04971333379268815,1,2.0,2.0,0.0005050769545466168,0.0005050769545466168
M1_N2_L2_15Hz,101,fx_deconv,1.954,5CBFC5E99FB9EC7740FBF1C21EB834AD193F297A7516CEEEA726EB5153F0EB7B,M1_N2_L2_15Hz_101_fx_deconv.npy,-1.1492266354551361e-05,1.0522495576746837e-08,3.177529587125255e-05,1,0.0,0.0,8.235179100848856e-07,8.235179100848856e-07
M1_N2_L2_15Hz,101,wavelet_threshold,1.062,CB490599B2149842132C232610217C33271427AE39AFAE56CA91D6F3259E6AD3,M1_N2_L2_15Hz_101_wavelet_threshold.npy,-1.7763568394002505e-15,2.655180031425039e-31,-1.3018420798469397e-14,1,0.0,0.0,6.652974283665834e-16,6.652974283665834e-16
M1_N2_L2_15Hz,101,ssa_decomposition,452.303,8A968CC3FA9549ECCC312B54BDA30A02363BF434A0EB573A2103E3F246AADD4F,M1_N2_L2_15Hz_101_ssa_decomposition.npy,2.205984565480124,0.0021268510248675446,4.540362896380736,1,2.0,2.0,0.017055898292371252,0.017055898292371252
M1_N2_L2_15Hz,101,svd_lowrank,5.257,98E72C312D04926075B316EEF96F91332F367D0498D2A56D50FFC8EFCD01417C,M1_N2_L2_15Hz_101_svd_lowrank.npy,34.62504952481225,8.619415327287229e-09,69.25518350839536,1,0.0,0.0,8.61941584750408e-09,8.61941584750408e-09
M1_N2_L2_15Hz,202,fk_filter,1.055,D515FD1F43002EEA06B435A88A97DFF08E2F73FCEBEFDEBC03E22529D224B55B,M1_N2_L2_15Hz_202_fk_filter.npy,-0.7627031927594956,0.004049033873570395,0.04385259969619376,2,0.0,0.0,0.010818455196099787,0.01630455076483036
M1_N2_L2_15Hz,202,fx_deconv,1.967,874E36AFA5852CEC9E91ED4213DE82E1A3B2918A0937376C949C1A61E608748E,M1_N2_L2_15Hz_202_fx_deconv.npy,-1.1675010265221886e-05,8.974149832019223e-09,3.224734627311597e-05,2,0.0,0.0,1.3556211378403421e-06,2.087232490516797e-06
M1_N2_L2_15Hz,202,wavelet_threshold,1.124,B7BCB7B1F8FAA54329F51961357B46D2495ECA2F231AA1DAD0FF0E2EB972A187,M1_N2_L2_15Hz_202_wavelet_threshold.npy,0.0,1.949761318599846e-31,-9.161110932256236e-15,2,0.0,0.0,6.288812786113789e-16,8.525105442485301e-16
M1_N2_L2_15Hz,202,ssa_decomposition,1790.719,D2F5B4C09A8677214FD5BCED1C4724B5D3BAA9DFB60C72ACB4FA7A3651A1D47D,M1_N2_L2_15Hz_202_ssa_decomposition.npy,1.7405003411970412,0.0033111873214876227,4.523826957686393,2,2.0,2.0,0.028888296319404504,0.03506676150178057
M1_N2_L2_15Hz,202,svd_lowrank,33.513,B10773DC27DFEDF1C0BD6115ECF406A5D4BD8BBA7CEE3F80A07A090BF53D88A1,M1_N2_L2_15Hz_202_svd_lowrank.npy,34.62497338887532,8.795180188302895e-09,69.25508279356306,2,0.0,0.0,8.795179820016101e-09,8.795179930392692e-09
M1_N2_L2_15Hz,303,fk_filter,0.99,C4FAEC59778DA521DA85A3C9464EDCE7505D45D312816206C734207B56A88CF0,M1_N2_L2_15Hz_303_fk_filter.npy,-0.592615290687009,0.0034853899798070616,0.04229419482601689,1,4.0,4.0,0.0006195804476397746,0.0006195804476397746
M1_N2_L2_15Hz,303,fx_deconv,1.897,B59848714738EA00607199F3A2C7D73CF99C23600894121978529367C8430650,M1_N2_L2_15Hz_303_fx_deconv.npy,-1.13157458514479e-05,5.631587300869436e-09,3.13148954282187e-05,1,0.0,0.0,1.715174119292198e-06,1.715174119292198e-06
M1_N2_L2_15Hz,303,wavelet_threshold,1.062,48D2723B826EB2F8539166AF6F3F5B447F326C041EBF9B9C8A449FC6ADA9D75F,M1_N2_L2_15Hz_303_wavelet_threshold.npy,-3.552713678800501e-15,1.9192428995438198e-31,-8.678947198979593e-15,1,0.0,0.0,5.954334574338412e-16,5.954334574338412e-16
M1_N2_L2_15Hz,303,ssa_decomposition,1815.317,43C26E576E049AB666A968B3C3F70896991F300794F956A35F0F3D675E70EBEC,M1_N2_L2_15Hz_303_ssa_decomposition.npy,2.0465873658077207,0.0013013417891047814,4.164872222150632,1,4.0,4.0,0.009299357366851354,0.009299357366851354
M1_N2_L2_15Hz,303,svd_lowrank,34.556,5313627DA2EFDC98E75E983253449311ED65C3425801D4E8F74E87A4863D5ACE,M1_N2_L2_15Hz_303_svd_lowrank.npy,34.62504256444919,8.644116364027401e-09,69.25517686131958,1,0.0,0.0,8.644116855970707e-09,8.644116855970707e-09
M1_N2_L2_15Hz,404,fk_filter,1.495,05C4D6DE51BF4C279AE8B2BDCA6DA67C70C8ADC3F857D3D45C1396498D070823,M1_N2_L2_15Hz_404_fk_filter.npy,-0.2569793029642522,0.0008904277820223548,0.0540097792368053,2,0.0,0.0,0.001692751747546975,0.002495314090218085
M1_N2_L2_15Hz,404,fx_deconv,1.921,D852343A258A3C9675CF46CF86461D858E076ABE449E7E4C329D25EF8B92DCF0,M1_N2_L2_15Hz_404_fx_deconv.npy,-1.1087885210869786e-05,4.936362351845431e-09,3.072145435190503e-05,2,0.0,0.0,2.338935608965874e-06,3.4188567365527624e-06
M1_N2_L2_15Hz,404,wavelet_threshold,1.319,47210E52DD960F71884C369690180927C5B9AA305E0998D6F3AC1B62347965E0,M1_N2_L2_15Hz_404_wavelet_threshold.npy,-1.7763568394002505e-15,2.663531920958575e-31,-1.253625706519275e-14,2,0.0,0.0,5.096335268057608e-16,5.3721926028254e-16
M1_N2_L2_15Hz,404,ssa_decomposition,1738.368,7F5A61D435E42100733546230DAA8C01C681B98AAB03EA48ED31A15A9F06287A,M1_N2_L2_15Hz_404_ssa_decomposition.npy,2.4672335001423225,0.0018186981055673941,5.141722417993915,2,0.0,0.0,0.011908132900688373,0.013323424251193821
M1_N2_L2_15Hz,404,svd_lowrank,27.437,3CA94AF4ADF8F825A2C5E48700F0F1B82B0F335D16912AF52EC485F3095611B8,M1_N2_L2_15Hz_404_svd_lowrank.npy,34.62691003953361,4.928821305286865e-09,69.25766535078296,2,0.0,0.0,4.928822588512493e-09,4.928822673953243e-09
M1_N2_L2_15Hz,505,fk_filter,0.958,DD1259353E5CA2EE95F31105FE44570D8D55B6D0FFC0B94195F4E3C060210194,M1_N2_L2_15Hz_505_fk_filter.npy,-1.2611338819658435,0.0027127407707821702,0.05959231044456588,1,3.999999999999993,3.999999999999993,0.008724748104293736,0.008724748104293736
M1_N2_L2_15Hz,505,fx_deconv,1.919,7B9FB0A9173ADD485C98F4C009BF6386FF277BD75838E8FEC94D577DB6480656,M1_N2_L2_15Hz_505_fx_deconv.npy,-1.1553646640294346e-05,4.792236123472377e-09,3.1928175503287863e-05,1,0.0,0.0,5.595782578425469e-07,5.595782578425469e-07
M1_N2_L2_15Hz,505,wavelet_threshold,0.988,9DAB2BD63B5F894B70EF56266134488DEE005881106EE8A828FEE30BC2D0783F,M1_N2_L2_15Hz_505_wavelet_threshold.npy,0.0,3.179818659115442e-31,-9.643274665532882e-15,1,0.0,0.0,9.979112097980136e-16,9.979112097980136e-16
M1_N2_L2_15Hz,505,ssa_decomposition,1225.941,21412B6DCA503A3925997C9A838166018231A6DDA15E452FDF3C72F341F50424,M1_N2_L2_15Hz_505_ssa_decomposition.npy,1.9758793952089029,0.0011178211417949948,4.732089105590345,1,0.0,0.0,0.011712926534471908,0.011712926534471908
M1_N2_L2_15Hz,505,svd_lowrank,9.593,581DE820AF2CD1B748E71CD09ABAA4F8560CB8D3E69575443B11FF348FEF9F35,M1_N2_L2_15Hz_505_svd_lowrank.npy,34.62911367563794,1.8814249121448914e-09,69.2606034102649,1,0.0,0.0,1.881425745410721e-09,1.881425745410721e-09
M1_N2_L2_25Hz,101,fk_filter,0.978,8A3CFFDC35CF0C0BC9F77194F7E194619F884A1E7A5390C9586A57E1DBE9D827,M1_N2_L2_25Hz_101_fk_filter.npy,0.01170681242104088,7.981854222415906e-05,0.04940245983599219,2,0.0,0.0,0.00043490340451638756,0.0006478975713165093
M1_N2_L2_25Hz,101,fx_deconv,2.397,517962B2A966A0CC6AB208221B0D865C6CB512EFBEE8C4B29D67082C0D7ACC7B,M1_N2_L2_25Hz_101_fx_deconv.npy,-1.7990992388305926e-05,6.1184362938973665e-09,4.7184413602867295e-05,2,0.0,0.0,3.214607311818121e-06,4.03136538234381e-06
M1_N2_L2_25Hz,101,wavelet_threshold,1.059,57B3C62AB9B507B12698B9C55EF945A361BF059E65E2EF4993D6918001B3F1AC,M1_N2_L2_25Hz_101_wavelet_threshold.npy,0.0,1.9488461088355932e-31,-1.3018420798469397e-14,2,0.0,0.0,5.341138341839575e-16,6.490843697006985e-16
M1_N2_L2_25Hz,101,ssa_decomposition,1687.668,39416E0493181AE6B38D077B95E6BC207A0D68C676389F9858E29CB50D8965F1,M1_N2_L2_25Hz_101_ssa_decomposition.npy,-1.79473961745963,0.03770081663535986,1.7722359496839077,2,15.000000000000007,24.000000000000014,0.08864786879779149,0.1050424568385227
M1_N2_L2_25Hz,101,svd_lowrank,13.294,717DFC04FFF21DF464759D70C8087F8E47CB9090D9F32DB5C9E71290224FB7A6,M1_N2_L2_25Hz_101_svd_lowrank.npy,6.522781840815613,2.1030775197046134e-08,13.045575897640385,2,0.0,0.0,2.1030773709631295e-08,2.10307737617573e-08
M1_N2_L2_25Hz,202,fk_filter,0.933,5C901F2FD856B95DD0A82C0E007DE97225D834D570488BDAEB2C8531D4F5C596,M1_N2_L2_25Hz_202_fk_filter.npy,-0.020266924904408512,0.000191214620917876,0.04803902176525338,2,0.0,0.0,0.0016620799808772057,0.002544391437325641
M1_N2_L2_25Hz,202,fx_deconv,1.828,749234229CD09C99987B71F968A6314C9290D87187D04D1C62A7EAD22AAF0629,M1_N2_L2_25Hz_202_fx_deconv.npy,-1.810650421063542e-05,4.2590965381260254e-09,4.7433238902569525e-05,2,0.0,0.0,4.856739512276276e-07,8.545379560804701e-07
M1_N2_L2_25Hz,202,wavelet_threshold,1.119,0B0CC914FAF34F79384DE9693CCEB0808945062EDC037385018DB2C732A9D803,M1_N2_L2_25Hz_202_wavelet_threshold.npy,0.0,2.205882955844131e-31,-9.161110932256236e-15,2,0.0,0.0,7.518906912049392e-16,8.763111895637146e-16
M1_N2_L2_25Hz,202,ssa_decomposition,1873.347,109D0B70C7F398A13DC9FDA943BB2104DD786C33DCAA974E739FAC573F367BEB,M1_N2_L2_25Hz_202_ssa_decomposition.npy,-3.028198593539159,0.044710569344178615,1.7106109655838317,2,24.999999999999996,48.0,0.11060727077376903,0.11149572635124672
M1_N2_L2_25Hz,202,svd_lowrank,14.847,84589E2DC5EAA73F799E943432BF4149C5FE054C47E276A096C7F2852CAAA481,M1_N2_L2_25Hz_202_svd_lowrank.npy,34.6245280422516,9.840483090170169e-09,69.25448859173902,2,0.0,0.0,9.840482580316077e-09,9.840482638195697e-09
M1_N2_L2_25Hz,303,fk_filter,0.935,2FA1994475100BFDB3FFF4E33DFD9A509FD8C94078F933B89A94053BB3B66A8D,M1_N2_L2_25Hz_303_fk_filter.npy,-0.00988884510817023,0.00029703713091762846,0.04768136400531139,4,0.0,0.0,0.002466693652714687,0.011057768460800031
M1_N2_L2_25Hz,303,fx_deconv,2.228,FD4420177F07414D74DE663163619E892AB4B3C81D0F544EE7CEB9D7A6120F1D,M1_N2_L2_25Hz_303_fx_deconv.npy,-1.8100684371802345e-05,3.7211014579088003e-09,4.741957831363981e-05,4,0.0,0.0,4.516734363313658e-06,1.083308205806622e-05
M1_N2_L2_25Hz,303,wavelet_threshold,1.128,075086911376C790799AE39E8CE851283EB1D3206A6C160DE79D39CF5EAA2AFF,M1_N2_L2_25Hz_303_wavelet_threshold.npy,0.0,1.238191217755582e-31,-6.750292265873015e-15,4,0.0,0.0,4.735551227316301e-16,9.298471515730547e-16
M1_N2_L2_25Hz,303,ssa_decomposition,1928.306,4EBF62BDEDC89787D73E07FF611B22D4665269C4D8E85864A25104A54D39B3FC,M1_N2_L2_25Hz_303_ssa_decomposition.npy,-0.6994400886195393,0.01215502799061954,1.746405769474756,4,1.9999999999999982,6.0,0.08547599660976765,0.1709413098592908
M1_N2_L2_25Hz,303,svd_lowrank,7.848,589EE32CFD58F632A8806D78132DE832B5EFEEDAB0333660E5CC987B04717FBE,M1_N2_L2_25Hz_303_svd_lowrank.npy,7.45965070972435,1.910950832045316e-08,14.919315868321215,4,0.0,0.0,1.9109507683879488e-08,1.9109507869139153e-08
M1_N2_L2_25Hz,404,fk_filter,1.576,BE5F89CA5FF3AAD15CF70C233687CBC189A9CFFBA30C38A92E741186AAE60A39,M1_N2_L2_25Hz_404_fk_filter.npy,0.009205326681485104,9.55008591427563e-05,0.05037996492021222,3,0.0,0.0,0.0016539298528016743,0.003412192341460366
M1_N2_L2_25Hz,404,fx_deconv,4.766,53DCEA3733E41B0DEC5C1B2CFF19EFF25A0E21B3E7C142D3DEB7EE0877887F21,M1_N2_L2_25Hz_404_fx_deconv.npy,-1.7991878529244332e-05,5.680942935279216e-09,4.7191901477997606e-05,3,0.0,0.0,5.753470847943814e-07,1.0386911395939636e-05
M1_N2_L2_25Hz,404,wavelet_threshold,2.459,C8A46CAC90DA6E8EAC5EE9740269D83876A948343AF96EE7D06C8E7011DF4861,M1_N2_L2_25Hz_404_wavelet_threshold.npy,-1.7763568394002505e-15,2.328218857344846e-31,-1.253625706519275e-14,3,0.0,0.0,4.585186106785261e-16,1.0821565773729617e-15
M1_N2_L2_25Hz,404,ssa_decomposition,1812.539,525B040B36940A2638BEA3E627AD99FC6777144B961DB26910F22B1965F9E9F1,M1_N2_L2_25Hz_404_ssa_decomposition.npy,-2.09553547572885,0.04031906116318479,2.0034522535500483,3,2.0,2.000000000000007,0.19341313799547136,0.42202658094652606
M1_N2_L2_25Hz,404,svd_lowrank,15.928,F4B86B4CF9B9955F042262AFDE19740122BFCA5BEC2EE3338FABA3EE72583FBA,M1_N2_L2_25Hz_404_svd_lowrank.npy,5.7545669546053215,2.192869077366914e-08,11.50914428616135,3,0.0,0.0,2.1928690412189063e-08,2.1928690727374854e-08
M1_N2_L2_25Hz,505,fk_filter,1.19,D987C272C6F2DDA1BFB58350D2CD09DBC8B8256F413F038CF5FCB16216C48763,M1_N2_L2_25Hz_505_fk_filter.npy,-0.0537166943553693,0.00016911782365170688,0.051675791119839984,4,0.0,4.0,0.001795503689521785,0.005089118130104358
M1_N2_L2_25Hz,505,fx_deconv,1.997,8C65C3B6FEAD8946826286B5CFEF944CF2D60FCEB23A4648EABE19073BBC4E18,M1_N2_L2_25Hz_505_fx_deconv.npy,-1.813052668353521e-05,1.768746454932872e-09,4.7489274711240144e-05,4,0.0,0.0,8.614621730555986e-07,2.119890537995973e-06
M1_N2_L2_25Hz,505,wavelet_threshold,1.183,A465D1D599ADC2E52EE7E8C78A8CB2FFBC35CFE70E074ED97749D84243502BFF,M1_N2_L2_25Hz_505_wavelet_threshold.npy,0.0,1.748652384071156e-31,-9.643274665532882e-15,4,0.0,0.0,6.548811602023792e-16,7.042708823732582e-16
M1_N2_L2_25Hz,505,ssa_decomposition,1795.337,9B42F196047625EA1AB63473ACBB956D7B76E8D043F18D0120CF2A09CEFB1886,M1_N2_L2_25Hz_505_ssa_decomposition.npy,-3.9358801567969106,0.025003006130091494,1.859090114565891,4,6.999999999999998,8.0,0.1798316955478776,0.23786978343580967
M1_N2_L2_25Hz,505,svd_lowrank,10.309,6B4CEA1D5892AA07FAF8FE5012931E62CA2E73176C215E60333B57893794ED95,M1_N2_L2_25Hz_505_svd_lowrank.npy,34.62841103276534,2.697413939460933e-09,69.25966698012886,4,0.0,0.0,2.6974133973387783e-09,2.6974136000356916e-09
M1_N2_L2_40Hz,101,fk_filter,1.282,2351408E5ADA4CA30F3BE232ECA1C95DB1BE2B35A06A21763F8D54AB3EB5C1DD,M1_N2_L2_40Hz_101_fk_filter.npy,-0.30005050948016887,0.0011826458176352988,0.04938382692987197,2,2.0000000000000018,2.0000000000000036,0.007880049844036794,0.014673373895714291
M1_N2_L2_40Hz,101,fx_deconv,2.192,24CD047970FEC71B6E93411054504480E7EF3801974AD5099FB43A33779D8592,M1_N2_L2_40Hz_101_fx_deconv.npy,-1.8144250732987643e-05,7.0551571067177056e-09,4.7500819413124514e-05,2,0.0,0.0,3.568979024370169e-06,6.344409925355548e-06
M1_N2_L2_40Hz,101,wavelet_threshold,1.311,A28D902526D74495B6EFA33DF973393CF09E9FFB64AA2B0C36E11B3F15DCB19C,M1_N2_L2_40Hz_101_wavelet_threshold.npy,-1.7763568394002505e-15,1.6351064707552634e-31,-1.3018420798469397e-14,2,0.0,0.0,6.066081815769211e-16,7.919341209758444e-16
M1_N2_L2_40Hz,101,ssa_decomposition,1467.44,1768386FA74E5FFF93198BD499FBA61030053B441EE027B0E353AB8E22004BCB,M1_N2_L2_40Hz_101_ssa_decomposition.npy,-4.419651040516966,0.13629595066972686,3.9733568399722783,2,9.0,16.0,0.40693712591872544,0.5628438124250822
M1_N2_L2_40Hz,101,svd_lowrank,19.472,4C6930EF8854E19F2CA012AEEF081F6363DAA3322E6AD440119F5E9CBB49A879,M1_N2_L2_40Hz_101_svd_lowrank.npy,2.9984216977538605,4.340584324185558e-08,5.996850439894461,2,0.0,0.0,4.340584339258111e-08,4.3405843503395053e-08
M1_N2_L2_40Hz,202,fk_filter,0.859,9B9AD35B6964C3A172B621E180AD1BD765A404EB170DC80DE039FE8975A69020,M1_N2_L2_40Hz_202_fk_filter.npy,-0.4765440692994183,0.00589218079917985,0.0491832319011298,3,0.0,0.0,0.010597362636020517,0.013512587054266344
M1_N2_L2_40Hz,202,fx_deconv,1.72,C929CD4B2BF9D80D35B5A1EECB5B0477A8D5DF11B2B5A535F4FCEE7834ABB7D2,M1_N2_L2_40Hz_202_fx_deconv.npy,-1.8154311760554265e-05,4.010805216003358e-09,4.7530475390682366e-05,3,0.0,0.0,1.2642244303214914e-06,1.4328465653061572e-06
M1_N2_L2_40Hz,202,wavelet_threshold,1.052,DF8F12575329FC085956269051F2FA0671CD13071ABF0027F8A58216EE38A85A,M1_N2_L2_40Hz_202_wavelet_threshold.npy,-1.7763568394002505e-15,2.040165549126153e-31,-9.161110932256236e-15,3,0.0,0.0,4.990667898195012e-16,7.454351650262137e-16
M1_N2_L2_40Hz,202,ssa_decomposition,1459.66,CF5D6E53AD43C417544DF932B6CE50D18423DFDF31718D5CF9DA979849081429,M1_N2_L2_40Hz_202_ssa_decomposition.npy,-4.373270833920128,0.09927909729850208,4.3200815250763815,3,0.0,2.0,0.2781401254816655,0.3813715714890452
M1_N2_L2_40Hz,202,svd_lowrank,18.019,12317514E8FEC382486B2C125C583E482E0F7519D7C6E15D67694D34450F2704,M1_N2_L2_40Hz_202_svd_lowrank.npy,8.69305205922664,1.606756202273579e-08,17.38612172376956,3,0.0,0.0,1.6067563410543415e-08,1.606756359573223e-08
M1_N2_L2_40Hz,303,fk_filter,0.944,4E94C78D22FA7C14D1B5C65FAEA23D36F3F134E4370EE32EC5D964627184AFAC,M1_N2_L2_40Hz_303_fk_filter.npy,-0.15442191631579583,0.003515594538244206,0.048817468648095025,3,0.0,0.0,0.004677174074953947,0.005147986047729053
M1_N2_L2_40Hz,303,fx_deconv,1.907,F03FF06EB558FF1ED04A45829D48F4019698AB20636C54F73C76F73DE3BBF208,M1_N2_L2_40Hz_303_fx_deconv.npy,-1.8153627385331106e-05,1.0344865736156084e-08,4.752803515780452e-05,3,0.0,0.0,3.8049729019341505e-06,1.825745844349002e-05
M1_N2_L2_40Hz,303,wavelet_threshold,1.14,1C05185C8F963E542629DFE00C5C746659DCB1B362FF9691E745015DD3915406,M1_N2_L2_40Hz_303_wavelet_threshold.npy,0.0,2.122808559037218e-31,-8.196783465702948e-15,3,0.0,0.0,3.5642830051387007e-16,9.956755291937112e-16
M1_N2_L2_40Hz,303,ssa_decomposition,1207.842,5677B30DD2492F50EE836423FE905A3A27B05C2188AF4F5C8C4E56F97B14A2F3,M1_N2_L2_40Hz_303_ssa_decomposition.npy,-3.3764463491817027,0.12741796240312084,2.5637431845118837,3,0.0,2.0,0.3026494477135958,0.47436940164741476
M1_N2_L2_40Hz,303,svd_lowrank,9.249,E60A77775D2EDCAFA350A9673C99033CEC4476FA369D040BFF83BF43EC0D2D27,M1_N2_L2_40Hz_303_svd_lowrank.npy,2.4415896044105203,5.973963903142157e-08,4.8831864337157995,3,0.0,0.0,5.97396376062363e-08,5.973963763499746e-08
M1_N2_L2_40Hz,404,fk_filter,0.833,8695C69964F6CF6F7FECC19BD8768FC462A11FA9E05DC264C27B5C6F0A46436D,M1_N2_L2_40Hz_404_fk_filter.npy,-0.26802889250556206,0.004126007740632427,0.04969891456222036,5,0.0,4.0,0.003788992790751241,0.01100350038612405
M1_N2_L2_40Hz,404,fx_deconv,1.868,3E35529F69B82979662ED559D12227234ACE01B8AEBC1503994BB3BB12B89326,M1_N2_L2_40Hz_404_fx_deconv.npy,-1.8161974319141905e-05,5.087626444150362e-09,4.755391956060576e-05,5,0.0,0.0,1.5880539731632765e-06,1.1088217001442619e-05
M1_N2_L2_40Hz,404,wavelet_threshold,1.057,FF172F445604F31B605B74AEA68867228C0E87C5D463094D6A58D1D9C2CBEDB2,M1_N2_L2_40Hz_404_wavelet_threshold.npy,-1.7763568394002505e-15,1.968413490518516e-31,-1.253625706519275e-14,5,0.0,0.0,5.918211030254692e-16,1.0000915858581747e-15
M1_N2_L2_40Hz,404,ssa_decomposition,1481.009,C42093B729922686E8CAAE90B3032BB060A66066462B5D6EB7D2008D0C56514D,M1_N2_L2_40Hz_404_ssa_decomposition.npy,-3.4797386760856606,0.11736831598115091,3.125687055227983,5,2.0,20.0,0.3940571473960099,0.45893107024363966
M1_N2_L2_40Hz,404,svd_lowrank,70.977,50297CFC0B69E42F337CFC06C5D5072E509299C06DE5F934B9E886D63DA70F6F,M1_N2_L2_40Hz_404_svd_lowrank.npy,3.329452242733547,3.931213440685504e-08,6.658911747984579,5,0.0,0.0,3.9312134939229636e-08,3.9312135111268076e-08
M1_N2_L2_40Hz,505,fk_filter,1.047,B37B9F466CE2B7C8DBE13A72C8D9AFE128EDB11E3537626D340278C240505DF3,M1_N2_L2_40Hz_505_fk_filter.npy,-0.6771577803762305,0.004881834871199823,0.05029817217533817,5,0.0,10.0,0.0029471042259656254,0.02510404306100712
M1_N2_L2_40Hz,505,fx_deconv,2.202,7DBDD2106EF0C83B64CD1889B76C40D7F151C9900625A92E7D310D1A82D15B6D,M1_N2_L2_40Hz_505_fx_deconv.npy,-1.816266980725345e-05,3.136875362500309e-09,4.75574194697462e-05,5,0.0,0.0,1.7693587147498193e-06,4.607720119833972e-06
M1_N2_L2_40Hz,505,wavelet_threshold,1.39,B14E32C8CB15839FE27C57F9DC5F59163932C12D511B6AD634170EE516DD1178,M1_N2_L2_40Hz_505_wavelet_threshold.npy,-1.7763568394002505e-15,2.069287764729861e-31,-9.643274665532882e-15,5,0.0,0.0,5.779715306464149e-16,9.76154917173411e-16
M1_N2_L2_40Hz,505,ssa_decomposition,1897.419,061AFEF1CD08A540EBE6E408D585CD56E4868B378354BF52582B52F77E913FBF,M1_N2_L2_40Hz_505_ssa_decomposition.npy,-6.471211256229946,0.11615128943903533,3.725672573999486,5,2.0000000000000036,14.0,0.3283796849350391,0.5560043088313159
M1_N2_L2_40Hz,505,svd_lowrank,8.995,41ACBA6EAA024869BB7E76EE992ACA090EBDCF140ACB8B57FDAEDD4B197ACF29,M1_N2_L2_40Hz_505_svd_lowrank.npy,34.62557385598245,7.47686553313987e-09,69.25588336330597,5,0.0,0.0,7.47686483548121e-09,7.476865533061436e-09
M1_N2_L3_15Hz,101,fk_filter,0.963,FEF0F97320690A79AB3912AFD5822B14F764124A0C498C2F42776A00944D6CB0,M1_N2_L3_15Hz_101_fk_filter.npy,-0.22476823749012453,0.0016068596427941061,0.04931907863007223,1,2.0,2.0,0.0005076758373062235,0.0005076758373062235
M1_N2_L3_15Hz,101,fx_deconv,2.583,5B061A61407A91DA21FDB5DAD3383E2D2ACBF68D6A0A347DF8FE88CBEE49CF6D,M1_N2_L3_15Hz_101_fx_deconv.npy,-3.7910315008105044e-05,2.3664596288107156e-09,-2.7004518448002724e-05,1,0.0,0.0,2.0496414065347328e-07,2.0496414065347328e-07
M1_N2_L3_15Hz,101,wavelet_threshold,1.187,CBEF319A183AF935AA441E72BF6046DCB7E5095A3AFA4EFD35CBC6222C704093,M1_N2_L3_15Hz_101_wavelet_threshold.npy,-3.552713678800501e-15,2.6551815282985243e-31,1.3500584531745998e-14,1,0.0,0.0,6.652974283665834e-16,6.652974283665834e-16
M1_N2_L3_15Hz,101,ssa_decomposition,1400.963,F69E692574246765FDBE8ABC0A92B2DD7F8391F89909612510027C9DA7FB0BE3,M1_N2_L3_15Hz_101_ssa_decomposition.npy,2.030463744023649,0.002246955224163888,4.356900668117727,1,2.0,2.0,0.017025678151962508,0.017025678151962508
M1_N2_L3_15Hz,101,svd_lowrank,10.347,FC389EBFBBD49EEC1D7BD27243FF40322D6960ADD087BE5F86B55D149903E14B,M1_N2_L3_15Hz_101_svd_lowrank.npy,28.888693853252377,6.249588143042502e-08,57.78728365747624,1,0.0,0.0,6.249587986735822e-08,6.249587986735822e-08
M1_N2_L3_15Hz,202,fk_filter,1.177,CDE14A0BBB8F843E91789825B7417E79702489DDC57B08157F842EE09E9B273D,M1_N2_L3_15Hz_202_fk_filter.npy,-0.766844970305586,0.004045610896824605,0.04097238463795103,2,0.0,0.0,0.010810111183915377,0.016314230253590325
M1_N2_L3_15Hz,202,fx_deconv,1.846,D900F6B46261400B4B0A5FF797D45AB795AFB81300ABE01091313B3453484114,M1_N2_L3_15Hz_202_fx_deconv.npy,-3.889700406567442e-05,2.3647287433208846e-09,-2.7813692396925086e-05,2,0.0,0.0,1.3037115431775783e-06,1.535228637259125e-06
M1_N2_L3_15Hz,202,wavelet_threshold,1.024,90E019CDF7CF09A047187EB9668234348644E362FA93E6434945594B38C983A9,M1_N2_L3_15Hz_202_wavelet_threshold.npy,-1.7763568394002505e-15,1.9415730982909827e-31,1.3500584531745998e-14,2,0.0,0.0,6.288812786113789e-16,8.525105442485301e-16
M1_N2_L3_15Hz,202,ssa_decomposition,724.393,D41B3C581173CFEF52D5C658105CB0FA834581AACEEABB5FE19FA5DF49BC4643,M1_N2_L3_15Hz_202_ssa_decomposition.npy,1.6194872626757686,0.0034314955876144906,4.412541109388888,2,2.0,2.0,0.028907554742322213,0.03552480854076382
M1_N2_L3_15Hz,202,svd_lowrank,11.631,33935D7DCE6B04AA4AA3F4D9823259B0D2BA719B1B267654AA64B212E96A6626,M1_N2_L3_15Hz_202_svd_lowrank.npy,28.888535825959252,6.38335109589365e-08,57.78707285134173,2,0.0,0.0,6.383351045766321e-08,6.383351046265915e-08
M1_N2_L3_15Hz,303,fk_filter,0.892,C0F3EEA11B51F1ECB606FB68BA9F6E47298B405DE9BA78B9963C0DEF164CEF60,M1_N2_L3_15Hz_303_fk_filter.npy,-0.5960393642793349,0.0034853268542909366,0.03702262624980941,1,4.0,4.0,0.0006222080286102497,0.0006222080286102497
M1_N2_L3_15Hz,303,fx_deconv,2.26,6CF1F98B1C12D67A7419981FE75B387F25AE3325EDE7425FE1AD1785378BB125,M1_N2_L3_15Hz_303_fx_deconv.npy,-3.6847748980051165e-05,8.622319252654921e-10,-2.6129509982106475e-05,1,0.0,0.0,1.41266849338188e-06,1.41266849338188e-06
M1_N2_L3_15Hz,303,wavelet_threshold,1.245,F681400B50211911AA8AB9D6415ECB86EF66D3ABBC1D433DB6EC4368E9B24315,M1_N2_L3_15Hz_303_wavelet_threshold.npy,-1.7763568394002505e-15,1.9088896927775292e-31,7.714619732426289e-15,1,0.0,0.0,5.954334574338412e-16,5.954334574338412e-16
M1_N2_L3_15Hz,303,ssa_decomposition,1868.498,E5EA581832CF1CBC946E5FE2F8818FF099E12F33210A923A76BE94E1751D8165,M1_N2_L3_15Hz_303_ssa_decomposition.npy,1.8832805699029649,0.001316443183480099,3.9832586998903166,1,4.0,4.0,0.009482194890142731,0.009482194890142731
M1_N2_L3_15Hz,303,svd_lowrank,13.634,13260779C19B2E2B457EF9A4A73ACA15C65E9B80930D9626B76DE2BE5C01CE48,M1_N2_L3_15Hz_303_svd_lowrank.npy,28.888649416102886,6.287058919813416e-08,57.78722437906864,1,0.0,0.0,6.287058812856946e-08,6.287058812856946e-08
M1_N2_L3_15Hz,404,fk_filter,1.548,87D0567D4551E3A5A71701439E435D2B0ABB90F64E14AAF775D7BB1E200E1150,M1_N2_L3_15Hz_404_fk_filter.npy,-0.2589015564221473,0.0008944829070598569,0.05636965353834643,2,0.0,0.0,0.001730018390610435,0.0025047360495546165
M1_N2_L3_15Hz,404,fx_deconv,5.09,7A7971FEF7238FE02FF36E67429BF30953E314D736B0E68A9AF6AAAB2EC09B0E,M1_N2_L3_15Hz_404_fx_deconv.npy,-3.622689034799009e-05,4.828953948482638e-10,-2.561828639601014e-05,2,0.0,0.0,6.136384384117282e-07,1.03975631266526e-06
M1_N2_L3_15Hz,404,wavelet_threshold,2.125,80AA07EEC05A07CCAD0AB0F51BCFAAB497AD4CC393A2DB472320526DBEE72EE5,M1_N2_L3_15Hz_404_wavelet_threshold.npy,-5.329070518200751e-15,2.695405947226377e-31,1.3500584531745998e-14,2,0.0,0.0,5.096335268057608e-16,5.3721926028254e-16
M1_N2_L3_15Hz,404,ssa_decomposition,1827.555,8D41AECFC7B43819EDC6A4399832F4C891BC49A870660DA9306C77FDEC21DCDC,M1_N2_L3_15Hz_404_ssa_decomposition.npy,2.2831395104414725,0.0018865721294841627,4.951806697222593,2,0.0,0.0,0.011501486757916051,0.012796284942823602
M1_N2_L3_15Hz,404,svd_lowrank,11.169,C23D1304FBFD08D60B28572FCF7FFAC17C0161CC0AD1444472A6A6824CB4DF7B,M1_N2_L3_15Hz_404_svd_lowrank.npy,28.892312142692326,3.5745931740886e-08,57.79211010506395,2,0.0,0.0,3.574593200316147e-08,3.5745932106384684e-08
M1_N2_L3_15Hz,505,fk_filter,1.101,9C784F432334897F5D515CEE4452EEA5CE0315A31D0D3855A28DDFB2C23FF62D,M1_N2_L3_15Hz_505_fk_filter.npy,-1.2672233863686344,0.002725031545310258,0.0651975426715033,1,3.999999999999993,3.999999999999993,0.008749967816588001,0.008749967816588001
M1_N2_L3_15Hz,505,fx_deconv,7.17,D38FCE87947EE7A6101F6532D55E8453FD16DE60EF4094EF93B4A0EF687D0755,M1_N2_L3_15Hz_505_fx_deconv.npy,-3.881434980002041e-05,6.458929583109193e-10,-2.7748232750395623e-05,1,0.0,0.0,1.7531254475174925e-07,1.7531254475174925e-07
M1_N2_L3_15Hz,505,wavelet_threshold,1.032,F9B0CC7783F5682E1C4644F5156F60BDC0996918801D3C1CCC2EE4B8E4E861F3,M1_N2_L3_15Hz_505_wavelet_threshold.npy,0.0,3.179818659115442e-31,1.0607602132086145e-14,1,0.0,0.0,9.979112097980136e-16,9.979112097980136e-16
M1_N2_L3_15Hz,505,ssa_decomposition,636.289,F0B7CA1FFA498F0A821C32742C96156977E5A42EB788B4B43BC38E648800BF2B,M1_N2_L3_15Hz_505_ssa_decomposition.npy,1.8279529912750903,0.0011057081781255236,4.577056685414257,1,0.0,0.0,0.011706409171875605,0.011706409171875605
M1_N2_L3_15Hz,505,svd_lowrank,37.471,7442C9FC9DC7F09803113428A1EA4758281E1BB1158443EF695E9607D3DF73F7,M1_N2_L3_15Hz_505_svd_lowrank.npy,28.89661103964085,1.3617823846038203e-08,57.79784367370517,1,0.0,0.0,1.3617823309563803e-08,1.3617823309563803e-08
M1_N2_L3_25Hz,101,fk_filter,0.815,DA845127BC91D2398B71EDDE642CF825A78B3B67878B256395075C98C8AEC525,M1_N2_L3_25Hz_101_fk_filter.npy,0.011073732754027787,8.523067017894243e-05,0.04843328351128661,2,0.0,0.0,0.00043399506968248635,0.0006429001013581093
M1_N2_L3_25Hz,101,fx_deconv,1.861,8B8406317E14AB87F838D61F2671CF18327ECC8B18DA776480A655721E532BC6,M1_N2_L3_25Hz_101_fx_deconv.npy,-6.585965915917313e-05,2.3107760477906677e-09,-4.993441222414657e-05,2,0.0,0.0,5.126549607766551e-06,7.4524948422587024e-06
M1_N2_L3_25Hz,101,wavelet_threshold,4.179,94BF63EF2DB3A676AE74F2C20F261825ED38DAFAD91E12ADA4CB1BC11F3B9A78,M1_N2_L3_25Hz_101_wavelet_threshold.npy,-1.7763568394002505e-15,1.9488461088355932e-31,1.3500584531745998e-14,2,0.0,0.0,5.341138341839575e-16,6.490843697006985e-16
M1_N2_L3_25Hz,101,ssa_decomposition,1172.249,92D2FD8E42C7B249193992BCA888F65CDCE7758E722365DAD89DA80016C0A0E0,M1_N2_L3_25Hz_101_ssa_decomposition.npy,-1.814171850993354,0.037705993246782005,1.7873468360371896,2,15.000000000000007,24.000000000000014,0.08886322586529889,0.1050887736504827
M1_N2_L3_25Hz,101,svd_lowrank,40.563,77896056BBEA4FFF6A8DC944FD77D306DBFA878FE58A67C54C50DA5273EF4C82,M1_N2_L3_25Hz_101_svd_lowrank.npy,5.7807353872273985,1.5040997138662505e-07,11.561544795433145,2,0.0,0.0,1.5040997231024674e-07,1.5040997244972313e-07
M1_N2_L3_25Hz,202,fk_filter,1.612,22A4FEC498040C4F36E218798D713729AF79D66D6DA12D892EEEEF19218532EB,M1_N2_L3_25Hz_202_fk_filter.npy,-0.021057650792180027,0.00019043421235592095,0.04647253994717136,2,0.0,0.0,0.0016604125111291568,0.0025408553951269514
M1_N2_L3_25Hz,202,fx_deconv,4.926,D04C9D413B3538DAECCA39E926B599A0680C331172AA38C068403E15F0F14C9A,M1_N2_L3_25Hz_202_fx_deconv.npy,-6.705900129411191e-05,1.7097249495856533e-09,-5.092252114621679e-05,2,0.0,0.0,1.9780247767469683e-06,2.0395854139979825e-06
M1_N2_L3_25Hz,202,wavelet_threshold,2.314,EAAB51910A23C181D0170F8F497019373305944FD924BBD1608845D920A606A1,M1_N2_L3_25Hz_202_wavelet_threshold.npy,-1.7763568394002505e-15,2.21052813423032e-31,1.3500584531745998e-14,2,0.0,0.0,7.518906912049392e-16,8.763111895637146e-16
M1_N2_L3_25Hz,202,ssa_decomposition,1837.981,AE4BD8CC3516D0D069EC641F62D6581E64F5514FF0B368008DA9D9B69337D8FF,M1_N2_L3_25Hz_202_ssa_decomposition.npy,-3.056027923332195,0.0447989305747972,1.7245961151493754,2,24.999999999999996,48.0,0.11057514441325517,0.11144924660149551
M1_N2_L3_25Hz,202,svd_lowrank,35.428,A02D0CDAA973BFA1E04365CBC554C1602A30C9BB0E0A5B7936B8AC008F9DD125,M1_N2_L3_25Hz_202_svd_lowrank.npy,28.88767074205538,7.140726698961015e-08,57.78591882253404,2,0.0,0.0,7.140726699287201e-08,7.140726710240438e-08
M1_N2_L3_25Hz,303,fk_filter,3.62,CD0A0ED25D7EF8D5D675727D9A1AA755FC747B9358BAF0CC33E0931BEDB633E2,M1_N2_L3_25Hz_303_fk_filter.npy,-0.010628529760696281,0.00029266020188559665,0.04558694255677771,4,0.0,0.0,0.002433242615140261,0.011063410672254803
M1_N2_L3_25Hz,303,fx_deconv,5.778,03F48E4D46642794AB394ADC8545774A7C80A9EE1A5F68F4656E6C31F2C247B9,M1_N2_L3_25Hz_303_fx_deconv.npy,-6.655021913282155e-05,1.5808820787586304e-09,-5.050427356915792e-05,4,0.0,0.0,4.95992343136022e-06,1.2341233979843795e-05
M1_N2_L3_25Hz,303,wavelet_threshold,4.683,10A4D51229F0C96A8B2DA2883BC5C4BA7521657CC02A87745F35310127DF7CEF,M1_N2_L3_25Hz_303_wavelet_threshold.npy,-1.7763568394002505e-15,1.2309828361589336e-31,7.714619732426289e-15,4,0.0,0.0,4.735551227316301e-16,9.298471515730547e-16
M1_N2_L3_25Hz,303,ssa_decomposition,772.983,9043090E7E1A94FA14FD13A6AA6185B7AD74BF8C87B413E8C27FE146889CE9A7,M1_N2_L3_25Hz_303_ssa_decomposition.npy,-0.731048170261543,0.01216704875997462,1.7537983781678537,4,1.9999999999999982,6.0,0.08533744732209753,0.17140146802607728
M1_N2_L3_25Hz,303,svd_lowrank,32.234,D856936DFA84DD6E0984CE8BE7CAA6EE5F4BEEF6F49C5F9A226CB3FC88261077,M1_N2_L3_25Hz_303_svd_lowrank.npy,7.4453271632114575,1.369422773837845e-07,14.890758055160553,4,0.0,0.0,1.36942278348893e-07,1.3694227858056846e-07
M1_N2_L3_25Hz,404,fk_filter,5.752,A1552905386698FBDEA14301751C600B62723D523A65381D2F2D4F49F39C2108,M1_N2_L3_25Hz_404_fk_filter.npy,0.008559871362326277,9.708400188169372e-05,0.0500485490273344,3,0.0,0.0,0.0017162767455062354,0.003466449400263856
M1_N2_L3_25Hz,404,fx_deconv,5.841,E5ACED6292898F1C4B69713C5BE00168A014B825D64FFB97F8C8AFC20483A374,M1_N2_L3_25Hz_404_fx_deconv.npy,-6.618655157097919e-05,2.75185333066937e-09,-5.018632103219433e-05,3,0.0,0.0,1.2810547294666875e-06,1.2207466333747368e-05
M1_N2_L3_25Hz,404,wavelet_threshold,2.776,4605C8DAA627583D94E445E93CB1DFEA64DD61323F6F0A72AAC0F62A652B2797,M1_N2_L3_25Hz_404_wavelet_threshold.npy,-3.552713678800501e-15,2.361686903765098e-31,1.3500584531745998e-14,3,0.0,0.0,4.585186106785261e-16,1.2367503741405275e-15
M1_N2_L3_25Hz,404,ssa_decomposition,1622.752,D9D663F9C2A114CE6AC1FE4D4943DB13AE8A198F473B3668D20BF832EC5753D7,M1_N2_L3_25Hz_404_ssa_decomposition.npy,-2.0901228563825054,0.04028747157031308,2.0905110667031455,3,2.0,2.000000000000007,0.19443267538819634,0.4228179692356026
M1_N2_L3_25Hz,404,svd_lowrank,5.042,7DFFB8D5489943F15C0B34FF0F176525B448A75350505CA352C0D67792A0F812,M1_N2_L3_25Hz_404_svd_lowrank.npy,5.780732212008598,1.59126354165325e-07,11.561540566065677,3,0.0,0.0,1.591263544180667e-07,1.5912635471109475e-07
M1_N2_L3_25Hz,505,fk_filter,1.026,29D943D2050E890D0595F8ED8DE41D2C07D0749F2E0F638025E67594815C28E7,M1_N2_L3_25Hz_505_fk_filter.npy,-0.05467110044082801,0.00017175006844445488,0.05210259060811441,4,0.0,4.0,0.0018116406435262837,0.005218703611750415
M1_N2_L3_25Hz,505,fx_deconv,2.055,6004B4020D0740D048A0CECEE72E8918CF9C6CCD128EEC099E4DDBDE61F13A38,M1_N2_L3_25Hz_505_fx_deconv.npy,-6.729626405643785e-05,7.59737049264664e-10,-5.10816420753353e-05,4,0.0,0.0,1.3424186355488134e-06,2.4785920728875668e-06
M1_N2_L3_25Hz,505,wavelet_threshold,0.983,0A81A65012691B5466AB59EF3D67C13E715B7D68C62519CB73B29B8B170AD37E,M1_N2_L3_25Hz_505_wavelet_threshold.npy,0.0,1.7499988062621775e-31,1.0607602132086145e-14,4,0.0,0.0,6.548811602023792e-16,7.042708823732582e-16
M1_N2_L3_25Hz,505,ssa_decomposition,1712.474,4AF81D96834E1C53BBA1049C5D805C0DBC2644E821F91EE1566BC215EE7F7FE4,M1_N2_L3_25Hz_505_ssa_decomposition.npy,-3.9550736907833066,0.025012166027675524,1.9157097160255152,4,6.999999999999998,8.0,0.1804402663354403,0.23767515013472287
M1_N2_L3_25Hz,505,svd_lowrank,26.828,1F525CA50C6C522FA9471ECEBAB76D6500F060DCA06DF4B6BD9543D16A207CAD,M1_N2_L3_25Hz_505_svd_lowrank.npy,28.895236266426174,1.9554511611480412e-08,57.796010184976964,4,0.0,0.0,1.9554513009004287e-08,1.9554513155421515e-08
M1_N2_L3_40Hz,101,fk_filter,0.96,6A063C907D4D5A34BC34D27C21280DF86ABA922072A47AC8928B9B635B945900,M1_N2_L3_40Hz_101_fk_filter.npy,-0.30217207037862437,0.0011852596352449766,0.04825648980022263,2,2.0000000000000018,2.0000000000000036,0.007869556098249431,0.014711745282262694
M1_N2_L3_40Hz,101,fx_deconv,1.835,67FEC0A0E3210F7B20B47CC8AF3B851BC4D3365D694188DAB5AB2715FE32325E,M1_N2_L3_40Hz_101_fx_deconv.npy,-6.803999249704873e-05,1.6004087585467013e-09,-5.17065128262813e-05,2,0.0,0.0,3.946459338486723e-06,6.013890725368962e-06
M1_N2_L3_40Hz,101,wavelet_threshold,1.102,7426895DBCD97B4C8D74B022903D2264F1139562EB66449B66BEB023CC0FC5F2,M1_N2_L3_40Hz_101_wavelet_threshold.npy,-1.7763568394002505e-15,1.6351064707552634e-31,1.3500584531745998e-14,2,0.0,0.0,6.066081815769211e-16,7.919341209758444e-16
M1_N2_L3_40Hz,101,ssa_decomposition,1588.296,6FCFA0190CE43CA8B8BFC409BA552F41D69F2DC8F7BDF85DA1A518200BB5D135,M1_N2_L3_40Hz_101_ssa_decomposition.npy,-4.4708311572108945,0.1367576274115303,3.9510966287524862,2,9.0,16.0,0.4068012262612266,0.5621014684279504
M1_N2_L3_40Hz,101,svd_lowrank,12.467,9B0E45CA771DDD67001D9F2442D3D4510D64AA7B78D8EEB13CF4520E828F5339,M1_N2_L3_40Hz_101_svd_lowrank.npy,3.0234061103543652,2.972375498551958e-07,6.0468609853882995,2,0.0,0.0,2.972375498858651e-07,2.972375503532491e-07
M1_N2_L3_40Hz,202,fk_filter,1.753,160AE285074CFF53BCB837BFA22B7FEEF7CB5292CE502597DDA6B02C5EE79C13,M1_N2_L3_40Hz_202_fk_filter.npy,-0.47946190949533474,0.005890734312302263,0.047837157559726874,3,0.0,0.0,0.010588996702877405,0.013507481967161379
M1_N2_L3_40Hz,202,fx_deconv,5.433,40129CCA4FEB3220C1CC16E4D872D6A3E20FC2701BC5FC84AE4DBC3DDC95F628,M1_N2_L3_40Hz_202_fx_deconv.npy,-6.83123081319792e-05,1.2470727462736584e-09,-5.196923056316016e-05,3,0.0,0.0,1.9731733708431707e-06,2.8523222914077852e-06
M1_N2_L3_40Hz,202,wavelet_threshold,1.289,9D5C5EF9E0B69D3215C1DC8A72166AAB0A02A2273A8E2CDBEE7E58E7AC6742A0,M1_N2_L3_40Hz_202_wavelet_threshold.npy,-3.552713678800501e-15,2.0238035092987146e-31,1.3500584531745998e-14,3,0.0,0.0,4.990667898195012e-16,7.454351650262137e-16
M1_N2_L3_40Hz,202,ssa_decomposition,1324.265,78950E0B1FA0F5F736C903C5533863FF7F2003917D0813E3CF09A5BE19CC80A3,M1_N2_L3_40Hz_202_ssa_decomposition.npy,-4.405445530649854,0.09923462608493945,4.327060036622116,3,2.0,2.0,0.27905092304054835,0.3805027056245021
M1_N2_L3_40Hz,202,svd_lowrank,42.12,A1B2CBED44A3AA6B4616A7B43B1A90C65AB24778691D1586F9FDF17B2950659B,M1_N2_L3_40Hz_202_svd_lowrank.npy,7.445340167383776,1.150247108390353e-07,14.89077537838712,3,0.0,0.0,1.1502471308854671e-07,1.1502471334228251e-07
M1_N2_L3_40Hz,303,fk_filter,0.914,0337CF63EBF7B050D475FAF2489BC15B25B0D7887DB4546C6A9B4FEB4C74E24E,M1_N2_L3_40Hz_303_fk_filter.npy,-0.15586152538801024,0.003513683133629872,0.04746067178333453,3,0.0,0.0,0.0044701681623096415,0.005178113504967487
M1_N2_L3_40Hz,303,fx_deconv,1.755,AB849ADB58B7EA0B5238BFB567E013D65C94E6D3CFBD77F1C64C5CFEBC9E8358,M1_N2_L3_40Hz_303_fx_deconv.npy,-6.815243682645189e-05,3.1093068271021427e-09,-5.183205594686927e-05,3,0.0,0.0,7.296708720992465e-06,2.3585867795517444e-05
M1_N2_L3_40Hz,303,wavelet_threshold,1.011,026D0241AE21696D6D3C481B070165E8A699F2EA0E8ABD6A28981C3EDEAFDEC4,M1_N2_L3_40Hz_303_wavelet_threshold.npy,-1.7763568394002505e-15,2.160519988370538e-31,7.714619732426289e-15,3,0.0,0.0,3.5642830051387007e-16,9.956755291937112e-16
M1_N2_L3_40Hz,303,ssa_decomposition,1355.04,39B403B123C5244087B96B61007522C1A938382D61BD0B3C715E740AB45257F5,M1_N2_L3_40Hz_303_ssa_decomposition.npy,-3.4205358363703215,0.12884797869094947,2.639733023391317,3,0.0,2.0,0.2889279767926552,0.4849616306881223
M1_N2_L3_40Hz,303,svd_lowrank,5.305,E3A37A16751B3A2A0734AE51CA6C25DAABD0D9904F0767AF7D0BEE2173236853,M1_N2_L3_40Hz_303_svd_lowrank.npy,2.4895932693191334,4.10485696054995e-07,4.979236990317981,3,0.0,0.0,4.104856951413379e-07,4.104856954741532e-07
M1_N2_L3_40Hz,404,fk_filter,0.943,F3AD2755480DE3EC764A5184E4FE0265FB499CAF49E9A07ADCA5D011701A6AA1,M1_N2_L3_40Hz_404_fk_filter.npy,-0.2700024662931604,0.004127532372075333,0.04874988437885751,5,0.0,4.0,0.0037325893164517157,0.01102237059165675
M1_N2_L3_40Hz,404,fx_deconv,1.871,20D8959FD250506F380CFF819EA394E7C66E0D372DFBE882C5DF9189E3A2AAC9,M1_N2_L3_40Hz_404_fx_deconv.npy,-6.827210837734299e-05,1.1517471663176424e-09,-5.187503224729339e-05,5,0.0,0.0,1.2085771463410443e-06,1.4198207867477622e-05
M1_N2_L3_40Hz,404,wavelet_threshold,1.142,41F5F9FDAE52C4F5BACD05FBB7E095AE6BA9588222C8826424B5A30D1E37ADC7,M1_N2_L3_40Hz_404_wavelet_threshold.npy,-1.7763568394002505e-15,2.0607342500944196e-31,1.3500584531745998e-14,5,0.0,0.0,5.918211030254692e-16,1.0000915858581747e-15
M1_N2_L3_40Hz,404,ssa_decomposition,1018.127,13605DDF63A2D8F164E1C2094AD06871CA5238CFC5508CD99BC66A9025CE4D5A,M1_N2_L3_40Hz_404_ssa_decomposition.npy,-3.550124790092461,0.11712213344922114,3.0645397118835938,5,2.0,20.0,0.3915922839516395,0.46075775915026806
M1_N2_L3_40Hz,404,svd_lowrank,12.22,27CFB9F60E83853BF3DEA8C0B393A01FC2DFC7532CB49910392D0D968FEDB893,M1_N2_L3_40Hz_404_svd_lowrank.npy,3.0234099278605644,2.670558996790374e-07,6.046866068992268,5,0.0,0.0,2.670559018551168e-07,2.6705590230308323e-07
M1_N2_L3_40Hz,505,fk_filter,0.868,85435699FD85508C9EF868A7F6BC741D1CC301712A34640F18F0FEF640DC7F47,M1_N2_L3_40Hz_505_fk_filter.npy,-0.6809421182388373,0.0048861582847459775,0.04982542609149151,5,0.0,10.0,0.0029508765866551683,0.02507299017729239
M1_N2_L3_40Hz,505,fx_deconv,2.347,E83EE7E569F181DA0CC479C8878F34340ECB33F1D8B5620C2EBDAA7D868A905C,M1_N2_L3_40Hz_505_fx_deconv.npy,-6.784224421352292e-05,6.816862289050368e-10,-5.147376277246953e-05,5,0.0,0.0,1.8829059267561405e-06,6.205527598088274e-06
M1_N2_L3_40Hz,505,wavelet_threshold,1.132,89C13103F0F79BB6D192F0A80EFEAF94C0F665B3B0F0AD55126FE2D3C81F407D,M1_N2_L3_40Hz_505_wavelet_threshold.npy,-3.552713678800501e-15,2.074165032155517e-31,1.0607602132086145e-14,5,0.0,0.0,5.779715306464149e-16,9.76154917173411e-16
M1_N2_L3_40Hz,505,ssa_decomposition,1260.146,65ABA20F57C810D7DEF3B85AB3644803FA811595A7A70A93251E463A9D4FC507,M1_N2_L3_40Hz_505_ssa_decomposition.npy,-6.52470426148864,0.11670354345741712,3.894930646388037,5,2.0000000000000036,14.0,0.32498577291846953,0.5676841757680227
M1_N2_L3_40Hz,505,svd_lowrank,9.924,5A8C637B63833C94FEF673B8E8E3897885D55BE2317856FB9296807DC1F4BAF4,M1_N2_L3_40Hz_505_svd_lowrank.npy,28.88970896818558,5.4241362366539246e-08,57.788637780175364,5,0.0,0.0,5.4241362393513923e-08,5.424136291144299e-08
M1_N3_L1_15Hz,101,fk_filter,0.999,4CA86A908017D0716860D6826E53B56AB6F2E428EFD7670182B39C2EB418F9B2,M1_N3_L1_15Hz_101_fk_filter.npy,12.139703796018837,0.002387009318489223,29.60094324619993,1,2.0,2.0,0.0007540276501863925,0.0007540276501863925
M1_N3_L1_15Hz,101,fx_deconv,2.03,56C26D120FD73F72854B5C354EE37626A171333B3400D9B639F1BDCAAB5B3F43,M1_N3_L1_15Hz_101_fx_deconv.npy,0.017198769579684026,0.030827763072072883,0.04393061596724514,1,0.0,0.0,0.03113632664759897,0.03113632664759897
M1_N3_L1_15Hz,101,wavelet_threshold,1.081,1AD339E044A319B32251F8C72C9FDD442DD636AA382E7BD9852A3975E851E9D5,M1_N3_L1_15Hz_101_wavelet_threshold.npy,0.036222563001665264,0.030751713490087637,0.03636657185380969,1,2.0,2.0,0.031133853859250417,0.031133853859250417
M1_N3_L1_15Hz,101,ssa_decomposition,1409.55,2FDB706D8B9DA87716FE828A0B6B72C90EA062CB629815D990A37199A229AB11,M1_N3_L1_15Hz_101_ssa_decomposition.npy,-0.13052774371465325,0.03395326554107536,0.08129325102207499,1,0.0,0.0,0.014711455286240587,0.014711455286240587
M1_N3_L1_15Hz,101,svd_lowrank,9.739,1E92401FEE02ACC71DCAF2FF8D1E57B1B3D9A08D4AC163205526639AB6C8D76E,M1_N3_L1_15Hz_101_svd_lowrank.npy,3.6593917884724068,0.01418044161028077,7.319360438771891,1,0.0,0.0,0.014590148149217119,0.014590148149217119
M1_N3_L1_15Hz,202,fk_filter,1.049,4341A9A5C656765A7998EDDB9057FAE4D08BCA69ADE65C50552B214EF8A8B8BE,M1_N3_L1_15Hz_202_fk_filter.npy,8.906532771061327,0.00524142342048291,29.141620672105777,2,0.0,0.0,0.01312846757327985,0.017681486645453284
M1_N3_L1_15Hz,202,fx_deconv,2.15,44A7DE6A15487CC8D76E7D5CE0A8C5729CC3CDCFEE8F898F5742C5AD936E8913,M1_N3_L1_15Hz_202_fx_deconv.npy,0.015599392320263306,0.03603552416772408,0.03988009414959429,2,1.0,2.0,0.032039924468096996,0.04198059360873475
M1_N3_L1_15Hz,202,wavelet_threshold,1.044,625BE941845B3DFF3179A0D302821DC5CF77E125F28BF03539AFEEDA2E9A5278,M1_N3_L1_15Hz_202_wavelet_threshold.npy,0.043255945878490465,0.0358731787449743,0.04346210938792478,2,0.0,0.0,0.03185368623004541,0.04194422258735621
M1_N3_L1_15Hz,202,ssa_decomposition,1832.228,0CE2C2374F03F03FD17123481CAC9F2A21B31F9C71330336325EC706945BE213,M1_N3_L1_15Hz_202_ssa_decomposition.npy,-0.174292372917634,0.04047008506177252,0.13470876644708832,2,3.0,4.0,0.003339763520385965,0.004531138602582274
M1_N3_L1_15Hz,202,svd_lowrank,34.413,9FC555F19DCAB30464230A237EB2AD607525072050F436982145EAE1FAA0B2CD,M1_N3_L1_15Hz_202_svd_lowrank.npy,3.89763965965086,0.015348830981103595,7.795823858369884,2,1.0,2.0,0.012637779386606741,0.017741482914948054
M1_N3_L1_15Hz,303,fk_filter,1.05,56F3B5CADB704932328B8E07E6E24412542BFF42C97EBE55861CCECCB9292882,M1_N3_L1_15Hz_303_fk_filter.npy,9.497516517800756,0.003919661934528893,27.809294465608218,1,4.0,4.0,0.0012551174116249052,0.0012551174116249052
M1_N3_L1_15Hz,303,fx_deconv,2.164,66E671546F4E5DB16ACB4DF1C3A3CC2614DE6DEFE03BB038BCED78E19E7E5569,M1_N3_L1_15Hz_303_fx_deconv.npy,0.01950076733919026,0.020473568006352607,0.04681549508915894,1,0.0,0.0,0.020408136797384752,0.020408136797384752
M1_N3_L1_15Hz,303,wavelet_threshold,1.106,3532206557E92607A85E760671BAD5A0C6FC9BD424A87D0B6A73603E84968F7A,M1_N3_L1_15Hz_303_wavelet_threshold.npy,0.04359069838029406,0.02039932514549876,0.043795640252349444,1,0.0,0.0,0.020468416562213782,0.020468416562213782
M1_N3_L1_15Hz,303,ssa_decomposition,1078.97,CD0384F46F9027B7F801C49F7A2D4F4E06C3E0EE258D373FAFF71F42FC7FC078,M1_N3_L1_15Hz_303_ssa_decomposition.npy,0.03491830043422972,0.021481923408256318,0.16511921567127455,1,4.0,4.0,0.008868710987046618,0.008868710987046618
M1_N3_L1_15Hz,303,svd_lowrank,5.101,88DD8EB671EBB6D9DF8608FBBB5BF05DC2DA50D7883EB1E66C930299E1F7D24F,M1_N3_L1_15Hz_303_svd_lowrank.npy,3.817750491405155,0.010142849162991682,7.6358431042647315,1,0.0,0.0,0.01003317322845544,0.01003317322845544
M1_N3_L1_15Hz,404,fk_filter,0.948,3C9160392B46972AC8468EE32E76F24F8EC8080AF99679AE4CB20C14B1BF2944,M1_N3_L1_15Hz_404_fk_filter.npy,12.496005916794456,0.0016914534355530828,30.08288541663513,2,0.0,0.0,0.005510272540436574,0.008248170135298676
M1_N3_L1_15Hz,404,fx_deconv,2.025,52AC5814376FBF04EF98DB50FA95D8B550EECDFFAFEB31F152F205130CF8CC72,M1_N3_L1_15Hz_404_fx_deconv.npy,0.014690899579466787,0.02347318875246614,0.03709688221666964,2,0.0,0.0,0.03180501140889021,0.04493112644543891
M1_N3_L1_15Hz,404,wavelet_threshold,1.056,18C12E7D8CC77C995F1A4DE39212D368D5FE160EAB0E8355B3079397503F7FE5,M1_N3_L1_15Hz_404_wavelet_threshold.npy,0.03874421758994018,0.02333321365188472,0.038913356459439635,2,0.0,0.0,0.031751463009506736,0.044929881364970746
M1_N3_L1_15Hz,404,ssa_decomposition,1909.249,A0B7218BBCC303EEC5F10A60815311D2A83B8EFD0C4DD018152962153B498CE7,M1_N3_L1_15Hz_404_ssa_decomposition.npy,-0.1083221483556116,0.025838005261299583,0.05129646143524787,2,1.999999999999993,3.999999999999986,0.023355231266071065,0.03624971961463484
M1_N3_L1_15Hz,404,svd_lowrank,20.928,6B6DC5FE6FBB64E93FA8C9E8B56CA5375CF9CD64DB51837D27206299D9D752C9,M1_N3_L1_15Hz_404_svd_lowrank.npy,3.870209377938524,0.010045729848961819,7.740887262698344,2,0.0,0.0,0.014762015134905382,0.02113650850739698
M1_N3_L1_15Hz,505,fk_filter,2.149,DB52505F45CB141BFCDC263EDD9DD552BD55C5C68760E41A1448F65295112A11,M1_N3_L1_15Hz_505_fk_filter.npy,9.008278760481002,0.003198036017114593,25.83023658536898,1,3.999999999999993,3.999999999999993,0.007669756220352535,0.007669756220352535
M1_N3_L1_15Hz,505,fx_deconv,2.483,66E5887ED926013B73FD052C9368EC74264BAE1B7BD08755F6E8BC5DC6E7331A,M1_N3_L1_15Hz_505_fx_deconv.npy,0.033139243723557144,0.022618173962717772,0.07773261162065193,1,0.0,0.0,0.022622933422631507,0.022622933422631507
M1_N3_L1_15Hz,505,wavelet_threshold,1.355,AB3D1E2E2CA99F1F6F28DD65141A84AF2CB9A861A2A965123FF19DD61D52D577,M1_N3_L1_15Hz_505_wavelet_threshold.npy,0.04221063475537434,0.022712017342468655,0.04241113202502057,1,0.0,0.0,0.022840755013933248,0.022840755013933248
M1_N3_L1_15Hz,505,ssa_decomposition,1879.625,41258A547381E811C4951938F2C67EBAE97AB3EAC748EF20DBDD2C0411D7E6CA,M1_N3_L1_15Hz_505_ssa_decomposition.npy,-0.04279372924438718,0.023806361801042685,0.08864219505085358,1,0.0,0.0,0.011067413791349514,0.011067413791349514
M1_N3_L1_15Hz,505,svd_lowrank,39.244,4823672B84240538F6F55AD1083C09A7EF633ED1152199F91B70D687A265BCAF,M1_N3_L1_15Hz_505_svd_lowrank.npy,3.7833786779452616,0.011235176563058669,7.567376625166039,1,0.0,0.0,0.011807571815391034,0.011807571815391034
M1_N3_L1_25Hz,101,fk_filter,1.133,4E1675E8468BFB7F596D9807125C48D8FD6AF614BA9C8E670B6A26DF82FCA8F4,M1_N3_L1_25Hz_101_fk_filter.npy,14.482799945500256,0.0005101115853650374,29.545518986504945,2,0.0,0.0,0.0017167679207475452,0.0022970022013520334
M1_N3_L1_25Hz,101,fx_deconv,1.864,19B7C507DDD681FE3B2F277F13313E5971195A57B03D7B582AAAFC3AD19FD227,M1_N3_L1_25Hz_101_fx_deconv.npy,0.017211025844774852,0.018183167072706122,0.04539578154203053,2,0.0,0.0,0.017507746887884378,0.01965563211146326
M1_N3_L1_25Hz,101,wavelet_threshold,1.236,FE5FFB4FB0160FF0957D96FC5A6960E01321E84CD3E704B0B6F893A6F5B60072,M1_N3_L1_25Hz_101_wavelet_threshold.npy,0.036207573794650116,0.018131068715231638,0.03636565028046666,2,0.0,0.0,0.017422144689878353,0.019732101633109927
M1_N3_L1_25Hz,101,ssa_decomposition,1792.737,5896A5ED3C09F74F38B4762DBF41A594A943801423E2423FA4DCDD2B0FCF7216,M1_N3_L1_25Hz_101_ssa_decomposition.npy,-0.7324790197577933,0.05126990720109267,3.185266289484437,2,15.000000000000007,24.000000000000014,0.08501737060591577,0.09190041782677233
M1_N3_L1_25Hz,101,svd_lowrank,30.287,07F9D4277455E966E59D3BE2064B3E0ED35219A8319F9D90EBC2907C84478CF0,M1_N3_L1_25Hz_101_svd_lowrank.npy,3.828954665036745,0.008464434324343774,7.658655923377898,2,0.0,0.0,0.007078460490256715,0.007415333134278357
M1_N3_L1_25Hz,202,fk_filter,0.924,9538821787F8F9F7181511C95AFC7DDDDCCB66B890EFEA5DDD8960FC450BFC5F,M1_N3_L1_25Hz_202_fk_filter.npy,14.079950874875365,0.0011801141830438155,29.346175113974038,2,0.0,0.0,0.0028258083254005307,0.003946201541849824
M1_N3_L1_25Hz,202,fx_deconv,2.023,49C54CF1CD2D3C1181EC4B18C3D82D7C9489C7498A8DA2552D57119859ABD533,M1_N3_L1_25Hz_202_fx_deconv.npy,0.015593666718363153,0.030831166934388466,0.04114136482859628,2,0.0,0.0,0.03199007025555169,0.03560387751153312
M1_N3_L1_25Hz,202,wavelet_threshold,1.345,E2BA6229016561B583C0F5B58031E259090C387C27BEF65DFEFF0E350E736368,M1_N3_L1_25Hz_202_wavelet_threshold.npy,0.043244315784354725,0.030687787141210388,0.043466870841675845,2,0.0,0.0,0.03148279526446718,0.035016813606659244
M1_N3_L1_25Hz,202,ssa_decomposition,1810.156,0737F8855848866B01F89E359BB0A932DEAC09D6DEA4E3A0B463E6C7904DA129,M1_N3_L1_25Hz_202_ssa_decomposition.npy,-0.6355785029433463,0.06350595102225783,4.726554287202748,2,24.999999999999996,48.0,0.0904156725788407,0.09642793918302497
M1_N3_L1_25Hz,202,svd_lowrank,19.644,E4C100B2B51CE9F9F76A30AEA2104509E3F4FF0C3B952DB17D19B7983F2117F4,M1_N3_L1_25Hz_202_svd_lowrank.npy,3.667204826537949,0.01326821165007855,7.334621924247996,2,0.0,0.0,0.013336100855223014,0.014581453070687868
M1_N3_L1_25Hz,303,fk_filter,0.933,D94B2CD9FA63F130DA09365E7C0A4BB776F95F9B804BC0BB3734EBCA67F68187,M1_N3_L1_25Hz_303_fk_filter.npy,13.40760125049524,0.0008266032983527286,27.918806867994018,4,0.0,0.0,0.0026951704477540988,0.010935908144867057
M1_N3_L1_25Hz,303,fx_deconv,1.985,EC4B26CFBF40D2D01B53EE7FA094598F11A03570A48A514A98AF70E3C18838E3,M1_N3_L1_25Hz_303_fx_deconv.npy,0.019657519649728172,0.023349720586412548,0.04835032648995388,4,0.0,0.0,0.035763254145915455,0.03783552805002381
M1_N3_L1_25Hz,303,wavelet_threshold,1.061,57EBE74969434381D1C89A6B5B90A757ABD47990DA407840121BA49BA4D4B51E,M1_N3_L1_25Hz_303_wavelet_threshold.npy,0.04358095067913048,0.023269544334965836,0.04380676896482184,4,0.0,0.0,0.03505686867887879,0.038664193972053125
M1_N3_L1_25Hz,303,ssa_decomposition,1029.292,1D4F43F4073AC6E1441B70A077FABE85A578D3B7C6B0B4014D471118144ED858,M1_N3_L1_25Hz_303_ssa_decomposition.npy,0.5918550973233749,0.026410185137331177,3.9257903663075986,4,1.9999999999999982,6.0,0.06228743095673024,0.1694074876709746
M1_N3_L1_25Hz,303,svd_lowrank,37.037,E0253F1C8D02A1FDF5DEF7BB187C7ECB1BFB1DDE53AE7701E803AABDF5BB107B,M1_N3_L1_25Hz_303_svd_lowrank.npy,3.919695523887013,0.010516147184379489,7.83959178596327,4,0.0,2.0,0.015831779327666277,0.019993567361460407
M1_N3_L1_25Hz,404,fk_filter,1.052,5C4B2124CA4D72034092B49DDB2696B177C7E0B05325E04073A80084A631E455,M1_N3_L1_25Hz_404_fk_filter.npy,14.548986076022285,0.0007049141860767943,29.89354445375957,3,0.0,0.0,0.004177550484058126,0.007678693265294523
M1_N3_L1_25Hz,404,fx_deconv,2.137,8A94F992B9E2F8A3E7CEBC9E0E1FFA83C1E92111E4E75F680EA114FB0D60B392,M1_N3_L1_25Hz_404_fx_deconv.npy,0.014604577072272917,0.0229748962274665,0.038160234267337806,3,0.0,0.0,0.02413646584205407,0.06159980435680186
M1_N3_L1_25Hz,404,wavelet_threshold,1.125,2490F6A1A3B22E5F77518E46DCB6BD60A0A1C9FD904AA80C411C440BCAE4CA5F,M1_N3_L1_25Hz_404_wavelet_threshold.npy,0.03872617678916157,0.022836411919947036,0.03891442342248559,3,0.0,0.0,0.02403690610058663,0.060608258788045904
M1_N3_L1_25Hz,404,ssa_decomposition,1196.198,E3C1118F783A779E27E292E52EF4F6C8CFD942930E322CDE5DDB7166DAFCE63E,M1_N3_L1_25Hz_404_ssa_decomposition.npy,-1.23229427353907,0.05528367509035954,3.0975599737070745,3,2.0000000000000036,2.000000000000007,0.19280397336350574,0.3906626895821718
M1_N3_L1_25Hz,404,svd_lowrank,16.115,E2D281BF9850AF7C0562D8F9B2E9D9FD244462BA718D3FE5068467EBBE921CDF,M1_N3_L1_25Hz_404_svd_lowrank.npy,3.973152022754597,0.009346195637396077,7.946636447067467,3,0.0,0.0,0.01052349822558284,0.02204188147546331
M1_N3_L1_25Hz,505,fk_filter,0.982,69201B38A7186EEB74B0D57840D0F5B2DF38932D3A08EA538684B65641701B26,M1_N3_L1_25Hz_505_fk_filter.npy,12.63690018263231,0.0008519231890112396,26.013525656501635,4,0.0,4.0,0.002958770137393634,0.005930464413264849
M1_N3_L1_25Hz,505,fx_deconv,1.996,568181D85CCC1EEF3998BAEC8E5D0CA095205F2D32AD363ACF1B66A852A04654,M1_N3_L1_25Hz_505_fx_deconv.npy,0.03337125772068106,0.023367913785127148,0.07975615649181886,4,0.0,4.0,0.029721610953561323,0.045461905178506214
M1_N3_L1_25Hz,505,wavelet_threshold,1.04,A5233853CDDA9D6891E44F74ED288527B5BE05A46B39A8315BE154C79BB6232B,M1_N3_L1_25Hz_505_wavelet_threshold.npy,0.04219246104857177,0.023445499597638825,0.04241228752502198,4,0.0,0.0,0.029211546425214403,0.04591832826210064
M1_N3_L1_25Hz,505,ssa_decomposition,1776.415,2083A685CCC9AB39B013620771D131C878AA55036A8400D916AFAC7D97B5C494,M1_N3_L1_25Hz_505_ssa_decomposition.npy,-0.4246833716471663,0.041647940214446406,3.3807524361143457,4,6.999999999999998,8.0,0.17552019732763538,0.19737663025078403
M1_N3_L1_25Hz,505,svd_lowrank,35.414,E1B85885799B1CE05E1CA8025BAE53EA4E2C73D9FC95B0289F6250EF02B8800B,M1_N3_L1_25Hz_505_svd_lowrank.npy,3.8716236583213686,0.01062942863689801,7.743757936185932,4,0.0,4.0,0.011725337960631157,0.019431127014270567
M1_N3_L1_40Hz,101,fk_filter,0.921,762E16709138D9C19EAFBF6FF5DFCBD371B44AECF07CE45D4C342D2E81DC8CA0,M1_N3_L1_40Hz_101_fk_filter.npy,9.032141325717715,0.001471687396784867,29.53053084221247,2,2.0000000000000018,2.0000000000000036,0.008064442229411257,0.015622647606135702
M1_N3_L1_40Hz,101,fx_deconv,2.202,0AACBF18C129200224E28B6E828DA4C961525DC68BC12A4B213C3A6493D54A28,M1_N3_L1_40Hz_101_fx_deconv.npy,0.01718674142255061,0.012330134130761797,0.04507581034615863,2,0.0,0.0,0.014816544739803355,0.01977575349536839
M1_N3_L1_40Hz,101,wavelet_threshold,1.373,C3A52426A20C9F184374504E5E36F730854A9321912FCFF050DF617EA5925C8D,M1_N3_L1_40Hz_101_wavelet_threshold.npy,0.03621373627575508,0.012294867293536344,0.03637261993964591,2,0.0,0.0,0.014100640134502943,0.018614279566671606
M1_N3_L1_40Hz,101,ssa_decomposition,1385.341,7610D9D86868FDBB411125D704B0C19512A97BFAFF6AAA3467124412718B22D0,M1_N3_L1_40Hz_101_ssa_decomposition.npy,-4.333488040438768,0.1431502109534735,20.279352403555087,2,9.0,16.0,0.41755967260153926,0.5708530801544284
M1_N3_L1_40Hz,101,svd_lowrank,12.738,A18E83B755D817E5DEDF8F315AA899C4AAD75EBAEBEC6EEB70D6C83F69F645AC,M1_N3_L1_40Hz_101_svd_lowrank.npy,3.9290559143271047,0.005424406290559619,7.858267999160459,2,0.0,0.0,0.005170004027022004,0.005301950034919586
M1_N3_L1_40Hz,202,fk_filter,0.936,9F89E55A6DFB906FBCD8C2C4315B4DB8D95A2F231A0BF4ADBFA6EA7707CD9DBD,M1_N3_L1_40Hz_202_fk_filter.npy,9.464009902051739,0.006860344582447121,29.391124931909317,3,0.0,0.0,0.009671305132850295,0.013402273789467473
M1_N3_L1_40Hz,202,fx_deconv,2.12,613B027935C8B68CCDFC0EF388BED7023E4DA2805D84B82439D11746001AE71C,M1_N3_L1_40Hz_202_fx_deconv.npy,0.015572862942494936,0.02979442934074449,0.04080613240154754,3,0.0,0.0,0.03433054239322599,0.03584492297407209
M1_N3_L1_40Hz,202,wavelet_threshold,1.151,172E66100AD9AC6958340715BDD9A9BDB44692CC7E20F84FE6B47BAFDAFF3353,M1_N3_L1_40Hz_202_wavelet_threshold.npy,0.043244403905674744,0.029665781259343663,0.04346945872355645,3,0.0,0.0,0.03328668384536275,0.034926870043850845
M1_N3_L1_40Hz,202,ssa_decomposition,1957.327,FF0C90C0385C04D0C78D935FFD038CFFB015BD84F593259FD10309E95395B408,M1_N3_L1_40Hz_202_ssa_decomposition.npy,-1.5641000163313876,0.09922215730452193,28.14110973353308,3,2.0,2.0,0.280294114024223,0.38270422030415124
M1_N3_L1_40Hz,202,svd_lowrank,35.304,3EC7F7C8FA34B9B2BDFB8A0BB6B5DC23F591D57160A146ACB749C6EA2EB36395,M1_N3_L1_40Hz_202_svd_lowrank.npy,3.700315768134349,0.012544228174088855,7.40067264512512,3,0.0,0.0,0.013050796976143295,0.01532081844039699
M1_N3_L1_40Hz,303,fk_filter,1.792,7B702DF3DC758CA77C2B1DB25BBB07E8B310673B70C9D48A8B2B1A049C6E5504,M1_N3_L1_40Hz_303_fk_filter.npy,10.061832832523534,0.004126344166726194,27.947144522552364,3,0.0,0.0,0.0034472198759501922,0.0054828231212440725
M1_N3_L1_40Hz,303,fx_deconv,5.844,4A1D3E5AD9C84DB40089864F0071AA996DF39C41F80172A54AB3B51F41482052,M1_N3_L1_40Hz_303_fx_deconv.npy,0.01962617832162472,0.02170823205600567,0.04802966678563786,3,0.0,0.0,0.02131343427537386,0.04050084034231881
M1_N3_L1_40Hz,303,wavelet_threshold,1.291,1252F025D3A2360DAA6015EC5D62D9F7A95F2B28F82B59CE8AF3B473F85CDDDA,M1_N3_L1_40Hz_303_wavelet_threshold.npy,0.04358237918457952,0.021667360271941438,0.043808456611545324,3,0.0,0.0,0.02051345301139027,0.03832801975641414
M1_N3_L1_40Hz,303,ssa_decomposition,1224.946,9BDE0E8E052BEF4F9B46836EDB70F3717EDCDA9D8075E33B8BD447378278F049,M1_N3_L1_40Hz_303_ssa_decomposition.npy,-3.8575832711763702,0.14163957136126137,9.232574256736957,3,0.0,0.0,0.3199618646738267,0.44838450664088386
M1_N3_L1_40Hz,303,svd_lowrank,35.514,B2CD6D954EDF37F44D36F2021B7CEB6BF69FEEB3BEC3A8B4CBC27112B6A3DBE5,M1_N3_L1_40Hz_303_svd_lowrank.npy,3.975032608864561,0.008931113539822894,7.950056225682097,3,0.0,0.0,0.009087897955341552,0.01648002149664302
M1_N3_L1_40Hz,404,fk_filter,1.732,50B11B4C2ACB86614C44673AC245D1BE98B7B1EF641D2073E8D68D62F466D1E7,M1_N3_L1_40Hz_404_fk_filter.npy,9.573658545933004,0.004557753071379541,29.829101531436358,5,0.0,4.0,0.003449107676955247,0.01270574632059072
M1_N3_L1_40Hz,404,fx_deconv,5.955,8FE78285C3A2FB191584EC04E7F3C2A7214FCA9E9A89C2A5A06051D3BEA509A5,M1_N3_L1_40Hz_404_fx_deconv.npy,0.01459863880744905,0.018132984217910406,0.038128447830403187,5,0.0,0.0,0.01969285142026216,0.02934539438918467
M1_N3_L1_40Hz,404,wavelet_threshold,1.588,6C400FC9A5097246CC75726954A7B043F5CF31E3C9A3FCFB52C631FFB8D91289,M1_N3_L1_40Hz_404_wavelet_threshold.npy,0.038726964805768205,0.018027048336680306,0.03891737456157835,5,0.0,0.0,0.01893873097810092,0.028406957896470197
M1_N3_L1_40Hz,404,ssa_decomposition,1849.589,1A859F1704B9FC737CABBDED0372D279F59E7883AD71808B3972555BD8579564,M1_N3_L1_40Hz_404_ssa_decomposition.npy,-3.1410678696504517,0.1236998817679732,10.651604822392247,5,4.0,20.0,0.4102496294180432,0.44600736052224604
M1_N3_L1_40Hz,404,svd_lowrank,7.828,C98C69B9B2736EBC30756CBF682056E0B9234EDC1675A9D8B6E27B0D1CEB18BB,M1_N3_L1_40Hz_404_svd_lowrank.npy,4.017073402860014,0.007331808749945302,8.03419886238904,5,0.0,0.0,0.008398801089475303,0.010685395063999268
M1_N3_L1_40Hz,505,fk_filter,1.061,44E693E3245030448F06BB4B5230E14BEF2ED927DA45E3BE7A49FDB6D77B8AE2,M1_N3_L1_40Hz_505_fk_filter.npy,8.969138972228562,0.0056733678616887745,26.055693769567846,5,0.0,10.0,0.0038566937080064105,0.024412166299545054
M1_N3_L1_40Hz,505,fx_deconv,2.046,D73BB4E9D2614DC20A22B2081F2A91941AB9DB8A2CC467533DAF05799A6025F7,M1_N3_L1_40Hz_505_fx_deconv.npy,0.0332324751530475,0.024844304883906012,0.07890308212733295,5,0.0,0.0,0.0311083177825367,0.0510431423306645
M1_N3_L1_40Hz,505,wavelet_threshold,1.203,B740FBCDC1AB5911432A6EDCBF299006615C2E2FAA7883FAD35FB39BD32A1EDA,M1_N3_L1_40Hz_505_wavelet_threshold.npy,0.042190815891197886,0.024878039321541104,0.042411341826781496,5,0.0,0.0,0.030833654694163205,0.05180815212446278
M1_N3_L1_40Hz,505,ssa_decomposition,469.385,4CA55F457C47207FC34C75FB69A9CFD01831DE899832057606E4DCFAAF4A0E95,M1_N3_L1_40Hz_505_ssa_decomposition.npy,-3.161417973374462,0.1290894843411175,10.896139818465079,5,2.0000000000000036,14.0,0.2812851043921793,0.6059326079009896
M1_N3_L1_40Hz,505,svd_lowrank,5.059,F9CC69F27D14AFDD9663BFA00B60A3DAD9D2C013C4CA9B18EF634B4B04098211,M1_N3_L1_40Hz_505_svd_lowrank.npy,3.9325236561055448,0.010256038197111371,7.865257007225353,5,0.0,0.0,0.014518894660483471,0.020958948244746322
M1_N3_L2_15Hz,101,fk_filter,1.019,7B336D9280FB487BFA22DD1E61EC5F1528F029B56083CA7FFB6B5AD02DE0FC00,M1_N3_L2_15Hz_101_fk_filter.npy,13.943640318258407,0.004764666819126078,29.56185729678264,1,2.0,2.0,0.003577018055022174,0.003577018055022174
M1_N3_L2_15Hz,101,fx_deconv,2.078,354D001DF51B3E4F826F5FDA530AE1367ED4365FF45EF88C5D5BF7C2E506FFAF,M1_N3_L2_15Hz_101_fx_deconv.npy,0.017194321480893393,0.12331824040323847,0.04370672687510058,1,0.0,0.0,0.12357094691848826,0.12357094691848826
M1_N3_L2_15Hz,101,wavelet_threshold,1.191,175A0C51310792BA8C348991440C20A11E0687950846F3E52FEEF09C43DFE755,M1_N3_L2_15Hz_101_wavelet_threshold.npy,0.03623551030964567,0.12300584256197995,0.03636878214147912,1,2.0,2.0,0.12376976183404537,0.12376976183404537
M1_N3_L2_15Hz,101,ssa_decomposition,1130.862,9137070853EBC8427CADB5AF20BAA34CB272586476F369ADE859351DD96E5477,M1_N3_L2_15Hz_101_ssa_decomposition.npy,-0.017762332463138186,0.12737270139730728,0.05574668852700833,1,0.0,0.0,0.10640031235929119,0.10640031235929119
M1_N3_L2_15Hz,101,svd_lowrank,12.033,BE1ECEDD5F5CD9B71F5024F3EFD5D5453B57638F421BC2C3E5E941F3F3137419,M1_N3_L2_15Hz_101_svd_lowrank.npy,0.8590843952789831,0.1044739511632775,1.7191969563798326,1,0.0,0.0,0.10534309618937271,0.10534309618937271
M1_N3_L2_15Hz,202,fk_filter,1.088,AA35E912D8D4FF2F6BDC39EDB796594FC17B8249A8C51A262B44F2F3FC86118E,M1_N3_L2_15Hz_202_fk_filter.npy,12.400373481811695,0.008610831356325252,29.27525471623481,2,0.0,0.0,0.015958961754580562,0.0216563694563986
M1_N3_L2_15Hz,202,fx_deconv,3.991,7F16374B2163636D2D15CD7CC447C757ACFC9B8905737B10AE90E0AC19F38E10,M1_N3_L2_15Hz_202_fx_deconv.npy,0.015603691558331967,0.1441470482357904,0.039706063279582864,2,1.0,2.0,0.1326335872941079,0.16658670036851425
M1_N3_L2_15Hz,202,wavelet_threshold,1.526,4AEA92A3A43601397CEE16F002A4D222A69B9117A51B867BA8BFB45BBBBCA96B,M1_N3_L2_15Hz_202_wavelet_threshold.npy,0.04326946954429722,0.14349166073181166,0.043463799832085134,2,0.0,0.0,0.13222281739014785,0.16682501284511336
M1_N3_L2_15Hz,202,ssa_decomposition,1815.821,D333B99D72880E0FBA1FD26134EF1A47CD9296DF547675D81B636966B42B5B4A,M1_N3_L2_15Hz_202_ssa_decomposition.npy,-0.016780019248597178,0.15077288358020982,0.0918343137609297,2,3.0,4.0,0.10237702767367102,0.12076766414377302
M1_N3_L2_15Hz,202,svd_lowrank,33.582,E94F44C752DC3F4A8273B0976F32A17F701DE9431E78F9F318A54422ACB96BBA,M1_N3_L2_15Hz_202_svd_lowrank.npy,0.7876917372408654,0.12393573884925295,1.5761554610151296,2,1.0,2.0,0.11352629814737569,0.1451384274922308
M1_N3_L2_15Hz,303,fk_filter,1.025,EBD1BD2113B57A192AE7D44C059784A1C645859563511C09E8BC61821CF70382,M1_N3_L2_15Hz_303_fk_filter.npy,12.361690092892939,0.005264016454241052,27.88554296276175,1,4.0,4.0,0.0027837986695557746,0.0027837986695557746
M1_N3_L2_15Hz,303,fx_deconv,2.436,AD9A1FF8E11FB99559F6584C15165C7ABAD4249C6426C25CE1C14F660C85F5E5,M1_N3_L2_15Hz_303_fx_deconv.npy,0.01948523228464616,0.0818951779059377,0.046619681117343985,1,0.0,0.0,0.08139297032110004,0.08139297032110004
M1_N3_L2_15Hz,303,wavelet_threshold,1.131,8C4E1A14DFDC4478307855708904CF957DA6520BBEB7197303D86E11B6740F28,M1_N3_L2_15Hz_303_wavelet_threshold.npy,0.04361227885919483,0.08159658520322842,0.04379975888766006,1,0.0,0.0,0.08173109070600044,0.08173109070600044
M1_N3_L2_15Hz,303,ssa_decomposition,1795.698,1E906A14A030541A3F085030271641BB05ECF1FB993DF56278DCCA988D64F12A,M1_N3_L2_15Hz_303_ssa_decomposition.npy,0.0387807601554675,0.08371917269289861,0.0926457208198547,1,6.0,6.0,0.06699760457213197,0.06699760457213197
M1_N3_L2_15Hz,303,svd_lowrank,67.724,31060C5CFE30A63FF1606E73C9E34C62D457FA415432CC7748258798A1C7BFD2,M1_N3_L2_15Hz_303_svd_lowrank.npy,0.8575075649297466,0.07435179056261548,1.7157263727283238,1,0.0,0.0,0.07406476124542756,0.07406476124542756
M1_N3_L2_15Hz,404,fk_filter,1.614,BBFA4C482FD9EA28E4F83E557C0466F51A4F0EA2BD3608128D6975A8BDC8F61D,M1_N3_L2_15Hz_404_fk_filter.npy,14.162849216883536,0.0041191357401221046,29.93946062811418,2,0.0,0.0,0.010610694244165806,0.019590710985316333
M1_N3_L2_15Hz,404,fx_deconv,2.011,551EB9307C0D6F4F006C84CB1E206D41C6984AB50886D67DD73BBED7F355A3D6,M1_N3_L2_15Hz_404_fx_deconv.npy,0.014700023167000253,0.09389686353886559,0.037015634063534184,2,0.0,0.0,0.12025841450572294,0.16418926926481248
M1_N3_L2_15Hz,404,wavelet_threshold,1.059,C976E4C69E055D742227908FCB622DF9E9CBC738C33F8A27FE9D2D66C6B2F511,M1_N3_L2_15Hz_404_wavelet_threshold.npy,0.03875964007814403,0.09333194950877206,0.03891487016829624,2,0.0,0.0,0.12018959443740947,0.16430053801511615
M1_N3_L2_15Hz,404,ssa_decomposition,702.83,B7B7EC67B29D1CB48EE111BE3E117AFD2C881753D9EC608E33065A64BCD44DE6,M1_N3_L2_15Hz_404_ssa_decomposition.npy,-0.014463507281226029,0.0965579726734636,0.03312355852142537,2,1.999999999999993,3.999999999999986,0.11240095219885868,0.1564272405481111
M1_N3_L2_15Hz,404,svd_lowrank,6.784,4F8CBDA46608B478E09E61CCB7789A1B2E23254FBCBC24FA41CA76090C953547,M1_N3_L2_15Hz_404_svd_lowrank.npy,0.8290761938704181,0.07858920568266038,1.6589219647729092,2,0.0,0.0,0.10616516389723196,0.15125598732408227
M1_N3_L2_15Hz,505,fk_filter,1.694,A4B6034493F507508174FC463EE2D031DF85F491A5E8426856765D464C394210,M1_N3_L2_15Hz_505_fk_filter.npy,11.632176709444495,0.00487542137229959,25.952520280132838,1,3.999999999999993,3.999999999999993,0.00545950868665048,0.00545950868665048
M1_N3_L2_15Hz,505,fx_deconv,4.725,3B7BC2E6D177C0E846AEE88FF831BF91D950F4DC47FF71E2EB28964040D35340,M1_N3_L2_15Hz_505_fx_deconv.npy,0.0330823524538566,0.09046418035912529,0.07738139117124601,1,0.0,0.0,0.09008442132283635,0.09008442132283635
M1_N3_L2_15Hz,505,wavelet_threshold,1.63,20E1EF47B03973EC7B95A6474BAD3E89145A3A67D46609D6C4224EFF1CF6F61B,M1_N3_L2_15Hz_505_wavelet_threshold.npy,0.042225242970346244,0.09084774405103307,0.04241345455868814,1,0.0,0.0,0.09110457019405221,0.09110457019405221
M1_N3_L2_15Hz,505,ssa_decomposition,1262.146,24A2AD7C2D5A57500F35CDEE0A675B9E19434936B91D280645B904A92D40DB11,M1_N3_L2_15Hz_505_ssa_decomposition.npy,0.026760144662028473,0.09229076667827492,0.06959758845018976,1,0.0,0.0,0.07817830006976961,0.07817830006976961
M1_N3_L2_15Hz,505,svd_lowrank,6.856,5076EAFCAD19F8FAAC468D042B920788CB9716E4673A1A0176BAC9E42EACCEB6,M1_N3_L2_15Hz_505_svd_lowrank.npy,0.9089904641093209,0.07792354966739791,1.818653297871231,1,0.0,0.0,0.07949773145445382,0.07949773145445382
M1_N3_L2_25Hz,101,fk_filter,1.144,DD43E57627A0863775F0873AC358BD5233C829ECD287148A768E5E96DFE38E75,M1_N3_L2_25Hz_101_fk_filter.npy,14.690110651349073,0.0018058305594128659,29.534225382684667,2,0.0,0.0,0.0028701636587017618,0.0033449203164273864
M1_N3_L2_25Hz,101,fx_deconv,2.08,1F91E21E5AA3736DF2D33FEDD82B357A2CACC424FA99EBDE236A5FA679361598,M1_N3_L2_25Hz_101_fx_deconv.npy,0.01719349910620327,0.07275498683101408,0.04506957295837325,2,0.0,0.0,0.07252196966960205,0.08389325557946188
M1_N3_L2_25Hz,101,wavelet_threshold,1.308,29CF30CB9285C41FD0C0939455ABDD865B9E2E25D0614CA3E2657271BEEC403C,M1_N3_L2_25Hz_101_wavelet_threshold.npy,0.0362112582548022,0.07252426418407582,0.036365994178230436,2,0.0,0.0,0.07266195938162473,0.084509287286879
M1_N3_L2_25Hz,101,ssa_decomposition,1940.907,97EC11D40CAC12FB0B35F9012B5DAE3BCC77153A4D8A9E7F46249060B065F7F0,M1_N3_L2_25Hz_101_ssa_decomposition.npy,-0.15976131075521227,0.12398328916550708,1.2907441945337672,2,7.0,8.0,0.06483360215730824,0.10457639055025793
M1_N3_L2_25Hz,101,svd_lowrank,45.094,AF1ED491129CE5175BA9EDC3165591C2ABC1F5584B02CFEDF4C49C15C5FD66E9,M1_N3_L2_25Hz_101_svd_lowrank.npy,0.7977834615078132,0.060900117692104946,1.5958670200030523,2,0.0,0.0,0.060887424982713476,0.07068516835857148
M1_N3_L2_25Hz,202,fk_filter,0.895,F3DD0537167BEBE68157137913C71827581523C45F2D3A3DEF9B9078BDEAF63E,M1_N3_L2_25Hz_202_fk_filter.npy,14.54045654934105,0.004111380391899355,29.378515581580423,2,0.0,0.0,0.0037358067894427147,0.00446060166904307
M1_N3_L2_25Hz,202,fx_deconv,1.903,328829EBE3A8F0CD1118688A1EC67C0D580980300103DC21D7BEA92FC89C15A7,M1_N3_L2_25Hz_202_fx_deconv.npy,0.015582693750803678,0.12333107877787569,0.040845141678651026,2,0.9999999999999964,1.999999999999993,0.1308178868897285,0.14830691624228445
M1_N3_L2_25Hz,202,wavelet_threshold,1.327,1F92D269AF9A485DF2BFA1BBA3DB1A61221A5C00EEF3017FFDAE31179C1552B5,M1_N3_L2_25Hz_202_wavelet_threshold.npy,0.043249023773697104,0.12275092572843334,0.043467324333449416,2,0.0,0.0,0.12983887501895153,0.14707822381070823
M1_N3_L2_25Hz,202,ssa_decomposition,1732.634,DB6E19F7353BD573ED2DF9ADDC0E74753876446152DB9C165E17A56F7B22A10C,M1_N3_L2_25Hz_202_ssa_decomposition.npy,0.9259437969976911,0.13764353588351244,3.007992718935579,2,25.0,48.0,0.07605416062690701,0.07876160503235308
M1_N3_L2_25Hz,202,svd_lowrank,19.745,1C0777777C58B145C8C9FF27FEDB4262078D7EAD5EE05E5944A40EE9B35F3D1C,M1_N3_L2_25Hz_202_svd_lowrank.npy,0.856094243575102,0.10267788389188791,1.7123085408782146,2,0.9999999999999964,1.999999999999993,0.10767698270398338,0.11932437505032924
M1_N3_L2_25Hz,303,fk_filter,0.926,AE5AD68B63096F935F0803662F004E38EF1A2EC19F4B2661924B23C611959140,M1_N3_L2_25Hz_303_fk_filter.npy,13.83056723492192,0.002486273997715136,27.940609369053192,4,0.0,0.0,0.0009997485665391684,0.009793785894079816
M1_N3_L2_25Hz,303,fx_deconv,2.339,F68A5C697997B2624823FAE0F2B87A1AC2AFFC3F9C78CC8C67AC7A13251A0CD9,M1_N3_L2_25Hz_303_fx_deconv.npy,0.01962073636582229,0.0934328790020617,0.04799859433273157,4,0.0,0.0,0.14535923361132252,0.15249747210354384
M1_N3_L2_25Hz,303,wavelet_threshold,1.06,B6863581ABA958FA24466B6A94D916B4E3AFFCF52A397512C7E88D62C880D3A1,M1_N3_L2_25Hz_303_wavelet_threshold.npy,0.04358527714938898,0.09307811673052865,0.04380752243394997,4,0.0,2.0,0.14382148059021557,0.1559506846770696
M1_N3_L2_25Hz,303,ssa_decomposition,1494.696,56AE46EE0E7F9E04618F4458C3D76C304CB5847D9EE8D6BF697515F2FCED342D,M1_N3_L2_25Hz_303_ssa_decomposition.npy,0.19811353970939294,0.10782676934772262,1.4084031602746936,4,1.9999999999999982,6.0,0.0644483381498766,0.29932869265600487
M1_N3_L2_25Hz,303,svd_lowrank,40.258,B1A7288BCB16DD4EF2D517B57E6A40EEB1F9587830E25F1ABEB5EA163977C74A,M1_N3_L2_25Hz_303_svd_lowrank.npy,0.8961066464787137,0.08154309657274111,1.7922947019372384,4,0.0,2.0,0.12086698710515847,0.14446799570740418
M1_N3_L2_25Hz,404,fk_filter,0.876,AB98C9E1E72B33A98E8CFB0ADD545A5343A3B0A9C08DCF73893CA1AF511F005B,M1_N3_L2_25Hz_404_fk_filter.npy,14.80895092474905,0.002556888958636316,29.845824711084173,3,0.0,0.0,0.009780014270195427,0.014994964906163278
M1_N3_L2_25Hz,404,fx_deconv,1.924,56584F5F8AD046601973049FDFA64740A1D3A123B7A66DA48CBC600A6E8BFA58,M1_N3_L2_25Hz_404_fx_deconv.npy,0.014609981795300264,0.09191024405105692,0.03803602786654592,3,0.0,0.0,0.09026871317310813,0.2416676287937036
M1_N3_L2_25Hz,404,wavelet_threshold,1.038,8C1FFCE679EADC6746D25CDD6843A9112712337D897AB208812C07223A7AA148,M1_N3_L2_25Hz_404_wavelet_threshold.npy,0.03872973255789525,0.09134546570885767,0.03891477426972967,3,0.0,0.0,0.0902205854462283,0.23899340628312196
M1_N3_L2_25Hz,404,ssa_decomposition,1713.67,D9549B9EE305FFF6CE3C0D3571589C17A61AA832014CA098696F334F57336245,M1_N3_L2_25Hz_404_ssa_decomposition.npy,0.41512982862684833,0.11326380705632719,2.221956293984749,3,2.0000000000000036,2.000000000000007,0.1777120459795967,0.3110118086149996
M1_N3_L2_25Hz,404,svd_lowrank,22.624,7BAD4113632CE36E7364465A9F6E72DC8AD68037A7DFD8E05CD1C79893BF9549,M1_N3_L2_25Hz_404_svd_lowrank.npy,0.8613829061411673,0.07689905832091345,1.7230560612650017,3,0.0,0.0,0.08275115055469885,0.20003162749280207
M1_N3_L2_25Hz,505,fk_filter,1.145,9ABFAE6AAE9AFD0F6416380BED49A00EB1D250920DDA9FF76222ADA3F3EA34CE,M1_N3_L2_25Hz_505_fk_filter.npy,12.934400460651274,0.0029365969818846457,26.044980740487283,4,0.0,4.0,0.0021741195778055326,0.012887443061070031
M1_N3_L2_25Hz,505,fx_deconv,2.117,640947E53F7096E81C72537ED5CC271F2EC819FAED0488CD571212A390864129,M1_N3_L2_25Hz_505_fx_deconv.npy,0.03324434783900987,0.0934830967352272,0.07899240073858588,4,0.0,4.0,0.1177687338832722,0.1871003424005831
M1_N3_L2_25Hz,505,wavelet_threshold,1.389,8DFB254C9BF6C3A5EB9D63D589FFB8EC66496E9A0A23770FB809230E66EC52E2,M1_N3_L2_25Hz_505_wavelet_threshold.npy,0.0422004341520088,0.09378225381418429,0.04241496284096699,4,0.0,4.0,0.11697403068161605,0.18895693839277244
M1_N3_L2_25Hz,505,ssa_decomposition,1916.775,00E55505E948AEAB0B8D272E69CF18FEBBA0C60170DDFD81F61AA5277DE5E6BC,M1_N3_L2_25Hz_505_ssa_decomposition.npy,0.53922234733942,0.11203669247940665,2.212084572712387,4,6.9999999999999964,8.0,0.14173084433340144,0.21256761796558302
M1_N3_L2_25Hz,505,svd_lowrank,36.393,E0F17184E43CCF09AB06F979B2D24D226FCBDC18A5E57DF5CC1B4B80121BC872,M1_N3_L2_25Hz_505_svd_lowrank.npy,0.8197715034695676,0.07978085911066139,1.6399030592144614,4,0.0,4.0,0.09616526382225928,0.1734383882783266
M1_N3_L2_40Hz,101,fk_filter,1.642,39FF9F36692D51A5E985B6A4DC6716E663552490659CE55647722E5A8D25387B,M1_N3_L2_40Hz_101_fk_filter.npy,12.495132412883535,0.002370437663088414,29.526737815290044,2,2.0000000000000018,2.0000000000000036,0.008061145088719773,0.015530124878447344
M1_N3_L2_40Hz,101,fx_deconv,2.355,A99C518BA441CEEF70447E4EF2B50DE7C128826A46A0537B4110FFA29B8513EB,M1_N3_L2_40Hz_101_fx_deconv.npy,0.017136684132712077,0.04932568840866646,0.04442494920906822,2,0.0,0.0,0.05975590086354123,0.08090976236448279
M1_N3_L2_40Hz,101,wavelet_threshold,2.457,E900F250B047363046B759E7FEDCFE425C9F3420709EDF1C1E9CD5779B8E9F1C,M1_N3_L2_40Hz_101_wavelet_threshold.npy,0.03621542886315776,0.04917946572168448,0.036373366424638266,2,0.0,0.0,0.058275930424322754,0.07825194165098473
M1_N3_L2_40Hz,101,ssa_decomposition,1907.97,6CFC6D4A90A24FAF8C8E3616E582875E5B59AD45987B652EDC4CEC475BCA6038,M1_N3_L2_40Hz_101_ssa_decomposition.npy,-1.305905326974008,0.2826116392735139,4.917214539032096,2,1.0000000000000018,2.0000000000000036,0.5504387261368522,0.6486955487355192
M1_N3_L2_40Hz,101,svd_lowrank,15.97,0A5848CAB4DF31B0D62E84F82CF8BDB7B13D1A5D52269650DFAFF35AC4E1B370,M1_N3_L2_40Hz_101_svd_lowrank.npy,0.8101188492481937,0.04055992718294192,1.6202142336112622,2,0.0,0.0,0.04831537072802252,0.06414000686100756
M1_N3_L2_40Hz,202,fk_filter,1.065,A48171BB88346F4E4A01285E37E0E413117B1620099C17A980190787CC323668,M1_N3_L2_40Hz_202_fk_filter.npy,12.703080757717318,0.009743702129125831,29.401045251237132,3,0.0,0.0,0.0069309794946858004,0.011033725530895157
M1_N3_L2_40Hz,202,fx_deconv,2.366,BF87471CE659046629CB0CFD67FE8CFEAFF2350D36664A55601ADA3B42286440,M1_N3_L2_40Hz_202_fx_deconv.npy,0.015528675240853218,0.11921228306290245,0.04005906975453172,3,0.0,2.0,0.13642382172314482,0.14512302843011216
M1_N3_L2_40Hz,202,wavelet_threshold,1.053,134C91C751E5388BC39509B2A9A53FAFF87654B87EAABB70BE3B4725FCD79842,M1_N3_L2_40Hz_202_wavelet_threshold.npy,0.043246147419090164,0.11866309229722036,0.04346965184711821,3,0.0,0.0,0.13392093622638587,0.1437285489858
M1_N3_L2_40Hz,202,ssa_decomposition,1561.22,2395707D5CC14382DFC452064CC0E659B57DAEDF633DD04BC93EBD12E926E563,M1_N3_L2_40Hz_202_ssa_decomposition.npy,0.7346017325219805,0.213504692759769,7.580980244355505,3,16.0,18.0,0.34740822663954607,0.454106298904464
M1_N3_L2_40Hz,202,svd_lowrank,20.307,FF9B89485CD8FC547E85B739BFB6E4F396F081CDF893C8FE28AC75B925073485,M1_N3_L2_40Hz_202_svd_lowrank.npy,0.86207207364399,0.09978362560974145,1.7241431234986782,3,0.0,0.0,0.11503142651279971,0.11593319300026136
M1_N3_L2_40Hz,303,fk_filter,1.118,D58D1FA16DAAF610EC2E2C090589BB80B167672BD0627FAD41493884147C5D8C,M1_N3_L2_40Hz_303_fk_filter.npy,12.625376194558438,0.006033619056299142,27.95480224988149,3,0.0,0.0,0.0034779551780976816,0.004681661455041522
M1_N3_L2_40Hz,303,fx_deconv,1.958,2BFC7628EE7AB72BF223AE21F5DFF640D84164F7787A021E0F5C30C3EB0FF213,M1_N3_L2_40Hz_303_fx_deconv.npy,0.019536676232127625,0.08696296145646078,0.047209002739407174,3,0.0,0.0,0.08662375767594546,0.16376820404550468
M1_N3_L2_40Hz,303,wavelet_threshold,1.095,9839203BA3865CE876C4EA316A4CE9FEB31A0E9E5432DFDC6733BD57E66E1D33,M1_N3_L2_40Hz_303_wavelet_threshold.npy,0.043585204723805226,0.08666961416062367,0.043809112559192315,3,0.0,0.0,0.08482301489468046,0.15822689407086826
M1_N3_L2_40Hz,303,ssa_decomposition,1920.117,C3BAD89EFDCABA9401DE3CFC724C1096EDB0F2726A17F44A398474FC2262A688,M1_N3_L2_40Hz_303_ssa_decomposition.npy,-0.6406597201546003,0.23838983083447915,5.376723485235031,3,2.0,2.0,0.38315276314809044,0.38479940403359225
M1_N3_L2_40Hz,303,svd_lowrank,38.902,4E6FEDD910AC5369E7439D68B238A86DE03DE79DEB9ACBE856CDF0EF953BB986,M1_N3_L2_40Hz_303_svd_lowrank.npy,0.9040355785452956,0.07356044817717944,1.808060017486151,3,0.0,0.0,0.06973735307942132,0.142610283477258
M1_N3_L2_40Hz,404,fk_filter,0.92,96A8097BC3D83D60E1235818204B1370AA2B68FC612BAC26AB7A358DAD197835,M1_N3_L2_40Hz_404_fk_filter.npy,12.852276681240978,0.005893299116827056,29.81372002348548,5,0.0,4.0,0.00569105187061701,0.013488130908177038
M1_N3_L2_40Hz,404,fx_deconv,1.958,C7368BE9BA3B348F1DABFC5CD9CD3710F9532A590C2D8D40DEFF4EEBC8FA96BB,M1_N3_L2_40Hz_404_fx_deconv.npy,0.014596689004784835,0.07255805567769869,0.03786384975016387,5,0.0,0.0,0.0753781519322641,0.11455595227414611
M1_N3_L2_40Hz,404,wavelet_threshold,1.249,5CA2072ABB6DAE1B55BEDFC8588F30A4873404BF549F46D1576735DA1CE649EB,M1_N3_L2_40Hz_404_wavelet_threshold.npy,0.03872977102916941,0.07210803043397311,0.03891892800221778,5,0.0,0.0,0.07527855317326008,0.11228162096116327
M1_N3_L2_40Hz,404,ssa_decomposition,1586.03,DA2AF491CBB20772678A55ED894F7BCE2AA44605184D638AC04F9E2F4C1916C5,M1_N3_L2_40Hz_404_ssa_decomposition.npy,-1.1598760353040651,0.22920629799498948,2.910200721490015,5,4.0,16.0,0.4457132015126136,0.47125346012933433
M1_N3_L2_40Hz,404,svd_lowrank,27.04,EE9653CAB5BAF035545EE7A4D2355FECA90B9B82E65D3483A9003CD3F8CFD0C9,M1_N3_L2_40Hz_404_svd_lowrank.npy,0.8692589054231226,0.06058149910519289,1.738575486300408,5,0.0,0.0,0.06486325772188811,0.09555801446474115
M1_N3_L2_40Hz,505,fk_filter,1.667,1A1E8A3656C163BF4CFDB88B5A73F6C6BB3BDBEF5B21453D71987B2B270A3124,M1_N3_L2_40Hz_505_fk_filter.npy,11.614228999593273,0.008100113355837194,26.06611569983116,5,0.0,10.0,0.004766670300504319,0.02181336797073965
M1_N3_L2_40Hz,505,fx_deconv,5.135,99F58C1ACFBF62265E53DC8828F03F2A871458125D74B50941A851200DA8DE3D,M1_N3_L2_40Hz_505_fx_deconv.npy,0.03309130090246537,0.09949961265774938,0.07768786887252485,5,0.0,0.0,0.12340411592620307,0.19960259706821684
M1_N3_L2_40Hz,505,wavelet_threshold,2.393,05D18844A6210862809D5B386AA3D794577C19877BD9FDDBACF719FE3AB77919,M1_N3_L2_40Hz_505_wavelet_threshold.npy,0.04219261075900338,0.09951216390631834,0.042412034602164646,5,0.0,0.0,0.12288939557734259,0.20224937211123642
M1_N3_L2_40Hz,505,ssa_decomposition,881.329,E0E9E849CB905F55D72284AD93223CDC5C6306D1D063F363FDE87C7AC83BDA9D,M1_N3_L2_40Hz_505_ssa_decomposition.npy,-0.6718081908382243,0.22551450158631559,4.484618779317034,5,4.0,14.0,0.36439321499014293,0.5577045888522079
M1_N3_L2_40Hz,505,svd_lowrank,18.475,71F71C67B00C45B1A91C4077589969F08E3C18607DA5DA888A14A768E77E4F3B,M1_N3_L2_40Hz_505_svd_lowrank.npy,0.8379200172384085,0.08167475264798589,1.6759330049963315,5,0.0,0.0,0.0993107388000649,0.149082586931788
M1_N3_L3_15Hz,101,fk_filter,1.564,43B0C15774E8372B0B33B97BE42393C71DD79D64D1068B05BAEB0C7BEBDA3EDE,M1_N3_L3_15Hz_101_fk_filter.npy,14.449020757126071,0.010364796042785165,29.54627203200868,1,2.0,2.0,0.009770924484279775,0.009770924484279775
M1_N3_L3_15Hz,101,fx_deconv,1.799,1C24713646F58B42B4612EC1185D236CE6B7A607E6494EB7588F9864D5B79824,M1_N3_L3_15Hz_101_fx_deconv.npy,0.017187582712686524,0.34259352817027267,0.0434862258246598,1,0.0,0.0,0.34223266280461967,0.34223266280461967
M1_N3_L3_15Hz,101,wavelet_threshold,1.042,EE3ADDF3B0A516E32F83767F3D7BF233FD9B4CEBF01E47D769D705500F16C0D2,M1_N3_L3_15Hz_101_wavelet_threshold.npy,0.03624413350757871,0.3416812211949737,0.03637025818984936,1,2.0,2.0,0.34295560998726854,0.34295560998726854
M1_N3_L3_15Hz,101,ssa_decomposition,2005.721,6D19E062CC1F9BF59F6675BD67BB57976B9F0C70DDEF5D6879C490ADC002EB0A,M1_N3_L3_15Hz_101_ssa_decomposition.npy,-0.0015792983519292499,0.3490069948661174,0.034186711390660686,1,0.0,0.0,0.3250430652025864,0.3250430652025864
M1_N3_L3_15Hz,101,svd_lowrank,6.842,F22BE16A301F15A6AE71DFDF981D018C0DBBE452FA1F84E94FF8396FD17F05B2,M1_N3_L3_15Hz_101_svd_lowrank.npy,0.4339590279784288,0.309166070478195,0.8699050913636236,1,2.0,2.0,0.31040408948458625,0.31040408948458625
M1_N3_L3_15Hz,202,fk_filter,0.921,7EC48DB1DB711224A01D0BDC325C13A804CE23D44265AF999DA14654C7726E1E,M1_N3_L3_15Hz_202_fk_filter.npy,13.729139273545178,0.01651988810951001,29.329289373780327,2,0.0,0.0,0.020560608180390304,0.031014880574458552
M1_N3_L3_15Hz,202,fx_deconv,2.321,8F063D7BD215B6BB9F88B4D0C069614222FB2B259B5C055F9620E5F93CC1AF50,M1_N3_L3_15Hz_202_fx_deconv.npy,0.01560508102997875,0.400432615960188,0.03949832319245196,2,1.0,2.0,0.3734357294336904,0.46152168910002894
M1_N3_L3_15Hz,202,wavelet_threshold,2.163,712ECCA25C3B38100431C66CB6B592ED94BD0FBD7F68CE1061D39212C788FBA4,M1_N3_L3_15Hz_202_wavelet_threshold.npy,0.043285238399652586,0.39858467269432757,0.04346529474535768,2,0.0,0.0,0.3726231116193757,0.46234251934688264
M1_N3_L3_15Hz,202,ssa_decomposition,1799.13,48FED9B480F16DD83F5F3D9C70B161BD492FA1E0D8A5908D868D07A9D6D5C39F,M1_N3_L3_15Hz_202_ssa_decomposition.npy,-0.00822897165025522,0.4119457633770855,0.04960871908127612,2,4.0,6.0,0.3408791856130179,0.4100556882413654
M1_N3_L3_15Hz,202,svd_lowrank,8.601,F6061F4630BB838CDA2E844B8537A7727AAE4E471FC28D8EB3F53B6C4367E1C6,M1_N3_L3_15Hz_202_svd_lowrank.npy,0.44157390831458687,0.36716746156834934,0.8849204092199819,2,1.0,2.0,0.3418122361727637,0.429183015443964
M1_N3_L3_15Hz,303,fk_filter,1.058,BD83A9A5FE5A360D263D1D324B7D22418DFA75956CB7858454DE6A1C29828039,M1_N3_L3_15Hz_303_fk_filter.npy,13.326537185220301,0.008471120237020232,27.91623076987358,1,4.0,4.0,0.00623667143662642,0.00623667143662642
M1_N3_L3_15Hz,303,fx_deconv,1.999,4E5D076BF06CF3BC8B0997BD633F2AB0A942B598C6F21F9F94026985FC6BD05A,M1_N3_L3_15Hz_303_fx_deconv.npy,0.019467838140180015,0.2274999294185104,0.04640526872635653,1,0.0,0.0,0.22589485754519287,0.22589485754519287
M1_N3_L3_15Hz,303,wavelet_threshold,1.17,5DD0C03C60B77A7B10D6467E7D101FA764E1BB78B7FCF054186793F152D02C5E,M1_N3_L3_15Hz_303_wavelet_threshold.npy,0.04362996814707317,0.22665618071374832,0.043804179805701025,1,0.0,0.0,0.2268807547883616,0.2268807547883616
M1_N3_L3_15Hz,303,ssa_decomposition,1910.964,626E3F16F8488116E846AA9C7E1FD3110CEF648215ABA7A922BA8B41C03A7A69,M1_N3_L3_15Hz_303_ssa_decomposition.npy,0.009551570205301329,0.23198953377505852,0.04108431973100132,1,6.0,6.0,0.20955541650310486,0.20955541650310486
M1_N3_L3_15Hz,303,svd_lowrank,14.111,762DD2BD03A3A92DE5CD2F9E967B1CC798EE17B85D7A4693CF5C980150FFBC64,M1_N3_L3_15Hz_303_svd_lowrank.npy,0.44235327477071507,0.21098693728262174,0.885865538896051,1,0.0,0.0,0.2110434306933266,0.2110434306933266
M1_N3_L3_15Hz,404,fk_filter,0.966,F4769A1324109DA4FD2E5E2E9D117875C3BD485E8ACBF5288A24F4B3E25D97EF,M1_N3_L3_15Hz_404_fk_filter.npy,14.61950695461468,0.009863118597065693,29.882747327948938,2,0.0,0.0,0.020228435198803997,0.03838149181919042
M1_N3_L3_15Hz,404,fx_deconv,1.769,AE0DB75BC9EBB5D0742FB2701CA9BE7447A86EFA43E48D8E48EC1CBC2BA42506,M1_N3_L3_15Hz_404_fx_deconv.npy,0.01471068495639953,0.2608420620806879,0.036921181737079076,2,0.0,0.0,0.32640009226800204,0.4390087467082576
M1_N3_L3_15Hz,404,wavelet_threshold,1.2,AEA6A58E7730CAE91B1AB78710515BAA31496DBFEB51E0CBD0312BDC2DBBAED8,M1_N3_L3_15Hz_404_wavelet_threshold.npy,0.0387730726453688,0.25925280978195236,0.03891887741703782,2,0.0,0.0,0.32628053603417534,0.43925424537465024
M1_N3_L3_15Hz,404,ssa_decomposition,1106.189,953620CD0040B7B5B04AAE39527DFC3A09D260EEFCB79AEA2DB5C34724C387AA,M1_N3_L3_15Hz_404_ssa_decomposition.npy,0.006396235594862477,0.26375264173798857,0.025936748063066048,2,1.999999999999993,3.999999999999986,0.31931372552099474,0.4323547626063474
M1_N3_L3_15Hz,404,svd_lowrank,10.436,C91BCC7B4FCC25DABC1292D257DE8D56E2C43AF7E8E9E5A35490589C0857DE66,M1_N3_L3_15Hz_404_svd_lowrank.npy,0.39174408167130903,0.23524157787252367,0.7845004527551274,2,0.0,0.0,0.3048931944524492,0.4222538882201596
M1_N3_L3_15Hz,505,fk_filter,1.485,C75F1348331106AF719861FA5F190A78D5EA928D1D346757C101902BCB01E62C,M1_N3_L3_15Hz_505_fk_filter.npy,12.47823941669173,0.008940432356996831,26.001919902368996,1,3.999999999999993,3.999999999999993,0.0006840147972637755,0.0006840147972637755
M1_N3_L3_15Hz,505,fx_deconv,4.464,0D1B87743020833C75CBCDB7B766556C1C32807ADFBB540A110CA67024EEC834,M1_N3_L3_15Hz_505_fx_deconv.npy,0.03300987369583679,0.25125796401604406,0.07692146941289574,1,0.0,0.0,0.2498346420977578,0.2498346420977578
M1_N3_L3_15Hz,505,wavelet_threshold,2.139,569FCBF96C432D341755144B0963C69525B0AAE6039D5A35402A4817DB7C3DD5,M1_N3_L3_15Hz_505_wavelet_threshold.npy,0.04223919668407773,0.25235287191189315,0.04241491382397859,1,0.0,0.0,0.25278152959437505,0.25278152959437505
M1_N3_L3_15Hz,505,ssa_decomposition,986.517,5971910F0058FF68EAB7AE9AD7E72DFF6663683A343843C01FB2554500397FA8,M1_N3_L3_15Hz_505_ssa_decomposition.npy,0.02437856345455843,0.2553769634583346,0.04525983825972611,1,0.0,0.0,0.2376269996402987,0.2376269996402987
M1_N3_L3_15Hz,505,svd_lowrank,8.657,12CF9AED1E5D4B8EC1C86209FCEF3653A7F902E30473154D2D95AD3188E5A0D0,M1_N3_L3_15Hz_505_svd_lowrank.npy,0.40781675924876043,0.2349192524620514,0.8172454822634577,1,0.0,0.0,0.23781916383757937,0.23781916383757937
M1_N3_L3_25Hz,101,fk_filter,0.914,4CEE9DBCC0D735C9AF2B6B45BF4AB98B1F3F41FC55FC170D284D8605BF737CD2,M1_N3_L3_25Hz_101_fk_filter.npy,14.735647404939266,0.004862690592084073,29.529712049532225,2,0.0,0.0,0.004209523402082552,0.005247366642103744
M1_N3_L3_25Hz,101,fx_deconv,2.002,DFCA0EE1D2EE3934BA108070B6CD398E6DCF16FCDFA84CCBEBC59499C1DB2F11,M1_N3_L3_25Hz_101_fx_deconv.npy,0.01717186740863728,0.20216338640719628,0.04465471535889599,2,0.0,0.0,0.20423486146201858,0.2389425611618851
M1_N3_L3_25Hz,101,wavelet_threshold,1.42,75830D75E433C4B4A60583715C10BDA8611F3C389B89320694B958AF0020F6FC,M1_N3_L3_25Hz_101_wavelet_threshold.npy,0.036215774592802084,0.2014564612808488,0.03636675430231502,2,0.0,0.0,0.20514408222269293,0.2409496581792494
M1_N3_L3_25Hz,101,ssa_decomposition,1860.425,ACE1CDF85F835E1974E6D84BE1C0078B7E2BA8A66118FCCAB67122BC1B700DF3,M1_N3_L3_25Hz_101_ssa_decomposition.npy,-0.1917319016590231,0.2828783197962125,0.4889689078420256,2,6.0,8.0,0.10832853267249327,0.1292289969018322
M1_N3_L3_25Hz,101,svd_lowrank,35.214,B43ED0C5FEAD067D55B0A45FF5F7D01A6F3F5C6F6A8C3F8CA5A162620FD7BFA1,M1_N3_L3_25Hz_101_svd_lowrank.npy,0.39206206791655424,0.18351245588327803,0.7843714872093859,2,0.0,0.0,0.1862350633170758,0.21258211302229701
M1_N3_L3_25Hz,202,fk_filter,0.943,7AFACBC4F8366E028B0D1A15EC5F8546ADD82E64A0A9DFA4673CEBFFEF3F0A84,M1_N3_L3_25Hz_202_fk_filter.npy,14.64535199775231,0.011035472975458299,29.39148556013571,2,0.0,0.0,0.006398553698115505,0.010981734107767859
M1_N3_L3_25Hz,202,fx_deconv,1.867,E295EF0E50C5B830C9EC5790C47AC3B839E4F0C0ABFFBCAF273F72D67A0A6293,M1_N3_L3_25Hz_202_fx_deconv.npy,0.015561099687354023,0.3426229201217731,0.0404165118122993,2,0.9999999999999964,1.999999999999993,0.36645787981624045,0.41802669040864804
M1_N3_L3_25Hz,202,wavelet_threshold,1.227,691301459306F1D2AB1F523237B5094C1D65E0F64E010A08A10FD91332E3058E,M1_N3_L3_25Hz_202_wavelet_threshold.npy,0.04325413553417596,0.34097398889508074,0.04346761663396756,2,0.0,0.0,0.3650012192204684,0.41633201186905816
M1_N3_L3_25Hz,202,ssa_decomposition,1966.175,49C2CCAEF978FF6313E0D0DC2505AB2ABE45C74BA1F64D97B2A636CB7915C98F,M1_N3_L3_25Hz_202_ssa_decomposition.npy,0.22207952491752628,0.39889928792881446,1.0945712188636167,2,1.9999999999999982,3.9999999999999964,0.0198846576956078,0.034720904186368994
M1_N3_L3_25Hz,202,svd_lowrank,13.145,9C19735A6F216C1879CA8581F23BD099C0E952F747F388A788A7F89B5FA973C1,M1_N3_L3_25Hz_202_svd_lowrank.npy,0.38978523878038457,0.31609685410801136,0.7796049778519148,2,0.9999999999999964,1.999999999999993,0.3369843972302734,0.3795721052514872
M1_N3_L3_25Hz,303,fk_filter,1.11,1EDCB3376BD5E9ADCF0E2ECDD7BBA9D41FB1E72EC8712DD2EA7A7759ECB01409,M1_N3_L3_25Hz_303_fk_filter.npy,13.926389490463094,0.006448582981518967,27.94934571603307,4,0.0,0.0,0.004157683683802642,0.006891749971952573
M1_N3_L3_25Hz,303,fx_deconv,1.842,57CE74AF69B320D146DE885B20F24590F29AFFD44DAC00D1D96E42D80C97C0D5,M1_N3_L3_25Hz_303_fx_deconv.npy,0.019563701794017545,0.2596795224449227,0.04746458022427295,4,0.0,0.0,0.4067189866606375,0.42592255849343597
M1_N3_L3_25Hz,303,wavelet_threshold,2.234,ACB631435FCDD330CC84395F1FFB2615098863DC21ECFD95FE18EA1997B028E9,M1_N3_L3_25Hz_303_wavelet_threshold.npy,0.04359405517308297,0.2585499391169199,0.04380903863537568,4,0.0,2.0,0.4035023193589454,0.4346352002178307
M1_N3_L3_25Hz,303,ssa_decomposition,1285.09,8C668F1931CBFE20339A9D90C3E0AF071E15D5503C5179D77FA7B5C70E7A08B9,M1_N3_L3_25Hz_303_ssa_decomposition.npy,-0.1586965348652504,0.30713185591510556,0.4018341423381949,4,4.0000000000000036,20.0,0.1207449652955265,0.20232657901508058
M1_N3_L3_25Hz,303,svd_lowrank,7.27,2DDFF7B98D46324BC0CFB087D35DC2ACA22144EFF04C0F91E986525399109FF3,M1_N3_L3_25Hz_303_svd_lowrank.npy,0.37629274572496807,0.24255497116847882,0.7528093554692188,4,0.0,2.0,0.38115431390395527,0.41570865119777584
M1_N3_L3_25Hz,404,fk_filter,1.642,D0FB15E4A6000451C146DAD8E0993D72D47EC1EDFFD41A79926D6B63E9ED1464,M1_N3_L3_25Hz_404_fk_filter.npy,14.866482975372602,0.006935414770148384,29.826809980250317,3,0.0,0.0,0.019793349155617,0.029396288469548323
M1_N3_L3_25Hz,404,fx_deconv,2.23,DA64DA9CB541C4F81D1C0C3A6CA39F9D543FAC0DC9333649A98FC9C7A1598ADC,M1_N3_L3_25Hz_404_fx_deconv.npy,0.01461526666173327,0.2553484800373925,0.037863490708601254,3,0.0,0.0,0.24372450424444453,0.6661380242235565
M1_N3_L3_25Hz,404,wavelet_threshold,1.376,6E0305FDBB1416FA10B1263073E69699DDD3AB6BCF8DC967D74D14FAEEC68985,M1_N3_L3_25Hz_404_wavelet_threshold.npy,0.038732749881411344,0.253737094986926,0.03891530989222895,3,0.0,0.0,0.2440365724646742,0.6600409837263047
M1_N3_L3_25Hz,404,ssa_decomposition,1901.192,5EF7C4A5C22FA6254ACC2C8FD3EF440E4BB4D099ED4B1F6DFA0763443C0A304D,M1_N3_L3_25Hz_404_ssa_decomposition.npy,-0.10684577286647434,0.3275208358602593,0.6153984778926548,3,2.0,2.0000000000000036,0.10393843216179224,0.21081946233888985
M1_N3_L3_25Hz,404,svd_lowrank,13.609,76D6331D6E37EF0D70F655C73D8EFAA55907CD0DCB2BE60777BEF486B98910EC,M1_N3_L3_25Hz_404_svd_lowrank.npy,0.4160618203909915,0.23099154640716676,0.8324314486830099,3,0.0,0.0,0.2340019300657756,0.6167148543941576
M1_N3_L3_25Hz,505,fk_filter,0.952,622158A6B079BF6E0D3AF294EADA131C8D112AB75A3AAAF7DBC8C56E55EC7F12,M1_N3_L3_25Hz_505_fk_filter.npy,13.000593368724491,0.007886847476766361,26.05759473874388,4,0.0,4.0,0.004908146280645082,0.027076176622824213
M1_N3_L3_25Hz,505,fx_deconv,1.845,1CC9985B1B545D4F583B4E189FCA75D4295171097331A089E809BF2BE3B37189,M1_N3_L3_25Hz_505_fx_deconv.npy,0.03312426078682229,0.2598427841157339,0.0781206599487213,4,0.0,4.0,0.3260442810377362,0.5264107599001007
M1_N3_L3_25Hz,505,wavelet_threshold,1.303,6F19068F0C082C1352A117976872359EB9BB0959E2F35586C92F636338063031,M1_N3_L3_25Hz_505_wavelet_threshold.npy,0.04220637489341744,0.26050510847958475,0.04241539943428949,4,0.0,4.0,0.32508144257224175,0.5307481897206383
M1_N3_L3_25Hz,505,ssa_decomposition,1501.811,1547029E3B0F912C51641EA5DC6814BE937548970CDB3F970281E84E3CA19F23,M1_N3_L3_25Hz_505_ssa_decomposition.npy,-0.3876177701077553,0.357307857617499,0.27164134264974943,4,6.0,10.000000000000004,0.0686461662545593,0.26581035955457
M1_N3_L3_25Hz,505,svd_lowrank,42.61,846D48FB68B34D91D30C0223E911DF07C4483ED2C3E7058F5B78B5CD3513E714,M1_N3_L3_25Hz_505_svd_lowrank.npy,0.4311386778619399,0.24237023363971413,0.8631718925278145,4,0.0,4.0,0.30293269170072123,0.5104325334641303
M1_N3_L3_40Hz,101,fk_filter,1.618,D4059D285CC75B8B164ADC430531C5DF93DAD229043C4BD3864EB2D15B87EE98,M1_N3_L3_40Hz_101_fk_filter.npy,13.804035692890542,0.004499406343508013,29.525221068183395,2,2.0000000000000018,2.0000000000000036,0.008298928384547063,0.013826505485850012
M1_N3_L3_40Hz,101,fx_deconv,5.004,03BDA43D247DEEC219C7F445D9620D6C24F330412CB9868C8C99315F55CD8CE9,M1_N3_L3_40Hz_101_fx_deconv.npy,0.017054708612457618,0.13699751324773474,0.043629252350710204,2,0.0,0.0,0.16614948720173287,0.22595306529788795
M1_N3_L3_40Hz,101,wavelet_threshold,2.149,35DE12943C0A3C5BA3192F23E02DCE81450A356564737A4436B347CDA32B5C2D,M1_N3_L3_40Hz_101_wavelet_threshold.npy,0.03621796002392842,0.13660926685055177,0.03637470995036425,2,0.0,0.0,0.16395892066763793,0.22158297501306834
M1_N3_L3_40Hz,101,ssa_decomposition,1681.227,07A022A4E83ED08975700E7788799BD9A05DF59948A3FEF7AD4061E1976073D0,M1_N3_L3_40Hz_101_ssa_decomposition.npy,-0.8582631794142092,0.48912383315958846,1.4911581765642445,2,4.999999999999998,6.0,0.5946933952991584,0.6124599149794108
M1_N3_L3_40Hz,101,svd_lowrank,32.597,45A8F4CB61516B7E90348EB23D812905D620A70FE222689043ABC81CC5078DD8,M1_N3_L3_40Hz_101_svd_lowrank.npy,0.3974602186685949,0.1232636561077344,0.7948819515936398,2,0.0,0.0,0.14668864958571368,0.1938529771581174
M1_N3_L3_40Hz,202,fk_filter,0.976,EA3671173E407EB2359B379CDA1AD3406C2303CA8A411F0A9DA6C4A39C20254F,M1_N3_L3_40Hz_202_fk_filter.npy,13.874484740164547,0.016552467058108297,29.405016553595523,3,0.0,0.0,0.004421494252196112,0.008350138887736634
M1_N3_L3_40Hz,202,fx_deconv,1.961,B48A6FF13C6E6E9EDB4B9336E4704F9FD2983A48FFF1DD6261D2DD94B826A8FF,M1_N3_L3_40Hz_202_fx_deconv.npy,0.015487310784053335,0.3312098500259209,0.03925513141191466,3,0.0,2.0,0.3777554096010612,0.4053961391326793
M1_N3_L3_40Hz,202,wavelet_threshold,1.042,F81C58658227493FDCEE6018750D2EF268F37C485640FA51B2CF41E9E1A1CB8E,M1_N3_L3_40Hz_202_wavelet_threshold.npy,0.043248698816089684,0.3296192133177383,0.0434698829815729,3,0.0,2.0,0.37286204693879554,0.40371587007583665
M1_N3_L3_40Hz,202,ssa_decomposition,1464.111,0746D19CFD76279CD691F408517F0092CD4A51C827652C4763BE2F5697D7168C,M1_N3_L3_40Hz_202_ssa_decomposition.npy,-0.7404654569083563,0.6152498383364416,1.3370441770410664,3,14.0,34.0,0.3803418602722729,0.4221602981167101
M1_N3_L3_40Hz,202,svd_lowrank,34.688,EBC6726E232CC5DDF8DE6D74DF8FB879F5547BBDEE2B57F0FA9E0A96BFFE23D5,M1_N3_L3_40Hz_202_svd_lowrank.npy,0.3911836821804361,0.3060623345207325,0.7823958584082416,3,0.0,0.0,0.3505537393134164,0.3686267126424138
M1_N3_L3_40Hz,303,fk_filter,0.879,40E4B9E0D85B18952CD3B2BBBC3CA363B795598236C6C4310BCB3C9D15E2E7C7,M1_N3_L3_40Hz_303_fk_filter.npy,13.443103245305215,0.01055945015423222,27.957867232169285,3,0.0,0.0,0.0032228089000000196,0.005803997917634248
M1_N3_L3_40Hz,303,fx_deconv,2.504,9EF7C258CC31DD34495B575013555549BA10D3C9D77E7114FF61FE03A6B56480,M1_N3_L3_40Hz_303_fx_deconv.npy,0.019441645134502854,0.24176668056522055,0.046372840660647556,3,0.0,0.0,0.24222476056636993,0.45487705001875234
M1_N3_L3_40Hz,303,wavelet_threshold,1.251,8DA93F4AA7CBA951C64AF224FE8CDE47DA9FCD636B043EDAA21012B47D35B0F8,M1_N3_L3_40Hz_303_wavelet_threshold.npy,0.0435868051272523,0.24074900313050215,0.04380921126779378,3,0.0,0.0,0.23869924503916348,0.44498005580264427
M1_N3_L3_40Hz,303,ssa_decomposition,1657.376,175F8398B8DBC55FF0D8A65D1ED0977BA07707E0DCBDE11190A771126DD95451,M1_N3_L3_40Hz_303_ssa_decomposition.npy,-0.8815562512412582,0.5721872531916474,1.247345125974121,3,2.0,4.0,0.40552523909584975,0.5599023884156976
M1_N3_L3_40Hz,303,svd_lowrank,15.138,4A44E69A56A3D7E29B8B558045915A52CC35EB21A2CC88CB2298D6C8BEB715DA,M1_N3_L3_40Hz_303_svd_lowrank.npy,0.38258391531362906,0.22479719859545916,0.7651885079513688,3,0.0,0.0,0.2245507175175556,0.4389578451463746
M1_N3_L3_40Hz,404,fk_filter,1.164,80F5185ED80860153A141D80719DCC7065F4EF9984841E1F988FBF7DE050D538,M1_N3_L3_40Hz_404_fk_filter.npy,14.04714316334301,0.009052681011301002,29.807575038996088,5,0.0,4.0,0.011924654401716708,0.013117874852445343
M1_N3_L3_40Hz,404,fx_deconv,2.474,292C6C23B5724D4EB85D547E6169AA680734122FC8D4FE7AC71CC0AC3DE9E380,M1_N3_L3_40Hz_404_fx_deconv.npy,0.014588508798958821,0.20158455356247248,0.03751504621093652,5,0.0,0.0,0.20472656210645754,0.3148986324873625
M1_N3_L3_40Hz,404,wavelet_threshold,1.054,DC0E65CAEFC4646F7F59465A81E8603507CFEAB8DD01AFC500860D791BAC727C,M1_N3_L3_40Hz_404_wavelet_threshold.npy,0.038731302231942016,0.20030009386191858,0.03892004543771716,5,0.0,0.0,0.20578106449885644,0.31039760197576793
M1_N3_L3_40Hz,404,ssa_decomposition,1624.998,006EF05E262BF9ACB398D25DF1CFE88F2981741B0798ADA33764092C55341087,M1_N3_L3_40Hz_404_ssa_decomposition.npy,-0.3805817102611849,0.403791676373665,1.2450229382146019,5,4.0,10.0,0.43396963976697595,0.4851292596419459
M1_N3_L3_40Hz,404,svd_lowrank,7.604,00041346CB7B912AAB5CC249F392A64F3118BD061643652D0ADA6EDC60137064,M1_N3_L3_40Hz_404_svd_lowrank.npy,0.42220409469761055,0.18305773258390656,0.8444589606289312,5,0.0,0.0,0.19724650258702045,0.29149001352646536
M1_N3_L3_40Hz,505,fk_filter,0.984,5B17D95BCDAADD5D2A2878D419E8C9E07B36EEDB165FB82F5FAAB13C23690E19,M1_N3_L3_40Hz_505_fk_filter.npy,12.470379418487553,0.013864837963087066,26.07028797584551,5,0.0,10.0,0.012849592001379698,0.02164338843735154
M1_N3_L3_40Hz,505,fx_deconv,1.939,B4D244021BD4DD4A1981CFE516E5B7765C8B0EC726E78DECBAA1185522E4BB53,M1_N3_L3_40Hz_505_fx_deconv.npy,0.0329639087740976,0.27657546275706735,0.0766149014856029,5,0.0,2.0000000000000036,0.3418619186149439,0.5533260212266107
M1_N3_L3_40Hz,505,wavelet_threshold,1.06,FA1C93A59B92B9ACD93C93349B3C5EDDB6AC81574AD29A0DE3CD3376813872A0,M1_N3_L3_40Hz_505_wavelet_threshold.npy,0.04219397406303533,0.2764226868104915,0.042412515713852544,5,0.0,0.0,0.3408647397156076,0.5562668821016403
M1_N3_L3_40Hz,505,ssa_decomposition,1646.74,096988C4DDDCCDAEB6563F91F05ACA435A1392E399BF2FD6DB7A84D7EF53AC31,M1_N3_L3_40Hz_505_ssa_decomposition.npy,-0.919662520757938,0.5621787432146853,0.7553120977235649,5,6.0,16.0,0.503042394876159,0.5917098368063355
M1_N3_L3_40Hz,505,svd_lowrank,6.718,FBA3D091BA38E858FE1ED1DF7E990B6E6815D057E5D89BA846A8BC326F4B3C61,M1_N3_L3_40Hz_505_svd_lowrank.npy,0.4426745948958535,0.2564303626146905,0.885504201378926,5,0.0,0.0,0.3268937354541303,0.5119767878163646
