config_id,seed,method,wall_time_ms,y_hat_sha256,y_hat_file,delta_snr_db,lsig,cna_db,n_event_windows,event_timing_median_ms,event_timing_max_ms,event_energy_median,event_energy_max
M1_N1_L1_15Hz,101,fk_filter,2.162,4F83F3717B022F13CE09C3A6AF8E9EB5E4538E8C8823F8D50D7C3BA5BDA26E6D,M1_N1_L1_15Hz_101_fk_filter.npy,0.8449909288425541,0.026677292162232365,,1,2.0,2.0,0.032353546835724674,0.032353546835724674
M1_N1_L1_15Hz,101,fx_deconv,2.851,E7C1793F1CAE9FDEA63E5522A2B0A9378FC7FACF53F105A096E31184C84DBDFB,M1_N1_L1_15Hz_101_fx_deconv.npy,6.98578735496891,0.006348595233000277,,1,0.0,0.0,0.0013557927075189828,0.0013557927075189828
M1_N1_L1_15Hz,101,wavelet_threshold,16.725,2BDAD678686E2FBB6455465B6A3057F2A69EBDE3AA7A99A5596F9E3A3A4CE453,M1_N1_L1_15Hz_101_wavelet_threshold.npy,2.455108545378476,0.018493868328871087,,1,2.0,2.0,0.022058063919772327,0.022058063919772327
M1_N1_L1_15Hz,101,ssa_decomposition,294.796,98D67AC0BEC1C519C92852F80EFD88FC6479666D68CEA80271BE14F6D5ED4540,M1_N1_L1_15Hz_101_ssa_decomposition.npy,4.115168694309881,0.013538856612084654,,1,2.0,2.0,0.002268125513451876,0.002268125513451876
M1_N1_L1_15Hz,101,svd_lowrank,24.555,EC0C633678259D4A7805D3A249E8CE0931D8DE9DCBD2125FF420D6172E108376,M1_N1_L1_15Hz_101_svd_lowrank.npy,3.983934595457171,0.012790772403137965,,1,0.0,0.0,0.02053438035419816,0.02053438035419816
M1_N1_L1_15Hz,202,fk_filter,1.332,7815FC797EE23BD1F82D23D1D71F6F19DC2B9FF0B749F27E6A7AC17FF753B635,M1_N1_L1_15Hz_202_fk_filter.npy,0.4655521894434269,0.031099348789984424,,2,1.0,2.0,0.02227262704201794,0.027439778895355423
M1_N1_L1_15Hz,202,fx_deconv,2.064,8D30305D75C6805E72D4FC02A70485C1A48F53BDAC5EBA63887C377EE64E2CB3,M1_N1_L1_15Hz_202_fx_deconv.npy,6.822813550574924,0.007126249030550412,,2,40.0,78.0,0.018118842529413638,0.0326208555120116
M1_N1_L1_15Hz,202,wavelet_threshold,1.157,4482543D02EA22DA4DFAB345480FB36FE01C44B8277094A60656799A9233B392,M1_N1_L1_15Hz_202_wavelet_threshold.npy,2.3937376026030144,0.019774615671051852,,2,1.0,2.0,0.008610633101937815,0.012542306133665231
M1_N1_L1_15Hz,202,ssa_decomposition,279.053,B4FBA352DD866729FFF7ACE14CF5F6C54CECDBD6F6ACAAACBBD9156ECD5AA176,M1_N1_L1_15Hz_202_ssa_decomposition.npy,3.7631432801479345,0.01593727372604276,,2,2.0,2.0,0.025162785801614695,0.039945525757607306
M1_N1_L1_15Hz,202,svd_lowrank,7.619,53B90135EB77BDC6E2720FB87F94CF661FFEE7CE4C9D212577389EA88184E628,M1_N1_L1_15Hz_202_svd_lowrank.npy,3.957317858269647,0.013000891954236048,,2,0.0,0.0,0.008458355910543194,0.011861850865827467
M1_N1_L1_15Hz,303,fk_filter,0.923,56C7F6149295632E18A03F67FB3BCD865DD6BDF09C5F0720A744D7FAA2AAA502,M1_N1_L1_15Hz_303_fk_filter.npy,0.5378947925928959,0.018941166656133334,,1,2.0,2.0,0.01547453861575969,0.01547453861575969
M1_N1_L1_15Hz,303,fx_deconv,2.029,46D857AB03334FFD9DE77D282728D9DCB64262872991D22C134FF4D187C0E0FD,M1_N1_L1_15Hz_303_fx_deconv.npy,6.839774452642525,0.004213970764845519,,1,2.0,2.0,0.011589131868505393,0.011589131868505393
M1_N1_L1_15Hz,303,wavelet_threshold,1.095,07AEADFE528A2B06DD6BC9F3B9A768DC1B98F8A4E47F7EA2FE791F4AF07A75A3,M1_N1_L1_15Hz_303_wavelet_threshold.npy,2.509304271636333,0.011251797108311583,,1,2.0,2.0,0.007464889423408781,0.007464889423408781
M1_N1_L1_15Hz,303,ssa_decomposition,209.68,801A5D8E7BA949FCC234E12A0DA0014006AAC01ECA88573B40B6C95F95B9F692,M1_N1_L1_15Hz_303_ssa_decomposition.npy,4.200616313267348,0.008594602770769502,,1,4.0,4.0,0.0030641652848416587,0.0030641652848416587
M1_N1_L1_15Hz,303,svd_lowrank,3.28,CF29C01D3CB390AD97DD16319ABD6E95CF2273BCDDDE0D28977183F3E090165D,M1_N1_L1_15Hz_303_svd_lowrank.npy,4.000925738999326,0.007960129540214142,,1,0.0,0.0,0.007415883066495373,0.007415883066495373
M1_N1_L1_15Hz,404,fk_filter,1.034,363C0A1685888DDF1C3F8F001117A6B1127DD8C7201841F837B881A2252726ED,M1_N1_L1_15Hz_404_fk_filter.npy,0.8487780218384025,0.02224213857077918,,2,0.0,0.0,0.02941043868004449,0.039907407966081776
M1_N1_L1_15Hz,404,fx_deconv,1.852,A043E3F3F740A9B83AD2DB81819B093D79D9B571C6BC24B63A685A4C373B21B0,M1_N1_L1_15Hz_404_fx_deconv.npy,7.0025297075379385,0.005590998632188333,,2,0.0,0.0,0.005557850790190482,0.006011857556792952
M1_N1_L1_15Hz,404,wavelet_threshold,1.062,6178F27EFC86523793B959B23B404A8CBCBCEC46AB173DB1E950C809F64B9575,M1_N1_L1_15Hz_404_wavelet_threshold.npy,2.4220243702247526,0.015826222526211863,,2,0.9999999999999929,1.9999999999999858,0.021740954584118996,0.028838395849326078
M1_N1_L1_15Hz,404,ssa_decomposition,290.636,7B393575F731D228E121C12650E5B63A3CDCF0E8E632F6AE16C8FCAB81186F4A,M1_N1_L1_15Hz_404_ssa_decomposition.npy,4.358189974534,0.010988538870669827,,2,0.0,0.0,0.003420106448868474,0.00674254306084766
M1_N1_L1_15Hz,404,svd_lowrank,3.411,C7C5E774FAD9E3C7028B093C2F6D940B8ECF50ACEE995D7A5EA870EF85CEBB32,M1_N1_L1_15Hz_404_svd_lowrank.npy,3.9582423754821416,0.011201380930193128,,2,0.0,0.0,0.01940725734203409,0.02633424344518939
M1_N1_L1_15Hz,505,fk_filter,0.895,A684C1D9A5B3B4F2A222082259EB9B56BC4567240D5A1924996660D5D8E39CFF,M1_N1_L1_15Hz_505_fk_filter.npy,0.599409338584973,0.019488163919125667,,1,7.999999999999993,7.999999999999993,0.0077780634269895964,0.0077780634269895964
M1_N1_L1_15Hz,505,fx_deconv,1.906,54ACD9F1339695109F3EF14A5F697083FE774A4A12C35C6382CABCD8244858D0,M1_N1_L1_15Hz_505_fx_deconv.npy,6.742275662622262,0.004573290611856899,,1,0.0,0.0,0.009502388625295122,0.009502388625295122
M1_N1_L1_15Hz,505,wavelet_threshold,1.045,AEB40822170BC6A3F4E2D9087475C9FF7180FB1C5C27AACA8A30B451B07846D4,M1_N1_L1_15Hz_505_wavelet_threshold.npy,2.44614494020567,0.012132525046479707,,1,0.0,0.0,0.007342350894215906,0.007342350894215906
M1_N1_L1_15Hz,505,ssa_decomposition,267.09,A8DC60EA121DE46BC3087B9D6976486159AEB1C3FBE73C1A27953A70CB9C391F,M1_N1_L1_15Hz_505_ssa_decomposition.npy,4.133312526898038,0.00855701273922398,,1,1.999999999999993,1.999999999999993,0.004614882793315534,0.004614882793315534
M1_N1_L1_15Hz,505,svd_lowrank,9.199,E9B27E96093014594AFD6C842628B5AC72DB8621C507EF8E0196B53019B1B93B,M1_N1_L1_15Hz_505_svd_lowrank.npy,3.886834710982182,0.00881891972513261,,1,4.000000000000007,4.000000000000007,0.00843872572703825,0.00843872572703825
M1_N1_L1_25Hz,101,fk_filter,0.865,DE257F2389A1A43B7FCD426FA2660713D06D06C36F2AB37041D1F6DFE8A828B1,M1_N1_L1_25Hz_101_fk_filter.npy,0.9815206360724424,0.014691497188336108,,2,0.0,0.0,0.016852001645902073,0.02035594828140625
M1_N1_L1_25Hz,101,fx_deconv,1.808,F563CDCA6CE6FD6189EA428386654F333C86847D0A93CBA29CE083129C438E58,M1_N1_L1_25Hz_101_fx_deconv.npy,5.932742737746095,0.0054579289328307535,,2,0.0,0.0,0.014651458718074332,0.0163520495806061
M1_N1_L1_25Hz,101,wavelet_threshold,1.18,A11C3CDE2751829AB5EAD00CF8090EBD8F9B98A21E101ABBCFD66145E7425CF1,M1_N1_L1_25Hz_101_wavelet_threshold.npy,2.3546476157812783,0.011391262482493133,,2,0.9999999999999964,1.999999999999993,0.008383359806668041,0.008815185763388352
M1_N1_L1_25Hz,101,ssa_decomposition,290.881,1CC44C3FD069A283434ABA192DF20F7F9A2319DC07ACA73E4EFB8BAD32485A3D,M1_N1_L1_25Hz_101_ssa_decomposition.npy,0.30845661776126576,0.04488923693324398,,2,15.000000000000007,24.000000000000014,0.08076423716280282,0.09366677149060755
M1_N1_L1_25Hz,101,svd_lowrank,33.498,3F74947D003E2EBD44640E21AB7403D101D00236FA30793C7FBB2289496DD8B8,M1_N1_L1_25Hz_101_svd_lowrank.npy,3.9735454674851365,0.007776203613960686,,2,0.0,0.0,0.009475164373142508,0.012147576731325964
M1_N1_L1_25Hz,202,fk_filter,1.09,C4D0A54FEC02FC59B55DB5596D619299E436C3F0AEEBB4C9A32C27639397C60A,M1_N1_L1_25Hz_202_fk_filter.npy,0.921580109926273,0.02386807713858548,,2,0.0,0.0,0.023342056942242544,0.04005864775544487
M1_N1_L1_25Hz,202,fx_deconv,1.816,16C4B955DACC0A361E5CAA59615E2CED8D7B72672161A79D426613C26BED54CC,M1_N1_L1_25Hz_202_fx_deconv.npy,5.896776623617283,0.007815521419873876,,2,0.0,0.0,0.01648149450781862,0.032526698191419526
M1_N1_L1_25Hz,202,wavelet_threshold,1.046,8866369E467576AF8C01BD2F97DDF1C2D3CFB0745557960E850076E0FB0FD5F2,M1_N1_L1_25Hz_202_wavelet_threshold.npy,2.2818380701028094,0.018257983894942067,,2,0.0,0.0,0.017979652409339363,0.020339550716300045
M1_N1_L1_25Hz,202,ssa_decomposition,263.254,5C2F4F002145A1CBAD174F3FD0A56A1EF09D5F0AED8E8E014A5EE0A11B7143FC,M1_N1_L1_25Hz_202_ssa_decomposition.npy,0.0675432985820752,0.05427187766057297,,2,24.0,48.0,0.10453199508340913,0.11630156893475771
M1_N1_L1_25Hz,202,svd_lowrank,7.255,F27D33DD6597BC790D219EA1DC975FE68BDEA86B15C7A34FDFCFB2F85F6E4820,M1_N1_L1_25Hz_202_svd_lowrank.npy,3.9510158723475257,0.01136564575283976,,2,0.0,0.0,0.015642206118143535,0.02604366093387487
M1_N1_L1_25Hz,303,fk_filter,1.054,02C66BA7D4DC3164769753367645B4FF2C1A9519F7EBCF2F081D175CB964588A,M1_N1_L1_25Hz_303_fk_filter.npy,0.8784655817900546,0.018440961574541007,,4,0.0,2.0,0.017145014923970917,0.026919300001879212
M1_N1_L1_25Hz,303,fx_deconv,5.067,0B12156A2AE996A40AA48BD2534D628F455DB5AD59A7B01BA91E48238C8401F5,M1_N1_L1_25Hz_303_fx_deconv.npy,5.925188416210606,0.005898750102174772,,4,0.0,2.0,0.023362666410710328,0.026827093862369696
M1_N1_L1_25Hz,303,wavelet_threshold,1.152,2AC32C4ED8AB0A513C9D4B0E7B3F6F58DC835B61A88C0443131889ACD3F71FB1,M1_N1_L1_25Hz_303_wavelet_threshold.npy,2.39562750399309,0.013786931024957063,,4,1.0,2.0,0.007619125516246798,0.009298747619598565
M1_N1_L1_25Hz,303,ssa_decomposition,1040.41,387F0FABEE99A9B4A7EC09F966443124022FF9D5AB3F898DB45B0C2857DBEE88,M1_N1_L1_25Hz_303_ssa_decomposition.npy,1.8386901504264177,0.020730201247106745,,4,1.9999999999999982,4.0000000000000036,0.07449616529920668,0.16312540666367478
M1_N1_L1_25Hz,303,svd_lowrank,7.428,4A85761080C0ABF1E4BC3DBEC45CA6D33369EACA828B1C8F76FE9FBFD2960D4C,M1_N1_L1_25Hz_303_svd_lowrank.npy,4.011668918721497,0.009304117409187383,,4,0.0,2.0,0.010626269889075023,0.014024382557240967
M1_N1_L1_25Hz,404,fk_filter,1.001,7717C389EEC225A176050CCCBCE569204E235820F2E7798D75019D2F3CDC8CBE,M1_N1_L1_25Hz_404_fk_filter.npy,0.962202816534381,0.020525592945507504,,3,0.0,0.0,0.03807497338155539,0.06744767977882811
M1_N1_L1_25Hz,404,fx_deconv,2.056,83DEB5BF5CDD350BAD8A057B09B2794478D51E10C31EFA4FA43C86BAB88CC5D4,M1_N1_L1_25Hz_404_fx_deconv.npy,5.995904294139704,0.006935220406479529,,3,0.0,0.0,0.008691344992345933,0.02521527275414927
M1_N1_L1_25Hz,404,wavelet_threshold,1.167,C94FEBAC0F435750C8607E997AA233C0ADF05F07F7AA34E8FCEA71BB98E8E939,M1_N1_L1_25Hz_404_wavelet_threshold.npy,2.3060016527334515,0.015896218162572192,,3,0.0,2.0000000000000036,0.0168369932971802,0.025996361731531692
M1_N1_L1_25Hz,404,ssa_decomposition,372.403,56F18050BE39C7151888AED9F250609D730759147180821F1352B215247A8363,M1_N1_L1_25Hz_404_ssa_decomposition.npy,-0.2418750045984357,0.05016475585439343,,3,2.0,2.000000000000007,0.1732973412345548,0.3769408842727611
M1_N1_L1_25Hz,404,svd_lowrank,3.743,C5820E16464906525081EC559B6BB75346E32A3F62F288EDF4DC847BBF8355A0,M1_N1_L1_25Hz_404_svd_lowrank.npy,3.9519759288057443,0.010536346749494234,,3,0.0,0.0,0.02900393191438998,0.040358904995504055
M1_N1_L1_25Hz,505,fk_filter,1.072,A9C5F8EE5A18F26621196E6012F5F85E147C5008441DF5F88EE56BD12C5EEFE6,M1_N1_L1_25Hz_505_fk_filter.npy,0.9695430770126681,0.018627826711560956,,4,0.0,4.0,0.015348743271039089,0.035606802515339805
M1_N1_L1_25Hz,505,fx_deconv,2.297,226B874581014FCCF15D80BDA76D396AE3E5BD64049B239C2B1145C0D89E7ECA,M1_N1_L1_25Hz_505_fx_deconv.npy,5.910611109966553,0.0064773994058526805,,4,2.0,4.0,0.021215934901272666,0.03286019164924588
M1_N1_L1_25Hz,505,wavelet_threshold,1.15,AB3AF595809B38EF775B7A04A883A2CD5420A7DDC783844ED895C2355A644FB1,M1_N1_L1_25Hz_505_wavelet_threshold.npy,2.353586189158017,0.014303673441581078,,4,0.0,4.0,0.007999451873856245,0.01835813628109939
M1_N1_L1_25Hz,505,ssa_decomposition,1685.131,4F7A5B584D2F5591A4F9C87588DF20F18C5B6C3B49D3C5E981C061667A1605F7,M1_N1_L1_25Hz_505_ssa_decomposition.npy,0.8047662871067232,0.033432399895523525,,4,6.999999999999998,8.0,0.16862901783091294,0.24208182869049194
M1_N1_L1_25Hz,505,svd_lowrank,13.785,163CE87CA8F3752913A9B315076E2C80EEE0C15A3ACB3EB096D8E01B126FD972,M1_N1_L1_25Hz_505_svd_lowrank.npy,3.874290100819401,0.009824735711909196,,4,0.0,4.0,0.0049749162648410755,0.022418080281687763
M1_N1_L1_40Hz,101,fk_filter,1.669,4DA8F32C0AA64F63F7B0097D67653E8E2E21A9DDF1B96C8A3667431CDE28A6A0,M1_N1_L1_40Hz_101_fk_filter.npy,0.5204824741678564,0.011116303448225243,,2,2.0000000000000018,2.0000000000000036,0.0031271849495955015,0.0043685979488690034
M1_N1_L1_40Hz,101,fx_deconv,5.019,BB8AE35DD343CA09E78A6590F530A7E2B1FA3CE2610825BE7670F82F6444C4BB,M1_N1_L1_40Hz_101_fx_deconv.npy,5.123528643758506,0.004179520524904429,,2,0.0,0.0,0.0398765780174996,0.04867514399894247
M1_N1_L1_40Hz,101,wavelet_threshold,2.184,47CBD2137D19ED0E8F0932B65B93DDC4DDBC757ABA54C2C0758BC9504867CEAC,M1_N1_L1_40Hz_101_wavelet_threshold.npy,2.190632973074777,0.008640101527285182,,2,0.0,0.0,0.018584471532211048,0.020166485571096016
M1_N1_L1_40Hz,101,ssa_decomposition,1920.803,76907517DBD03655B1401BE30861741083B1E3539D7A2BF0307B0D1232310D02,M1_N1_L1_40Hz_101_ssa_decomposition.npy,-4.836732795576391,0.14355492540864442,,2,9.0,16.0,0.4061148300997006,0.553677228151315
M1_N1_L1_40Hz,101,svd_lowrank,33.645,B423CF551CF6DE2B90CA589D112106911FEA80B3ED78D5DA4EDF9BF5B47AD327,M1_N1_L1_40Hz_101_svd_lowrank.npy,3.9674599352882147,0.00554425724697692,,2,0.0,0.0,0.0033191830468488467,0.004035358848757321
M1_N1_L1_40Hz,202,fk_filter,1.523,EBF504C34B6659432B1527401096BC89024D65E2A898C3E3ABC12C3490516112,M1_N1_L1_40Hz_202_fk_filter.npy,0.5411181288190949,0.028479664639569215,,3,0.0,0.0,0.013831446777692203,0.03730134310793746
M1_N1_L1_40Hz,202,fx_deconv,1.932,170CF9BF19BB17848B22FB44B5275DA27B3E43396871A70AF86DB93EBF58EBEB,M1_N1_L1_40Hz_202_fx_deconv.npy,5.211731392426611,0.009002300790412822,,3,0.0,0.0,0.02556471298150573,0.03494870265909355
M1_N1_L1_40Hz,202,wavelet_threshold,1.063,6B0A9867DBE76DEC55DF522F0039D99C464C459E35E82B558896858B1B98B85C,M1_N1_L1_40Hz_202_wavelet_threshold.npy,2.1780743920190133,0.018819107719478298,,3,2.0,60.0,0.024807426576622105,0.02501896206477659
M1_N1_L1_40Hz,202,ssa_decomposition,986.575,404079F2CFEC2AD8D2EBDCEE79C5166AB714C5A50753B1677D5EC08BA945841E,M1_N1_L1_40Hz_202_ssa_decomposition.npy,-2.5797620769704643,0.11103706118933492,,3,2.0,2.0,0.27097122190397044,0.3382470399846114
M1_N1_L1_40Hz,202,svd_lowrank,46.819,0A1CB5F194FFE903FDA64011DE8A064E99280D60256ACBEDF37174BB3A7A26C6,M1_N1_L1_40Hz_202_svd_lowrank.npy,3.9597059318572967,0.010411368590002924,,3,0.0,0.0,0.0035899311627971358,0.03362134869373447
M1_N1_L1_40Hz,303,fk_filter,1.02,7B1D80222566ABE876B2BF1E1147C9F2DCD608BA1F687E2D721373B36DEFC5A6,M1_N1_L1_40Hz_303_fk_filter.npy,0.6056642751749965,0.02078315583379886,,3,0.0,0.0,0.014709275837141563,0.0491673379182934
M1_N1_L1_40Hz,303,fx_deconv,1.957,9A9D84EA08B0E6FFFFC55D2D0A154FB96AE224DA58E4CEB3FCC4CE385EBB3458,M1_N1_L1_40Hz_303_fx_deconv.npy,5.095216381355129,0.006566557808134133,,3,0.0,0.0,0.01964656450219539,0.029019494266730266
M1_N1_L1_40Hz,303,wavelet_threshold,1.099,C3717B05ECDCC1BC9DEEB702831012940ABAE2794C32D412E95AD49CC1128867,M1_N1_L1_40Hz_303_wavelet_threshold.npy,2.224034877350535,0.01456862453325036,,3,0.0,1.9999999999999964,0.015196123002537877,0.019764316759186683
M1_N1_L1_40Hz,303,ssa_decomposition,1350.146,036A52C47641FB77E52D8D4533760ED5E66362BD6EBE4C27AFF94361EB16441D,M1_N1_L1_40Hz_303_ssa_decomposition.npy,-4.303690550982102,0.14776005628743763,,3,0.0,2.0,0.2297928419175698,0.4927973579384384
M1_N1_L1_40Hz,303,svd_lowrank,8.03,9662D57BBD3566BCB248E81BC6DDC22F92DB837DAC099D82287F15EC06F2A436,M1_N1_L1_40Hz_303_svd_lowrank.npy,4.0186445458958335,0.008847621125739875,,3,0.0,0.0,0.008225418428331877,0.02998564460875246
M1_N1_L1_40Hz,404,fk_filter,1.012,34305AB938189CBC815382985D2F775AEED2BB031B5CDFE46588FF8D10F7F58E,M1_N1_L1_40Hz_404_fk_filter.npy,0.5724656501519032,0.019830473624908907,,5,1.9999999999999964,4.0,0.03460829090483632,0.04456572534447291
M1_N1_L1_40Hz,404,fx_deconv,1.795,3DAF257567046DD72E4AC261709669DEA628321C2FC86F157F3AEF2F2F9AF9D3,M1_N1_L1_40Hz_404_fx_deconv.npy,5.148786031007694,0.006471432104867858,,5,0.0,1.9999999999999964,0.029828795043067565,0.05310522215128415
M1_N1_L1_40Hz,404,wavelet_threshold,1.024,3B86775D53EA9B9581E1BE7313F9C1F15BC5F42EDB9CD0B74D21FA958A6A7FF5,M1_N1_L1_40Hz_404_wavelet_threshold.npy,2.1750953201689036,0.013066865387352624,,5,2.0,4.0,0.009202336987156164,0.01949761647845845
M1_N1_L1_40Hz,404,ssa_decomposition,1326.193,DD378400FB052EC3430474FCFA9C6D1BA873DA8BA1FDFD49A7062770A6674115,M1_N1_L1_40Hz_404_ssa_decomposition.npy,-3.469483942576481,0.12220130513580929,,5,2.0,20.0,0.3238031412384556,0.440103670359463
M1_N1_L1_40Hz,404,svd_lowrank,26.51,34C21B6967A18424C76C7F9CCA2753AEAE09A1FE11B62608FEE79203800DC993,M1_N1_L1_40Hz_404_svd_lowrank.npy,3.947068952334636,0.00788787756541049,,5,0.0,1.9999999999999964,0.02826285893294508,0.03765917126804052
M1_N1_L1_40Hz,505,fk_filter,0.915,283E23243CDB3BCC4657F803AAEF97E9976D90EFD93B14EF5101137FF844009D,M1_N1_L1_40Hz_505_fk_filter.npy,0.5937416422547948,0.024709633932330523,,5,0.0,10.0,0.010954795764023804,0.02953030163901824
M1_N1_L1_40Hz,505,fx_deconv,4.894,679EA06B77F168582C1C5BB36C5ABF103401D0A4AF1CCFDDF48697F653D3DA4E,M1_N1_L1_40Hz_505_fx_deconv.npy,5.10117037665078,0.008190205991922179,,5,0.0,0.0,0.0250949317814389,0.030992582153437434
M1_N1_L1_40Hz,505,wavelet_threshold,1.262,ADA3ACE35D616FFBF92885F57F2B5A61E07C012E00F3A1B7D5913A12710A94B4,M1_N1_L1_40Hz_505_wavelet_threshold.npy,2.1754082139165973,0.016901239435481413,,5,0.0,2.0,0.021568224477814524,0.03430633251862942
M1_N1_L1_40Hz,505,ssa_decomposition,900.998,A92E9D69755A9561AAC89CDF3216984A665174D452E6C97FEF4765DE11F14479,M1_N1_L1_40Hz_505_ssa_decomposition.npy,-3.492248141153052,0.13289898709431067,,5,2.0000000000000036,14.0,0.3072657767467637,0.5052767360015126
M1_N1_L1_40Hz,505,svd_lowrank,6.791,C58B08458FA986184E3BD1C89D964C848E39AA75BE85CEA897F03D24C3A75D27,M1_N1_L1_40Hz_505_svd_lowrank.npy,3.8845169152729415,0.01070956464119346,,5,0.0,0.0,0.007235183169905235,0.023183986378063078
M1_N1_L2_15Hz,101,fk_filter,0.823,3C538CB9B83820E700FC375AEA58F4C087B3C9D7F2E9C01624F285315FB5399B,M1_N1_L2_15Hz_101_fk_filter.npy,0.9559614108458252,0.10190176337118993,,1,2.0,2.0,0.11533258729067619,0.11533258729067619
M1_N1_L2_15Hz,101,fx_deconv,1.993,34E5B4343D2423DEB6B630F5E595C600165A242AF08999593E22FE86B320A051,M1_N1_L2_15Hz_101_fx_deconv.npy,7.258646413120426,0.024192842841170716,,1,1.999999999999993,1.999999999999993,0.013120928924451221,0.013120928924451221
M1_N1_L2_15Hz,101,wavelet_threshold,1.218,66C45A554A3C424F958285DCCDFBEA4FD8226554EA9A678210B33D36570EB03F,M1_N1_L2_15Hz_101_wavelet_threshold.npy,2.4795068383793524,0.07291289345793,,1,2.0,2.0,0.08084841812708272,0.08084841812708272
M1_N1_L2_15Hz,101,ssa_decomposition,1249.773,48C9884755BDFE2D145F29059C87653E3630E755077BF72CDA48B55EBC52CD2D,M1_N1_L2_15Hz_101_ssa_decomposition.npy,4.169962130075479,0.051654088882434814,,1,2.0,2.0,0.03312089111063613,0.03312089111063613
M1_N1_L2_15Hz,101,svd_lowrank,7.883,753EF43ED1FD1591E2F3581E029D7BC281196EB5C826CAE706FC7B74CEC9C8FD,M1_N1_L2_15Hz_101_svd_lowrank.npy,0.9061681634191228,0.10311592831581019,,1,2.0,2.0,0.11856304964650684,0.11856304964650684
M1_N1_L2_15Hz,202,fk_filter,0.879,83EE34BBB9E3702BF30F4B0851AE081B128945467CE693D6C8EB0956885F2F70,M1_N1_L2_15Hz_202_fk_filter.npy,0.8236002703859775,0.11236177041558636,,2,1.0,2.0,0.0910590755403611,0.10052147403591277
M1_N1_L2_15Hz,202,fx_deconv,4.384,9CBB4B0D9E9E3EE3624E83A88E51525D56A06512AE5272AAD9435339B786AEDD,M1_N1_L2_15Hz_202_fx_deconv.npy,7.091288456966089,0.02772959886275444,,2,2.0,2.0,0.04690403864568112,0.07256412469207543
M1_N1_L2_15Hz,202,wavelet_threshold,1.383,383A2B3F2A11012CD87D69DBEBF5045133B06B5C48F65DB2CFD610404A63B6B9,M1_N1_L2_15Hz_202_wavelet_threshold.npy,2.420996346394486,0.07794286530421238,,2,1.0,2.0,0.0458101721692596,0.056030289636844866
M1_N1_L2_15Hz,202,ssa_decomposition,298.445,8D15C01DA150E01BF4862D841E5C8B985A52B6D0CB7E2E41753EFF99E5EB6D2C,M1_N1_L2_15Hz_202_ssa_decomposition.npy,4.065130592366918,0.05611706723996577,,2,1.0,2.0,0.017687476180431788,0.025824352018153335
M1_N1_L2_15Hz,202,svd_lowrank,7.251,2A84C9AA95EC12A00D5DF96D8C4F7DD86D88BBC451D7E407197111B1D3CEC96A,M1_N1_L2_15Hz_202_svd_lowrank.npy,0.8440543019470326,0.1095109218663709,,2,1.0,2.0,0.08690394146526506,0.08857519980050071
M1_N1_L2_15Hz,303,fk_filter,0.842,E82AEB86059B71549F08B74ED219D16CC2E8E2E626BD83AEBA4F3AF6F282D9E8,M1_N1_L2_15Hz_303_fk_filter.npy,0.8129048716677207,0.06548949805771016,,1,2.0,2.0,0.06140511323808532,0.06140511323808532
M1_N1_L2_15Hz,303,fx_deconv,1.972,282AE57C8BB9084C7FA31DABDE1388FD8970749C49B051F0866B189489B66CAF,M1_N1_L2_15Hz_303_fx_deconv.npy,7.104558349089052,0.016453097497223616,,1,2.0,2.0,0.0382964820452506,0.0382964820452506
M1_N1_L2_15Hz,303,wavelet_threshold,1.157,5C007521F03D56C21197F6F1A22024F3CF3994199988043747D67B1AA225F0B0,M1_N1_L2_15Hz_303_wavelet_threshold.npy,2.5303275432293066,0.04434298611336787,,1,4.0,4.0,0.0371699827896634,0.0371699827896634
M1_N1_L2_15Hz,303,ssa_decomposition,550.946,66D47B2E2DAA6F2A9BAB43DE5A83ADB8F46DC479D490D3AF31B7AD555E7CD28D,M1_N1_L2_15Hz_303_ssa_decomposition.npy,3.8428785625768533,0.03574871548927833,,1,6.0,6.0,0.008726284435509685,0.008726284435509685
M1_N1_L2_15Hz,303,svd_lowrank,10.024,8A26990C5D2246CA2974E3F30493C7AA3E96F1E063C5ACE16621C810E3F9F7CE,M1_N1_L2_15Hz_303_svd_lowrank.npy,0.8998631356497668,0.06300642983047673,,1,0.0,0.0,0.062037800493912484,0.062037800493912484
M1_N1_L2_15Hz,404,fk_filter,0.828,BFCA837CAEE3FDBABCB8F31397AFBF44D256836D4CC027D8735C0598A4C04816,M1_N1_L2_15Hz_404_fk_filter.npy,0.944557467603607,0.08623425605788802,,2,0.0,0.0,0.10879474854654086,0.13904907594826982
M1_N1_L2_15Hz,404,fx_deconv,1.726,F8233D312535F5049409064C1A53CE12F0D75F71C531E1842B6E7CF3E65E0BD1,M1_N1_L2_15Hz_404_fx_deconv.npy,7.252705369103985,0.021668830325786457,,2,1.999999999999993,3.999999999999986,0.016027842343475134,0.02517908390828477
M1_N1_L2_15Hz,404,wavelet_threshold,1.16,5128E77A88847355C72E7CA016A78C92A5487ABC122D5566DDB0C375D3813D36,M1_N1_L2_15Hz_404_wavelet_threshold.npy,2.458554801746714,0.06196443767409059,,2,0.9999999999999929,1.9999999999999858,0.07864656184587727,0.09993039326387655
M1_N1_L2_15Hz,404,ssa_decomposition,1593.861,65AB9578F0F10F6782B6DE4752091B5F0F2A8B7B4FDCAC2D5B27614BB5645201,M1_N1_L2_15Hz_404_ssa_decomposition.npy,4.092896764868117,0.04516371073541556,,2,0.9999999999999929,1.9999999999999858,0.022606757337836205,0.028549637325233183
M1_N1_L2_15Hz,404,svd_lowrank,37.683,CC08879D43C9AF3E0363F877638922CED7F946E17C2BD759EEF9F37BA33BF2B7,M1_N1_L2_15Hz_404_svd_lowrank.npy,0.8830862781711453,0.08832566086364231,,2,0.0,0.0,0.11362278864053998,0.1432757488654736
M1_N1_L2_15Hz,505,fk_filter,1.071,C461064C76C668D0BF4C7948A0CD8835131FD2F866A326E4F1933735E7FA89E0,M1_N1_L2_15Hz_505_fk_filter.npy,0.8932134736350203,0.06953375100345255,,1,9.999999999999993,9.999999999999993,0.057514204435164286,0.057514204435164286
M1_N1_L2_15Hz,505,fx_deconv,2.133,F45A50C4D7EF6C7EE2C224198D9EE5A2E4FB66C5CD9B0E65FB50172FE7B4BBE2,M1_N1_L2_15Hz_505_fx_deconv.npy,6.9917158718526675,0.01773495892612062,,1,4.000000000000007,4.000000000000007,0.03294621474239395,0.03294621474239395
M1_N1_L2_15Hz,505,wavelet_threshold,1.386,492EA351E1A339D2EA01888CB9B7C4E9C9090F059A15B81734F9841415227F3F,M1_N1_L2_15Hz_505_wavelet_threshold.npy,2.4692703940194054,0.04788867939633835,,1,0.0,0.0,0.03876440159712432,0.03876440159712432
M1_N1_L2_15Hz,505,ssa_decomposition,1468.055,8C58B40FC4979C7CB0D6BCEC007CBE17114A14630D5DED6D2269387742B70A63,M1_N1_L2_15Hz_505_ssa_decomposition.npy,4.011964628067673,0.034759926247672476,,1,3.999999999999993,3.999999999999993,0.0022886683734106438,0.0022886683734106438
M1_N1_L2_15Hz,505,svd_lowrank,43.405,493C1E06D0584AB2C3426CE8396E7EADC4FBB759CBCC4C618C73ED3BBAF44F8B,M1_N1_L2_15Hz_505_svd_lowrank.npy,0.8727972912747095,0.06716394742261937,,1,4.000000000000007,4.000000000000007,0.06645472000283618,0.06645472000283618
M1_N1_L2_25Hz,101,fk_filter,0.973,0264F41EF82045BE71CED41925FF7011457382440349203DFEC9846C7BE299CC,M1_N1_L2_25Hz_101_fk_filter.npy,0.9905700799336499,0.05851648106581315,,2,0.0,0.0,0.06373916133077567,0.07596336416583864
M1_N1_L2_25Hz,101,fx_deconv,1.979,CA7F522F92E4BD34713B882BAD412CFDBFA6E19C7B742EBC150025FD67FC93AA,M1_N1_L2_25Hz_101_fx_deconv.npy,6.335380158268221,0.02085071742939447,,2,1.0,2.0,0.045529351994399475,0.054638643067795506
M1_N1_L2_25Hz,101,wavelet_threshold,1.274,2AD7B30134AF96DC14A066399E12FCF2B737C7CF36677CA9D1F4A0639768C288,M1_N1_L2_25Hz_101_wavelet_threshold.npy,2.4003997605822747,0.04434371718997234,,2,0.9999999999999964,1.999999999999993,0.022882093507843388,0.04392622641096537
M1_N1_L2_25Hz,101,ssa_decomposition,1925.869,BDE43FFAAD7ED5D62A74BD5AAFB89ED214EE3489A4255DF72CC344F67854E67F,M1_N1_L2_25Hz_101_ssa_decomposition.npy,2.7580554462476092,0.06722037663117028,,2,15.000000000000007,24.000000000000014,0.058210744256385755,0.06106101744161663
M1_N1_L2_25Hz,101,svd_lowrank,6.966,9DD4C6411AA079C77D29188324C8E110D0EC8988683B1736BDB6E7FFC46231EF,M1_N1_L2_25Hz_101_svd_lowrank.npy,0.9002605197789739,0.05998350752810548,,2,0.0,0.0,0.06542472471750542,0.0802087657758212
M1_N1_L2_25Hz,202,fk_filter,0.827,2FCA8D95FB20176D393D0B5A3006581667D618B0692371A794694A18A096427E,M1_N1_L2_25Hz_202_fk_filter.npy,0.9427458726366718,0.09486669010599391,,2,0.0,0.0,0.1002324188553222,0.14520975839472594
M1_N1_L2_25Hz,202,fx_deconv,1.808,A9126176192A6EA590D7901EEEF1BD7DF722745406E34D20676740874CD768BA,M1_N1_L2_25Hz_202_fx_deconv.npy,6.3017241328966,0.02935823171709455,,2,0.0,0.0,0.050178556616500426,0.08496066565411398
M1_N1_L2_25Hz,202,wavelet_threshold,1.215,698E6054DC15E56804F78CB4693CEE8BEFDC87F6719A86F083477F56606A9653,M1_N1_L2_25Hz_202_wavelet_threshold.npy,2.332201298055759,0.07117737174357704,,2,0.0,0.0,0.043197826283827165,0.07856586891967045
M1_N1_L2_25Hz,202,ssa_decomposition,1215.688,468EFDF809C5FFB6BC5FCCF33BDF31FBB36A54ED97FC11DAA641E2CE92954EBB,M1_N1_L2_25Hz_202_ssa_decomposition.npy,2.73600934165405,0.08659750150413525,,2,25.0,48.0,0.07908455337565004,0.101772306097692
M1_N1_L2_25Hz,202,svd_lowrank,8.114,A1B5B1526057467324FD50968F93C2FF6BE3B55ED1F0DACC57BC4C1E7E85E74B,M1_N1_L2_25Hz_202_svd_lowrank.npy,0.8455447321008682,0.09480507416197427,,2,0.0,0.0,0.10088537430615832,0.14695583919303426
M1_N1_L2_25Hz,303,fk_filter,0.836,E15FACD5C59873DBC88A9C175A3A253F2F86A01EF3818901FAA946A66A245824,M1_N1_L2_25Hz_303_fk_filter.npy,0.9010361889959793,0.0729053461091703,,4,1.0,2.0,0.0984714257378074,0.11506707015240976
M1_N1_L2_25Hz,303,fx_deconv,4.805,2063675076D12C3F2E663814EA2DBF905FCAF9E26A1DD5B843305E07F5A3BB30,M1_N1_L2_25Hz_303_fx_deconv.npy,6.389000522314873,0.021705699398251923,,4,1.0,2.0,0.060151916126051294,0.07335875677320766
M1_N1_L2_25Hz,303,wavelet_threshold,1.161,BF48CACD66FA4BBD7EC8BADE21406E4AEE7CCF9781B749862832BE707AA5FC0B,M1_N1_L2_25Hz_303_wavelet_threshold.npy,2.462490148739489,0.053315999151241404,,4,1.0,2.0,0.02875270785836353,0.058563048560177355
M1_N1_L2_25Hz,303,ssa_decomposition,1832.34,C1BD19FA2D3534B2A314B059367D5EB74F3A9F2EE794452C1896196D02290AB4,M1_N1_L2_25Hz_303_ssa_decomposition.npy,3.463499536528065,0.04770746021443279,,4,1.0,4.0000000000000036,0.04096885221320196,0.12737604743862715
M1_N1_L2_25Hz,303,svd_lowrank,40.616,B22F6CE5C266E934C2CAB00748201855A103192DE8F823389FBF2141D5CE77BF,M1_N1_L2_25Hz_303_svd_lowrank.npy,0.9022698604467623,0.0734466996581406,,4,0.0,2.0,0.10973665871231797,0.11599911841898178
M1_N1_L2_25Hz,404,fk_filter,0.93,01A4AF5F0C35E29458E694D42D6F6D19E4C26D079AC0E50BAC3CDFF0FC28DBD0,M1_N1_L2_25Hz_404_fk_filter.npy,0.9732653833769485,0.08181779946457132,,3,0.0,0.0,0.1096617971222593,0.2238281133489404
M1_N1_L2_25Hz,404,fx_deconv,1.958,D46D35207147DF23D92D949A6D64942B080D1E8CED842F9DB10C84CD043537CA,M1_N1_L2_25Hz_404_fx_deconv.npy,6.362035618806762,0.025920254430611647,,3,0.0,0.0,0.03862141238228913,0.06866609674211392
M1_N1_L2_25Hz,404,wavelet_threshold,1.307,27B4B8108D24EA5EA2353BCC7FA50E0A8A78F1BB9B9765EBFAD0C8C29D39F0AC,M1_N1_L2_25Hz_404_wavelet_threshold.npy,2.356894234026961,0.06206997041153286,,3,2.0,4.0,0.07704468265614972,0.10463176265840819
M1_N1_L2_25Hz,404,ssa_decomposition,573.07,83FEB7C5536E3E0A2748314D7A9077AE15EBC8978DFD84884504AC2C3BC75D27,M1_N1_L2_25Hz_404_ssa_decomposition.npy,2.52501237622514,0.08233223531965186,,3,2.0,2.000000000000007,0.1403428873680888,0.2630222854159989
M1_N1_L2_25Hz,404,svd_lowrank,34.942,20F735BD9B42032547DD287A6788BFCB27BE0F7EDDC9B33B92F55312D83B7C23,M1_N1_L2_25Hz_404_svd_lowrank.npy,0.8818291123180719,0.08413090579958794,,3,0.0,0.0,0.11031277931238644,0.22250274479187412
M1_N1_L2_25Hz,505,fk_filter,0.954,5FBB475A7B1AFEC21AE084AB2AAA7152E62A791F6141D7FC67E0360E208DD2E7,M1_N1_L2_25Hz_505_fk_filter.npy,0.9891740914796499,0.07415094871562469,,4,0.0,4.0,0.08964178667996775,0.1205347050312081
M1_N1_L2_25Hz,505,fx_deconv,2.06,BF02E79641491910C8F488147700EFFEBCD6209F2B0E42FD5A48FC566D4CFF2A,M1_N1_L2_25Hz_505_fx_deconv.npy,6.2870178791066405,0.0247245676177294,,4,2.9999999999999982,4.0,0.06862304263963148,0.09017941110411426
M1_N1_L2_25Hz,505,wavelet_threshold,2.132,7BCCB0A0BED4CD5D1C80A3E22917DA1A8773504C973FCC1E7CFFB8036D105D10,M1_N1_L2_25Hz_505_wavelet_threshold.npy,2.409815524981833,0.055874399732904,,4,2.0,4.0,0.018669104329600117,0.05275458947422674
M1_N1_L2_25Hz,505,ssa_decomposition,1668.892,94EE40B65A288F5EBC04829C71BE97EC90B90A41FBFB08DD3ECA7FAA7B3FB634,M1_N1_L2_25Hz_505_ssa_decomposition.npy,3.026363055626951,0.061561108184368704,,4,4.999999999999998,8.0,0.1168337567870239,0.22661483508372673
M1_N1_L2_25Hz,505,svd_lowrank,38.19,1F7D5BA7B1B9C558D7F1096B713B01160AE084364CDE516D97E12E6130E19AD5,M1_N1_L2_25Hz_505_svd_lowrank.npy,0.8670193333994662,0.07603461248184393,,4,0.0,4.0,0.0941379569557349,0.12226444443886303
M1_N1_L2_40Hz,101,fk_filter,0.857,6F4D51C28EBB0A1CA639A53D4AAC2E0A44D06F33B75C2EC98A41FB22D740127C,M1_N1_L2_40Hz_101_fk_filter.npy,0.8703948317973769,0.040944026073263584,,2,2.0000000000000018,2.0000000000000036,0.02491230745472174,0.035917205996704935
M1_N1_L2_40Hz,101,fx_deconv,4.605,BAF1DE9ACCE17B18213544E1850599508CFE0807DD524941A8FE385C194FD309,M1_N1_L2_40Hz_101_fx_deconv.npy,5.493285477259807,0.01870004734357473,,2,0.0,0.0,0.12131969518693626,0.1432807297351359
M1_N1_L2_40Hz,101,wavelet_threshold,1.11,1D7ECF2E3EB8EFE0F9F52FEB4D34202182B01E581E2473ABE57FEDF189BE7E31,M1_N1_L2_40Hz_101_wavelet_threshold.npy,2.2796916994589083,0.03347603090907342,,2,1.0,2.0,0.016881996462121462,0.026355302920693883
M1_N1_L2_40Hz,101,ssa_decomposition,1246.798,DB7D64CD2DDAA2455592DF29A90CB92DCB6FEC0392AC9388367292AE04AA4B48,M1_N1_L2_40Hz_101_ssa_decomposition.npy,-0.3112939857414343,0.1624854861391383,,2,2.0,2.0,0.40231752620347727,0.5246586830661281
M1_N1_L2_40Hz,101,svd_lowrank,6.133,E7CAD31CE23B7CAC53900B216E9864B1764FAD2DE7261CC7385D67713389539D,M1_N1_L2_40Hz_101_svd_lowrank.npy,0.900040941381409,0.04202070867339021,,2,0.0,0.0,0.03600832486850282,0.05572902382128189
M1_N1_L2_40Hz,202,fk_filter,0.896,950CCD19BA58AD84807B2B8C57377BBF87F5888C246C9FE76E9EBACF6AE378B8,M1_N1_L2_40Hz_202_fk_filter.npy,0.843985562995698,0.09678531369752254,,3,0.0,2.0,0.08162451939358667,0.14913029594164237
M1_N1_L2_40Hz,202,fx_deconv,1.835,E7A5FF56D36516CF5440B51B195F5E3FC9B359A7573816671925D57AF315DB00,M1_N1_L2_40Hz_202_fx_deconv.npy,5.657116863414254,0.034676553610222594,,3,0.0,2.0,0.07674509149918503,0.10009300755986267
M1_N1_L2_40Hz,202,wavelet_threshold,1.406,E8D4D8734109CD136460857F8AE301BE68731665DF163FDED44975B14E469CD6,M1_N1_L2_40Hz_202_wavelet_threshold.npy,2.2559429881349216,0.07207699600015192,,3,2.0,60.0,0.02245935774592776,0.05544260389175233
M1_N1_L2_40Hz,202,ssa_decomposition,283.711,57572516AFA330E1F41BE87B7107A301ED8ABB0E80BD81A8793F70733B7BB2F7,M1_N1_L2_40Hz_202_ssa_decomposition.npy,1.2052878024852935,0.14908526007287637,,3,0.0,2.0,0.23664966241710989,0.2615222331165959
M1_N1_L2_40Hz,202,svd_lowrank,5.44,AE03712B0A548491BC99EA9B6FD64EA5DF6993A3E90E2A0AD527C1FCFB1932B0,M1_N1_L2_40Hz_202_svd_lowrank.npy,0.906578810538357,0.08927723442838084,,3,0.0,0.0,0.08334354039373491,0.15912022387996524
M1_N1_L2_40Hz,303,fk_filter,0.921,22FD7598EC2538355ECD9886F5C14EAE56DDF903D1B4C9710CBC17DC2D2E59AC,M1_N1_L2_40Hz_303_fk_filter.npy,0.8308517183156852,0.07256150704222364,,3,0.0,0.0,0.06716519510330513,0.1515572586269147
M1_N1_L2_40Hz,303,fx_deconv,2.07,FDF73A0CB3FA90E9AD09FD1EB0FB210583E1C214D049007E6896FB506740DCA1,M1_N1_L2_40Hz_303_fx_deconv.npy,5.461925204431868,0.025424218212299197,,3,0.0,0.0,0.07566183334226055,0.09504100435842418
M1_N1_L2_40Hz,303,wavelet_threshold,2.297,ED823BA0187331327B6B56B093CC785D5C8E995A312CF42C9CF2BC66156B5885,M1_N1_L2_40Hz_303_wavelet_threshold.npy,2.3209543654097553,0.05558912763607544,,3,0.0,1.9999999999999964,0.008888045823597566,0.05657240190861041
M1_N1_L2_40Hz,303,ssa_decomposition,1841.798,7DCD446E071335777AF7FAAF71D630991016E8B1AE1C7AAB0E2B3B9413809ACA,M1_N1_L2_40Hz_303_ssa_decomposition.npy,0.1199994628072627,0.1739507804891191,,3,0.0,2.0,0.21284307568371666,0.45560286354677193
M1_N1_L2_40Hz,303,svd_lowrank,26.682,8F4FAFD5C9F424E01F1C0ABDE9F904186E87992858B4AE478A11ADCFDD13598C,M1_N1_L2_40Hz_303_svd_lowrank.npy,0.9047320777503556,0.0705472536417546,,3,0.0,0.0,0.07187168482498815,0.15352481680958568
M1_N1_L2_40Hz,404,fk_filter,0.927,F1CB2EC9171D4D866B0DC355B450FE575D5C75A920E378C4C925F5EE5EB39ECC,M1_N1_L2_40Hz_404_fk_filter.npy,0.8722494042078477,0.0670778810192466,,5,1.9999999999999964,4.0,0.09992615319141333,0.13095931046828202
M1_N1_L2_40Hz,404,fx_deconv,4.923,39F32F518CCBF3979892E4C268A24A3D9A510DB5EFCFB8382D7DDFBC44404E5C,M1_N1_L2_40Hz_404_fx_deconv.npy,5.614911206560861,0.02599449388349285,,5,0.0,1.9999999999999964,0.08166161677741968,0.15553122972821337
M1_N1_L2_40Hz,404,wavelet_threshold,1.326,7F3EEA976CB2F91D7C6567F6AF99FCF45BE0E56574510B88AF9B799460FCFFD1,M1_N1_L2_40Hz_404_wavelet_threshold.npy,2.2522540127832142,0.0502308228154065,,5,2.0,4.0,0.037384217293969006,0.058862394591822
M1_N1_L2_40Hz,404,ssa_decomposition,1177.464,CF6D087F85B4C25294E25AB4493FA4955B15A4B1C1EDA23A6B376F36C5C9B1AE,M1_N1_L2_40Hz_404_ssa_decomposition.npy,0.730968800121933,0.13998557718104077,,5,2.0,4.0,0.28960588396909986,0.4152188406015464
M1_N1_L2_40Hz,404,svd_lowrank,10.656,9923B13E6F6E323D0F42F154A7D3C3B30DFDCA6C6FF3DCDE19265694564C3FF7,M1_N1_L2_40Hz_404_svd_lowrank.npy,0.8831639374082156,0.06376453412357824,,5,0.0,1.9999999999999964,0.10141267147601707,0.1319764044434886
M1_N1_L2_40Hz,505,fk_filter,0.816,4819FBA6651F05C471B1FB00CBA67B46AF617C45D7F18B8AE2130D01AD81B27C,M1_N1_L2_40Hz_505_fk_filter.npy,0.891696651814633,0.08471514001537543,,5,0.0,14.0,0.10371961550321813,0.11778580647178694
M1_N1_L2_40Hz,505,fx_deconv,2.01,0AA1DACF89BE4C5F3139B13E9E193DAE0568CB5EF066CF1896737B935907A805,M1_N1_L2_40Hz_505_fx_deconv.npy,5.468474683908261,0.0325007393252875,,5,0.0,2.0000000000000036,0.0732299892818974,0.0954754553263602
M1_N1_L2_40Hz,505,wavelet_threshold,1.166,71D56B8651812DF52335C0EAF07C8306E8782CB30310DECD638B566F02E1EF58,M1_N1_L2_40Hz_505_wavelet_threshold.npy,2.2701044798483103,0.06489722070746042,,5,0.0,2.0,0.0009755936450485574,0.02628063134205859
M1_N1_L2_40Hz,505,ssa_decomposition,1998.413,6DF42750AD9A0E6B77AD563B4281C1F64376989E7EF731BC7F1529FF2BAB78F2,M1_N1_L2_40Hz_505_ssa_decomposition.npy,0.6544086549879644,0.16705352865679293,,5,2.0000000000000036,14.0,0.26036459434625625,0.40838372335878903
M1_N1_L2_40Hz,505,svd_lowrank,20.682,3FCD5F9037FC4B7A473924B66AA85747E7FA2DAB799357DAA2EABCA527D27875,M1_N1_L2_40Hz_505_svd_lowrank.npy,0.8695458460976138,0.0833062761692919,,5,0.0,6.0,0.10980327539648606,0.15124982232503573
M1_N1_L3_15Hz,101,fk_filter,0.842,000AF6160A97B086DF20022CE071B6EA53C22E14F92F5FFD9216FD72D01B17A2,M1_N1_L3_15Hz_101_fk_filter.npy,0.9800066020666657,0.28016335888417504,,1,2.0,2.0,0.3039336084649867,0.3039336084649867
M1_N1_L3_15Hz,101,fx_deconv,5.956,C7C6DB6F9706FFFD62DAB5C33851A5105ADF1A47E3FD8526B0082983CB1E38BE,M1_N1_L3_15Hz_101_fx_deconv.npy,7.531235924552861,0.06470683640718367,,1,4.0,4.0,0.0308260566766709,0.0308260566766709
M1_N1_L3_15Hz,101,wavelet_threshold,2.504,7DB47042CCE929F0D930907FA00E8F533C791C39568547525BE5A5899C609CE9,M1_N1_L3_15Hz_101_wavelet_threshold.npy,2.4938355735457542,0.20086633325467176,,1,0.0,0.0,0.21543174278645524,0.21543174278645524
M1_N1_L3_15Hz,101,ssa_decomposition,1475.448,24DA9110BB403BA168EDAB56B5CEDF079A0F565022A1B80B4FF3F8693BC3DDDD,M1_N1_L3_15Hz_101_ssa_decomposition.npy,3.8136580184744657,0.15810872677972068,,1,2.0,2.0,0.10251162385561788,0.10251162385561788
M1_N1_L3_15Hz,101,svd_lowrank,24.472,F39F67E5E57AB402D13DBBBD43CC10CB21FC4EA783699696A32C1E84610FB882,M1_N1_L3_15Hz_101_svd_lowrank.npy,0.44547323471758576,0.31630059584844183,,1,2.0,2.0,0.3422110739465836,0.3422110739465836
M1_N1_L3_15Hz,202,fk_filter,1.115,724892E42418D18854D3C13C143FE932082A1F24EED191DAA94FA08D4E4F2760,M1_N1_L3_15Hz_202_fk_filter.npy,0.9039597732246742,0.3050716494755186,,2,1.9999999999999964,3.999999999999993,0.26366250078909237,0.2943423217174479
M1_N1_L3_15Hz,202,fx_deconv,1.799,C518EC3310C3685D20D83DBB6E7B833F8543C0ADF681FC02722C9BDA97DB2818,M1_N1_L3_15Hz_202_fx_deconv.npy,7.325244447627243,0.07545718481196846,,2,3.0,4.0,0.09175998313179207,0.12458916667673321
M1_N1_L3_15Hz,202,wavelet_threshold,4.231,5D75DE041374C1B3FB1214E27F469533F4951B98BC9E24C9B76D60BB28CB958E,M1_N1_L3_15Hz_202_wavelet_threshold.npy,2.438952534547628,0.2140475227257757,,2,42.0,80.0,0.15949452780338386,0.1610423026722485
M1_N1_L3_15Hz,202,ssa_decomposition,1463.066,B755061369F05EF78B443AB8BE116F6ADCE25395EC4F8D1882DF93515E518E58,M1_N1_L3_15Hz_202_ssa_decomposition.npy,3.8866819811667686,0.1636174410067243,,2,2.0,2.0,0.038545025188695556,0.05681599738000631
M1_N1_L3_15Hz,202,svd_lowrank,10.206,84DEB74B40E9344F86ED9DBEBC274C132C9B6032E92B8B1887C6F8D2B306975B,M1_N1_L3_15Hz_202_svd_lowrank.npy,0.41338281473797445,0.33854805910005853,,2,41.0,78.0,0.295364167166941,0.3175341846037353
M1_N1_L3_15Hz,303,fk_filter,0.819,D863D5EA2BADA123927941999BF53087C4F0E95D4CA4DC7ADA05C4780436486B,M1_N1_L3_15Hz_303_fk_filter.npy,0.873897373580444,0.17591908326560263,,1,2.0,2.0,0.1710110227403096,0.1710110227403096
M1_N1_L3_15Hz,303,fx_deconv,4.968,42BC9E9977718482D7EF4DB0C0218FE6552A7C33E88D42CB7677EF89364BD96E,M1_N1_L3_15Hz_303_fx_deconv.npy,7.383986638249549,0.04574099171678583,,1,2.0,2.0,0.08250652874555896,0.08250652874555896
M1_N1_L3_15Hz,303,wavelet_threshold,2.216,474CB8B6D71BFA4407F9CC24794821008EB0540D7C6A840C881B08C1DFA249EE,M1_N1_L3_15Hz_303_wavelet_threshold.npy,2.5613118564914057,0.1217437302027197,,1,4.0,4.0,0.11083102603934056,0.11083102603934056
M1_N1_L3_15Hz,303,ssa_decomposition,1915.671,D3250A1A131751E447E87E135DD4732BE7FB4484D2DF771705C9AC1D2FF00A28,M1_N1_L3_15Hz_303_ssa_decomposition.npy,3.6266751649613953,0.10430346522606486,,1,12.0,12.0,0.03661272732226543,0.03661272732226543
M1_N1_L3_15Hz,303,svd_lowrank,33.484,CF4BA799471EACD6E34455DE6B9FD081A77F79D7E632861EFC5C4C402BD3200A,M1_N1_L3_15Hz_303_svd_lowrank.npy,0.4402121002403748,0.1948291610049211,,1,0.0,0.0,0.1930951562077247,0.1930951562077247
M1_N1_L3_15Hz,404,fk_filter,0.879,B66D6327B8192368356CC03BA602DE3F1413B47C3195032756F658A6EE2EE6AA,M1_N1_L3_15Hz_404_fk_filter.npy,0.9652666933522465,0.23786331923181736,,2,0.0,0.0,0.2898522096189566,0.3622340763160862
M1_N1_L3_15Hz,404,fx_deconv,1.944,16F2F4D7316045A25DB1021B2E435D41AFB2D782DCACB3E3736FA54B3969B429,M1_N1_L3_15Hz_404_fx_deconv.npy,7.488511964059661,0.058149213091157136,,2,2.999999999999993,5.999999999999986,0.034977405247493376,0.06138530823489959
M1_N1_L3_15Hz,404,wavelet_threshold,1.07,D7764F4DE0D232817F2C90ECD37AFF56253B4D20C217544435E57AFC72C60161,M1_N1_L3_15Hz_404_wavelet_threshold.npy,2.474398966883588,0.17080596754681757,,2,0.9999999999999929,1.9999999999999858,0.20813712007718893,0.25894945878478887
M1_N1_L3_15Hz,404,ssa_decomposition,1458.417,590467A9B190BE59ABBFF1A02C082E3ED6719A7C0969BCA8BE04FC9FE5AA578A,M1_N1_L3_15Hz_404_ssa_decomposition.npy,3.9267722456088934,0.12827924922147899,,2,2.999999999999993,3.999999999999986,0.07568392337550289,0.09315467008264662
M1_N1_L3_15Hz,404,svd_lowrank,13.0,881FAA68557A9E71354F377C8AB8B803F91F8BA5DC0198919FE36CD511C26B96,M1_N1_L3_15Hz_404_svd_lowrank.npy,0.43654264366482914,0.2707973874285977,,2,0.0,0.0,0.3289762031788005,0.4069167542780502
M1_N1_L3_15Hz,505,fk_filter,2.166,33C91C9205166DD26FBDC7E2B4B6B8909331FD9A2A41BD7FFF57D4392FF87782,M1_N1_L3_15Hz_505_fk_filter.npy,0.9585494441891033,0.1879889235803202,,1,11.999999999999993,11.999999999999993,0.1755567822438295,0.1755567822438295
M1_N1_L3_15Hz,505,fx_deconv,4.918,3D20C50850C333406C2AF572DDC2F5E9FAC5FA7715E4E71BC19F49A810DF638E,M1_N1_L3_15Hz_505_fx_deconv.npy,7.232437931145831,0.04905622704525309,,1,9.999999999999993,9.999999999999993,0.07181608635743016,0.07181608635743016
M1_N1_L3_15Hz,505,wavelet_threshold,1.152,9EC5546BF2C30E5DC0C5C9911AF04F50CE0B91C8AF10EE9BB536DE83A189EAC9,M1_N1_L3_15Hz_505_wavelet_threshold.npy,2.48640414207993,0.1320191216866739,,1,0.0,0.0,0.11793032701683795,0.11793032701683795
M1_N1_L3_15Hz,505,ssa_decomposition,1530.893,5C4093A5D16CA5336AD62B809F1C2E17C8A764D590C7CD0F4B3C989DBF6E96D9,M1_N1_L3_15Hz_505_ssa_decomposition.npy,3.725005029183897,0.10371871998285924,,1,7.999999999999993,7.999999999999993,0.028628068394818452,0.028628068394818452
M1_N1_L3_15Hz,505,svd_lowrank,34.324,E551E6F412B1A989A35A9732BD651F90DB71CB75CD2D826ADCD8A5CFB2E9BE01,M1_N1_L3_15Hz_505_svd_lowrank.npy,0.42383317623291344,0.20614103022869645,,1,9.999999999999993,9.999999999999993,0.2051819585392059,0.2051819585392059
M1_N1_L3_25Hz,101,fk_filter,1.025,3C0BDD10A4AC8985D1AF098F7D299D47166F3C5E88B4AD258728511CFAACB018,M1_N1_L3_25Hz_101_fk_filter.npy,0.9925030708189657,0.16237572877043596,,2,3.9999999999999964,6.0,0.1732820312997199,0.20456964623449242
M1_N1_L3_25Hz,101,fx_deconv,2.043,94619678F2E9823E3C7D33214CE9612434383FCB43D1426F2549A84B2966975E,M1_N1_L3_25Hz_101_fx_deconv.npy,6.739712162503708,0.053460278837332155,,2,3.9999999999999964,6.0,0.09472968486600357,0.12502602478106098
M1_N1_L3_25Hz,101,wavelet_threshold,1.142,3FAC1E83AEC58634F4DF9F66CA5F80CE70F9C80436AE2F26A9D4909D218E0AC1,M1_N1_L3_25Hz_101_wavelet_threshold.npy,2.4380377046872472,0.11992750070283767,,2,0.9999999999999964,1.999999999999993,0.08905857177483342,0.13308626684510053
M1_N1_L3_25Hz,101,ssa_decomposition,1931.47,A1BBED26C32320C805B792B6750B1605984AD45A5EADB7AA18CE62714D54E743,M1_N1_L3_25Hz_101_ssa_decomposition.npy,3.36120211231042,0.1273434578013256,,2,15.000000000000007,24.000000000000014,0.018383198067180733,0.034732835329821105
M1_N1_L3_25Hz,101,svd_lowrank,32.988,9C3CADC57A2763CB61A4370C42294DFFD1C4CBA00116B78CB5CA660170669324,M1_N1_L3_25Hz_101_svd_lowrank.npy,0.4417023426762861,0.1836682266050199,,2,3.9999999999999964,6.0,0.19629433745534358,0.23615111531531321
M1_N1_L3_25Hz,202,fk_filter,1.562,EA5BD7E39AE3ADC89D4FD9B440D7E451838B893F982741058F7152896CE99E11,M1_N1_L3_25Hz_202_fk_filter.npy,0.947274616699346,0.26313739761675203,,2,0.0,0.0,0.2846506462317366,0.3826523720404755
M1_N1_L3_25Hz,202,fx_deconv,5.344,4507802CDACDB9512DCA9D96D1785F1F9F80FE119A2367FE60E24504BA86CDB6,M1_N1_L3_25Hz_202_fx_deconv.npy,6.712272603007291,0.07707506992994619,,2,1.0,2.0,0.10520710951114326,0.16252818754423828
M1_N1_L3_25Hz,202,wavelet_threshold,2.236,8D08F00532494F12061B008AE25CC46029C187B5C81C5F9F2D400FE5472179BE,M1_N1_L3_25Hz_202_wavelet_threshold.npy,2.3698412945688556,0.1935637613996532,,2,0.0,0.0,0.1458677869454179,0.23392098853560844
M1_N1_L3_25Hz,202,ssa_decomposition,1434.435,85BD9D01BE25D74E2889E4C074B494907EAC1548BA74E4D80BFA38CD75ABD0F7,M1_N1_L3_25Hz_202_ssa_decomposition.npy,3.273280081937285,0.18518883856462026,,2,28.0,54.0,0.029805648045378295,0.058436061878881465
M1_N1_L3_25Hz,202,svd_lowrank,6.883,E432D1AE50721C5F0CFDD0C85A4F3343D6FBD86657E83B7C3B29E34B52E0E444,M1_N1_L3_25Hz_202_svd_lowrank.npy,0.449156815197582,0.29159270850339075,,2,0.0,0.0,0.3187335217903578,0.42679327115169324
M1_N1_L3_25Hz,303,fk_filter,0.829,164190330C0535EDD25748B93C45106534A28700CBEC45020E5D83DEB8055E54,M1_N1_L3_25Hz_303_fk_filter.npy,0.9058664708469139,0.20201449329856333,,4,2.0,2.0,0.29619571679927115,0.32366429572195127
M1_N1_L3_25Hz,303,fx_deconv,1.735,A12DFEEFE416826EB97607A0CEC02167038F8E5B21DAF9926E585CEDAA29ED41,M1_N1_L3_25Hz_303_fx_deconv.npy,6.780348213369244,0.056016029734105015,,4,2.9999999999999964,4.0000000000000036,0.11199153231703227,0.14016322541966397
M1_N1_L3_25Hz,303,wavelet_threshold,1.106,7C13D3ACBA085BD24FAA173B986D503D5D4B72ABD55C086F20A194669581840E,M1_N1_L3_25Hz_303_wavelet_threshold.npy,2.5038458220860464,0.14513780125915207,,4,3.0,6.0000000000000036,0.14107185919832144,0.19495098546278844
M1_N1_L3_25Hz,303,ssa_decomposition,1090.157,279B03067D74B2BBE294FD35051F95E4CFAFEBE21F0697981E50BD7C8FA2D919,M1_N1_L3_25Hz_303_ssa_decomposition.npy,3.622320402443148,0.11986947920251931,,4,1.0,4.0000000000000036,0.02754994210777996,0.08174570322378076
M1_N1_L3_25Hz,303,svd_lowrank,8.196,AB274D58BE93292E874BBF0F2E561C17862603563F1A9949D56CD1E3D11D6019,M1_N1_L3_25Hz_303_svd_lowrank.npy,0.44156487194468697,0.22573084554521997,,4,1.0,2.0,0.3466091875885037,0.35536287979470604
M1_N1_L3_25Hz,404,fk_filter,1.52,CCCAA40DDBD7EE27D855B9E2C69D2B95636B698A22D80D6C617CE6828C8B6C86,M1_N1_L3_25Hz_404_fk_filter.npy,0.9756290490645515,0.22708038336242584,,3,0.0,0.0,0.2575672918136545,0.5758852590201985
M1_N1_L3_25Hz,404,fx_deconv,4.852,B6C7D07F7B3B5AD6C92CA655358177FE93578FB8770B0C64C38163EE11BF13BB,M1_N1_L3_25Hz_404_fx_deconv.npy,6.694391819758487,0.06837262694421975,,3,0.0,0.0,0.09945466073446273,0.10935760503828054
M1_N1_L3_25Hz,404,wavelet_threshold,2.163,F0B85EEDAA1A9F8CE79F0E15030380D663BCB9E9CCEBBE173C4817FA847C0A66,M1_N1_L3_25Hz_404_wavelet_threshold.npy,2.396550087340623,0.1690637870376593,,3,2.0,4.0,0.18249599319324353,0.3271928820733329
M1_N1_L3_25Hz,404,ssa_decomposition,706.814,9BEF94293D4A09749F2B94779C95457D842405614F3C575F08FF5DE49B8518C9,M1_N1_L3_25Hz_404_ssa_decomposition.npy,3.330452275528332,0.1655392937318162,,3,2.0,2.000000000000007,0.0529743615713434,0.09649979457452365
M1_N1_L3_25Hz,404,svd_lowrank,36.883,D6DEE53849AF1C3180136A4632CE4FFA61C3E84864C89E2A2219DC7E7FA70F95,M1_N1_L3_25Hz_404_svd_lowrank.npy,0.4357799765439869,0.2572426473670345,,3,0.0,0.0,0.27576142564564904,0.6235457193119874
M1_N1_L3_25Hz,505,fk_filter,0.859,48A0286A1BA570A0BB080FD42FD23B40D866FEBECD44AFEC5973860765E5588C,M1_N1_L3_25Hz_505_fk_filter.npy,0.9933735504151153,0.20582753300775672,,4,2.0,4.0,0.27809137468009837,0.3128187175058281
M1_N1_L3_25Hz,505,fx_deconv,1.902,1F976AB003084D4AE7AB8BCA0967A11EA20F36C4031BC79F92CBB821090B4BBA,M1_N1_L3_25Hz_505_fx_deconv.npy,6.634824219663854,0.06716463018949008,,4,2.9999999999999982,4.0,0.14022515393770374,0.16873064690467512
M1_N1_L3_25Hz,505,wavelet_threshold,1.082,03D7BA17C4BBF554759E7DEE361597CBA5DEE969B18C37F6BBB52DAA0F66DD6A,M1_N1_L3_25Hz_505_wavelet_threshold.npy,2.44344560516188,0.15224759882406524,,4,2.0,4.0,0.12899714700525255,0.17079105224266364
M1_N1_L3_25Hz,505,ssa_decomposition,1908.455,5B71046FE46898B74FA709C868B06CF06921BDDC1044AC1102F38E8D025494D8,M1_N1_L3_25Hz_505_ssa_decomposition.npy,3.267911163126747,0.1524983236773473,,4,4.999999999999998,8.0,0.06950504180428645,0.1703682217681587
M1_N1_L3_25Hz,505,svd_lowrank,33.524,B631FABF316C63002A9AD370EAAD6D393A0F270A7EFE64228A0CBCC9DB98DF4D,M1_N1_L3_25Hz_505_svd_lowrank.npy,0.4213894746059144,0.2318593414693387,,4,0.9999999999999982,4.0,0.3181678864839201,0.35629765441661987
M1_N1_L3_40Hz,101,fk_filter,0.927,0C2925F9BEFAD7426CCFD4A95E03BDD3DF260DE8A8AC8169E827DE756B0E61EC,M1_N1_L3_40Hz_101_fk_filter.npy,0.9488365800322056,0.11164284548778759,,2,1.0000000000000018,2.0000000000000036,0.09845628538348591,0.1362284494407792
M1_N1_L3_40Hz,101,fx_deconv,1.927,D49ECB436743AF4242070257DBBB525D38CFE8FB157BB2411528AE97A9B68638,M1_N1_L3_40Hz_101_fx_deconv.npy,5.9277757716334785,0.05775405894959445,,2,0.0,0.0,0.24577021637396285,0.27539600436148554
M1_N1_L3_40Hz,101,wavelet_threshold,1.291,402A983DC97F93B10A82188E62AF44277A9B7C563899F80D5A733E8A3FE236C5,M1_N1_L3_40Hz_101_wavelet_threshold.npy,2.3488702839233246,0.08988589344643623,,2,2.0000000000000018,2.0000000000000036,0.02886622554750403,0.04391350179359818
M1_N1_L3_40Hz,101,ssa_decomposition,1884.394,B3E453D5F3C04BE6BC5CD4C6DD4DF329F6F8D2017449A6BB09428D3B2D610CB8,M1_N1_L3_40Hz_101_ssa_decomposition.npy,1.7028033736610568,0.2133661675173944,,2,2.0,2.0,0.37939673137983093,0.4481649579301207
M1_N1_L3_40Hz,101,svd_lowrank,7.772,52C071E3BA35F20A64092670CD07AFF6509468416A340A9989CD7D8D56CFD2E8,M1_N1_L3_40Hz_101_svd_lowrank.npy,0.4395265840478006,0.1283903692848986,,2,0.0,0.0,0.12842886544342444,0.1813118911568597
M1_N1_L3_40Hz,202,fk_filter,0.895,BFB4871E26FE8598B7CD646E9143C651EC763B59E5E785E8380AA85C6B84C7CE,M1_N1_L3_40Hz_202_fk_filter.npy,0.9114244277722086,0.2589617562368862,,3,0.0,2.0,0.25039469494404804,0.3930891808192048
M1_N1_L3_40Hz,202,fx_deconv,1.834,91022F9F8C483D0A68DE62F8B452B04AEA5B5663166E5594006A3F55F537691B,M1_N1_L3_40Hz_202_fx_deconv.npy,6.1802236277444464,0.09023431838610306,,3,0.0,2.0,0.1572680005335393,0.19200632658793415
M1_N1_L3_40Hz,202,wavelet_threshold,1.113,2358CB8E3AF7E21E320A8D05CDDE97F43BA78451B5E3ECF7AB9671AD8BEA12E0,M1_N1_L3_40Hz_202_wavelet_threshold.npy,2.3050890572327205,0.1944928383964064,,3,2.0,60.0,0.0749295083424843,0.19653827885938452
M1_N1_L3_40Hz,202,ssa_decomposition,337.293,9BDEF7DBC889D7E73E0A4CF027F98C5FF54A3915A1B4DCC2D58619A54DF3ABB3,M1_N1_L3_40Hz_202_ssa_decomposition.npy,2.6609158768521324,0.24528592941706423,,3,0.0,2.0,0.12989776058431554,0.166815227999038
M1_N1_L3_40Hz,202,svd_lowrank,5.085,C30DC86EDEB26B75AEAC4FE5D9A3F1E3C332430F44A1AD81DA8F06A80F0F22FE,M1_N1_L3_40Hz_202_svd_lowrank.npy,0.44904235333034614,0.28043037407445065,,3,0.0,0.0,0.27884842754435485,0.4437773317294006
M1_N1_L3_40Hz,303,fk_filter,0.955,0D43F3B087ADBD2015618ECCB279DD3A52F4E984B32274860CF724C2254C026E,M1_N1_L3_40Hz_303_fk_filter.npy,0.8804410228075753,0.1952487404680601,,3,0.0,0.0,0.19234696086559414,0.3784674311415074
M1_N1_L3_40Hz,303,fx_deconv,1.872,15703D297B7ADECB08F99B38DFFCD989C89954457195ADA300B3A5154E8B86E5,M1_N1_L3_40Hz_303_fx_deconv.npy,5.933790794979208,0.07008433627866593,,3,0.0,2.0,0.17287188885724325,0.2040266575129373
M1_N1_L3_40Hz,303,wavelet_threshold,1.128,37FF7A5794FBF672C22AD3ECACFEECC868F692870C6CB6CFDA44191FDDB6CFC3,M1_N1_L3_40Hz_303_wavelet_threshold.npy,2.3937481394733293,0.14848168816980273,,3,0.0,1.9999999999999964,0.04981722103851633,0.1984706780454176
M1_N1_L3_40Hz,303,ssa_decomposition,1822.274,72F7FF97CBEDD2A7AB7B756A6449779F2B6DD8E55F4484BAE2A40F43587C1C35,M1_N1_L3_40Hz_303_ssa_decomposition.npy,2.014374789705961,0.24693854161805248,,3,0.0,2.0,0.19296072297686226,0.3979391078005914
M1_N1_L3_40Hz,303,svd_lowrank,10.71,749E5CE8ECD0A58063DD47A16799AF935977A4FBFFF4C9171FC53DF8C4481E5D,M1_N1_L3_40Hz_303_svd_lowrank.npy,0.442948053906558,0.21662635330934582,,3,0.0,0.0,0.22084530981238118,0.4287561351859749
M1_N1_L3_40Hz,404,fk_filter,1.471,887699BF4CD3F13BF434732DCCFC8C0C73F92C132B15A586C822806E52B5179C,M1_N1_L3_40Hz_404_fk_filter.npy,0.9389721772014752,0.17911396372724642,,5,1.9999999999999964,4.0,0.23089915872676975,0.3121399991093731
M1_N1_L3_40Hz,404,fx_deconv,4.861,71FB54033E59DBB818956BE05E50A6E8613F56CF8794E46A9174D376B27E56D7,M1_N1_L3_40Hz_404_fx_deconv.npy,6.198120820612349,0.06972840879855019,,5,0.0,4.0,0.17122661560198618,0.28506308841013417
M1_N1_L3_40Hz,404,wavelet_threshold,2.139,55A61486FE41EE012613A2D430CCB94569640EB24BF0180EA72E815021DE4F80,M1_N1_L3_40Hz_404_wavelet_threshold.npy,2.315007385165289,0.13542939687979663,,5,2.0,4.0,0.12034008942362236,0.1620378458528227
M1_N1_L3_40Hz,404,ssa_decomposition,1118.393,5867D68750916532EEBAE24D6227AB8E6C9EDC3E49C941BAAC2450B8083A0D33,M1_N1_L3_40Hz_404_ssa_decomposition.npy,2.4413774794733722,0.1963881775916524,,5,0.0,2.0,0.2502031476397696,0.3471426530190534
M1_N1_L3_40Hz,404,svd_lowrank,10.691,C4A365C7D23F2BEDE134EA5A8B16A1929521B7888F2D41C34D7945B290881FE6,M1_N1_L3_40Hz_404_svd_lowrank.npy,0.43666077909953416,0.19493679460360483,,5,0.0,2.0,0.2685328933598964,0.3269343420133633
M1_N1_L3_40Hz,505,fk_filter,1.438,B0B546F70D82D2634554CD5EBC224EA71D430914B10A1DF8CC8EF178C6EB517D,M1_N1_L3_40Hz_505_fk_filter.npy,0.9579950498478695,0.22720653688066134,,5,0.0,16.0,0.267543012516829,0.38622454460097305
M1_N1_L3_40Hz,505,fx_deconv,2.109,2B6486C5B6974606DD5F67128076EDEBAA79643482750788413A1609360CA253,M1_N1_L3_40Hz_505_fx_deconv.npy,5.93973993998032,0.08774175281306752,,5,0.0,2.0000000000000036,0.13983117413286458,0.18980804556307984
M1_N1_L3_40Hz,505,wavelet_threshold,1.546,011AF78E48AF8B948887D5BAC6847FF3A8665E5FAEA5B22353C5CAAB488C154A,M1_N1_L3_40Hz_505_wavelet_threshold.npy,2.3439798600657653,0.17435447494368503,,5,0.0,2.0,0.10004603298671956,0.14532621212484242
M1_N1_L3_40Hz,505,ssa_decomposition,1238.887,FF7DDF247DCC4840B0B668FC0F8594C0A79B8D2846C8939F6EFB1C5F1A003E84,M1_N1_L3_40Hz_505_ssa_decomposition.npy,2.278164737732313,0.2580676003731143,,5,2.0,14.0,0.21523846744029138,0.28456035822304865
M1_N1_L3_40Hz,505,svd_lowrank,7.578,3039651549936A0887FC0C3EB9FEA97FADF6FB68636E66521CF6D6C7DF483E79,M1_N1_L3_40Hz_505_svd_lowrank.npy,0.4212681491629325,0.25426631539271133,,5,0.0,6.0,0.30379028505021655,0.49386027479977884
M1_N2_L1_15Hz,101,fk_filter,0.938,6084F0858AC629AC000E2F44A434FCA851B97CB01A142D95370EB3275DA7EE2C,M1_N2_L1_15Hz_101_fk_filter.npy,1.62876691332478,0.0111212251272305,4.026687046875843,1,2.0,2.0,0.008074689466048255,0.008074689466048255
M1_N2_L1_15Hz,101,fx_deconv,1.833,D0E4CF459981BF3AA72AE3832A6324A83D17ABACBF6C58FD228161F4D0AEFB4E,M1_N2_L1_15Hz_101_fx_deconv.npy,5.4440008057099476e-11,0.012290599673301438,5.682396029374725e-11,1,0.0,0.0,0.0113257791669066,0.0113257791669066
M1_N2_L1_15Hz,101,wavelet_threshold,1.096,165D8ADC20E87C78546EEB4DDC85C6DE01A6650B859494806D046F9584F29E74,M1_N2_L1_15Hz_101_wavelet_threshold.npy,0.0,0.012290599660382494,-3.3751461329365063e-15,1,0.0,0.0,0.011325779240160504,0.011325779240160504
M1_N2_L1_15Hz,101,ssa_decomposition,2022.31,2342248D38E6635BD3B95FFF0B49B89AA57C2DC7D8922431453FAB986805374F,M1_N2_L1_15Hz_101_ssa_decomposition.npy,2.275003150226386,0.008472463375220281,4.609707827671151,1,2.0,2.0,0.011575183032079368,0.011575183032079368
M1_N2_L1_15Hz,101,svd_lowrank,27.17,49778C84EEEFF12CEE0A91FCA8084DA41CE1A01E36DEF31FBDBC13EA8035068D,M1_N2_L1_15Hz_101_svd_lowrank.npy,21.824437897458175,0.00027973415081829813,43.64991524676909,1,0.0,0.0,0.0006774475077433366,0.0006774475077433366
M1_N2_L1_15Hz,202,fk_filter,1.785,95903B5388248D2E0CFE6CE5E01B80A0EB5F4636D396C7CB216ACB27C82FFBEF,M1_N2_L1_15Hz_202_fk_filter.npy,0.8288230388763687,0.014276246151006911,4.027747479121591,2,0.0,0.0,0.015328388400595616,0.028261774746649395
M1_N2_L1_15Hz,202,fx_deconv,1.924,D3913862628EC9DB645A486D78594FD2F5F2AEE25D07DBF5FF86E5DEE5EF3444,M1_N2_L1_15Hz_202_fx_deconv.npy,1.0292744434536871e-10,0.01367273099950891,1.061010938336959e-10,2,1.0,2.0,0.014186156573010407,0.01601842244846925
M1_N2_L1_15Hz,202,wavelet_threshold,1.183,C99DFBEF1D7E9FB18BFF981519E96D87556E0EEE04938DBED79467FE2EFEEBB6,M1_N2_L1_15Hz_202_wavelet_threshold.npy,-3.552713678800501e-15,0.013672730974136403,-2.8929823996598624e-15,2,1.0,2.0,0.014186158321541738,0.016018424534101558
M1_N2_L1_15Hz,202,ssa_decomposition,954.173,CC99B8639A43F0A2D869E76F11472E42358B9796486872580A4AD44A0CB3C843,M1_N2_L1_15Hz_202_ssa_decomposition.npy,1.7465052646238117,0.010905203386534243,4.516851102008835,2,2.0,2.0,0.020842200091880442,0.027709077320145666
M1_N2_L1_15Hz,202,svd_lowrank,11.06,2733D122176C1F7D64D8D22FFE1F4B827D874004A4F95A927BB623D94F9062EB,M1_N2_L1_15Hz_202_svd_lowrank.npy,22.40278205325006,0.00024752417384817945,44.81531274629304,2,1.0,2.0,0.0004361762785733735,0.0006809046046917836
M1_N2_L1_15Hz,303,fk_filter,1.066,D6E4144BE1E52327DAAC02C6295DBA670013F2A53FCBE63C324DD8EBE0A790BE,M1_N2_L1_15Hz_303_fk_filter.npy,1.075835691056989,0.009465043855864483,4.024828697011137,1,4.0,4.0,0.00661280372018905,0.00661280372018905
M1_N2_L1_15Hz,303,fx_deconv,2.128,0A331B559C05B0B6C80B1002CE6D680D0F2177A07D9BE63E95300E755272FCD2,M1_N2_L1_15Hz_303_fx_deconv.npy,5.686295878604142e-11,0.012120001227861795,5.931578246728762e-11,1,0.0,0.0,0.012113183957591122,0.012113183957591122
M1_N2_L1_15Hz,303,wavelet_threshold,1.237,7B5B8123FC6B361DCFEB9DF6D42704F39FD6384C184FAFD9E612C0DF3F001A55,M1_N2_L1_15Hz_303_wavelet_threshold.npy,0.0,0.012120001226887722,0.0,1,0.0,0.0,0.012113183759732514,0.012113183759732514
M1_N2_L1_15Hz,303,ssa_decomposition,1374.005,3FB2DC0933E5E2E54EB2462A8313D4127406C14D25F818F923B06BFE735E613F,M1_N2_L1_15Hz_303_ssa_decomposition.npy,2.105093061886313,0.008182855193837896,4.224239480014953,1,4.0,4.0,0.002235764846987475,0.002235764846987475
M1_N2_L1_15Hz,303,svd_lowrank,35.327,B32C316924DE2586F8066E81FF96ED566910B0A94B7A21A9852FCB76C3C371E7,M1_N2_L1_15Hz_303_svd_lowrank.npy,19.979721293796572,0.00042587874071485125,39.96085865417126,1,0.0,0.0,0.000552550915073432,0.000552550915073432
M1_N2_L1_15Hz,404,fk_filter,0.794,CF2399A869ACC8B4B70D75EF00549A56E67AB8E0FC84A4A6D66C51837FE061B6,M1_N2_L1_15Hz_404_fk_filter.npy,1.5769446235474511,0.007815121401366979,4.028821251598952,2,0.0,0.0,0.004960977324455113,0.007207286034421405
M1_N2_L1_15Hz,404,fx_deconv,2.001,13F40F19D84AF8360B17D235ED96F2626C27DDD157B1C6B18A2547292B0EF5FA,M1_N2_L1_15Hz_404_fx_deconv.npy,6.129141638666624e-11,0.01031759380232889,6.348264145020547e-11,2,0.0,0.0,0.011879847468758654,0.016612166742484075
M1_N2_L1_15Hz,404,wavelet_threshold,1.055,76B606C9A55DE7DF1F858206CC4A13D60E94096D571DD35003596B41DC8221FF,M1_N2_L1_15Hz_404_wavelet_threshold.npy,-1.7763568394002505e-15,0.010317593792744157,-1.446491199829931e-15,2,0.0,0.0,0.011879847199363552,0.01661216714749356
M1_N2_L1_15Hz,404,ssa_decomposition,372.883,007BC1D8917980869D17BC39FA5DDF20086B096F44A9945249F22AEA8A6B9292,M1_N2_L1_15Hz_404_ssa_decomposition.npy,2.538609360541379,0.006725395750184603,5.184432332740937,2,0.0,0.0,0.006739883447332378,0.007725692704550515
M1_N2_L1_15Hz,404,svd_lowrank,7.015,654F4C0E9EB93BA02EEFD599012BA5AA3B9530210F122D3B52B984F3CA735907,M1_N2_L1_15Hz_404_svd_lowrank.npy,23.139724292105466,0.00015610384495330214,46.286788149583685,2,0.0,0.0,0.000827596703962964,0.0012996088631732855
M1_N2_L1_15Hz,505,fk_filter,1.025,6E4EE0DDD0610137D3BB8E8F2D176A0F15C7B84540C5E689C2C03318239645FD,M1_N2_L1_15Hz_505_fk_filter.npy,0.1281872789192171,0.005274446856973393,4.030904412831274,1,3.999999999999993,3.999999999999993,0.004321607341981965,0.004321607341981965
M1_N2_L1_15Hz,505,fx_deconv,1.875,12D64F1CBC8CA306304BF77962D452238882D982E7CF56C083BD307738A5C157,M1_N2_L1_15Hz_505_fx_deconv.npy,1.4264855963119771e-10,0.0017246825022623423,1.4659223982562387e-10,1,0.0,0.0,0.0035550987417087795,0.0035550987417087795
M1_N2_L1_15Hz,505,wavelet_threshold,1.043,D5E7EF62CEA1AF23CCC3BC7F877023E54AFE3BA506CD66AB97E8B60BAD693275,M1_N2_L1_15Hz_505_wavelet_threshold.npy,0.0,0.0017246825129107635,-5.303801066043082e-15,1,0.0,0.0,0.003555100482414325,0.003555100482414325
M1_N2_L1_15Hz,505,ssa_decomposition,1712.884,6BC12DBE294C641479D3F25158B4DEEBE41C6EFCA748AF36B34783F645ECF9AB,M1_N2_L1_15Hz_505_ssa_decomposition.npy,2.0358397822487717,0.00202354513514209,4.7884080406081235,1,0.0,0.0,0.00905036837629066,0.00905036837629066
M1_N2_L1_15Hz,505,svd_lowrank,11.27,16B7BD79730A3E55C852DA283E8ACFE50906E4CDA24EBCE5383278606ABF012C,M1_N2_L1_15Hz_505_svd_lowrank.npy,21.93058054212199,0.00012800081983460086,43.862391187712916,1,0.0,0.0,0.0018588327620305627,0.0018588327620305627
M1_N2_L1_25Hz,101,fk_filter,0.915,1FD77A8CD6B87363FE4C8DD11A6739B42C60DD2146D92F0B478A85A570D1E704,M1_N2_L1_25Hz_101_fk_filter.npy,1.9928349826170333,0.006569627324374448,4.026545328948887,2,0.0,0.0,0.0076173017201106655,0.011490057678749582
M1_N2_L1_25Hz,101,fx_deconv,2.444,1A43FD7DF27C9B1DFD8B5068B89A89BF55B4226BD019D8C96B8A9A18542DF01E,M1_N2_L1_25Hz_101_fx_deconv.npy,7.359624021319178e-11,0.008804213941645059,7.567559793710989e-11,2,0.0,0.0,0.011211893992845941,0.022423787983666444
M1_N2_L1_25Hz,101,wavelet_threshold,1.705,21FE649A644FFF7290E7BB082E12F602EF42869FCAED20D2F466C9DCDF72D790,M1_N2_L1_25Hz_101_wavelet_threshold.npy,0.0,0.008804213941632617,-4.821637332766439e-15,2,0.0,0.0,0.011211893988266658,0.022423787976529545
M1_N2_L1_25Hz,101,ssa_decomposition,2033.015,68280FA25E83CDDEDBF80C345F76903FB7D01A267D67D6496A1B5D0728065CA3,M1_N2_L1_25Hz_101_ssa_decomposition.npy,-1.838355457784239,0.045000057976464156,1.661256666187161,2,15.000000000000007,24.000000000000014,0.07961459768702589,0.08585228603842386
M1_N2_L1_25Hz,101,svd_lowrank,38.843,91CB8C8F9170FA2B39873E114C52F1B6F130AF5D3D69DC850416F06F38E81AC6,M1_N2_L1_25Hz_101_svd_lowrank.npy,6.303217497788706,0.0020696401625098257,12.606758986176681,2,0.0,0.0,0.003022847265273085,0.0053982846618697835
M1_N2_L1_25Hz,202,fk_filter,0.918,A26EF1F855310B819E86B3458BE3AF2A067218107B3F39FA518A2FB8A7EB9BBB,M1_N2_L1_25Hz_202_fk_filter.npy,1.942592736250754,0.009914872522576446,4.026749436163439,2,0.0,0.0,0.009426180663887103,0.009942018542191428
M1_N2_L1_25Hz,202,fx_deconv,2.392,BF94FE97B4E7F0F6F65ABCF4EEE21723B8F73765BBA93F9F440C764466D87668,M1_N2_L1_25Hz_202_fx_deconv.npy,1.3992540459639713e-10,0.013146106561178187,1.4200204108498276e-10,2,0.0,0.0,0.017129788320423413,0.025581748299448932
M1_N2_L1_25Hz,202,wavelet_threshold,1.608,E5190EF2A071E50D4139749377464A8B638ED226788EB695CA90523100F60608,M1_N2_L1_25Hz_202_wavelet_threshold.npy,0.0,0.013146106563460809,-3.85730986621315e-15,2,0.0,0.0,0.017129788337406106,0.02558174833989525
M1_N2_L1_25Hz,202,ssa_decomposition,1509.599,72E593C5648A839F62A307A057E4F36DFCFE6431E78B38725037C96E86ABF03D,M1_N2_L1_25Hz_202_ssa_decomposition.npy,-3.0260713088236972,0.054925602079259554,1.6075688162438726,2,24.999999999999996,48.0,0.09750403149999448,0.10258149690577542
M1_N2_L1_25Hz,202,svd_lowrank,5.903,C7512E938BB5590100C8205B3313BA10883385EF53FBF21B4356C5E75D059316,M1_N2_L1_25Hz_202_svd_lowrank.npy,19.113886991850826,0.0005592322716392849,38.23467597096128,2,0.0,0.0,0.0004449727880548401,0.0007024180198621596
M1_N2_L1_25Hz,303,fk_filter,0.957,E5AEF1F88D655532CC4E4F41ECF89DBFE09A147D50FC5E06FA86BC27A191A147,M1_N2_L1_25Hz_303_fk_filter.npy,1.958877289167173,0.009984435267722445,4.02609955947052,4,0.0,0.0,0.006248206682178543,0.015339494195952479
M1_N2_L1_25Hz,303,fx_deconv,2.019,929843BBBAE3B935325E0B32F6C364593E14F49E46E0E3AA0495EE7DB525A7F4,M1_N2_L1_25Hz_303_fx_deconv.npy,7.776179700158536e-11,0.016691261279448564,7.98414925925455e-11,4,0.0,0.0,0.02173143060568829,0.03490152321503626
M1_N2_L1_25Hz,303,wavelet_threshold,1.104,E323151EFEBB967E7A541170117BBF84538B1AFD43C9FD52C12A61D7D52D9C69,M1_N2_L1_25Hz_303_wavelet_threshold.npy,0.0,0.016691261281352496,-4.821637332766436e-16,4,0.0,0.0,0.021731430567086495,0.034901523357551846
M1_N2_L1_25Hz,303,ssa_decomposition,1658.416,C80A1D2CC665A7B14125AC55C984F434062BB68FC8239EB224282EDD555C15E7,M1_N2_L1_25Hz_303_ssa_decomposition.npy,-0.722389863479517,0.02539836569414132,1.6629799817195816,4,1.9999999999999982,6.0,0.058274603658692026,0.17091228828005875
M1_N2_L1_25Hz,303,svd_lowrank,9.589,C5CE212F281D1B60843993BD687B528FBB188E4883DF6909B3B68D30B25C88F2,M1_N2_L1_25Hz_303_svd_lowrank.npy,7.548765483408612,0.003712302449315204,15.098094406300289,4,0.0,0.0,0.004289233317622598,0.007719033451027859
M1_N2_L1_25Hz,404,fk_filter,0.94,F26E6422FE9E0807B5C5AB1450640E84643485AF3D93925588615F6D0C087865,M1_N2_L1_25Hz_404_fk_filter.npy,1.988896611020163,0.012883402457695233,4.026998343233616,3,0.0,0.0,0.012455375228487286,0.03347617008795518
M1_N2_L1_25Hz,404,fx_deconv,2.396,670096108C9DF3663976B8DAA7987144298F140961D2D27976ED8F4764A059FA,M1_N2_L1_25Hz_404_fx_deconv.npy,8.175149446287833e-11,0.016091409771282622,8.383670128640048e-11,3,0.0,0.0,0.01954072251152699,0.05917037625971077
M1_N2_L1_25Hz,404,wavelet_threshold,1.318,6BA608A2425AB24EFEAD87C03D4018DBDA2741C05667A8B061A6042A5C81E770,M1_N2_L1_25Hz_404_wavelet_threshold.npy,-1.7763568394002505e-15,0.016091409774088725,-1.446491199829931e-15,3,0.0,0.0,0.019540722623505615,0.05917037597057828
M1_N2_L1_25Hz,404,ssa_decomposition,2077.022,CEA5E7D33FF2BEF645B38F891CE1F34BC9A5FD3F749AC87C75D6E7042A11B479,M1_N2_L1_25Hz_404_ssa_decomposition.npy,-2.1914328824928795,0.05344877026762339,1.741456051247674,3,2.0,2.000000000000007,0.17778441716588306,0.3664545479498485
M1_N2_L1_25Hz,404,svd_lowrank,26.936,BD2D925C9B8C8A86B568F74A94A253B7E6CE5A97F68B1E0D887C91B06F5FD7FF,M1_N2_L1_25Hz_404_svd_lowrank.npy,6.277027307038102,0.0034916821317288248,12.554649211519317,3,0.0,0.0,0.005568834499126564,0.013066946438737416
M1_N2_L1_25Hz,505,fk_filter,1.647,E9364677A75761D1CABAB07AECA09F98B58F7589119944167CAE66A3D647B551,M1_N2_L1_25Hz_505_fk_filter.npy,1.890255490757987,0.00412398950717679,4.0274469118687355,4,0.0,4.0,0.006444279520699107,0.008627687653025405
M1_N2_L1_25Hz,505,fx_deconv,8.635,63A85CC07656B9FE72A523798D4E55C32D8F08DC8CF018DC3329ABF9E894C852,M1_N2_L1_25Hz_505_fx_deconv.npy,1.9174706267222064e-10,0.004542252595593582,1.9382307048061973e-10,4,0.0,2.0,0.00833363317866358,0.011603564157769706
M1_N2_L1_25Hz,505,wavelet_threshold,2.995,15DFF8FD3EADC13F7E25D59D68FA16B6E13248D0B64F98E8F5220A4FA03CE3B9,M1_N2_L1_25Hz_505_wavelet_threshold.npy,0.0,0.0045422525968917245,-5.303801066043082e-15,4,0.0,2.0,0.00833363316874565,0.011603564213508779
M1_N2_L1_25Hz,505,ssa_decomposition,587.263,AA15793E09D38E82A0EBEF678B5CB32E981416D8BE7A045805F6BBD4DF6CCD32,M1_N2_L1_25Hz_505_ssa_decomposition.npy,-3.9652098517485346,0.028467216528009757,1.6323516479647373,4,6.999999999999998,8.0,0.16948417512272446,0.2394332819707885
M1_N2_L1_25Hz,505,svd_lowrank,10.445,FB436EA28ACAE59401D80690608CD0F5AA183FE142513D7AF0DAC45756C796EA,M1_N2_L1_25Hz_505_svd_lowrank.npy,20.14810281817504,0.00023097801610054525,40.29801751741368,4,0.0,0.0,0.0006088617566284916,0.003080142772175879
M1_N2_L1_40Hz,101,fk_filter,0.9,500280CDE4B165912B433E1212A6E135B578325BA280B18E8A766391D999EFA7,M1_N2_L1_40Hz_101_fk_filter.npy,1.511550509978374,0.007382834447543717,4.029664855879286,2,2.0000000000000018,2.0000000000000036,0.0015342020607056945,0.0019146160863391063
M1_N2_L1_40Hz,101,fx_deconv,2.098,A583DDCC2399E91F4B7636AE092C7BCA71592DC0CC51C586254DF8C9CA3AEB31,M1_N2_L1_40Hz_101_fx_deconv.npy,7.359979292687058e-11,0.007839243873856734,7.567945524697603e-11,2,0.0,0.0,0.01587193550374878,0.031743871007443844
M1_N2_L1_40Hz,101,wavelet_threshold,1.288,FD46E5208598116A5779611E529F331ACCC27FFA2E549F1658B80661FE8DB57F,M1_N2_L1_40Hz_101_wavelet_threshold.npy,-1.7763568394002505e-15,0.007839243874397578,-4.821637332766439e-15,2,0.0,0.0,0.01587193549900387,0.031743870998007316
M1_N2_L1_40Hz,101,ssa_decomposition,2076.156,9717AE7B614C11F56F1D9D67FCC95DC9849453CF86A4166AA0F795A89D460A69,M1_N2_L1_40Hz_101_ssa_decomposition.npy,-4.43299478131629,0.14112955557144888,3.6024665408079604,2,9.0,16.0,0.4009138931431538,0.5416128361506787
M1_N2_L1_40Hz,101,svd_lowrank,9.14,3D215ADBDFE06C75AEC4675B2CB897E7C971EC3340C601F179808399A1E91E01,M1_N2_L1_40Hz_101_svd_lowrank.npy,2.9361970701847984,0.004365938382742075,5.872693555337323,2,0.0,0.0,0.008637254454204995,0.016339058290021236
M1_N2_L1_40Hz,202,fk_filter,1.103,A6B825F01AB3F0C9DDD3F51A475D1DC18375DFE611CDE34F9A0725B10CB16856,M1_N2_L1_40Hz_202_fk_filter.npy,1.24698939154678,0.01723941158836447,4.026710358004487,3,0.0,0.0,0.0014857850273796037,0.003701175304385197
M1_N2_L1_40Hz,202,fx_deconv,1.892,16F8F5327B857D28993EC886949F4B66A92DA0529276CB1A94C9B8E625CB89C6,M1_N2_L1_40Hz_202_fx_deconv.npy,1.3993428638059413e-10,0.01621175814299855,1.4201168435964797e-10,3,0.0,0.0,0.01891043636975291,0.03080288330754129
M1_N2_L1_40Hz,202,wavelet_threshold,1.253,D2439DAB96447E99BC3A9BCFA50201333D3DA6DE98FB0C7ADA60EFA8BCD5F81D,M1_N2_L1_40Hz_202_wavelet_threshold.npy,0.0,0.01621175814350117,-2.8929823996598624e-15,3,0.0,0.0,0.018910436372468833,0.030802883313220997
M1_N2_L1_40Hz,202,ssa_decomposition,1669.316,78B2AC0FF1243B1026886ADF6A0B9203FA659F5B694433ECFBFE711F67557B69,M1_N2_L1_40Hz_202_ssa_decomposition.npy,-4.382674962333125,0.10862511075880754,4.1089773273061905,3,0.0,2.0,0.2792021606234659,0.3615344173923204
M1_N2_L1_40Hz,202,svd_lowrank,10.071,874DE0D540D34DC2F08A29D63A9B2A5C3D30603BFC9FD07A70EEBBB1A898A9C1,M1_N2_L1_40Hz_202_svd_lowrank.npy,9.72604559233793,0.0017640622727048824,19.452923813186224,3,0.0,0.0,0.002171668808228732,0.004238122986724906
M1_N2_L1_40Hz,303,fk_filter,0.94,B42320B54CE7E843F478241947186AC7FECA56532EADAF42D04CBA6E6FA5AF4F,M1_N2_L1_40Hz_303_fk_filter.npy,1.7340351909397231,0.018260309291677396,4.028761231942441,3,0.0,0.0,0.011439493765270588,0.041723611541138524
M1_N2_L1_40Hz,303,fx_deconv,1.929,AE5D8AF99C9310A058FC1414118A299B79CFE68FFC3BD17E04C8920657445BD0,M1_N2_L1_40Hz_303_fx_deconv.npy,7.774225707635196e-11,0.02084667135915724,7.982220604321478e-11,3,0.0,0.0,0.03435638115124223,0.06820586067157566
M1_N2_L1_40Hz,303,wavelet_threshold,1.273,4A630D9D6706F55B1AB8B9B78D9D4CD2DA3A01B63A044E019B4684D3636B57A0,M1_N2_L1_40Hz_303_wavelet_threshold.npy,0.0,0.020846671361009126,-4.821637332766436e-16,3,0.0,0.0,0.03435638115364321,0.06820586066956337
M1_N2_L1_40Hz,303,ssa_decomposition,1982.48,43711E09575E0347CF1E8D05E92175B75A2A121762C6FAAC3505E4FE2CD87F6B,M1_N2_L1_40Hz_303_ssa_decomposition.npy,-3.5163744807946173,0.14597639844384602,2.0961575163560835,3,0.0,0.0,0.303742903974252,0.43615040369877595
M1_N2_L1_40Hz,303,svd_lowrank,35.254,8E14E07E243A6272FFF513A311C9D10F0AB75A139D832D9AE40D9FA4981D82EC,M1_N2_L1_40Hz_303_svd_lowrank.npy,2.4586571018243024,0.011701239066046113,4.917680911837116,3,0.0,0.0,0.020964875041831504,0.03800840133265627
M1_N2_L1_40Hz,404,fk_filter,1.001,310029FB2A6573EB0570548614E148766626FF6BE8F85773F0832BFA5A224925,M1_N2_L1_40Hz_404_fk_filter.npy,1.56013615538639,0.017908130244273377,4.0259699830783,5,0.0,4.0,0.010296847637011433,0.020430320952626944
M1_N2_L1_40Hz,404,fx_deconv,1.958,829E8FE01F5AFCC35827E6C0E49305CDBCED7D59E5FA4E1C9414BF0F801E4CDD,M1_N2_L1_40Hz_404_fx_deconv.npy,8.175682353339653e-11,0.017014967326208958,8.384055859626662e-11,5,0.0,0.0,0.02669295484570236,0.03816085133235099
M1_N2_L1_40Hz,404,wavelet_threshold,1.177,922BC15BC1E707E861A78ED1F5DB3E77B7F4C18DD679D11C5D8862D9ADD28B31,M1_N2_L1_40Hz_404_wavelet_threshold.npy,-1.7763568394002505e-15,0.01701496732418842,-1.446491199829931e-15,5,0.0,0.0,0.026692954850932475,0.03816085133353821
M1_N2_L1_40Hz,404,ssa_decomposition,2154.101,732B54384C862FE1B154D369E55A6A58D7CBA96D770A422117953A3A1AF93180,M1_N2_L1_40Hz_404_ssa_decomposition.npy,-3.542575392891921,0.13036030177573535,2.675129102118051,5,2.0,20.0,0.3780058153551147,0.4244853680014864
M1_N2_L1_40Hz,404,svd_lowrank,7.536,8B5666D088D7EEAB86E4B0DF2E913C0F55630378DF27C1B1946813762F7E2FE9,M1_N2_L1_40Hz_404_svd_lowrank.npy,3.1901977274581714,0.007169254296570202,6.380753197071889,5,0.0,0.0,0.012128815987272914,0.01739298807804223
M1_N2_L1_40Hz,505,fk_filter,0.953,D1F3B7444B73C4B8B4308ECFD867B3D0C73E55BADA66AB006491B90CF50D843A,M1_N2_L1_40Hz_505_fk_filter.npy,0.9525107350581763,0.012173712094757726,4.022155347892837,5,0.0,10.0,0.010716912108519454,0.02147076345630162
M1_N2_L1_40Hz,505,fx_deconv,2.152,2FF555E308DB2C240255E41257AD1C024C2307C22515E4F972B13097D04A5CEC,M1_N2_L1_40Hz_505_fx_deconv.npy,1.9169732468071743e-10,0.010566100532674531,1.937729254523612e-10,5,0.0,0.0,0.013644810211042078,0.03102454420837315
M1_N2_L1_40Hz,505,wavelet_threshold,1.072,94BEC93B5A61245DF0F6FB5B2502A2FC8B46D9CB0C58D99C332BF6760ABAD0C6,M1_N2_L1_40Hz_505_wavelet_threshold.npy,-1.7763568394002505e-15,0.010566100536346058,-5.303801066043082e-15,5,0.0,0.0,0.013644810213330007,0.03102454422293802
M1_N2_L1_40Hz,505,ssa_decomposition,2019.154,14A49ADE5F244873E5BC0698B98C7ACEFDC98188CA68475A2214D89157BD62CB,M1_N2_L1_40Hz_505_ssa_decomposition.npy,-6.694638658173825,0.12856847633419125,2.7931372077675376,5,2.0000000000000036,14.0,0.3008764531308759,0.4991200144742163
M1_N2_L1_40Hz,505,svd_lowrank,38.212,2A9093A263DDF07D2BD5EE334A873C62F048C154978B9649503C8B61B1D7F25D,M1_N2_L1_40Hz_505_svd_lowrank.npy,22.705490982159635,0.00021090381836849515,45.42084098387534,5,0.0,0.0,0.00020787756502841853,0.0013571822194067631
M1_N2_L2_15Hz,101,fk_filter,0.87,05DC88A9CFAC969DA915D7E97A9EE618D0D9CEB9601FE2A77B68A0321EE8A828,M1_N2_L2_15Hz_101_fk_filter.npy,-0.2230046053647161,0.0015930386921992484,0.04971333379268815,1,2.0,2.0,0.0005050769545466168,0.0005050769545466168
M1_N2_L2_15Hz,101,fx_deconv,1.937,5CBFC5E99FB9EC7740FBF1C21EB834AD193F297A7516CEEEA726EB5153F0EB7B,M1_N2_L2_15Hz_101_fx_deconv.npy,-1.1492266354551361e-05,1.0522495576746837e-08,3.177529587125255e-05,1,0.0,0.0,8.235179100848856e-07,8.235179100848856e-07
M1_N2_L2_15Hz,101,wavelet_threshold,0.996,CB490599B2149842132C232610217C33271427AE39AFAE56CA91D6F3259E6AD3,M1_N2_L2_15Hz_101_wavelet_threshold.npy,-1.7763568394002505e-15,2.655180031425039e-31,-1.3018420798469397e-14,1,0.0,0.0,6.652974283665834e-16,6.652974283665834e-16
M1_N2_L2_15Hz,101,ssa_decomposition,1583.848,8A968CC3FA9549ECCC312B54BDA30A02363BF434A0EB573A2103E3F246AADD4F,M1_N2_L2_15Hz_101_ssa_decomposition.npy,2.205984565480124,0.0021268510248675446,4.540362896380736,1,2.0,2.0,0.017055898292371252,0.017055898292371252
M1_N2_L2_15Hz,101,svd_lowrank,5.813,98E72C312D04926075B316EEF96F91332F367D0498D2A56D50FFC8EFCD01417C,M1_N2_L2_15Hz_101_svd_lowrank.npy,34.62504952481225,8.619415327287229e-09,69.25518350839536,1,0.0,0.0,8.61941584750408e-09,8.61941584750408e-09
M1_N2_L2_15Hz,202,fk_filter,1.531,D515FD1F43002EEA06B435A88A97DFF08E2F73FCEBEFDEBC03E22529D224B55B,M1_N2_L2_15Hz_202_fk_filter.npy,-0.7627031927594956,0.004049033873570395,0.04385259969619376,2,0.0,0.0,0.010818455196099787,0.01630455076483036
M1_N2_L2_15Hz,202,fx_deconv,4.659,874E36AFA5852CEC9E91ED4213DE82E1A3B2918A0937376C949C1A61E608748E,M1_N2_L2_15Hz_202_fx_deconv.npy,-1.1675010265221886e-05,8.974149832019223e-09,3.224734627311597e-05,2,0.0,0.0,1.3556211378403421e-06,2.087232490516797e-06
M1_N2_L2_15Hz,202,wavelet_threshold,2.148,B7BCB7B1F8FAA54329F51961357B46D2495ECA2F231AA1DAD0FF0E2EB972A187,M1_N2_L2_15Hz_202_wavelet_threshold.npy,0.0,1.949761318599846e-31,-9.161110932256236e-15,2,0.0,0.0,6.288812786113789e-16,8.525105442485301e-16
M1_N2_L2_15Hz,202,ssa_decomposition,483.719,D2F5B4C09A8677214FD5BCED1C4724B5D3BAA9DFB60C72ACB4FA7A3651A1D47D,M1_N2_L2_15Hz_202_ssa_decomposition.npy,1.7405003411970412,0.0033111873214876227,4.523826957686393,2,2.0,2.0,0.028888296319404504,0.03506676150178057
M1_N2_L2_15Hz,202,svd_lowrank,5.451,B10773DC27DFEDF1C0BD6115ECF406A5D4BD8BBA7CEE3F80A07A090BF53D88A1,M1_N2_L2_15Hz_202_svd_lowrank.npy,34.62497338887532,8.795180188302895e-09,69.25508279356306,2,0.0,0.0,8.795179820016101e-09,8.795179930392692e-09
M1_N2_L2_15Hz,303,fk_filter,1.313,C4FAEC59778DA521DA85A3C9464EDCE7505D45D312816206C734207B56A88CF0,M1_N2_L2_15Hz_303_fk_filter.npy,-0.592615290687009,0.0034853899798070616,0.04229419482601689,1,4.0,4.0,0.0006195804476397746,0.0006195804476397746
M1_N2_L2_15Hz,303,fx_deconv,2.138,B59848714738EA00607199F3A2C7D73CF99C23600894121978529367C8430650,M1_N2_L2_15Hz_303_fx_deconv.npy,-1.13157458514479e-05,5.631587300869436e-09,3.13148954282187e-05,1,0.0,0.0,1.715174119292198e-06,1.715174119292198e-06
M1_N2_L2_15Hz,303,wavelet_threshold,1.104,48D2723B826EB2F8539166AF6F3F5B447F326C041EBF9B9C8A449FC6ADA9D75F,M1_N2_L2_15Hz_303_wavelet_threshold.npy,-3.552713678800501e-15,1.9192428995438198e-31,-8.678947198979593e-15,1,0.0,0.0,5.954334574338412e-16,5.954334574338412e-16
M1_N2_L2_15Hz,303,ssa_decomposition,871.034,43C26E576E049AB666A968B3C3F70896991F300794F956A35F0F3D675E70EBEC,M1_N2_L2_15Hz_303_ssa_decomposition.npy,2.0465873658077207,0.0013013417891047814,4.164872222150632,1,4.0,4.0,0.009299357366851354,0.009299357366851354
M1_N2_L2_15Hz,303,svd_lowrank,15.847,5313627DA2EFDC98E75E983253449311ED65C3425801D4E8F74E87A4863D5ACE,M1_N2_L2_15Hz_303_svd_lowrank.npy,34.62504256444919,8.644116364027401e-09,69.25517686131958,1,0.0,0.0,8.644116855970707e-09,8.644116855970707e-09
M1_N2_L2_15Hz,404,fk_filter,1.457,05C4D6DE51BF4C279AE8B2BDCA6DA67C70C8ADC3F857D3D45C1396498D070823,M1_N2_L2_15Hz_404_fk_filter.npy,-0.2569793029642522,0.0008904277820223548,0.0540097792368053,2,0.0,0.0,0.001692751747546975,0.002495314090218085
M1_N2_L2_15Hz,404,fx_deconv,9.393,D852343A258A3C9675CF46CF86461D858E076ABE449E7E4C329D25EF8B92DCF0,M1_N2_L2_15Hz_404_fx_deconv.npy,-1.1087885210869786e-05,4.936362351845431e-09,3.072145435190503e-05,2,0.0,0.0,2.338935608965874e-06,3.4188567365527624e-06
M1_N2_L2_15Hz,404,wavelet_threshold,2.776,47210E52DD960F71884C369690180927C5B9AA305E0998D6F3AC1B62347965E0,M1_N2_L2_15Hz_404_wavelet_threshold.npy,-1.7763568394002505e-15,2.663531920958575e-31,-1.253625706519275e-14,2,0.0,0.0,5.096335268057608e-16,5.3721926028254e-16
M1_N2_L2_15Hz,404,ssa_decomposition,1806.049,7F5A61D435E42100733546230DAA8C01C681B98AAB03EA48ED31A15A9F06287A,M1_N2_L2_15Hz_404_ssa_decomposition.npy,2.4672335001423225,0.0018186981055673941,5.141722417993915,2,0.0,0.0,0.011908132900688373,0.013323424251193821
M1_N2_L2_15Hz,404,svd_lowrank,10.025,3CA94AF4ADF8F825A2C5E48700F0F1B82B0F335D16912AF52EC485F3095611B8,M1_N2_L2_15Hz_404_svd_lowrank.npy,34.62691003953361,4.928821305286865e-09,69.25766535078296,2,0.0,0.0,4.928822588512493e-09,4.928822673953243e-09
M1_N2_L2_15Hz,505,fk_filter,0.867,DD1259353E5CA2EE95F31105FE44570D8D55B6D0FFC0B94195F4E3C060210194,M1_N2_L2_15Hz_505_fk_filter.npy,-1.2611338819658435,0.0027127407707821702,0.05959231044456588,1,3.999999999999993,3.999999999999993,0.008724748104293736,0.008724748104293736
M1_N2_L2_15Hz,505,fx_deconv,1.915,7B9FB0A9173ADD485C98F4C009BF6386FF277BD75838E8FEC94D577DB6480656,M1_N2_L2_15Hz_505_fx_deconv.npy,-1.1553646640294346e-05,4.792236123472377e-09,3.1928175503287863e-05,1,0.0,0.0,5.595782578425469e-07,5.595782578425469e-07
M1_N2_L2_15Hz,505,wavelet_threshold,1.156,9DAB2BD63B5F894B70EF56266134488DEE005881106EE8A828FEE30BC2D0783F,M1_N2_L2_15Hz_505_wavelet_threshold.npy,0.0,3.179818659115442e-31,-9.643274665532882e-15,1,0.0,0.0,9.979112097980136e-16,9.979112097980136e-16
M1_N2_L2_15Hz,505,ssa_decomposition,2160.643,21412B6DCA503A3925997C9A838166018231A6DDA15E452FDF3C72F341F50424,M1_N2_L2_15Hz_505_ssa_decomposition.npy,1.9758793952089029,0.0011178211417949948,4.732089105590345,1,0.0,0.0,0.011712926534471908,0.011712926534471908
M1_N2_L2_15Hz,505,svd_lowrank,7.981,581DE820AF2CD1B748E71CD09ABAA4F8560CB8D3E69575443B11FF348FEF9F35,M1_N2_L2_15Hz_505_svd_lowrank.npy,34.62911367563794,1.8814249121448914e-09,69.2606034102649,1,0.0,0.0,1.881425745410721e-09,1.881425745410721e-09
M1_N2_L2_25Hz,101,fk_filter,0.906,8A3CFFDC35CF0C0BC9F77194F7E194619F884A1E7A5390C9586A57E1DBE9D827,M1_N2_L2_25Hz_101_fk_filter.npy,0.01170681242104088,7.981854222415906e-05,0.04940245983599219,2,0.0,0.0,0.00043490340451638756,0.0006478975713165093
M1_N2_L2_25Hz,101,fx_deconv,15.049,517962B2A966A0CC6AB208221B0D865C6CB512EFBEE8C4B29D67082C0D7ACC7B,M1_N2_L2_25Hz_101_fx_deconv.npy,-1.7990992388305926e-05,6.1184362938973665e-09,4.7184413602867295e-05,2,0.0,0.0,3.214607311818121e-06,4.03136538234381e-06
M1_N2_L2_25Hz,101,wavelet_threshold,2.956,57B3C62AB9B507B12698B9C55EF945A361BF059E65E2EF4993D6918001B3F1AC,M1_N2_L2_25Hz_101_wavelet_threshold.npy,0.0,1.9488461088355932e-31,-1.3018420798469397e-14,2,0.0,0.0,5.341138341839575e-16,6.490843697006985e-16
M1_N2_L2_25Hz,101,ssa_decomposition,1364.597,39416E0493181AE6B38D077B95E6BC207A0D68C676389F9858E29CB50D8965F1,M1_N2_L2_25Hz_101_ssa_decomposition.npy,-1.79473961745963,0.03770081663535986,1.7722359496839077,2,15.000000000000007,24.000000000000014,0.08864786879779149,0.1050424568385227
M1_N2_L2_25Hz,101,svd_lowrank,26.939,717DFC04FFF21DF464759D70C8087F8E47CB9090D9F32DB5C9E71290224FB7A6,M1_N2_L2_25Hz_101_svd_lowrank.npy,6.522781840815613,2.1030775197046134e-08,13.045575897640385,2,0.0,0.0,2.1030773709631295e-08,2.10307737617573e-08
M1_N2_L2_25Hz,202,fk_filter,1.462,5C901F2FD856B95DD0A82C0E007DE97225D834D570488BDAEB2C8531D4F5C596,M1_N2_L2_25Hz_202_fk_filter.npy,-0.020266924904408512,0.000191214620917876,0.04803902176525338,2,0.0,0.0,0.0016620799808772057,0.002544391437325641
M1_N2_L2_25Hz,202,fx_deconv,1.9,749234229CD09C99987B71F968A6314C9290D87187D04D1C62A7EAD22AAF0629,M1_N2_L2_25Hz_202_fx_deconv.npy,-1.810650421063542e-05,4.2590965381260254e-09,4.7433238902569525e-05,2,0.0,0.0,4.856739512276276e-07,8.545379560804701e-07
M1_N2_L2_25Hz,202,wavelet_threshold,1.463,0B0CC914FAF34F79384DE9693CCEB0808945062EDC037385018DB2C732A9D803,M1_N2_L2_25Hz_202_wavelet_threshold.npy,0.0,2.205882955844131e-31,-9.161110932256236e-15,2,0.0,0.0,7.518906912049392e-16,8.763111895637146e-16
M1_N2_L2_25Hz,202,ssa_decomposition,1710.708,109D0B70C7F398A13DC9FDA943BB2104DD786C33DCAA974E739FAC573F367BEB,M1_N2_L2_25Hz_202_ssa_decomposition.npy,-3.028198593539159,0.044710569344178615,1.7106109655838317,2,24.999999999999996,48.0,0.11060727077376903,0.11149572635124672
M1_N2_L2_25Hz,202,svd_lowrank,10.783,84589E2DC5EAA73F799E943432BF4149C5FE054C47E276A096C7F2852CAAA481,M1_N2_L2_25Hz_202_svd_lowrank.npy,34.6245280422516,9.840483090170169e-09,69.25448859173902,2,0.0,0.0,9.840482580316077e-09,9.840482638195697e-09
M1_N2_L2_25Hz,303,fk_filter,0.868,2FA1994475100BFDB3FFF4E33DFD9A509FD8C94078F933B89A94053BB3B66A8D,M1_N2_L2_25Hz_303_fk_filter.npy,-0.00988884510817023,0.00029703713091762846,0.04768136400531139,4,0.0,0.0,0.002466693652714687,0.011057768460800031
M1_N2_L2_25Hz,303,fx_deconv,2.225,FD4420177F07414D74DE663163619E892AB4B3C81D0F544EE7CEB9D7A6120F1D,M1_N2_L2_25Hz_303_fx_deconv.npy,-1.8100684371802345e-05,3.7211014579088003e-09,4.741957831363981e-05,4,0.0,0.0,4.516734363313658e-06,1.083308205806622e-05
M1_N2_L2_25Hz,303,wavelet_threshold,1.479,075086911376C790799AE39E8CE851283EB1D3206A6C160DE79D39CF5EAA2AFF,M1_N2_L2_25Hz_303_wavelet_threshold.npy,0.0,1.238191217755582e-31,-6.750292265873015e-15,4,0.0,0.0,4.735551227316301e-16,9.298471515730547e-16
M1_N2_L2_25Hz,303,ssa_decomposition,1699.187,4EBF62BDEDC89787D73E07FF611B22D4665269C4D8E85864A25104A54D39B3FC,M1_N2_L2_25Hz_303_ssa_decomposition.npy,-0.6994400886195393,0.01215502799061954,1.746405769474756,4,1.9999999999999982,6.0,0.08547599660976765,0.1709413098592908
M1_N2_L2_25Hz,303,svd_lowrank,10.328,589EE32CFD58F632A8806D78132DE832B5EFEEDAB0333660E5CC987B04717FBE,M1_N2_L2_25Hz_303_svd_lowrank.npy,7.45965070972435,1.910950832045316e-08,14.919315868321215,4,0.0,0.0,1.9109507683879488e-08,1.9109507869139153e-08
M1_N2_L2_25Hz,404,fk_filter,0.863,BE5F89CA5FF3AAD15CF70C233687CBC189A9CFFBA30C38A92E741186AAE60A39,M1_N2_L2_25Hz_404_fk_filter.npy,0.009205326681485104,9.55008591427563e-05,0.05037996492021222,3,0.0,0.0,0.0016539298528016743,0.003412192341460366
M1_N2_L2_25Hz,404,fx_deconv,1.904,53DCEA3733E41B0DEC5C1B2CFF19EFF25A0E21B3E7C142D3DEB7EE0877887F21,M1_N2_L2_25Hz_404_fx_deconv.npy,-1.7991878529244332e-05,5.680942935279216e-09,4.7191901477997606e-05,3,0.0,0.0,5.753470847943814e-07,1.0386911395939636e-05
M1_N2_L2_25Hz,404,wavelet_threshold,1.099,C8A46CAC90DA6E8EAC5EE9740269D83876A948343AF96EE7D06C8E7011DF4861,M1_N2_L2_25Hz_404_wavelet_threshold.npy,-1.7763568394002505e-15,2.328218857344846e-31,-1.253625706519275e-14,3,0.0,0.0,4.585186106785261e-16,1.0821565773729617e-15
M1_N2_L2_25Hz,404,ssa_decomposition,1861.77,525B040B36940A2638BEA3E627AD99FC6777144B961DB26910F22B1965F9E9F1,M1_N2_L2_25Hz_404_ssa_decomposition.npy,-2.09553547572885,0.04031906116318479,2.0034522535500483,3,2.0,2.000000000000007,0.19341313799547136,0.42202658094652606
M1_N2_L2_25Hz,404,svd_lowrank,9.178,F4B86B4CF9B9955F042262AFDE19740122BFCA5BEC2EE3338FABA3EE72583FBA,M1_N2_L2_25Hz_404_svd_lowrank.npy,5.7545669546053215,2.192869077366914e-08,11.50914428616135,3,0.0,0.0,2.1928690412189063e-08,2.1928690727374854e-08
M1_N2_L2_25Hz,505,fk_filter,0.921,D987C272C6F2DDA1BFB58350D2CD09DBC8B8256F413F038CF5FCB16216C48763,M1_N2_L2_25Hz_505_fk_filter.npy,-0.0537166943553693,0.00016911782365170688,0.051675791119839984,4,0.0,4.0,0.001795503689521785,0.005089118130104358
M1_N2_L2_25Hz,505,fx_deconv,1.93,8C65C3B6FEAD8946826286B5CFEF944CF2D60FCEB23A4648EABE19073BBC4E18,M1_N2_L2_25Hz_505_fx_deconv.npy,-1.813052668353521e-05,1.768746454932872e-09,4.7489274711240144e-05,4,0.0,0.0,8.614621730555986e-07,2.119890537995973e-06
M1_N2_L2_25Hz,505,wavelet_threshold,1.038,A465D1D599ADC2E52EE7E8C78A8CB2FFBC35CFE70E074ED97749D84243502BFF,M1_N2_L2_25Hz_505_wavelet_threshold.npy,0.0,1.748652384071156e-31,-9.643274665532882e-15,4,0.0,0.0,6.548811602023792e-16,7.042708823732582e-16
M1_N2_L2_25Hz,505,ssa_decomposition,1747.249,9B42F196047625EA1AB63473ACBB956D7B76E8D043F18D0120CF2A09CEFB1886,M1_N2_L2_25Hz_505_ssa_decomposition.npy,-3.9358801567969106,0.025003006130091494,1.859090114565891,4,6.999999999999998,8.0,0.1798316955478776,0.23786978343580967
M1_N2_L2_25Hz,505,svd_lowrank,9.912,6B4CEA1D5892AA07FAF8FE5012931E62CA2E73176C215E60333B57893794ED95,M1_N2_L2_25Hz_505_svd_lowrank.npy,34.62841103276534,2.697413939460933e-09,69.25966698012886,4,0.0,0.0,2.6974133973387783e-09,2.6974136000356916e-09
M1_N2_L2_40Hz,101,fk_filter,0.929,2351408E5ADA4CA30F3BE232ECA1C95DB1BE2B35A06A21763F8D54AB3EB5C1DD,M1_N2_L2_40Hz_101_fk_filter.npy,-0.30005050948016887,0.0011826458176352988,0.04938382692987197,2,2.0000000000000018,2.0000000000000036,0.007880049844036794,0.014673373895714291
M1_N2_L2_40Hz,101,fx_deconv,1.891,24CD047970FEC71B6E93411054504480E7EF3801974AD5099FB43A33779D8592,M1_N2_L2_40Hz_101_fx_deconv.npy,-1.8144250732987643e-05,7.0551571067177056e-09,4.7500819413124514e-05,2,0.0,0.0,3.568979024370169e-06,6.344409925355548e-06
M1_N2_L2_40Hz,101,wavelet_threshold,1.053,A28D902526D74495B6EFA33DF973393CF09E9FFB64AA2B0C36E11B3F15DCB19C,M1_N2_L2_40Hz_101_wavelet_threshold.npy,-1.7763568394002505e-15,1.6351064707552634e-31,-1.3018420798469397e-14,2,0.0,0.0,6.066081815769211e-16,7.919341209758444e-16
M1_N2_L2_40Hz,101,ssa_decomposition,1442.267,1768386FA74E5FFF93198BD499FBA61030053B441EE027B0E353AB8E22004BCB,M1_N2_L2_40Hz_101_ssa_decomposition.npy,-4.419651040516966,0.13629595066972686,3.9733568399722783,2,9.0,16.0,0.40693712591872544,0.5628438124250822
M1_N2_L2_40Hz,101,svd_lowrank,33.044,4C6930EF8854E19F2CA012AEEF081F6363DAA3322E6AD440119F5E9CBB49A879,M1_N2_L2_40Hz_101_svd_lowrank.npy,2.9984216977538605,4.340584324185558e-08,5.996850439894461,2,0.0,0.0,4.340584339258111e-08,4.3405843503395053e-08
M1_N2_L2_40Hz,202,fk_filter,1.089,9B9AD35B6964C3A172B621E180AD1BD765A404EB170DC80DE039FE8975A69020,M1_N2_L2_40Hz_202_fk_filter.npy,-0.4765440692994183,0.00589218079917985,0.0491832319011298,3,0.0,0.0,0.010597362636020517,0.013512587054266344
M1_N2_L2_40Hz,202,fx_deconv,1.918,C929CD4B2BF9D80D35B5A1EECB5B0477A8D5DF11B2B5A535F4FCEE7834ABB7D2,M1_N2_L2_40Hz_202_fx_deconv.npy,-1.8154311760554265e-05,4.010805216003358e-09,4.7530475390682366e-05,3,0.0,0.0,1.2642244303214914e-06,1.4328465653061572e-06
M1_N2_L2_40Hz,202,wavelet_threshold,1.423,DF8F12575329FC085956269051F2FA0671CD13071ABF0027F8A58216EE38A85A,M1_N2_L2_40Hz_202_wavelet_threshold.npy,-1.7763568394002505e-15,2.040165549126153e-31,-9.161110932256236e-15,3,0.0,0.0,4.990667898195012e-16,7.454351650262137e-16
M1_N2_L2_40Hz,202,ssa_decomposition,1641.7,CF5D6E53AD43C417544DF932B6CE50D18423DFDF31718D5CF9DA979849081429,M1_N2_L2_40Hz_202_ssa_decomposition.npy,-4.373270833920128,0.09927909729850208,4.3200815250763815,3,0.0,2.0,0.2781401254816655,0.3813715714890452
M1_N2_L2_40Hz,202,svd_lowrank,11.672,12317514E8FEC382486B2C125C583E482E0F7519D7C6E15D67694D34450F2704,M1_N2_L2_40Hz_202_svd_lowrank.npy,8.69305205922664,1.606756202273579e-08,17.38612172376956,3,0.0,0.0,1.6067563410543415e-08,1.606756359573223e-08
M1_N2_L2_40Hz,303,fk_filter,0.908,4E94C78D22FA7C14D1B5C65FAEA23D36F3F134E4370EE32EC5D964627184AFAC,M1_N2_L2_40Hz_303_fk_filter.npy,-0.15442191631579583,0.003515594538244206,0.048817468648095025,3,0.0,0.0,0.004677174074953947,0.005147986047729053
M1_N2_L2_40Hz,303,fx_deconv,2.158,F03FF06EB558FF1ED04A45829D48F4019698AB20636C54F73C76F73DE3BBF208,M1_N2_L2_40Hz_303_fx_deconv.npy,-1.8153627385331106e-05,1.0344865736156084e-08,4.752803515780452e-05,3,0.0,0.0,3.8049729019341505e-06,1.825745844349002e-05
M1_N2_L2_40Hz,303,wavelet_threshold,1.246,1C05185C8F963E542629DFE00C5C746659DCB1B362FF9691E745015DD3915406,M1_N2_L2_40Hz_303_wavelet_threshold.npy,0.0,2.122808559037218e-31,-8.196783465702948e-15,3,0.0,0.0,3.5642830051387007e-16,9.956755291937112e-16
M1_N2_L2_40Hz,303,ssa_decomposition,1874.066,5677B30DD2492F50EE836423FE905A3A27B05C2188AF4F5C8C4E56F97B14A2F3,M1_N2_L2_40Hz_303_ssa_decomposition.npy,-3.3764463491817027,0.12741796240312084,2.5637431845118837,3,0.0,2.0,0.3026494477135958,0.47436940164741476
M1_N2_L2_40Hz,303,svd_lowrank,9.431,E60A77775D2EDCAFA350A9673C99033CEC4476FA369D040BFF83BF43EC0D2D27,M1_N2_L2_40Hz_303_svd_lowrank.npy,2.4415896044105203,5.973963903142157e-08,4.8831864337157995,3,0.0,0.0,5.97396376062363e-08,5.973963763499746e-08
M1_N2_L2_40Hz,404,fk_filter,1.112,8695C69964F6CF6F7FECC19BD8768FC462A11FA9E05DC264C27B5C6F0A46436D,M1_N2_L2_40Hz_404_fk_filter.npy,-0.26802889250556206,0.004126007740632427,0.04969891456222036,5,0.0,4.0,0.003788992790751241,0.01100350038612405
M1_N2_L2_40Hz,404,fx_deconv,2.107,3E35529F69B82979662ED559D12227234ACE01B8AEBC1503994BB3BB12B89326,M1_N2_L2_40Hz_404_fx_deconv.npy,-1.8161974319141905e-05,5.087626444150362e-09,4.755391956060576e-05,5,0.0,0.0,1.5880539731632765e-06,1.1088217001442619e-05
M1_N2_L2_40Hz,404,wavelet_threshold,1.173,FF172F445604F31B605B74AEA68867228C0E87C5D463094D6A58D1D9C2CBEDB2,M1_N2_L2_40Hz_404_wavelet_threshold.npy,-1.7763568394002505e-15,1.968413490518516e-31,-1.253625706519275e-14,5,0.0,0.0,5.918211030254692e-16,1.0000915858581747e-15
M1_N2_L2_40Hz,404,ssa_decomposition,1402.188,C42093B729922686E8CAAE90B3032BB060A66066462B5D6EB7D2008D0C56514D,M1_N2_L2_40Hz_404_ssa_decomposition.npy,-3.4797386760856606,0.11736831598115091,3.125687055227983,5,2.0,20.0,0.3940571473960099,0.45893107024363966
M1_N2_L2_40Hz,404,svd_lowrank,7.636,50297CFC0B69E42F337CFC06C5D5072E509299C06DE5F934B9E886D63DA70F6F,M1_N2_L2_40Hz_404_svd_lowrank.npy,3.329452242733547,3.931213440685504e-08,6.658911747984579,5,0.0,0.0,3.9312134939229636e-08,3.9312135111268076e-08
M1_N2_L2_40Hz,505,fk_filter,0.835,B37B9F466CE2B7C8DBE13A72C8D9AFE128EDB11E3537626D340278C240505DF3,M1_N2_L2_40Hz_505_fk_filter.npy,-0.6771577803762305,0.004881834871199823,0.05029817217533817,5,0.0,10.0,0.0029471042259656254,0.02510404306100712
M1_N2_L2_40Hz,505,fx_deconv,1.83,7DBDD2106EF0C83B64CD1889B76C40D7F151C9900625A92E7D310D1A82D15B6D,M1_N2_L2_40Hz_505_fx_deconv.npy,-1.816266980725345e-05,3.136875362500309e-09,4.75574194697462e-05,5,0.0,0.0,1.7693587147498193e-06,4.607720119833972e-06
M1_N2_L2_40Hz,505,wavelet_threshold,1.125,B14E32C8CB15839FE27C57F9DC5F59163932C12D511B6AD634170EE516DD1178,M1_N2_L2_40Hz_505_wavelet_threshold.npy,-1.7763568394002505e-15,2.069287764729861e-31,-9.643274665532882e-15,5,0.0,0.0,5.779715306464149e-16,9.76154917173411e-16
M1_N2_L2_40Hz,505,ssa_decomposition,1896.864,061AFEF1CD08A540EBE6E408D585CD56E4868B378354BF52582B52F77E913FBF,M1_N2_L2_40Hz_505_ssa_decomposition.npy,-6.471211256229946,0.11615128943903533,3.725672573999486,5,2.0000000000000036,14.0,0.3283796849350391,0.5560043088313159
M1_N2_L2_40Hz,505,svd_lowrank,13.533,41ACBA6EAA024869BB7E76EE992ACA090EBDCF140ACB8B57FDAEDD4B197ACF29,M1_N2_L2_40Hz_505_svd_lowrank.npy,34.62557385598245,7.47686553313987e-09,69.25588336330597,5,0.0,0.0,7.47686483548121e-09,7.476865533061436e-09
M1_N2_L3_15Hz,101,fk_filter,1.281,FEF0F97320690A79AB3912AFD5822B14F764124A0C498C2F42776A00944D6CB0,M1_N2_L3_15Hz_101_fk_filter.npy,-0.22476823749012453,0.0016068596427941061,0.04931907863007223,1,2.0,2.0,0.0005076758373062235,0.0005076758373062235
M1_N2_L3_15Hz,101,fx_deconv,2.311,5B061A61407A91DA21FDB5DAD3383E2D2ACBF68D6A0A347DF8FE88CBEE49CF6D,M1_N2_L3_15Hz_101_fx_deconv.npy,-3.7910315008105044e-05,2.3664596288107156e-09,-2.7004518448002724e-05,1,0.0,0.0,2.0496414065347328e-07,2.0496414065347328e-07
M1_N2_L3_15Hz,101,wavelet_threshold,1.557,CBEF319A183AF935AA441E72BF6046DCB7E5095A3AFA4EFD35CBC6222C704093,M1_N2_L3_15Hz_101_wavelet_threshold.npy,-3.552713678800501e-15,2.6551815282985243e-31,1.3500584531745998e-14,1,0.0,0.0,6.652974283665834e-16,6.652974283665834e-16
M1_N2_L3_15Hz,101,ssa_decomposition,800.142,F69E692574246765FDBE8ABC0A92B2DD7F8391F89909612510027C9DA7FB0BE3,M1_N2_L3_15Hz_101_ssa_decomposition.npy,2.030463744023649,0.002246955224163888,4.356900668117727,1,2.0,2.0,0.017025678151962508,0.017025678151962508
M1_N2_L3_15Hz,101,svd_lowrank,25.302,FC389EBFBBD49EEC1D7BD27243FF40322D6960ADD087BE5F86B55D149903E14B,M1_N2_L3_15Hz_101_svd_lowrank.npy,28.888693853252377,6.249588143042502e-08,57.78728365747624,1,0.0,0.0,6.249587986735822e-08,6.249587986735822e-08
M1_N2_L3_15Hz,202,fk_filter,1.407,CDE14A0BBB8F843E91789825B7417E79702489DDC57B08157F842EE09E9B273D,M1_N2_L3_15Hz_202_fk_filter.npy,-0.766844970305586,0.004045610896824605,0.04097238463795103,2,0.0,0.0,0.010810111183915377,0.016314230253590325
M1_N2_L3_15Hz,202,fx_deconv,4.811,D900F6B46261400B4B0A5FF797D45AB795AFB81300ABE01091313B3453484114,M1_N2_L3_15Hz_202_fx_deconv.npy,-3.889700406567442e-05,2.3647287433208846e-09,-2.7813692396925086e-05,2,0.0,0.0,1.3037115431775783e-06,1.535228637259125e-06
M1_N2_L3_15Hz,202,wavelet_threshold,2.159,90E019CDF7CF09A047187EB9668234348644E362FA93E6434945594B38C983A9,M1_N2_L3_15Hz_202_wavelet_threshold.npy,-1.7763568394002505e-15,1.9415730982909827e-31,1.3500584531745998e-14,2,0.0,0.0,6.288812786113789e-16,8.525105442485301e-16
M1_N2_L3_15Hz,202,ssa_decomposition,1378.617,D41B3C581173CFEF52D5C658105CB0FA834581AACEEABB5FE19FA5DF49BC4643,M1_N2_L3_15Hz_202_ssa_decomposition.npy,1.6194872626757686,0.0034314955876144906,4.412541109388888,2,2.0,2.0,0.028907554742322213,0.03552480854076382
M1_N2_L3_15Hz,202,svd_lowrank,3.378,33935D7DCE6B04AA4AA3F4D9823259B0D2BA719B1B267654AA64B212E96A6626,M1_N2_L3_15Hz_202_svd_lowrank.npy,28.888535825959252,6.38335109589365e-08,57.78707285134173,2,0.0,0.0,6.383351045766321e-08,6.383351046265915e-08
M1_N2_L3_15Hz,303,fk_filter,0.919,C0F3EEA11B51F1ECB606FB68BA9F6E47298B405DE9BA78B9963C0DEF164CEF60,M1_N2_L3_15Hz_303_fk_filter.npy,-0.5960393642793349,0.0034853268542909366,0.03702262624980941,1,4.0,4.0,0.0006222080286102497,0.0006222080286102497
M1_N2_L3_15Hz,303,fx_deconv,1.751,6CF1F98B1C12D67A7419981FE75B387F25AE3325EDE7425FE1AD1785378BB125,M1_N2_L3_15Hz_303_fx_deconv.npy,-3.6847748980051165e-05,8.622319252654921e-10,-2.6129509982106475e-05,1,0.0,0.0,1.41266849338188e-06,1.41266849338188e-06
M1_N2_L3_15Hz,303,wavelet_threshold,0.99,F681400B50211911AA8AB9D6415ECB86EF66D3ABBC1D433DB6EC4368E9B24315,M1_N2_L3_15Hz_303_wavelet_threshold.npy,-1.7763568394002505e-15,1.9088896927775292e-31,7.714619732426289e-15,1,0.0,0.0,5.954334574338412e-16,5.954334574338412e-16
M1_N2_L3_15Hz,303,ssa_decomposition,324.221,E5EA581832CF1CBC946E5FE2F8818FF099E12F33210A923A76BE94E1751D8165,M1_N2_L3_15Hz_303_ssa_decomposition.npy,1.8832805699029649,0.001316443183480099,3.9832586998903166,1,4.0,4.0,0.009482194890142731,0.009482194890142731
M1_N2_L3_15Hz,303,svd_lowrank,6.828,13260779C19B2E2B457EF9A4A73ACA15C65E9B80930D9626B76DE2BE5C01CE48,M1_N2_L3_15Hz_303_svd_lowrank.npy,28.888649416102886,6.287058919813416e-08,57.78722437906864,1,0.0,0.0,6.287058812856946e-08,6.287058812856946e-08
M1_N2_L3_15Hz,404,fk_filter,0.803,87D0567D4551E3A5A71701439E435D2B0ABB90F64E14AAF775D7BB1E200E1150,M1_N2_L3_15Hz_404_fk_filter.npy,-0.2589015564221473,0.0008944829070598569,0.05636965353834643,2,0.0,0.0,0.001730018390610435,0.0025047360495546165
M1_N2_L3_15Hz,404,fx_deconv,1.791,7A7971FEF7238FE02FF36E67429BF30953E314D736B0E68A9AF6AAAB2EC09B0E,M1_N2_L3_15Hz_404_fx_deconv.npy,-3.622689034799009e-05,4.828953948482638e-10,-2.561828639601014e-05,2,0.0,0.0,6.136384384117282e-07,1.03975631266526e-06
M1_N2_L3_15Hz,404,wavelet_threshold,0.992,80AA07EEC05A07CCAD0AB0F51BCFAAB497AD4CC393A2DB472320526DBEE72EE5,M1_N2_L3_15Hz_404_wavelet_threshold.npy,-5.329070518200751e-15,2.695405947226377e-31,1.3500584531745998e-14,2,0.0,0.0,5.096335268057608e-16,5.3721926028254e-16
M1_N2_L3_15Hz,404,ssa_decomposition,1643.131,8D41AECFC7B43819EDC6A4399832F4C891BC49A870660DA9306C77FDEC21DCDC,M1_N2_L3_15Hz_404_ssa_decomposition.npy,2.2831395104414725,0.0018865721294841627,4.951806697222593,2,0.0,0.0,0.011501486757916051,0.012796284942823602
M1_N2_L3_15Hz,404,svd_lowrank,10.927,C23D1304FBFD08D60B28572FCF7FFAC17C0161CC0AD1444472A6A6824CB4DF7B,M1_N2_L3_15Hz_404_svd_lowrank.npy,28.892312142692326,3.5745931740886e-08,57.79211010506395,2,0.0,0.0,3.574593200316147e-08,3.5745932106384684e-08
M1_N2_L3_15Hz,505,fk_filter,1.118,9C784F432334897F5D515CEE4452EEA5CE0315A31D0D3855A28DDFB2C23FF62D,M1_N2_L3_15Hz_505_fk_filter.npy,-1.2672233863686344,0.002725031545310258,0.0651975426715033,1,3.999999999999993,3.999999999999993,0.008749967816588001,0.008749967816588001
M1_N2_L3_15Hz,505,fx_deconv,2.226,D38FCE87947EE7A6101F6532D55E8453FD16DE60EF4094EF93B4A0EF687D0755,M1_N2_L3_15Hz_505_fx_deconv.npy,-3.881434980002041e-05,6.458929583109193e-10,-2.7748232750395623e-05,1,0.0,0.0,1.7531254475174925e-07,1.7531254475174925e-07
M1_N2_L3_15Hz,505,wavelet_threshold,1.014,F9B0CC7783F5682E1C4644F5156F60BDC0996918801D3C1CCC2EE4B8E4E861F3,M1_N2_L3_15Hz_505_wavelet_threshold.npy,0.0,3.179818659115442e-31,1.0607602132086145e-14,1,0.0,0.0,9.979112097980136e-16,9.979112097980136e-16
M1_N2_L3_15Hz,505,ssa_decomposition,1757.265,F0B7CA1FFA498F0A821C32742C96156977E5A42EB788B4B43BC38E648800BF2B,M1_N2_L3_15Hz_505_ssa_decomposition.npy,1.8279529912750903,0.0011057081781255236,4.577056685414257,1,0.0,0.0,0.011706409171875605,0.011706409171875605
M1_N2_L3_15Hz,505,svd_lowrank,10.317,7442C9FC9DC7F09803113428A1EA4758281E1BB1158443EF695E9607D3DF73F7,M1_N2_L3_15Hz_505_svd_lowrank.npy,28.89661103964085,1.3617823846038203e-08,57.79784367370517,1,0.0,0.0,1.3617823309563803e-08,1.3617823309563803e-08
M1_N2_L3_25Hz,101,fk_filter,0.875,DA845127BC91D2398B71EDDE642CF825A78B3B67878B256395075C98C8AEC525,M1_N2_L3_25Hz_101_fk_filter.npy,0.011073732754027787,8.523067017894243e-05,0.04843328351128661,2,0.0,0.0,0.00043399506968248635,0.0006429001013581093
M1_N2_L3_25Hz,101,fx_deconv,2.159,8B8406317E14AB87F838D61F2671CF18327ECC8B18DA776480A655721E532BC6,M1_N2_L3_25Hz_101_fx_deconv.npy,-6.585965915917313e-05,2.3107760477906677e-09,-4.993441222414657e-05,2,0.0,0.0,5.126549607766551e-06,7.4524948422587024e-06
M1_N2_L3_25Hz,101,wavelet_threshold,1.522,94BF63EF2DB3A676AE74F2C20F261825ED38DAFAD91E12ADA4CB1BC11F3B9A78,M1_N2_L3_25Hz_101_wavelet_threshold.npy,-1.7763568394002505e-15,1.9488461088355932e-31,1.3500584531745998e-14,2,0.0,0.0,5.341138341839575e-16,6.490843697006985e-16
M1_N2_L3_25Hz,101,ssa_decomposition,1806.621,92D2FD8E42C7B249193992BCA888F65CDCE7758E722365DAD89DA80016C0A0E0,M1_N2_L3_25Hz_101_ssa_decomposition.npy,-1.814171850993354,0.037705993246782005,1.7873468360371896,2,15.000000000000007,24.000000000000014,0.08886322586529889,0.1050887736504827
M1_N2_L3_25Hz,101,svd_lowrank,9.781,77896056BBEA4FFF6A8DC944FD77D306DBFA878FE58A67C54C50DA5273EF4C82,M1_N2_L3_25Hz_101_svd_lowrank.npy,5.7807353872273985,1.5040997138662505e-07,11.561544795433145,2,0.0,0.0,1.5040997231024674e-07,1.5040997244972313e-07
M1_N2_L3_25Hz,202,fk_filter,0.882,22A4FEC498040C4F36E218798D713729AF79D66D6DA12D892EEEEF19218532EB,M1_N2_L3_25Hz_202_fk_filter.npy,-0.021057650792180027,0.00019043421235592095,0.04647253994717136,2,0.0,0.0,0.0016604125111291568,0.0025408553951269514
M1_N2_L3_25Hz,202,fx_deconv,5.399,D04C9D413B3538DAECCA39E926B599A0680C331172AA38C068403E15F0F14C9A,M1_N2_L3_25Hz_202_fx_deconv.npy,-6.705900129411191e-05,1.7097249495856533e-09,-5.092252114621679e-05,2,0.0,0.0,1.9780247767469683e-06,2.0395854139979825e-06
M1_N2_L3_25Hz,202,wavelet_threshold,3.18,EAAB51910A23C181D0170F8F497019373305944FD924BBD1608845D920A606A1,M1_N2_L3_25Hz_202_wavelet_threshold.npy,-1.7763568394002505e-15,2.21052813423032e-31,1.3500584531745998e-14,2,0.0,0.0,7.518906912049392e-16,8.763111895637146e-16
M1_N2_L3_25Hz,202,ssa_decomposition,1418.254,AE4BD8CC3516D0D069EC641F62D6581E64F5514FF0B368008DA9D9B69337D8FF,M1_N2_L3_25Hz_202_ssa_decomposition.npy,-3.056027923332195,0.0447989305747972,1.7245961151493754,2,24.999999999999996,48.0,0.11057514441325517,0.11144924660149551
M1_N2_L3_25Hz,202,svd_lowrank,61.819,A02D0CDAA973BFA1E04365CBC554C1602A30C9BB0E0A5B7936B8AC008F9DD125,M1_N2_L3_25Hz_202_svd_lowrank.npy,28.88767074205538,7.140726698961015e-08,57.78591882253404,2,0.0,0.0,7.140726699287201e-08,7.140726710240438e-08
M1_N2_L3_25Hz,303,fk_filter,1.633,CD0A0ED25D7EF8D5D675727D9A1AA755FC747B9358BAF0CC33E0931BEDB633E2,M1_N2_L3_25Hz_303_fk_filter.npy,-0.010628529760696281,0.00029266020188559665,0.04558694255677771,4,0.0,0.0,0.002433242615140261,0.011063410672254803
M1_N2_L3_25Hz,303,fx_deconv,5.12,03F48E4D46642794AB394ADC8545774A7C80A9EE1A5F68F4656E6C31F2C247B9,M1_N2_L3_25Hz_303_fx_deconv.npy,-6.655021913282155e-05,1.5808820787586304e-09,-5.050427356915792e-05,4,0.0,0.0,4.95992343136022e-06,1.2341233979843795e-05
M1_N2_L3_25Hz,303,wavelet_threshold,2.12,10A4D51229F0C96A8B2DA2883BC5C4BA7521657CC02A87745F35310127DF7CEF,M1_N2_L3_25Hz_303_wavelet_threshold.npy,-1.7763568394002505e-15,1.2309828361589336e-31,7.714619732426289e-15,4,0.0,0.0,4.735551227316301e-16,9.298471515730547e-16
M1_N2_L3_25Hz,303,ssa_decomposition,1878.479,9043090E7E1A94FA14FD13A6AA6185B7AD74BF8C87B413E8C27FE146889CE9A7,M1_N2_L3_25Hz_303_ssa_decomposition.npy,-0.731048170261543,0.01216704875997462,1.7537983781678537,4,1.9999999999999982,6.0,0.08533744732209753,0.17140146802607728
M1_N2_L3_25Hz,303,svd_lowrank,10.626,D856936DFA84DD6E0984CE8BE7CAA6EE5F4BEEF6F49C5F9A226CB3FC88261077,M1_N2_L3_25Hz_303_svd_lowrank.npy,7.4453271632114575,1.369422773837845e-07,14.890758055160553,4,0.0,0.0,1.36942278348893e-07,1.3694227858056846e-07
M1_N2_L3_25Hz,404,fk_filter,0.97,A1552905386698FBDEA14301751C600B62723D523A65381D2F2D4F49F39C2108,M1_N2_L3_25Hz_404_fk_filter.npy,0.008559871362326277,9.708400188169372e-05,0.0500485490273344,3,0.0,0.0,0.0017162767455062354,0.003466449400263856
M1_N2_L3_25Hz,404,fx_deconv,1.998,E5ACED6292898F1C4B69713C5BE00168A014B825D64FFB97F8C8AFC20483A374,M1_N2_L3_25Hz_404_fx_deconv.npy,-6.618655157097919e-05,2.75185333066937e-09,-5.018632103219433e-05,3,0.0,0.0,1.2810547294666875e-06,1.2207466333747368e-05
M1_N2_L3_25Hz,404,wavelet_threshold,1.238,4605C8DAA627583D94E445E93CB1DFEA64DD61323F6F0A72AAC0F62A652B2797,M1_N2_L3_25Hz_404_wavelet_threshold.npy,-3.552713678800501e-15,2.361686903765098e-31,1.3500584531745998e-14,3,0.0,0.0,4.585186106785261e-16,1.2367503741405275e-15
M1_N2_L3_25Hz,404,ssa_decomposition,1939.384,D9D663F9C2A114CE6AC1FE4D4943DB13AE8A198F473B3668D20BF832EC5753D7,M1_N2_L3_25Hz_404_ssa_decomposition.npy,-2.0901228563825054,0.04028747157031308,2.0905110667031455,3,2.0,2.000000000000007,0.19443267538819634,0.4228179692356026
M1_N2_L3_25Hz,404,svd_lowrank,21.36,7DFFB8D5489943F15C0B34FF0F176525B448A75350505CA352C0D67792A0F812,M1_N2_L3_25Hz_404_svd_lowrank.npy,5.780732212008598,1.59126354165325e-07,11.561540566065677,3,0.0,0.0,1.591263544180667e-07,1.5912635471109475e-07
M1_N2_L3_25Hz,505,fk_filter,0.964,29D943D2050E890D0595F8ED8DE41D2C07D0749F2E0F638025E67594815C28E7,M1_N2_L3_25Hz_505_fk_filter.npy,-0.05467110044082801,0.00017175006844445488,0.05210259060811441,4,0.0,4.0,0.0018116406435262837,0.005218703611750415
M1_N2_L3_25Hz,505,fx_deconv,2.177,6004B4020D0740D048A0CECEE72E8918CF9C6CCD128EEC099E4DDBDE61F13A38,M1_N2_L3_25Hz_505_fx_deconv.npy,-6.729626405643785e-05,7.59737049264664e-10,-5.10816420753353e-05,4,0.0,0.0,1.3424186355488134e-06,2.4785920728875668e-06
M1_N2_L3_25Hz,505,wavelet_threshold,1.042,0A81A65012691B5466AB59EF3D67C13E715B7D68C62519CB73B29B8B170AD37E,M1_N2_L3_25Hz_505_wavelet_threshold.npy,0.0,1.7499988062621775e-31,1.0607602132086145e-14,4,0.0,0.0,6.548811602023792e-16,7.042708823732582e-16
M1_N2_L3_25Hz,505,ssa_decomposition,941.808,4AF81D96834E1C53BBA1049C5D805C0DBC2644E821F91EE1566BC215EE7F7FE4,M1_N2_L3_25Hz_505_ssa_decomposition.npy,-3.9550736907833066,0.025012166027675524,1.9157097160255152,4,6.999999999999998,8.0,0.1804402663354403,0.23767515013472287
M1_N2_L3_25Hz,505,svd_lowrank,7.305,1F525CA50C6C522FA9471ECEBAB76D6500F060DCA06DF4B6BD9543D16A207CAD,M1_N2_L3_25Hz_505_svd_lowrank.npy,28.895236266426174,1.9554511611480412e-08,57.796010184976964,4,0.0,0.0,1.9554513009004287e-08,1.9554513155421515e-08
M1_N2_L3_40Hz,101,fk_filter,0.977,6A063C907D4D5A34BC34D27C21280DF86ABA922072A47AC8928B9B635B945900,M1_N2_L3_40Hz_101_fk_filter.npy,-0.30217207037862437,0.0011852596352449766,0.04825648980022263,2,2.0000000000000018,2.0000000000000036,0.007869556098249431,0.014711745282262694
M1_N2_L3_40Hz,101,fx_deconv,1.919,67FEC0A0E3210F7B20B47CC8AF3B851BC4D3365D694188DAB5AB2715FE32325E,M1_N2_L3_40Hz_101_fx_deconv.npy,-6.803999249704873e-05,1.6004087585467013e-09,-5.17065128262813e-05,2,0.0,0.0,3.946459338486723e-06,6.013890725368962e-06
M1_N2_L3_40Hz,101,wavelet_threshold,1.114,7426895DBCD97B4C8D74B022903D2264F1139562EB66449B66BEB023CC0FC5F2,M1_N2_L3_40Hz_101_wavelet_threshold.npy,-1.7763568394002505e-15,1.6351064707552634e-31,1.3500584531745998e-14,2,0.0,0.0,6.066081815769211e-16,7.919341209758444e-16
M1_N2_L3_40Hz,101,ssa_decomposition,1612.271,6FCFA0190CE43CA8B8BFC409BA552F41D69F2DC8F7BDF85DA1A518200BB5D135,M1_N2_L3_40Hz_101_ssa_decomposition.npy,-4.4708311572108945,0.1367576274115303,3.9510966287524862,2,9.0,16.0,0.4068012262612266,0.5621014684279504
M1_N2_L3_40Hz,101,svd_lowrank,39.086,9B0E45CA771DDD67001D9F2442D3D4510D64AA7B78D8EEB13CF4520E828F5339,M1_N2_L3_40Hz_101_svd_lowrank.npy,3.0234061103543652,2.972375498551958e-07,6.0468609853882995,2,0.0,0.0,2.972375498858651e-07,2.972375503532491e-07
M1_N2_L3_40Hz,202,fk_filter,1.17,160AE285074CFF53BCB837BFA22B7FEEF7CB5292CE502597DDA6B02C5EE79C13,M1_N2_L3_40Hz_202_fk_filter.npy,-0.47946190949533474,0.005890734312302263,0.047837157559726874,3,0.0,0.0,0.010588996702877405,0.013507481967161379
M1_N2_L3_40Hz,202,fx_deconv,1.91,40129CCA4FEB3220C1CC16E4D872D6A3E20FC2701BC5FC84AE4DBC3DDC95F628,M1_N2_L3_40Hz_202_fx_deconv.npy,-6.83123081319792e-05,1.2470727462736584e-09,-5.196923056316016e-05,3,0.0,0.0,1.9731733708431707e-06,2.8523222914077852e-06
M1_N2_L3_40Hz,202,wavelet_threshold,1.357,9D5C5EF9E0B69D3215C1DC8A72166AAB0A02A2273A8E2CDBEE7E58E7AC6742A0,M1_N2_L3_40Hz_202_wavelet_threshold.npy,-3.552713678800501e-15,2.0238035092987146e-31,1.3500584531745998e-14,3,0.0,0.0,4.990667898195012e-16,7.454351650262137e-16
M1_N2_L3_40Hz,202,ssa_decomposition,1475.312,78950E0B1FA0F5F736C903C5533863FF7F2003917D0813E3CF09A5BE19CC80A3,M1_N2_L3_40Hz_202_ssa_decomposition.npy,-4.405445530649854,0.09923462608493945,4.327060036622116,3,2.0,2.0,0.27905092304054835,0.3805027056245021
M1_N2_L3_40Hz,202,svd_lowrank,64.3,A1B2CBED44A3AA6B4616A7B43B1A90C65AB24778691D1586F9FDF17B2950659B,M1_N2_L3_40Hz_202_svd_lowrank.npy,7.445340167383776,1.150247108390353e-07,14.89077537838712,3,0.0,0.0,1.1502471308854671e-07,1.1502471334228251e-07
M1_N2_L3_40Hz,303,fk_filter,0.935,0337CF63EBF7B050D475FAF2489BC15B25B0D7887DB4546C6A9B4FEB4C74E24E,M1_N2_L3_40Hz_303_fk_filter.npy,-0.15586152538801024,0.003513683133629872,0.04746067178333453,3,0.0,0.0,0.0044701681623096415,0.005178113504967487
M1_N2_L3_40Hz,303,fx_deconv,2.081,AB849ADB58B7EA0B5238BFB567E013D65C94E6D3CFBD77F1C64C5CFEBC9E8358,M1_N2_L3_40Hz_303_fx_deconv.npy,-6.815243682645189e-05,3.1093068271021427e-09,-5.183205594686927e-05,3,0.0,0.0,7.296708720992465e-06,2.3585867795517444e-05
M1_N2_L3_40Hz,303,wavelet_threshold,1.1,026D0241AE21696D6D3C481B070165E8A699F2EA0E8ABD6A28981C3EDEAFDEC4,M1_N2_L3_40Hz_303_wavelet_threshold.npy,-1.7763568394002505e-15,2.160519988370538e-31,7.714619732426289e-15,3,0.0,0.0,3.5642830051387007e-16,9.956755291937112e-16
M1_N2_L3_40Hz,303,ssa_decomposition,1844.987,39B403B123C5244087B96B61007522C1A938382D61BD0B3C715E740AB45257F5,M1_N2_L3_40Hz_303_ssa_decomposition.npy,-3.4205358363703215,0.12884797869094947,2.639733023391317,3,0.0,2.0,0.2889279767926552,0.4849616306881223
M1_N2_L3_40Hz,303,svd_lowrank,33.334,E3A37A16751B3A2A0734AE51CA6C25DAABD0D9904F0767AF7D0BEE2173236853,M1_N2_L3_40Hz_303_svd_lowrank.npy,2.4895932693191334,4.10485696054995e-07,4.979236990317981,3,0.0,0.0,4.104856951413379e-07,4.104856954741532e-07
M1_N2_L3_40Hz,404,fk_filter,1.045,F3AD2755480DE3EC764A5184E4FE0265FB499CAF49E9A07ADCA5D011701A6AA1,M1_N2_L3_40Hz_404_fk_filter.npy,-0.2700024662931604,0.004127532372075333,0.04874988437885751,5,0.0,4.0,0.0037325893164517157,0.01102237059165675
M1_N2_L3_40Hz,404,fx_deconv,1.945,20D8959FD250506F380CFF819EA394E7C66E0D372DFBE882C5DF9189E3A2AAC9,M1_N2_L3_40Hz_404_fx_deconv.npy,-6.827210837734299e-05,1.1517471663176424e-09,-5.187503224729339e-05,5,0.0,0.0,1.2085771463410443e-06,1.4198207867477622e-05
M1_N2_L3_40Hz,404,wavelet_threshold,1.073,41F5F9FDAE52C4F5BACD05FBB7E095AE6BA9588222C8826424B5A30D1E37ADC7,M1_N2_L3_40Hz_404_wavelet_threshold.npy,-1.7763568394002505e-15,2.0607342500944196e-31,1.3500584531745998e-14,5,0.0,0.0,5.918211030254692e-16,1.0000915858581747e-15
M1_N2_L3_40Hz,404,ssa_decomposition,1898.36,13605DDF63A2D8F164E1C2094AD06871CA5238CFC5508CD99BC66A9025CE4D5A,M1_N2_L3_40Hz_404_ssa_decomposition.npy,-3.550124790092461,0.11712213344922114,3.0645397118835938,5,2.0,20.0,0.3915922839516395,0.46075775915026806
M1_N2_L3_40Hz,404,svd_lowrank,31.811,27CFB9F60E83853BF3DEA8C0B393A01FC2DFC7532CB49910392D0D968FEDB893,M1_N2_L3_40Hz_404_svd_lowrank.npy,3.0234099278605644,2.670558996790374e-07,6.046866068992268,5,0.0,0.0,2.670559018551168e-07,2.6705590230308323e-07
M1_N2_L3_40Hz,505,fk_filter,1.675,85435699FD85508C9EF868A7F6BC741D1CC301712A34640F18F0FEF640DC7F47,M1_N2_L3_40Hz_505_fk_filter.npy,-0.6809421182388373,0.0048861582847459775,0.04982542609149151,5,0.0,10.0,0.0029508765866551683,0.02507299017729239
M1_N2_L3_40Hz,505,fx_deconv,4.671,E83EE7E569F181DA0CC479C8878F34340ECB33F1D8B5620C2EBDAA7D868A905C,M1_N2_L3_40Hz_505_fx_deconv.npy,-6.784224421352292e-05,6.816862289050368e-10,-5.147376277246953e-05,5,0.0,0.0,1.8829059267561405e-06,6.205527598088274e-06
M1_N2_L3_40Hz,505,wavelet_threshold,1.046,89C13103F0F79BB6D192F0A80EFEAF94C0F665B3B0F0AD55126FE2D3C81F407D,M1_N2_L3_40Hz_505_wavelet_threshold.npy,-3.552713678800501e-15,2.074165032155517e-31,1.0607602132086145e-14,5,0.0,0.0,5.779715306464149e-16,9.76154917173411e-16
M1_N2_L3_40Hz,505,ssa_decomposition,1831.784,65ABA20F57C810D7DEF3B85AB3644803FA811595A7A70A93251E463A9D4FC507,M1_N2_L3_40Hz_505_ssa_decomposition.npy,-6.52470426148864,0.11670354345741712,3.894930646388037,5,2.0000000000000036,14.0,0.32498577291846953,0.5676841757680227
M1_N2_L3_40Hz,505,svd_lowrank,13.195,5A8C637B63833C94FEF673B8E8E3897885D55BE2317856FB9296807DC1F4BAF4,M1_N2_L3_40Hz_505_svd_lowrank.npy,28.88970896818558,5.4241362366539246e-08,57.788637780175364,5,0.0,0.0,5.4241362393513923e-08,5.424136291144299e-08
M1_N3_L1_15Hz,101,fk_filter,0.92,4CA86A908017D0716860D6826E53B56AB6F2E428EFD7670182B39C2EB418F9B2,M1_N3_L1_15Hz_101_fk_filter.npy,12.139703796018837,0.002387009318489223,29.60094324619993,1,2.0,2.0,0.0007540276501863925,0.0007540276501863925
M1_N3_L1_15Hz,101,fx_deconv,4.979,56C26D120FD73F72854B5C354EE37626A171333B3400D9B639F1BDCAAB5B3F43,M1_N3_L1_15Hz_101_fx_deconv.npy,0.017198769579684026,0.030827763072072883,0.04393061596724514,1,0.0,0.0,0.03113632664759897,0.03113632664759897
M1_N3_L1_15Hz,101,wavelet_threshold,1.217,1AD339E044A319B32251F8C72C9FDD442DD636AA382E7BD9852A3975E851E9D5,M1_N3_L1_15Hz_101_wavelet_threshold.npy,0.036222563001665264,0.030751713490087637,0.03636657185380969,1,2.0,2.0,0.031133853859250417,0.031133853859250417
M1_N3_L1_15Hz,101,ssa_decomposition,1728.793,2FDB706D8B9DA87716FE828A0B6B72C90EA062CB629815D990A37199A229AB11,M1_N3_L1_15Hz_101_ssa_decomposition.npy,-0.13052774371465325,0.03395326554107536,0.08129325102207499,1,0.0,0.0,0.014711455286240587,0.014711455286240587
M1_N3_L1_15Hz,101,svd_lowrank,6.457,1E92401FEE02ACC71DCAF2FF8D1E57B1B3D9A08D4AC163205526639AB6C8D76E,M1_N3_L1_15Hz_101_svd_lowrank.npy,3.6593917884724068,0.01418044161028077,7.319360438771891,1,0.0,0.0,0.014590148149217119,0.014590148149217119
M1_N3_L1_15Hz,202,fk_filter,1.458,4341A9A5C656765A7998EDDB9057FAE4D08BCA69ADE65C50552B214EF8A8B8BE,M1_N3_L1_15Hz_202_fk_filter.npy,8.906532771061327,0.00524142342048291,29.141620672105777,2,0.0,0.0,0.01312846757327985,0.017681486645453284
M1_N3_L1_15Hz,202,fx_deconv,1.921,44A7DE6A15487CC8D76E7D5CE0A8C5729CC3CDCFEE8F898F5742C5AD936E8913,M1_N3_L1_15Hz_202_fx_deconv.npy,0.015599392320263306,0.03603552416772408,0.03988009414959429,2,1.0,2.0,0.032039924468096996,0.04198059360873475
M1_N3_L1_15Hz,202,wavelet_threshold,1.637,625BE941845B3DFF3179A0D302821DC5CF77E125F28BF03539AFEEDA2E9A5278,M1_N3_L1_15Hz_202_wavelet_threshold.npy,0.043255945878490465,0.0358731787449743,0.04346210938792478,2,0.0,0.0,0.03185368623004541,0.04194422258735621
M1_N3_L1_15Hz,202,ssa_decomposition,1085.358,0CE2C2374F03F03FD17123481CAC9F2A21B31F9C71330336325EC706945BE213,M1_N3_L1_15Hz_202_ssa_decomposition.npy,-0.174292372917634,0.04047008506177252,0.13470876644708832,2,3.0,4.0,0.003339763520385965,0.004531138602582274
M1_N3_L1_15Hz,202,svd_lowrank,10.797,9FC555F19DCAB30464230A237EB2AD607525072050F436982145EAE1FAA0B2CD,M1_N3_L1_15Hz_202_svd_lowrank.npy,3.89763965965086,0.015348830981103595,7.795823858369884,2,1.0,2.0,0.012637779386606741,0.017741482914948054
M1_N3_L1_15Hz,303,fk_filter,0.881,56F3B5CADB704932328B8E07E6E24412542BFF42C97EBE55861CCECCB9292882,M1_N3_L1_15Hz_303_fk_filter.npy,9.497516517800756,0.003919661934528893,27.809294465608218,1,4.0,4.0,0.0012551174116249052,0.0012551174116249052
M1_N3_L1_15Hz,303,fx_deconv,2.392,66E671546F4E5DB16ACB4DF1C3A3CC2614DE6DEFE03BB038BCED78E19E7E5569,M1_N3_L1_15Hz_303_fx_deconv.npy,0.01950076733919026,0.020473568006352607,0.04681549508915894,1,0.0,0.0,0.020408136797384752,0.020408136797384752
M1_N3_L1_15Hz,303,wavelet_threshold,1.039,3532206557E92607A85E760671BAD5A0C6FC9BD424A87D0B6A73603E84968F7A,M1_N3_L1_15Hz_303_wavelet_threshold.npy,0.04359069838029406,0.02039932514549876,0.043795640252349444,1,0.0,0.0,0.020468416562213782,0.020468416562213782
M1_N3_L1_15Hz,303,ssa_decomposition,1817.812,CD0384F46F9027B7F801C49F7A2D4F4E06C3E0EE258D373FAFF71F42FC7FC078,M1_N3_L1_15Hz_303_ssa_decomposition.npy,0.03491830043422972,0.021481923408256318,0.16511921567127455,1,4.0,4.0,0.008868710987046618,0.008868710987046618
M1_N3_L1_15Hz,303,svd_lowrank,36.826,88DD8EB671EBB6D9DF8608FBBB5BF05DC2DA50D7883EB1E66C930299E1F7D24F,M1_N3_L1_15Hz_303_svd_lowrank.npy,3.817750491405155,0.010142849162991682,7.6358431042647315,1,0.0,0.0,0.01003317322845544,0.01003317322845544
M1_N3_L1_15Hz,404,fk_filter,1.7,3C9160392B46972AC8468EE32E76F24F8EC8080AF99679AE4CB20C14B1BF2944,M1_N3_L1_15Hz_404_fk_filter.npy,12.496005916794456,0.0016914534355530828,30.08288541663513,2,0.0,0.0,0.005510272540436574,0.008248170135298676
M1_N3_L1_15Hz,404,fx_deconv,1.886,52AC5814376FBF04EF98DB50FA95D8B550EECDFFAFEB31F152F205130CF8CC72,M1_N3_L1_15Hz_404_fx_deconv.npy,0.014690899579466787,0.02347318875246614,0.03709688221666964,2,0.0,0.0,0.03180501140889021,0.04493112644543891
M1_N3_L1_15Hz,404,wavelet_threshold,1.399,18C12E7D8CC77C995F1A4DE39212D368D5FE160EAB0E8355B3079397503F7FE5,M1_N3_L1_15Hz_404_wavelet_threshold.npy,0.03874421758994018,0.02333321365188472,0.038913356459439635,2,0.0,0.0,0.031751463009506736,0.044929881364970746
M1_N3_L1_15Hz,404,ssa_decomposition,1831.301,A0B7218BBCC303EEC5F10A60815311D2A83B8EFD0C4DD018152962153B498CE7,M1_N3_L1_15Hz_404_ssa_decomposition.npy,-0.1083221483556116,0.025838005261299583,0.05129646143524787,2,1.999999999999993,3.999999999999986,0.023355231266071065,0.03624971961463484
M1_N3_L1_15Hz,404,svd_lowrank,16.407,6B6DC5FE6FBB64E93FA8C9E8B56CA5375CF9CD64DB51837D27206299D9D752C9,M1_N3_L1_15Hz_404_svd_lowrank.npy,3.870209377938524,0.010045729848961819,7.740887262698344,2,0.0,0.0,0.014762015134905382,0.02113650850739698
M1_N3_L1_15Hz,505,fk_filter,0.932,DB52505F45CB141BFCDC263EDD9DD552BD55C5C68760E41A1448F65295112A11,M1_N3_L1_15Hz_505_fk_filter.npy,9.008278760481002,0.003198036017114593,25.83023658536898,1,3.999999999999993,3.999999999999993,0.007669756220352535,0.007669756220352535
M1_N3_L1_15Hz,505,fx_deconv,2.495,66E5887ED926013B73FD052C9368EC74264BAE1B7BD08755F6E8BC5DC6E7331A,M1_N3_L1_15Hz_505_fx_deconv.npy,0.033139243723557144,0.022618173962717772,0.07773261162065193,1,0.0,0.0,0.022622933422631507,0.022622933422631507
M1_N3_L1_15Hz,505,wavelet_threshold,1.177,AB3D1E2E2CA99F1F6F28DD65141A84AF2CB9A861A2A965123FF19DD61D52D577,M1_N3_L1_15Hz_505_wavelet_threshold.npy,0.04221063475537434,0.022712017342468655,0.04241113202502057,1,0.0,0.0,0.022840755013933248,0.022840755013933248
M1_N3_L1_15Hz,505,ssa_decomposition,1804.525,41258A547381E811C4951938F2C67EBAE97AB3EAC748EF20DBDD2C0411D7E6CA,M1_N3_L1_15Hz_505_ssa_decomposition.npy,-0.04279372924438718,0.023806361801042685,0.08864219505085358,1,0.0,0.0,0.011067413791349514,0.011067413791349514
M1_N3_L1_15Hz,505,svd_lowrank,7.386,4823672B84240538F6F55AD1083C09A7EF633ED1152199F91B70D687A265BCAF,M1_N3_L1_15Hz_505_svd_lowrank.npy,3.7833786779452616,0.011235176563058669,7.567376625166039,1,0.0,0.0,0.011807571815391034,0.011807571815391034
M1_N3_L1_25Hz,101,fk_filter,1.563,4E1675E8468BFB7F596D9807125C48D8FD6AF614BA9C8E670B6A26DF82FCA8F4,M1_N3_L1_25Hz_101_fk_filter.npy,14.482799945500256,0.0005101115853650374,29.545518986504945,2,0.0,0.0,0.0017167679207475452,0.0022970022013520334
M1_N3_L1_25Hz,101,fx_deconv,5.005,19B7C507DDD681FE3B2F277F13313E5971195A57B03D7B582AAAFC3AD19FD227,M1_N3_L1_25Hz_101_fx_deconv.npy,0.017211025844774852,0.018183167072706122,0.04539578154203053,2,0.0,0.0,0.017507746887884378,0.01965563211146326
M1_N3_L1_25Hz,101,wavelet_threshold,1.211,FE5FFB4FB0160FF0957D96FC5A6960E01321E84CD3E704B0B6F893A6F5B60072,M1_N3_L1_25Hz_101_wavelet_threshold.npy,0.036207573794650116,0.018131068715231638,0.03636565028046666,2,0.0,0.0,0.017422144689878353,0.019732101633109927
M1_N3_L1_25Hz,101,ssa_decomposition,1704.617,5896A5ED3C09F74F38B4762DBF41A594A943801423E2423FA4DCDD2B0FCF7216,M1_N3_L1_25Hz_101_ssa_decomposition.npy,-0.7324790197577933,0.05126990720109267,3.185266289484437,2,15.000000000000007,24.000000000000014,0.08501737060591577,0.09190041782677233
M1_N3_L1_25Hz,101,svd_lowrank,13.899,07F9D4277455E966E59D3BE2064B3E0ED35219A8319F9D90EBC2907C84478CF0,M1_N3_L1_25Hz_101_svd_lowrank.npy,3.828954665036745,0.008464434324343774,7.658655923377898,2,0.0,0.0,0.007078460490256715,0.007415333134278357
M1_N3_L1_25Hz,202,fk_filter,0.906,9538821787F8F9F7181511C95AFC7DDDDCCB66B890EFEA5DDD8960FC450BFC5F,M1_N3_L1_25Hz_202_fk_filter.npy,14.079950874875365,0.0011801141830438155,29.346175113974038,2,0.0,0.0,0.0028258083254005307,0.003946201541849824
M1_N3_L1_25Hz,202,fx_deconv,2.322,49C54CF1CD2D3C1181EC4B18C3D82D7C9489C7498A8DA2552D57119859ABD533,M1_N3_L1_25Hz_202_fx_deconv.npy,0.015593666718363153,0.030831166934388466,0.04114136482859628,2,0.0,0.0,0.03199007025555169,0.03560387751153312
M1_N3_L1_25Hz,202,wavelet_threshold,1.097,E2BA6229016561B583C0F5B58031E259090C387C27BEF65DFEFF0E350E736368,M1_N3_L1_25Hz_202_wavelet_threshold.npy,0.043244315784354725,0.030687787141210388,0.043466870841675845,2,0.0,0.0,0.03148279526446718,0.035016813606659244
M1_N3_L1_25Hz,202,ssa_decomposition,1780.564,0737F8855848866B01F89E359BB0A932DEAC09D6DEA4E3A0B463E6C7904DA129,M1_N3_L1_25Hz_202_ssa_decomposition.npy,-0.6355785029433463,0.06350595102225783,4.726554287202748,2,24.999999999999996,48.0,0.0904156725788407,0.09642793918302497
M1_N3_L1_25Hz,202,svd_lowrank,11.682,E4C100B2B51CE9F9F76A30AEA2104509E3F4FF0C3B952DB17D19B7983F2117F4,M1_N3_L1_25Hz_202_svd_lowrank.npy,3.667204826537949,0.01326821165007855,7.334621924247996,2,0.0,0.0,0.013336100855223014,0.014581453070687868
M1_N3_L1_25Hz,303,fk_filter,1.404,D94B2CD9FA63F130DA09365E7C0A4BB776F95F9B804BC0BB3734EBCA67F68187,M1_N3_L1_25Hz_303_fk_filter.npy,13.40760125049524,0.0008266032983527286,27.918806867994018,4,0.0,0.0,0.0026951704477540988,0.010935908144867057
M1_N3_L1_25Hz,303,fx_deconv,2.002,EC4B26CFBF40D2D01B53EE7FA094598F11A03570A48A514A98AF70E3C18838E3,M1_N3_L1_25Hz_303_fx_deconv.npy,0.019657519649728172,0.023349720586412548,0.04835032648995388,4,0.0,0.0,0.035763254145915455,0.03783552805002381
M1_N3_L1_25Hz,303,wavelet_threshold,1.061,57EBE74969434381D1C89A6B5B90A757ABD47990DA407840121BA49BA4D4B51E,M1_N3_L1_25Hz_303_wavelet_threshold.npy,0.04358095067913048,0.023269544334965836,0.04380676896482184,4,0.0,0.0,0.03505686867887879,0.038664193972053125
M1_N3_L1_25Hz,303,ssa_decomposition,1839.673,1D4F43F4073AC6E1441B70A077FABE85A578D3B7C6B0B4014D471118144ED858,M1_N3_L1_25Hz_303_ssa_decomposition.npy,0.5918550973233749,0.026410185137331177,3.9257903663075986,4,1.9999999999999982,6.0,0.06228743095673024,0.1694074876709746
M1_N3_L1_25Hz,303,svd_lowrank,35.651,E0253F1C8D02A1FDF5DEF7BB187C7ECB1BFB1DDE53AE7701E803AABDF5BB107B,M1_N3_L1_25Hz_303_svd_lowrank.npy,3.919695523887013,0.010516147184379489,7.83959178596327,4,0.0,2.0,0.015831779327666277,0.019993567361460407
M1_N3_L1_25Hz,404,fk_filter,0.855,5C4B2124CA4D72034092B49DDB2696B177C7E0B05325E04073A80084A631E455,M1_N3_L1_25Hz_404_fk_filter.npy,14.548986076022285,0.0007049141860767943,29.89354445375957,3,0.0,0.0,0.004177550484058126,0.007678693265294523
M1_N3_L1_25Hz,404,fx_deconv,2.072,8A94F992B9E2F8A3E7CEBC9E0E1FFA83C1E92111E4E75F680EA114FB0D60B392,M1_N3_L1_25Hz_404_fx_deconv.npy,0.014604577072272917,0.0229748962274665,0.038160234267337806,3,0.0,0.0,0.02413646584205407,0.06159980435680186
M1_N3_L1_25Hz,404,wavelet_threshold,1.13,2490F6A1A3B22E5F77518E46DCB6BD60A0A1C9FD904AA80C411C440BCAE4CA5F,M1_N3_L1_25Hz_404_wavelet_threshold.npy,0.03872617678916157,0.022836411919947036,0.03891442342248559,3,0.0,0.0,0.02403690610058663,0.060608258788045904
M1_N3_L1_25Hz,404,ssa_decomposition,882.29,E3C1118F783A779E27E292E52EF4F6C8CFD942930E322CDE5DDB7166DAFCE63E,M1_N3_L1_25Hz_404_ssa_decomposition.npy,-1.23229427353907,0.05528367509035954,3.0975599737070745,3,2.0000000000000036,2.000000000000007,0.19280397336350574,0.3906626895821718
M1_N3_L1_25Hz,404,svd_lowrank,11.873,E2D281BF9850AF7C0562D8F9B2E9D9FD244462BA718D3FE5068467EBBE921CDF,M1_N3_L1_25Hz_404_svd_lowrank.npy,3.973152022754597,0.009346195637396077,7.946636447067467,3,0.0,0.0,0.01052349822558284,0.02204188147546331
M1_N3_L1_25Hz,505,fk_filter,0.947,69201B38A7186EEB74B0D57840D0F5B2DF38932D3A08EA538684B65641701B26,M1_N3_L1_25Hz_505_fk_filter.npy,12.63690018263231,0.0008519231890112396,26.013525656501635,4,0.0,4.0,0.002958770137393634,0.005930464413264849
M1_N3_L1_25Hz,505,fx_deconv,1.79,568181D85CCC1EEF3998BAEC8E5D0CA095205F2D32AD363ACF1B66A852A04654,M1_N3_L1_25Hz_505_fx_deconv.npy,0.03337125772068106,0.023367913785127148,0.07975615649181886,4,0.0,4.0,0.029721610953561323,0.045461905178506214
M1_N3_L1_25Hz,505,wavelet_threshold,1.058,A5233853CDDA9D6891E44F74ED288527B5BE05A46B39A8315BE154C79BB6232B,M1_N3_L1_25Hz_505_wavelet_threshold.npy,0.04219246104857177,0.023445499597638825,0.04241228752502198,4,0.0,0.0,0.029211546425214403,0.04591832826210064
M1_N3_L1_25Hz,505,ssa_decomposition,1307.136,2083A685CCC9AB39B013620771D131C878AA55036A8400D916AFAC7D97B5C494,M1_N3_L1_25Hz_505_ssa_decomposition.npy,-0.4246833716471663,0.041647940214446406,3.3807524361143457,4,6.999999999999998,8.0,0.17552019732763538,0.19737663025078403
M1_N3_L1_25Hz,505,svd_lowrank,11.434,E1B85885799B1CE05E1CA8025BAE53EA4E2C73D9FC95B0289F6250EF02B8800B,M1_N3_L1_25Hz_505_svd_lowrank.npy,3.8716236583213686,0.01062942863689801,7.743757936185932,4,0.0,4.0,0.011725337960631157,0.019431127014270567
M1_N3_L1_40Hz,101,fk_filter,0.824,762E16709138D9C19EAFBF6FF5DFCBD371B44AECF07CE45D4C342D2E81DC8CA0,M1_N3_L1_40Hz_101_fk_filter.npy,9.032141325717715,0.001471687396784867,29.53053084221247,2,2.0000000000000018,2.0000000000000036,0.008064442229411257,0.015622647606135702
M1_N3_L1_40Hz,101,fx_deconv,2.01,0AACBF18C129200224E28B6E828DA4C961525DC68BC12A4B213C3A6493D54A28,M1_N3_L1_40Hz_101_fx_deconv.npy,0.01718674142255061,0.012330134130761797,0.04507581034615863,2,0.0,0.0,0.014816544739803355,0.01977575349536839
M1_N3_L1_40Hz,101,wavelet_threshold,1.306,C3A52426A20C9F184374504E5E36F730854A9321912FCFF050DF617EA5925C8D,M1_N3_L1_40Hz_101_wavelet_threshold.npy,0.03621373627575508,0.012294867293536344,0.03637261993964591,2,0.0,0.0,0.014100640134502943,0.018614279566671606
M1_N3_L1_40Hz,101,ssa_decomposition,1709.258,7610D9D86868FDBB411125D704B0C19512A97BFAFF6AAA3467124412718B22D0,M1_N3_L1_40Hz_101_ssa_decomposition.npy,-4.333488040438768,0.1431502109534735,20.279352403555087,2,9.0,16.0,0.41755967260153926,0.5708530801544284
M1_N3_L1_40Hz,101,svd_lowrank,34.637,A18E83B755D817E5DEDF8F315AA899C4AAD75EBAEBEC6EEB70D6C83F69F645AC,M1_N3_L1_40Hz_101_svd_lowrank.npy,3.9290559143271047,0.005424406290559619,7.858267999160459,2,0.0,0.0,0.005170004027022004,0.005301950034919586
M1_N3_L1_40Hz,202,fk_filter,0.842,9F89E55A6DFB906FBCD8C2C4315B4DB8D95A2F231A0BF4ADBFA6EA7707CD9DBD,M1_N3_L1_40Hz_202_fk_filter.npy,9.464009902051739,0.006860344582447121,29.391124931909317,3,0.0,0.0,0.009671305132850295,0.013402273789467473
M1_N3_L1_40Hz,202,fx_deconv,2.486,613B027935C8B68CCDFC0EF388BED7023E4DA2805D84B82439D11746001AE71C,M1_N3_L1_40Hz_202_fx_deconv.npy,0.015572862942494936,0.02979442934074449,0.04080613240154754,3,0.0,0.0,0.03433054239322599,0.03584492297407209
M1_N3_L1_40Hz,202,wavelet_threshold,1.251,172E66100AD9AC6958340715BDD9A9BDB44692CC7E20F84FE6B47BAFDAFF3353,M1_N3_L1_40Hz_202_wavelet_threshold.npy,0.043244403905674744,0.029665781259343663,0.04346945872355645,3,0.0,0.0,0.03328668384536275,0.034926870043850845
M1_N3_L1_40Hz,202,ssa_decomposition,2294.388,FF0C90C0385C04D0C78D935FFD038CFFB015BD84F593259FD10309E95395B408,M1_N3_L1_40Hz_202_ssa_decomposition.npy,-1.5641000163313876,0.09922215730452193,28.14110973353308,3,2.0,2.0,0.280294114024223,0.38270422030415124
M1_N3_L1_40Hz,202,svd_lowrank,7.456,3EC7F7C8FA34B9B2BDFB8A0BB6B5DC23F591D57160A146ACB749C6EA2EB36395,M1_N3_L1_40Hz_202_svd_lowrank.npy,3.700315768134349,0.012544228174088855,7.40067264512512,3,0.0,0.0,0.013050796976143295,0.01532081844039699
M1_N3_L1_40Hz,303,fk_filter,1.14,7B702DF3DC758CA77C2B1DB25BBB07E8B310673B70C9D48A8B2B1A049C6E5504,M1_N3_L1_40Hz_303_fk_filter.npy,10.061832832523534,0.004126344166726194,27.947144522552364,3,0.0,0.0,0.0034472198759501922,0.0054828231212440725
M1_N3_L1_40Hz,303,fx_deconv,1.898,4A1D3E5AD9C84DB40089864F0071AA996DF39C41F80172A54AB3B51F41482052,M1_N3_L1_40Hz_303_fx_deconv.npy,0.01962617832162472,0.02170823205600567,0.04802966678563786,3,0.0,0.0,0.02131343427537386,0.04050084034231881
M1_N3_L1_40Hz,303,wavelet_threshold,1.144,1252F025D3A2360DAA6015EC5D62D9F7A95F2B28F82B59CE8AF3B473F85CDDDA,M1_N3_L1_40Hz_303_wavelet_threshold.npy,0.04358237918457952,0.021667360271941438,0.043808456611545324,3,0.0,0.0,0.02051345301139027,0.03832801975641414
M1_N3_L1_40Hz,303,ssa_decomposition,1528.899,9BDE0E8E052BEF4F9B46836EDB70F3717EDCDA9D8075E33B8BD447378278F049,M1_N3_L1_40Hz_303_ssa_decomposition.npy,-3.8575832711763702,0.14163957136126137,9.232574256736957,3,0.0,0.0,0.3199618646738267,0.44838450664088386
M1_N3_L1_40Hz,303,svd_lowrank,9.942,B2CD6D954EDF37F44D36F2021B7CEB6BF69FEEB3BEC3A8B4CBC27112B6A3DBE5,M1_N3_L1_40Hz_303_svd_lowrank.npy,3.975032608864561,0.008931113539822894,7.950056225682097,3,0.0,0.0,0.009087897955341552,0.01648002149664302
M1_N3_L1_40Hz,404,fk_filter,0.896,50B11B4C2ACB86614C44673AC245D1BE98B7B1EF641D2073E8D68D62F466D1E7,M1_N3_L1_40Hz_404_fk_filter.npy,9.573658545933004,0.004557753071379541,29.829101531436358,5,0.0,4.0,0.003449107676955247,0.01270574632059072
M1_N3_L1_40Hz,404,fx_deconv,1.991,8FE78285C3A2FB191584EC04E7F3C2A7214FCA9E9A89C2A5A06051D3BEA509A5,M1_N3_L1_40Hz_404_fx_deconv.npy,0.01459863880744905,0.018132984217910406,0.038128447830403187,5,0.0,0.0,0.01969285142026216,0.02934539438918467
M1_N3_L1_40Hz,404,wavelet_threshold,1.187,6C400FC9A5097246CC75726954A7B043F5CF31E3C9A3FCFB52C631FFB8D91289,M1_N3_L1_40Hz_404_wavelet_threshold.npy,0.038726964805768205,0.018027048336680306,0.03891737456157835,5,0.0,0.0,0.01893873097810092,0.028406957896470197
M1_N3_L1_40Hz,404,ssa_decomposition,1661.102,1A859F1704B9FC737CABBDED0372D279F59E7883AD71808B3972555BD8579564,M1_N3_L1_40Hz_404_ssa_decomposition.npy,-3.1410678696504517,0.1236998817679732,10.651604822392247,5,4.0,20.0,0.4102496294180432,0.44600736052224604
M1_N3_L1_40Hz,404,svd_lowrank,12.511,C98C69B9B2736EBC30756CBF682056E0B9234EDC1675A9D8B6E27B0D1CEB18BB,M1_N3_L1_40Hz_404_svd_lowrank.npy,4.017073402860014,0.007331808749945302,8.03419886238904,5,0.0,0.0,0.008398801089475303,0.010685395063999268
M1_N3_L1_40Hz,505,fk_filter,1.242,44E693E3245030448F06BB4B5230E14BEF2ED927DA45E3BE7A49FDB6D77B8AE2,M1_N3_L1_40Hz_505_fk_filter.npy,8.969138972228562,0.0056733678616887745,26.055693769567846,5,0.0,10.0,0.0038566937080064105,0.024412166299545054
M1_N3_L1_40Hz,505,fx_deconv,2.024,D73BB4E9D2614DC20A22B2081F2A91941AB9DB8A2CC467533DAF05799A6025F7,M1_N3_L1_40Hz_505_fx_deconv.npy,0.0332324751530475,0.024844304883906012,0.07890308212733295,5,0.0,0.0,0.0311083177825367,0.0510431423306645
M1_N3_L1_40Hz,505,wavelet_threshold,1.394,B740FBCDC1AB5911432A6EDCBF299006615C2E2FAA7883FAD35FB39BD32A1EDA,M1_N3_L1_40Hz_505_wavelet_threshold.npy,0.042190815891197886,0.024878039321541104,0.042411341826781496,5,0.0,0.0,0.030833654694163205,0.05180815212446278
M1_N3_L1_40Hz,505,ssa_decomposition,1920.702,4CA55F457C47207FC34C75FB69A9CFD01831DE899832057606E4DCFAAF4A0E95,M1_N3_L1_40Hz_505_ssa_decomposition.npy,-3.161417973374462,0.1290894843411175,10.896139818465079,5,2.0000000000000036,14.0,0.2812851043921793,0.6059326079009896
M1_N3_L1_40Hz,505,svd_lowrank,13.773,F9CC69F27D14AFDD9663BFA00B60A3DAD9D2C013C4CA9B18EF634B4B04098211,M1_N3_L1_40Hz_505_svd_lowrank.npy,3.9325236561055448,0.010256038197111371,7.865257007225353,5,0.0,0.0,0.014518894660483471,0.020958948244746322
M1_N3_L2_15Hz,101,fk_filter,1.408,7B336D9280FB487BFA22DD1E61EC5F1528F029B56083CA7FFB6B5AD02DE0FC00,M1_N3_L2_15Hz_101_fk_filter.npy,13.943640318258407,0.004764666819126078,29.56185729678264,1,2.0,2.0,0.003577018055022174,0.003577018055022174
M1_N3_L2_15Hz,101,fx_deconv,2.438,354D001DF51B3E4F826F5FDA530AE1367ED4365FF45EF88C5D5BF7C2E506FFAF,M1_N3_L2_15Hz_101_fx_deconv.npy,0.017194321480893393,0.12331824040323847,0.04370672687510058,1,0.0,0.0,0.12357094691848826,0.12357094691848826
M1_N3_L2_15Hz,101,wavelet_threshold,1.093,175A0C51310792BA8C348991440C20A11E0687950846F3E52FEEF09C43DFE755,M1_N3_L2_15Hz_101_wavelet_threshold.npy,0.03623551030964567,0.12300584256197995,0.03636878214147912,1,2.0,2.0,0.12376976183404537,0.12376976183404537
M1_N3_L2_15Hz,101,ssa_decomposition,1674.16,9137070853EBC8427CADB5AF20BAA34CB272586476F369ADE859351DD96E5477,M1_N3_L2_15Hz_101_ssa_decomposition.npy,-0.017762332463138186,0.12737270139730728,0.05574668852700833,1,0.0,0.0,0.10640031235929119,0.10640031235929119
M1_N3_L2_15Hz,101,svd_lowrank,4.731,BE1ECEDD5F5CD9B71F5024F3EFD5D5453B57638F421BC2C3E5E941F3F3137419,M1_N3_L2_15Hz_101_svd_lowrank.npy,0.8590843952789831,0.1044739511632775,1.7191969563798326,1,0.0,0.0,0.10534309618937271,0.10534309618937271
M1_N3_L2_15Hz,202,fk_filter,1.51,AA35E912D8D4FF2F6BDC39EDB796594FC17B8249A8C51A262B44F2F3FC86118E,M1_N3_L2_15Hz_202_fk_filter.npy,12.400373481811695,0.008610831356325252,29.27525471623481,2,0.0,0.0,0.015958961754580562,0.0216563694563986
M1_N3_L2_15Hz,202,fx_deconv,4.783,7F16374B2163636D2D15CD7CC447C757ACFC9B8905737B10AE90E0AC19F38E10,M1_N3_L2_15Hz_202_fx_deconv.npy,0.015603691558331967,0.1441470482357904,0.039706063279582864,2,1.0,2.0,0.1326335872941079,0.16658670036851425
M1_N3_L2_15Hz,202,wavelet_threshold,1.081,4AEA92A3A43601397CEE16F002A4D222A69B9117A51B867BA8BFB45BBBBCA96B,M1_N3_L2_15Hz_202_wavelet_threshold.npy,0.04326946954429722,0.14349166073181166,0.043463799832085134,2,0.0,0.0,0.13222281739014785,0.16682501284511336
M1_N3_L2_15Hz,202,ssa_decomposition,1552.468,D333B99D72880E0FBA1FD26134EF1A47CD9296DF547675D81B636966B42B5B4A,M1_N3_L2_15Hz_202_ssa_decomposition.npy,-0.016780019248597178,0.15077288358020982,0.0918343137609297,2,3.0,4.0,0.10237702767367102,0.12076766414377302
M1_N3_L2_15Hz,202,svd_lowrank,12.205,E94F44C752DC3F4A8273B0976F32A17F701DE9431E78F9F318A54422ACB96BBA,M1_N3_L2_15Hz_202_svd_lowrank.npy,0.7876917372408654,0.12393573884925295,1.5761554610151296,2,1.0,2.0,0.11352629814737569,0.1451384274922308
M1_N3_L2_15Hz,303,fk_filter,0.857,EBD1BD2113B57A192AE7D44C059784A1C645859563511C09E8BC61821CF70382,M1_N3_L2_15Hz_303_fk_filter.npy,12.361690092892939,0.005264016454241052,27.88554296276175,1,4.0,4.0,0.0027837986695557746,0.0027837986695557746
M1_N3_L2_15Hz,303,fx_deconv,2.043,AD9A1FF8E11FB99559F6584C15165C7ABAD4249C6426C25CE1C14F660C85F5E5,M1_N3_L2_15Hz_303_fx_deconv.npy,0.01948523228464616,0.0818951779059377,0.046619681117343985,1,0.0,0.0,0.08139297032110004,0.08139297032110004
M1_N3_L2_15Hz,303,wavelet_threshold,1.078,8C4E1A14DFDC4478307855708904CF957DA6520BBEB7197303D86E11B6740F28,M1_N3_L2_15Hz_303_wavelet_threshold.npy,0.04361227885919483,0.08159658520322842,0.04379975888766006,1,0.0,0.0,0.08173109070600044,0.08173109070600044
M1_N3_L2_15Hz,303,ssa_decomposition,1812.632,1E906A14A030541A3F085030271641BB05ECF1FB993DF56278DCCA988D64F12A,M1_N3_L2_15Hz_303_ssa_decomposition.npy,0.0387807601554675,0.08371917269289861,0.0926457208198547,1,6.0,6.0,0.06699760457213197,0.06699760457213197
M1_N3_L2_15Hz,303,svd_lowrank,32.525,31060C5CFE30A63FF1606E73C9E34C62D457FA415432CC7748258798A1C7BFD2,M1_N3_L2_15Hz_303_svd_lowrank.npy,0.8575075649297466,0.07435179056261548,1.7157263727283238,1,0.0,0.0,0.07406476124542756,0.07406476124542756
M1_N3_L2_15Hz,404,fk_filter,0.968,BBFA4C482FD9EA28E4F83E557C0466F51A4F0EA2BD3608128D6975A8BDC8F61D,M1_N3_L2_15Hz_404_fk_filter.npy,14.162849216883536,0.0041191357401221046,29.93946062811418,2,0.0,0.0,0.010610694244165806,0.019590710985316333
M1_N3_L2_15Hz,404,fx_deconv,2.4,551EB9307C0D6F4F006C84CB1E206D41C6984AB50886D67DD73BBED7F355A3D6,M1_N3_L2_15Hz_404_fx_deconv.npy,0.014700023167000253,0.09389686353886559,0.037015634063534184,2,0.0,0.0,0.12025841450572294,0.16418926926481248
M1_N3_L2_15Hz,404,wavelet_threshold,1.054,C976E4C69E055D742227908FCB622DF9E9CBC738C33F8A27FE9D2D66C6B2F511,M1_N3_L2_15Hz_404_wavelet_threshold.npy,0.03875964007814403,0.09333194950877206,0.03891487016829624,2,0.0,0.0,0.12018959443740947,0.16430053801511615
M1_N3_L2_15Hz,404,ssa_decomposition,1093.588,B7B7EC67B29D1CB48EE111BE3E117AFD2C881753D9EC608E33065A64BCD44DE6,M1_N3_L2_15Hz_404_ssa_decomposition.npy,-0.014463507281226029,0.0965579726734636,0.03312355852142537,2,1.999999999999993,3.999999999999986,0.11240095219885868,0.1564272405481111
M1_N3_L2_15Hz,404,svd_lowrank,11.998,4F8CBDA46608B478E09E61CCB7789A1B2E23254FBCBC24FA41CA76090C953547,M1_N3_L2_15Hz_404_svd_lowrank.npy,0.8290761938704181,0.07858920568266038,1.6589219647729092,2,0.0,0.0,0.10616516389723196,0.15125598732408227
M1_N3_L2_15Hz,505,fk_filter,1.338,A4B6034493F507508174FC463EE2D031DF85F491A5E8426856765D464C394210,M1_N3_L2_15Hz_505_fk_filter.npy,11.632176709444495,0.00487542137229959,25.952520280132838,1,3.999999999999993,3.999999999999993,0.00545950868665048,0.00545950868665048
M1_N3_L2_15Hz,505,fx_deconv,1.876,3B7BC2E6D177C0E846AEE88FF831BF91D950F4DC47FF71E2EB28964040D35340,M1_N3_L2_15Hz_505_fx_deconv.npy,0.0330823524538566,0.09046418035912529,0.07738139117124601,1,0.0,0.0,0.09008442132283635,0.09008442132283635
M1_N3_L2_15Hz,505,wavelet_threshold,1.186,20E1EF47B03973EC7B95A6474BAD3E89145A3A67D46609D6C4224EFF1CF6F61B,M1_N3_L2_15Hz_505_wavelet_threshold.npy,0.042225242970346244,0.09084774405103307,0.04241345455868814,1,0.0,0.0,0.09110457019405221,0.09110457019405221
M1_N3_L2_15Hz,505,ssa_decomposition,1054.41,24A2AD7C2D5A57500F35CDEE0A675B9E19434936B91D280645B904A92D40DB11,M1_N3_L2_15Hz_505_ssa_decomposition.npy,0.026760144662028473,0.09229076667827492,0.06959758845018976,1,0.0,0.0,0.07817830006976961,0.07817830006976961
M1_N3_L2_15Hz,505,svd_lowrank,11.995,5076EAFCAD19F8FAAC468D042B920788CB9716E4673A1A0176BAC9E42EACCEB6,M1_N3_L2_15Hz_505_svd_lowrank.npy,0.9089904641093209,0.07792354966739791,1.818653297871231,1,0.0,0.0,0.07949773145445382,0.07949773145445382
M1_N3_L2_25Hz,101,fk_filter,0.858,DD43E57627A0863775F0873AC358BD5233C829ECD287148A768E5E96DFE38E75,M1_N3_L2_25Hz_101_fk_filter.npy,14.690110651349073,0.0018058305594128659,29.534225382684667,2,0.0,0.0,0.0028701636587017618,0.0033449203164273864
M1_N3_L2_25Hz,101,fx_deconv,2.401,1F91E21E5AA3736DF2D33FEDD82B357A2CACC424FA99EBDE236A5FA679361598,M1_N3_L2_25Hz_101_fx_deconv.npy,0.01719349910620327,0.07275498683101408,0.04506957295837325,2,0.0,0.0,0.07252196966960205,0.08389325557946188
M1_N3_L2_25Hz,101,wavelet_threshold,1.208,29CF30CB9285C41FD0C0939455ABDD865B9E2E25D0614CA3E2657271BEEC403C,M1_N3_L2_25Hz_101_wavelet_threshold.npy,0.0362112582548022,0.07252426418407582,0.036365994178230436,2,0.0,0.0,0.07266195938162473,0.084509287286879
M1_N3_L2_25Hz,101,ssa_decomposition,468.942,97EC11D40CAC12FB0B35F9012B5DAE3BCC77153A4D8A9E7F46249060B065F7F0,M1_N3_L2_25Hz_101_ssa_decomposition.npy,-0.15976131075521227,0.12398328916550708,1.2907441945337672,2,7.0,8.0,0.06483360215730824,0.10457639055025793
M1_N3_L2_25Hz,101,svd_lowrank,12.19,AF1ED491129CE5175BA9EDC3165591C2ABC1F5584B02CFEDF4C49C15C5FD66E9,M1_N3_L2_25Hz_101_svd_lowrank.npy,0.7977834615078132,0.060900117692104946,1.5958670200030523,2,0.0,0.0,0.060887424982713476,0.07068516835857148
M1_N3_L2_25Hz,202,fk_filter,0.858,F3DD0537167BEBE68157137913C71827581523C45F2D3A3DEF9B9078BDEAF63E,M1_N3_L2_25Hz_202_fk_filter.npy,14.54045654934105,0.004111380391899355,29.378515581580423,2,0.0,0.0,0.0037358067894427147,0.00446060166904307
M1_N3_L2_25Hz,202,fx_deconv,1.787,328829EBE3A8F0CD1118688A1EC67C0D580980300103DC21D7BEA92FC89C15A7,M1_N3_L2_25Hz_202_fx_deconv.npy,0.015582693750803678,0.12333107877787569,0.040845141678651026,2,0.9999999999999964,1.999999999999993,0.1308178868897285,0.14830691624228445
M1_N3_L2_25Hz,202,wavelet_threshold,1.446,1F92D269AF9A485DF2BFA1BBA3DB1A61221A5C00EEF3017FFDAE31179C1552B5,M1_N3_L2_25Hz_202_wavelet_threshold.npy,0.043249023773697104,0.12275092572843334,0.043467324333449416,2,0.0,0.0,0.12983887501895153,0.14707822381070823
M1_N3_L2_25Hz,202,ssa_decomposition,491.94,DB6E19F7353BD573ED2DF9ADDC0E74753876446152DB9C165E17A56F7B22A10C,M1_N3_L2_25Hz_202_ssa_decomposition.npy,0.9259437969976911,0.13764353588351244,3.007992718935579,2,25.0,48.0,0.07605416062690701,0.07876160503235308
M1_N3_L2_25Hz,202,svd_lowrank,33.922,1C0777777C58B145C8C9FF27FEDB4262078D7EAD5EE05E5944A40EE9B35F3D1C,M1_N3_L2_25Hz_202_svd_lowrank.npy,0.856094243575102,0.10267788389188791,1.7123085408782146,2,0.9999999999999964,1.999999999999993,0.10767698270398338,0.11932437505032924
M1_N3_L2_25Hz,303,fk_filter,1.537,AE5AD68B63096F935F0803662F004E38EF1A2EC19F4B2661924B23C611959140,M1_N3_L2_25Hz_303_fk_filter.npy,13.83056723492192,0.002486273997715136,27.940609369053192,4,0.0,0.0,0.0009997485665391684,0.009793785894079816
M1_N3_L2_25Hz,303,fx_deconv,4.891,F68A5C697997B2624823FAE0F2B87A1AC2AFFC3F9C78CC8C67AC7A13251A0CD9,M1_N3_L2_25Hz_303_fx_deconv.npy,0.01962073636582229,0.0934328790020617,0.04799859433273157,4,0.0,0.0,0.14535923361132252,0.15249747210354384
M1_N3_L2_25Hz,303,wavelet_threshold,1.317,B6863581ABA958FA24466B6A94D916B4E3AFFCF52A397512C7E88D62C880D3A1,M1_N3_L2_25Hz_303_wavelet_threshold.npy,0.04358527714938898,0.09307811673052865,0.04380752243394997,4,0.0,2.0,0.14382148059021557,0.1559506846770696
M1_N3_L2_25Hz,303,ssa_decomposition,1862.706,56AE46EE0E7F9E04618F4458C3D76C304CB5847D9EE8D6BF697515F2FCED342D,M1_N3_L2_25Hz_303_ssa_decomposition.npy,0.19811353970939294,0.10782676934772262,1.4084031602746936,4,1.9999999999999982,6.0,0.0644483381498766,0.29932869265600487
M1_N3_L2_25Hz,303,svd_lowrank,38.99,B1A7288BCB16DD4EF2D517B57E6A40EEB1F9587830E25F1ABEB5EA163977C74A,M1_N3_L2_25Hz_303_svd_lowrank.npy,0.8961066464787137,0.08154309657274111,1.7922947019372384,4,0.0,2.0,0.12086698710515847,0.14446799570740418
M1_N3_L2_25Hz,404,fk_filter,1.511,AB98C9E1E72B33A98E8CFB0ADD545A5343A3B0A9C08DCF73893CA1AF511F005B,M1_N3_L2_25Hz_404_fk_filter.npy,14.80895092474905,0.002556888958636316,29.845824711084173,3,0.0,0.0,0.009780014270195427,0.014994964906163278
M1_N3_L2_25Hz,404,fx_deconv,2.446,56584F5F8AD046601973049FDFA64740A1D3A123B7A66DA48CBC600A6E8BFA58,M1_N3_L2_25Hz_404_fx_deconv.npy,0.014609981795300264,0.09191024405105692,0.03803602786654592,3,0.0,0.0,0.09026871317310813,0.2416676287937036
M1_N3_L2_25Hz,404,wavelet_threshold,1.141,8C1FFCE679EADC6746D25CDD6843A9112712337D897AB208812C07223A7AA148,M1_N3_L2_25Hz_404_wavelet_threshold.npy,0.03872973255789525,0.09134546570885767,0.03891477426972967,3,0.0,0.0,0.0902205854462283,0.23899340628312196
M1_N3_L2_25Hz,404,ssa_decomposition,1800.388,D9549B9EE305FFF6CE3C0D3571589C17A61AA832014CA098696F334F57336245,M1_N3_L2_25Hz_404_ssa_decomposition.npy,0.41512982862684833,0.11326380705632719,2.221956293984749,3,2.0000000000000036,2.000000000000007,0.1777120459795967,0.3110118086149996
M1_N3_L2_25Hz,404,svd_lowrank,74.341,7BAD4113632CE36E7364465A9F6E72DC8AD68037A7DFD8E05CD1C79893BF9549,M1_N3_L2_25Hz_404_svd_lowrank.npy,0.8613829061411673,0.07689905832091345,1.7230560612650017,3,0.0,0.0,0.08275115055469885,0.20003162749280207
M1_N3_L2_25Hz,505,fk_filter,1.458,9ABFAE6AAE9AFD0F6416380BED49A00EB1D250920DDA9FF76222ADA3F3EA34CE,M1_N3_L2_25Hz_505_fk_filter.npy,12.934400460651274,0.0029365969818846457,26.044980740487283,4,0.0,4.0,0.0021741195778055326,0.012887443061070031
M1_N3_L2_25Hz,505,fx_deconv,1.904,640947E53F7096E81C72537ED5CC271F2EC819FAED0488CD571212A390864129,M1_N3_L2_25Hz_505_fx_deconv.npy,0.03324434783900987,0.0934830967352272,0.07899240073858588,4,0.0,4.0,0.1177687338832722,0.1871003424005831
M1_N3_L2_25Hz,505,wavelet_threshold,1.156,8DFB254C9BF6C3A5EB9D63D589FFB8EC66496E9A0A23770FB809230E66EC52E2,M1_N3_L2_25Hz_505_wavelet_threshold.npy,0.0422004341520088,0.09378225381418429,0.04241496284096699,4,0.0,4.0,0.11697403068161605,0.18895693839277244
M1_N3_L2_25Hz,505,ssa_decomposition,902.409,00E55505E948AEAB0B8D272E69CF18FEBBA0C60170DDFD81F61AA5277DE5E6BC,M1_N3_L2_25Hz_505_ssa_decomposition.npy,0.53922234733942,0.11203669247940665,2.212084572712387,4,6.9999999999999964,8.0,0.14173084433340144,0.21256761796558302
M1_N3_L2_25Hz,505,svd_lowrank,23.153,E0F17184E43CCF09AB06F979B2D24D226FCBDC18A5E57DF5CC1B4B80121BC872,M1_N3_L2_25Hz_505_svd_lowrank.npy,0.8197715034695676,0.07978085911066139,1.6399030592144614,4,0.0,4.0,0.09616526382225928,0.1734383882783266
M1_N3_L2_40Hz,101,fk_filter,1.226,39FF9F36692D51A5E985B6A4DC6716E663552490659CE55647722E5A8D25387B,M1_N3_L2_40Hz_101_fk_filter.npy,12.495132412883535,0.002370437663088414,29.526737815290044,2,2.0000000000000018,2.0000000000000036,0.008061145088719773,0.015530124878447344
M1_N3_L2_40Hz,101,fx_deconv,1.903,A99C518BA441CEEF70447E4EF2B50DE7C128826A46A0537B4110FFA29B8513EB,M1_N3_L2_40Hz_101_fx_deconv.npy,0.017136684132712077,0.04932568840866646,0.04442494920906822,2,0.0,0.0,0.05975590086354123,0.08090976236448279
M1_N3_L2_40Hz,101,wavelet_threshold,1.1,E900F250B047363046B759E7FEDCFE425C9F3420709EDF1C1E9CD5779B8E9F1C,M1_N3_L2_40Hz_101_wavelet_threshold.npy,0.03621542886315776,0.04917946572168448,0.036373366424638266,2,0.0,0.0,0.058275930424322754,0.07825194165098473
M1_N3_L2_40Hz,101,ssa_decomposition,1843.906,6CFC6D4A90A24FAF8C8E3616E582875E5B59AD45987B652EDC4CEC475BCA6038,M1_N3_L2_40Hz_101_ssa_decomposition.npy,-1.305905326974008,0.2826116392735139,4.917214539032096,2,1.0000000000000018,2.0000000000000036,0.5504387261368522,0.6486955487355192
M1_N3_L2_40Hz,101,svd_lowrank,12.954,0A5848CAB4DF31B0D62E84F82CF8BDB7B13D1A5D52269650DFAFF35AC4E1B370,M1_N3_L2_40Hz_101_svd_lowrank.npy,0.8101188492481937,0.04055992718294192,1.6202142336112622,2,0.0,0.0,0.04831537072802252,0.06414000686100756
M1_N3_L2_40Hz,202,fk_filter,0.829,A48171BB88346F4E4A01285E37E0E413117B1620099C17A980190787CC323668,M1_N3_L2_40Hz_202_fk_filter.npy,12.703080757717318,0.009743702129125831,29.401045251237132,3,0.0,0.0,0.0069309794946858004,0.011033725530895157
M1_N3_L2_40Hz,202,fx_deconv,1.854,BF87471CE659046629CB0CFD67FE8CFEAFF2350D36664A55601ADA3B42286440,M1_N3_L2_40Hz_202_fx_deconv.npy,0.015528675240853218,0.11921228306290245,0.04005906975453172,3,0.0,2.0,0.13642382172314482,0.14512302843011216
M1_N3_L2_40Hz,202,wavelet_threshold,1.067,134C91C751E5388BC39509B2A9A53FAFF87654B87EAABB70BE3B4725FCD79842,M1_N3_L2_40Hz_202_wavelet_threshold.npy,0.043246147419090164,0.11866309229722036,0.04346965184711821,3,0.0,0.0,0.13392093622638587,0.1437285489858
M1_N3_L2_40Hz,202,ssa_decomposition,1886.439,2395707D5CC14382DFC452064CC0E659B57DAEDF633DD04BC93EBD12E926E563,M1_N3_L2_40Hz_202_ssa_decomposition.npy,0.7346017325219805,0.213504692759769,7.580980244355505,3,16.0,18.0,0.34740822663954607,0.454106298904464
M1_N3_L2_40Hz,202,svd_lowrank,15.072,FF9B89485CD8FC547E85B739BFB6E4F396F081CDF893C8FE28AC75B925073485,M1_N3_L2_40Hz_202_svd_lowrank.npy,0.86207207364399,0.09978362560974145,1.7241431234986782,3,0.0,0.0,0.11503142651279971,0.11593319300026136
M1_N3_L2_40Hz,303,fk_filter,0.941,D58D1FA16DAAF610EC2E2C090589BB80B167672BD0627FAD41493884147C5D8C,M1_N3_L2_40Hz_303_fk_filter.npy,12.625376194558438,0.006033619056299142,27.95480224988149,3,0.0,0.0,0.0034779551780976816,0.004681661455041522
M1_N3_L2_40Hz,303,fx_deconv,1.979,2BFC7628EE7AB72BF223AE21F5DFF640D84164F7787A021E0F5C30C3EB0FF213,M1_N3_L2_40Hz_303_fx_deconv.npy,0.019536676232127625,0.08696296145646078,0.047209002739407174,3,0.0,0.0,0.08662375767594546,0.16376820404550468
M1_N3_L2_40Hz,303,wavelet_threshold,1.024,9839203BA3865CE876C4EA316A4CE9FEB31A0E9E5432DFDC6733BD57E66E1D33,M1_N3_L2_40Hz_303_wavelet_threshold.npy,0.043585204723805226,0.08666961416062367,0.043809112559192315,3,0.0,0.0,0.08482301489468046,0.15822689407086826
M1_N3_L2_40Hz,303,ssa_decomposition,1254.359,C3BAD89EFDCABA9401DE3CFC724C1096EDB0F2726A17F44A398474FC2262A688,M1_N3_L2_40Hz_303_ssa_decomposition.npy,-0.6406597201546003,0.23838983083447915,5.376723485235031,3,2.0,2.0,0.38315276314809044,0.38479940403359225
M1_N3_L2_40Hz,303,svd_lowrank,8.848,4E6FEDD910AC5369E7439D68B238A86DE03DE79DEB9ACBE856CDF0EF953BB986,M1_N3_L2_40Hz_303_svd_lowrank.npy,0.9040355785452956,0.07356044817717944,1.808060017486151,3,0.0,0.0,0.06973735307942132,0.142610283477258
M1_N3_L2_40Hz,404,fk_filter,0.915,96A8097BC3D83D60E1235818204B1370AA2B68FC612BAC26AB7A358DAD197835,M1_N3_L2_40Hz_404_fk_filter.npy,12.852276681240978,0.005893299116827056,29.81372002348548,5,0.0,4.0,0.00569105187061701,0.013488130908177038
M1_N3_L2_40Hz,404,fx_deconv,1.883,C7368BE9BA3B348F1DABFC5CD9CD3710F9532A590C2D8D40DEFF4EEBC8FA96BB,M1_N3_L2_40Hz_404_fx_deconv.npy,0.014596689004784835,0.07255805567769869,0.03786384975016387,5,0.0,0.0,0.0753781519322641,0.11455595227414611
M1_N3_L2_40Hz,404,wavelet_threshold,1.074,5CA2072ABB6DAE1B55BEDFC8588F30A4873404BF549F46D1576735DA1CE649EB,M1_N3_L2_40Hz_404_wavelet_threshold.npy,0.03872977102916941,0.07210803043397311,0.03891892800221778,5,0.0,0.0,0.07527855317326008,0.11228162096116327
M1_N3_L2_40Hz,404,ssa_decomposition,767.91,DA2AF491CBB20772678A55ED894F7BCE2AA44605184D638AC04F9E2F4C1916C5,M1_N3_L2_40Hz_404_ssa_decomposition.npy,-1.1598760353040651,0.22920629799498948,2.910200721490015,5,4.0,16.0,0.4457132015126136,0.47125346012933433
M1_N3_L2_40Hz,404,svd_lowrank,13.846,EE9653CAB5BAF035545EE7A4D2355FECA90B9B82E65D3483A9003CD3F8CFD0C9,M1_N3_L2_40Hz_404_svd_lowrank.npy,0.8692589054231226,0.06058149910519289,1.738575486300408,5,0.0,0.0,0.06486325772188811,0.09555801446474115
M1_N3_L2_40Hz,505,fk_filter,0.908,1A1E8A3656C163BF4CFDB88B5A73F6C6BB3BDBEF5B21453D71987B2B270A3124,M1_N3_L2_40Hz_505_fk_filter.npy,11.614228999593273,0.008100113355837194,26.06611569983116,5,0.0,10.0,0.004766670300504319,0.02181336797073965
M1_N3_L2_40Hz,505,fx_deconv,1.844,99F58C1ACFBF62265E53DC8828F03F2A871458125D74B50941A851200DA8DE3D,M1_N3_L2_40Hz_505_fx_deconv.npy,0.03309130090246537,0.09949961265774938,0.07768786887252485,5,0.0,0.0,0.12340411592620307,0.19960259706821684
M1_N3_L2_40Hz,505,wavelet_threshold,1.145,05D18844A6210862809D5B386AA3D794577C19877BD9FDDBACF719FE3AB77919,M1_N3_L2_40Hz_505_wavelet_threshold.npy,0.04219261075900338,0.09951216390631834,0.042412034602164646,5,0.0,0.0,0.12288939557734259,0.20224937211123642
M1_N3_L2_40Hz,505,ssa_decomposition,1630.612,E0E9E849CB905F55D72284AD93223CDC5C6306D1D063F363FDE87C7AC83BDA9D,M1_N3_L2_40Hz_505_ssa_decomposition.npy,-0.6718081908382243,0.22551450158631559,4.484618779317034,5,4.0,14.0,0.36439321499014293,0.5577045888522079
M1_N3_L2_40Hz,505,svd_lowrank,10.523,71F71C67B00C45B1A91C4077589969F08E3C18607DA5DA888A14A768E77E4F3B,M1_N3_L2_40Hz_505_svd_lowrank.npy,0.8379200172384085,0.08167475264798589,1.6759330049963315,5,0.0,0.0,0.0993107388000649,0.149082586931788
M1_N3_L3_15Hz,101,fk_filter,0.971,43B0C15774E8372B0B33B97BE42393C71DD79D64D1068B05BAEB0C7BEBDA3EDE,M1_N3_L3_15Hz_101_fk_filter.npy,14.449020757126071,0.010364796042785165,29.54627203200868,1,2.0,2.0,0.009770924484279775,0.009770924484279775
M1_N3_L3_15Hz,101,fx_deconv,2.002,1C24713646F58B42B4612EC1185D236CE6B7A607E6494EB7588F9864D5B79824,M1_N3_L3_15Hz_101_fx_deconv.npy,0.017187582712686524,0.34259352817027267,0.0434862258246598,1,0.0,0.0,0.34223266280461967,0.34223266280461967
M1_N3_L3_15Hz,101,wavelet_threshold,1.483,EE3ADDF3B0A516E32F83767F3D7BF233FD9B4CEBF01E47D769D705500F16C0D2,M1_N3_L3_15Hz_101_wavelet_threshold.npy,0.03624413350757871,0.3416812211949737,0.03637025818984936,1,2.0,2.0,0.34295560998726854,0.34295560998726854
M1_N3_L3_15Hz,101,ssa_decomposition,1777.194,6D19E062CC1F9BF59F6675BD67BB57976B9F0C70DDEF5D6879C490ADC002EB0A,M1_N3_L3_15Hz_101_ssa_decomposition.npy,-0.0015792983519292499,0.3490069948661174,0.034186711390660686,1,0.0,0.0,0.3250430652025864,0.3250430652025864
M1_N3_L3_15Hz,101,svd_lowrank,6.62,F22BE16A301F15A6AE71DFDF981D018C0DBBE452FA1F84E94FF8396FD17F05B2,M1_N3_L3_15Hz_101_svd_lowrank.npy,0.4339590279784288,0.309166070478195,0.8699050913636236,1,2.0,2.0,0.31040408948458625,0.31040408948458625
M1_N3_L3_15Hz,202,fk_filter,0.849,7EC48DB1DB711224A01D0BDC325C13A804CE23D44265AF999DA14654C7726E1E,M1_N3_L3_15Hz_202_fk_filter.npy,13.729139273545178,0.01651988810951001,29.329289373780327,2,0.0,0.0,0.020560608180390304,0.031014880574458552
M1_N3_L3_15Hz,202,fx_deconv,1.927,8F063D7BD215B6BB9F88B4D0C069614222FB2B259B5C055F9620E5F93CC1AF50,M1_N3_L3_15Hz_202_fx_deconv.npy,0.01560508102997875,0.400432615960188,0.03949832319245196,2,1.0,2.0,0.3734357294336904,0.46152168910002894
M1_N3_L3_15Hz,202,wavelet_threshold,1.19,712ECCA25C3B38100431C66CB6B592ED94BD0FBD7F68CE1061D39212C788FBA4,M1_N3_L3_15Hz_202_wavelet_threshold.npy,0.043285238399652586,0.39858467269432757,0.04346529474535768,2,0.0,0.0,0.3726231116193757,0.46234251934688264
M1_N3_L3_15Hz,202,ssa_decomposition,1487.264,48FED9B480F16DD83F5F3D9C70B161BD492FA1E0D8A5908D868D07A9D6D5C39F,M1_N3_L3_15Hz_202_ssa_decomposition.npy,-0.00822897165025522,0.4119457633770855,0.04960871908127612,2,4.0,6.0,0.3408791856130179,0.4100556882413654
M1_N3_L3_15Hz,202,svd_lowrank,34.282,F6061F4630BB838CDA2E844B8537A7727AAE4E471FC28D8EB3F53B6C4367E1C6,M1_N3_L3_15Hz_202_svd_lowrank.npy,0.44157390831458687,0.36716746156834934,0.8849204092199819,2,1.0,2.0,0.3418122361727637,0.429183015443964
M1_N3_L3_15Hz,303,fk_filter,1.291,BD83A9A5FE5A360D263D1D324B7D22418DFA75956CB7858454DE6A1C29828039,M1_N3_L3_15Hz_303_fk_filter.npy,13.326537185220301,0.008471120237020232,27.91623076987358,1,4.0,4.0,0.00623667143662642,0.00623667143662642
M1_N3_L3_15Hz,303,fx_deconv,1.939,4E5D076BF06CF3BC8B0997BD633F2AB0A942B598C6F21F9F94026985FC6BD05A,M1_N3_L3_15Hz_303_fx_deconv.npy,0.019467838140180015,0.2274999294185104,0.04640526872635653,1,0.0,0.0,0.22589485754519287,0.22589485754519287
M1_N3_L3_15Hz,303,wavelet_threshold,1.139,5DD0C03C60B77A7B10D6467E7D101FA764E1BB78B7FCF054186793F152D02C5E,M1_N3_L3_15Hz_303_wavelet_threshold.npy,0.04362996814707317,0.22665618071374832,0.043804179805701025,1,0.0,0.0,0.2268807547883616,0.2268807547883616
M1_N3_L3_15Hz,303,ssa_decomposition,1252.38,626E3F16F8488116E846AA9C7E1FD3110CEF648215ABA7A922BA8B41C03A7A69,M1_N3_L3_15Hz_303_ssa_decomposition.npy,0.009551570205301329,0.23198953377505852,0.04108431973100132,1,6.0,6.0,0.20955541650310486,0.20955541650310486
M1_N3_L3_15Hz,303,svd_lowrank,14.033,762DD2BD03A3A92DE5CD2F9E967B1CC798EE17B85D7A4693CF5C980150FFBC64,M1_N3_L3_15Hz_303_svd_lowrank.npy,0.44235327477071507,0.21098693728262174,0.885865538896051,1,0.0,0.0,0.2110434306933266,0.2110434306933266
M1_N3_L3_15Hz,404,fk_filter,0.914,F4769A1324109DA4FD2E5E2E9D117875C3BD485E8ACBF5288A24F4B3E25D97EF,M1_N3_L3_15Hz_404_fk_filter.npy,14.61950695461468,0.009863118597065693,29.882747327948938,2,0.0,0.0,0.020228435198803997,0.03838149181919042
M1_N3_L3_15Hz,404,fx_deconv,1.95,AE0DB75BC9EBB5D0742FB2701CA9BE7447A86EFA43E48D8E48EC1CBC2BA42506,M1_N3_L3_15Hz_404_fx_deconv.npy,0.01471068495639953,0.2608420620806879,0.036921181737079076,2,0.0,0.0,0.32640009226800204,0.4390087467082576
M1_N3_L3_15Hz,404,wavelet_threshold,1.169,AEA6A58E7730CAE91B1AB78710515BAA31496DBFEB51E0CBD0312BDC2DBBAED8,M1_N3_L3_15Hz_404_wavelet_threshold.npy,0.0387730726453688,0.25925280978195236,0.03891887741703782,2,0.0,0.0,0.32628053603417534,0.43925424537465024
M1_N3_L3_15Hz,404,ssa_decomposition,1824.423,953620CD0040B7B5B04AAE39527DFC3A09D260EEFCB79AEA2DB5C34724C387AA,M1_N3_L3_15Hz_404_ssa_decomposition.npy,0.006396235594862477,0.26375264173798857,0.025936748063066048,2,1.999999999999993,3.999999999999986,0.31931372552099474,0.4323547626063474
M1_N3_L3_15Hz,404,svd_lowrank,10.543,C91BCC7B4FCC25DABC1292D257DE8D56E2C43AF7E8E9E5A35490589C0857DE66,M1_N3_L3_15Hz_404_svd_lowrank.npy,0.39174408167130903,0.23524157787252367,0.7845004527551274,2,0.0,0.0,0.3048931944524492,0.4222538882201596
M1_N3_L3_15Hz,505,fk_filter,0.877,C75F1348331106AF719861FA5F190A78D5EA928D1D346757C101902BCB01E62C,M1_N3_L3_15Hz_505_fk_filter.npy,12.47823941669173,0.008940432356996831,26.001919902368996,1,3.999999999999993,3.999999999999993,0.0006840147972637755,0.0006840147972637755
M1_N3_L3_15Hz,505,fx_deconv,1.989,0D1B87743020833C75CBCDB7B766556C1C32807ADFBB540A110CA67024EEC834,M1_N3_L3_15Hz_505_fx_deconv.npy,0.03300987369583679,0.25125796401604406,0.07692146941289574,1,0.0,0.0,0.2498346420977578,0.2498346420977578
M1_N3_L3_15Hz,505,wavelet_threshold,1.181,569FCBF96C432D341755144B0963C69525B0AAE6039D5A35402A4817DB7C3DD5,M1_N3_L3_15Hz_505_wavelet_threshold.npy,0.04223919668407773,0.25235287191189315,0.04241491382397859,1,0.0,0.0,0.25278152959437505,0.25278152959437505
M1_N3_L3_15Hz,505,ssa_decomposition,2060.991,5971910F0058FF68EAB7AE9AD7E72DFF6663683A343843C01FB2554500397FA8,M1_N3_L3_15Hz_505_ssa_decomposition.npy,0.02437856345455843,0.2553769634583346,0.04525983825972611,1,0.0,0.0,0.2376269996402987,0.2376269996402987
M1_N3_L3_15Hz,505,svd_lowrank,15.272,12CF9AED1E5D4B8EC1C86209FCEF3653A7F902E30473154D2D95AD3188E5A0D0,M1_N3_L3_15Hz_505_svd_lowrank.npy,0.40781675924876043,0.2349192524620514,0.8172454822634577,1,0.0,0.0,0.23781916383757937,0.23781916383757937
M1_N3_L3_25Hz,101,fk_filter,0.885,4CEE9DBCC0D735C9AF2B6B45BF4AB98B1F3F41FC55FC170D284D8605BF737CD2,M1_N3_L3_25Hz_101_fk_filter.npy,14.735647404939266,0.004862690592084073,29.529712049532225,2,0.0,0.0,0.004209523402082552,0.005247366642103744
M1_N3_L3_25Hz,101,fx_deconv,2.523,DFCA0EE1D2EE3934BA108070B6CD398E6DCF16FCDFA84CCBEBC59499C1DB2F11,M1_N3_L3_25Hz_101_fx_deconv.npy,0.01717186740863728,0.20216338640719628,0.04465471535889599,2,0.0,0.0,0.20423486146201858,0.2389425611618851
M1_N3_L3_25Hz,101,wavelet_threshold,1.082,75830D75E433C4B4A60583715C10BDA8611F3C389B89320694B958AF0020F6FC,M1_N3_L3_25Hz_101_wavelet_threshold.npy,0.036215774592802084,0.2014564612808488,0.03636675430231502,2,0.0,0.0,0.20514408222269293,0.2409496581792494
M1_N3_L3_25Hz,101,ssa_decomposition,800.526,ACE1CDF85F835E1974E6D84BE1C0078B7E2BA8A66118FCCAB67122BC1B700DF3,M1_N3_L3_25Hz_101_ssa_decomposition.npy,-0.1917319016590231,0.2828783197962125,0.4889689078420256,2,6.0,8.0,0.10832853267249327,0.1292289969018322
M1_N3_L3_25Hz,101,svd_lowrank,6.027,B43ED0C5FEAD067D55B0A45FF5F7D01A6F3F5C6F6A8C3F8CA5A162620FD7BFA1,M1_N3_L3_25Hz_101_svd_lowrank.npy,0.39206206791655424,0.18351245588327803,0.7843714872093859,2,0.0,0.0,0.1862350633170758,0.21258211302229701
M1_N3_L3_25Hz,202,fk_filter,0.919,7AFACBC4F8366E028B0D1A15EC5F8546ADD82E64A0A9DFA4673CEBFFEF3F0A84,M1_N3_L3_25Hz_202_fk_filter.npy,14.64535199775231,0.011035472975458299,29.39148556013571,2,0.0,0.0,0.006398553698115505,0.010981734107767859
M1_N3_L3_25Hz,202,fx_deconv,2.06,E295EF0E50C5B830C9EC5790C47AC3B839E4F0C0ABFFBCAF273F72D67A0A6293,M1_N3_L3_25Hz_202_fx_deconv.npy,0.015561099687354023,0.3426229201217731,0.0404165118122993,2,0.9999999999999964,1.999999999999993,0.36645787981624045,0.41802669040864804
M1_N3_L3_25Hz,202,wavelet_threshold,1.737,691301459306F1D2AB1F523237B5094C1D65E0F64E010A08A10FD91332E3058E,M1_N3_L3_25Hz_202_wavelet_threshold.npy,0.04325413553417596,0.34097398889508074,0.04346761663396756,2,0.0,0.0,0.3650012192204684,0.41633201186905816
M1_N3_L3_25Hz,202,ssa_decomposition,1784.515,49C2CCAEF978FF6313E0D0DC2505AB2ABE45C74BA1F64D97B2A636CB7915C98F,M1_N3_L3_25Hz_202_ssa_decomposition.npy,0.22207952491752628,0.39889928792881446,1.0945712188636167,2,1.9999999999999982,3.9999999999999964,0.0198846576956078,0.034720904186368994
M1_N3_L3_25Hz,202,svd_lowrank,10.032,9C19735A6F216C1879CA8581F23BD099C0E952F747F388A788A7F89B5FA973C1,M1_N3_L3_25Hz_202_svd_lowrank.npy,0.38978523878038457,0.31609685410801136,0.7796049778519148,2,0.9999999999999964,1.999999999999993,0.3369843972302734,0.3795721052514872
M1_N3_L3_25Hz,303,fk_filter,0.854,1EDCB3376BD5E9ADCF0E2ECDD7BBA9D41FB1E72EC8712DD2EA7A7759ECB01409,M1_N3_L3_25Hz_303_fk_filter.npy,13.926389490463094,0.006448582981518967,27.94934571603307,4,0.0,0.0,0.004157683683802642,0.006891749971952573
M1_N3_L3_25Hz,303,fx_deconv,2.042,57CE74AF69B320D146DE885B20F24590F29AFFD44DAC00D1D96E42D80C97C0D5,M1_N3_L3_25Hz_303_fx_deconv.npy,0.019563701794017545,0.2596795224449227,0.04746458022427295,4,0.0,0.0,0.4067189866606375,0.42592255849343597
M1_N3_L3_25Hz,303,wavelet_threshold,1.093,ACB631435FCDD330CC84395F1FFB2615098863DC21ECFD95FE18EA1997B028E9,M1_N3_L3_25Hz_303_wavelet_threshold.npy,0.04359405517308297,0.2585499391169199,0.04380903863537568,4,0.0,2.0,0.4035023193589454,0.4346352002178307
M1_N3_L3_25Hz,303,ssa_decomposition,294.612,8C668F1931CBFE20339A9D90C3E0AF071E15D5503C5179D77FA7B5C70E7A08B9,M1_N3_L3_25Hz_303_ssa_decomposition.npy,-0.1586965348652504,0.30713185591510556,0.4018341423381949,4,4.0000000000000036,20.0,0.1207449652955265,0.20232657901508058
M1_N3_L3_25Hz,303,svd_lowrank,4.813,2DDFF7B98D46324BC0CFB087D35DC2ACA22144EFF04C0F91E986525399109FF3,M1_N3_L3_25Hz_303_svd_lowrank.npy,0.37629274572496807,0.24255497116847882,0.7528093554692188,4,0.0,2.0,0.38115431390395527,0.41570865119777584
M1_N3_L3_25Hz,404,fk_filter,1.011,D0FB15E4A6000451C146DAD8E0993D72D47EC1EDFFD41A79926D6B63E9ED1464,M1_N3_L3_25Hz_404_fk_filter.npy,14.866482975372602,0.006935414770148384,29.826809980250317,3,0.0,0.0,0.019793349155617,0.029396288469548323
M1_N3_L3_25Hz,404,fx_deconv,2.09,DA64DA9CB541C4F81D1C0C3A6CA39F9D543FAC0DC9333649A98FC9C7A1598ADC,M1_N3_L3_25Hz_404_fx_deconv.npy,0.01461526666173327,0.2553484800373925,0.037863490708601254,3,0.0,0.0,0.24372450424444453,0.6661380242235565
M1_N3_L3_25Hz,404,wavelet_threshold,1.084,6E0305FDBB1416FA10B1263073E69699DDD3AB6BCF8DC967D74D14FAEEC68985,M1_N3_L3_25Hz_404_wavelet_threshold.npy,0.038732749881411344,0.253737094986926,0.03891530989222895,3,0.0,0.0,0.2440365724646742,0.6600409837263047
M1_N3_L3_25Hz,404,ssa_decomposition,1914.614,5EF7C4A5C22FA6254ACC2C8FD3EF440E4BB4D099ED4B1F6DFA0763443C0A304D,M1_N3_L3_25Hz_404_ssa_decomposition.npy,-0.10684577286647434,0.3275208358602593,0.6153984778926548,3,2.0,2.0000000000000036,0.10393843216179224,0.21081946233888985
M1_N3_L3_25Hz,404,svd_lowrank,15.345,76D6331D6E37EF0D70F655C73D8EFAA55907CD0DCB2BE60777BEF486B98910EC,M1_N3_L3_25Hz_404_svd_lowrank.npy,0.4160618203909915,0.23099154640716676,0.8324314486830099,3,0.0,0.0,0.2340019300657756,0.6167148543941576
M1_N3_L3_25Hz,505,fk_filter,0.855,622158A6B079BF6E0D3AF294EADA131C8D112AB75A3AAAF7DBC8C56E55EC7F12,M1_N3_L3_25Hz_505_fk_filter.npy,13.000593368724491,0.007886847476766361,26.05759473874388,4,0.0,4.0,0.004908146280645082,0.027076176622824213
M1_N3_L3_25Hz,505,fx_deconv,2.246,1CC9985B1B545D4F583B4E189FCA75D4295171097331A089E809BF2BE3B37189,M1_N3_L3_25Hz_505_fx_deconv.npy,0.03312426078682229,0.2598427841157339,0.0781206599487213,4,0.0,4.0,0.3260442810377362,0.5264107599001007
M1_N3_L3_25Hz,505,wavelet_threshold,1.239,6F19068F0C082C1352A117976872359EB9BB0959E2F35586C92F636338063031,M1_N3_L3_25Hz_505_wavelet_threshold.npy,0.04220637489341744,0.26050510847958475,0.04241539943428949,4,0.0,4.0,0.32508144257224175,0.5307481897206383
M1_N3_L3_25Hz,505,ssa_decomposition,1697.6,1547029E3B0F912C51641EA5DC6814BE937548970CDB3F970281E84E3CA19F23,M1_N3_L3_25Hz_505_ssa_decomposition.npy,-0.3876177701077553,0.357307857617499,0.27164134264974943,4,6.0,10.000000000000004,0.0686461662545593,0.26581035955457
M1_N3_L3_25Hz,505,svd_lowrank,4.85,846D48FB68B34D91D30C0223E911DF07C4483ED2C3E7058F5B78B5CD3513E714,M1_N3_L3_25Hz_505_svd_lowrank.npy,0.4311386778619399,0.24237023363971413,0.8631718925278145,4,0.0,4.0,0.30293269170072123,0.5104325334641303
M1_N3_L3_40Hz,101,fk_filter,1.208,D4059D285CC75B8B164ADC430531C5DF93DAD229043C4BD3864EB2D15B87EE98,M1_N3_L3_40Hz_101_fk_filter.npy,13.804035692890542,0.004499406343508013,29.525221068183395,2,2.0000000000000018,2.0000000000000036,0.008298928384547063,0.013826505485850012
M1_N3_L3_40Hz,101,fx_deconv,1.892,03BDA43D247DEEC219C7F445D9620D6C24F330412CB9868C8C99315F55CD8CE9,M1_N3_L3_40Hz_101_fx_deconv.npy,0.017054708612457618,0.13699751324773474,0.043629252350710204,2,0.0,0.0,0.16614948720173287,0.22595306529788795
M1_N3_L3_40Hz,101,wavelet_threshold,1.167,35DE12943C0A3C5BA3192F23E02DCE81450A356564737A4436B347CDA32B5C2D,M1_N3_L3_40Hz_101_wavelet_threshold.npy,0.03621796002392842,0.13660926685055177,0.03637470995036425,2,0.0,0.0,0.16395892066763793,0.22158297501306834
M1_N3_L3_40Hz,101,ssa_decomposition,1872.746,07A022A4E83ED08975700E7788799BD9A05DF59948A3FEF7AD4061E1976073D0,M1_N3_L3_40Hz_101_ssa_decomposition.npy,-0.8582631794142092,0.48912383315958846,1.4911581765642445,2,4.999999999999998,6.0,0.5946933952991584,0.6124599149794108
M1_N3_L3_40Hz,101,svd_lowrank,42.4,45A8F4CB61516B7E90348EB23D812905D620A70FE222689043ABC81CC5078DD8,M1_N3_L3_40Hz_101_svd_lowrank.npy,0.3974602186685949,0.1232636561077344,0.7948819515936398,2,0.0,0.0,0.14668864958571368,0.1938529771581174
M1_N3_L3_40Hz,202,fk_filter,1.027,EA3671173E407EB2359B379CDA1AD3406C2303CA8A411F0A9DA6C4A39C20254F,M1_N3_L3_40Hz_202_fk_filter.npy,13.874484740164547,0.016552467058108297,29.405016553595523,3,0.0,0.0,0.004421494252196112,0.008350138887736634
M1_N3_L3_40Hz,202,fx_deconv,2.022,B48A6FF13C6E6E9EDB4B9336E4704F9FD2983A48FFF1DD6261D2DD94B826A8FF,M1_N3_L3_40Hz_202_fx_deconv.npy,0.015487310784053335,0.3312098500259209,0.03925513141191466,3,0.0,2.0,0.3777554096010612,0.4053961391326793
M1_N3_L3_40Hz,202,wavelet_threshold,1.888,F81C58658227493FDCEE6018750D2EF268F37C485640FA51B2CF41E9E1A1CB8E,M1_N3_L3_40Hz_202_wavelet_threshold.npy,0.043248698816089684,0.3296192133177383,0.0434698829815729,3,0.0,2.0,0.37286204693879554,0.40371587007583665
M1_N3_L3_40Hz,202,ssa_decomposition,1844.325,0746D19CFD76279CD691F408517F0092CD4A51C827652C4763BE2F5697D7168C,M1_N3_L3_40Hz_202_ssa_decomposition.npy,-0.7404654569083563,0.6152498383364416,1.3370441770410664,3,14.0,34.0,0.3803418602722729,0.4221602981167101
M1_N3_L3_40Hz,202,svd_lowrank,16.077,EBC6726E232CC5DDF8DE6D74DF8FB879F5547BBDEE2B57F0FA9E0A96BFFE23D5,M1_N3_L3_40Hz_202_svd_lowrank.npy,0.3911836821804361,0.3060623345207325,0.7823958584082416,3,0.0,0.0,0.3505537393134164,0.3686267126424138
M1_N3_L3_40Hz,303,fk_filter,1.279,40E4B9E0D85B18952CD3B2BBBC3CA363B795598236C6C4310BCB3C9D15E2E7C7,M1_N3_L3_40Hz_303_fk_filter.npy,13.443103245305215,0.01055945015423222,27.957867232169285,3,0.0,0.0,0.0032228089000000196,0.005803997917634248
M1_N3_L3_40Hz,303,fx_deconv,1.865,9EF7C258CC31DD34495B575013555549BA10D3C9D77E7114FF61FE03A6B56480,M1_N3_L3_40Hz_303_fx_deconv.npy,0.019441645134502854,0.24176668056522055,0.046372840660647556,3,0.0,0.0,0.24222476056636993,0.45487705001875234
M1_N3_L3_40Hz,303,wavelet_threshold,1.505,8DA93F4AA7CBA951C64AF224FE8CDE47DA9FCD636B043EDAA21012B47D35B0F8,M1_N3_L3_40Hz_303_wavelet_threshold.npy,0.0435868051272523,0.24074900313050215,0.04380921126779378,3,0.0,0.0,0.23869924503916348,0.44498005580264427
M1_N3_L3_40Hz,303,ssa_decomposition,1626.877,175F8398B8DBC55FF0D8A65D1ED0977BA07707E0DCBDE11190A771126DD95451,M1_N3_L3_40Hz_303_ssa_decomposition.npy,-0.8815562512412582,0.5721872531916474,1.247345125974121,3,2.0,4.0,0.40552523909584975,0.5599023884156976
M1_N3_L3_40Hz,303,svd_lowrank,7.658,4A44E69A56A3D7E29B8B558045915A52CC35EB21A2CC88CB2298D6C8BEB715DA,M1_N3_L3_40Hz_303_svd_lowrank.npy,0.38258391531362906,0.22479719859545916,0.7651885079513688,3,0.0,0.0,0.2245507175175556,0.4389578451463746
M1_N3_L3_40Hz,404,fk_filter,1.446,80F5185ED80860153A141D80719DCC7065F4EF9984841E1F988FBF7DE050D538,M1_N3_L3_40Hz_404_fk_filter.npy,14.04714316334301,0.009052681011301002,29.807575038996088,5,0.0,4.0,0.011924654401716708,0.013117874852445343
M1_N3_L3_40Hz,404,fx_deconv,1.913,292C6C23B5724D4EB85D547E6169AA680734122FC8D4FE7AC71CC0AC3DE9E380,M1_N3_L3_40Hz_404_fx_deconv.npy,0.014588508798958821,0.20158455356247248,0.03751504621093652,5,0.0,0.0,0.20472656210645754,0.3148986324873625
M1_N3_L3_40Hz,404,wavelet_threshold,1.065,DC0E65CAEFC4646F7F59465A81E8603507CFEAB8DD01AFC500860D791BAC727C,M1_N3_L3_40Hz_404_wavelet_threshold.npy,0.038731302231942016,0.20030009386191858,0.03892004543771716,5,0.0,0.0,0.20578106449885644,0.31039760197576793
M1_N3_L3_40Hz,404,ssa_decomposition,1781.481,006EF05E262BF9ACB398D25DF1CFE88F2981741B0798ADA33764092C55341087,M1_N3_L3_40Hz_404_ssa_decomposition.npy,-0.3805817102611849,0.403791676373665,1.2450229382146019,5,4.0,10.0,0.43396963976697595,0.4851292596419459
M1_N3_L3_40Hz,404,svd_lowrank,37.996,00041346CB7B912AAB5CC249F392A64F3118BD061643652D0ADA6EDC60137064,M1_N3_L3_40Hz_404_svd_lowrank.npy,0.42220409469761055,0.18305773258390656,0.8444589606289312,5,0.0,0.0,0.19724650258702045,0.29149001352646536
M1_N3_L3_40Hz,505,fk_filter,0.853,5B17D95BCDAADD5D2A2878D419E8C9E07B36EEDB165FB82F5FAAB13C23690E19,M1_N3_L3_40Hz_505_fk_filter.npy,12.470379418487553,0.013864837963087066,26.07028797584551,5,0.0,10.0,0.012849592001379698,0.02164338843735154
M1_N3_L3_40Hz,505,fx_deconv,1.789,B4D244021BD4DD4A1981CFE516E5B7765C8B0EC726E78DECBAA1185522E4BB53,M1_N3_L3_40Hz_505_fx_deconv.npy,0.0329639087740976,0.27657546275706735,0.0766149014856029,5,0.0,2.0000000000000036,0.3418619186149439,0.5533260212266107
M1_N3_L3_40Hz,505,wavelet_threshold,1.111,FA1C93A59B92B9ACD93C93349B3C5EDDB6AC81574AD29A0DE3CD3376813872A0,M1_N3_L3_40Hz_505_wavelet_threshold.npy,0.04219397406303533,0.2764226868104915,0.042412515713852544,5,0.0,0.0,0.3408647397156076,0.5562668821016403
M1_N3_L3_40Hz,505,ssa_decomposition,1525.474,096988C4DDDCCDAEB6563F91F05ACA435A1392E399BF2FD6DB7A84D7EF53AC31,M1_N3_L3_40Hz_505_ssa_decomposition.npy,-0.919662520757938,0.5621787432146853,0.7553120977235649,5,6.0,16.0,0.503042394876159,0.5917098368063355
M1_N3_L3_40Hz,505,svd_lowrank,37.682,FBA3D091BA38E858FE1ED1DF7E990B6E6815D057E5D89BA846A8BC326F4B3C61,M1_N3_L3_40Hz_505_svd_lowrank.npy,0.4426745948958535,0.2564303626146905,0.885504201378926,5,0.0,0.0,0.3268937354541303,0.5119767878163646
M2_N1_L1_15Hz,101,fk_filter,0.845,1FC3186D3D0FED28A5FE9B484E06B1C84A4B3B133535203041EF60146C8F431D,M2_N1_L1_15Hz_101_fk_filter.npy,-0.6301660600874186,0.02555579701202064,,1,0.0,0.0,0.028477273798680067,0.028477273798680067
M2_N1_L1_15Hz,101,fx_deconv,1.884,73FEED36030A7A3E0EF6A53730C81888E9F9B02272A56A70D16DD4AD150F8544,M2_N1_L1_15Hz_101_fx_deconv.npy,1.6975230516622588,0.024624383345376193,,1,0.0,0.0,0.05857172155988981,0.05857172155988981
M2_N1_L1_15Hz,101,wavelet_threshold,2.425,AD97DBE1950619B0DDB4C7504CAB22B9336CBA13430F874F602365166AB5E3FA,M2_N1_L1_15Hz_101_wavelet_threshold.npy,2.4630814613125143,0.0043278303585718835,,1,0.0,0.0,0.005161732724802654,0.005161732724802654
M2_N1_L1_15Hz,101,ssa_decomposition,1362.651,DF2EBDC3C7C6D8EF57569E5E966CD4BA7B73A40AFE736404B6C5EBCA48A4C65D,M2_N1_L1_15Hz_101_ssa_decomposition.npy,4.230166077840103,0.003632084011368382,,1,0.0,0.0,0.0022556510306933775,0.0022556510306933775
M2_N1_L1_15Hz,101,svd_lowrank,24.88,D274BFDE1E4E472361821E8BCA1CEFD27F35ED2634514140A034C0524D013DBB,M2_N1_L1_15Hz_101_svd_lowrank.npy,3.7049464098853804,0.004312398584495181,,1,1.999999999999993,1.999999999999993,0.008444487624852384,0.008444487624852384
M2_N1_L1_15Hz,202,fk_filter,0.832,A81BB7BD58DD8BA62D2C4CE017C667D0472DC01D8983172724A4D640A52BD361,M2_N1_L1_15Hz_202_fk_filter.npy,-1.7393372784565049,0.035603039353718655,,1,4.0,4.0,0.07994531853487002,0.07994531853487002
M2_N1_L1_15Hz,202,fx_deconv,4.809,23E6B1838DB57D9DCFE19944B2E8E0DFDE61A58C86D8D21246A5A90033B0D2F1,M2_N1_L1_15Hz_202_fx_deconv.npy,1.6552449660982802,0.020396147444357766,,1,0.0,0.0,0.06585827221310692,0.06585827221310692
M2_N1_L1_15Hz,202,wavelet_threshold,1.411,D6CAAF06667C3EE3FCD4978B79847B055E932B9ED79EEDCA7436746EC1655243,M2_N1_L1_15Hz_202_wavelet_threshold.npy,2.4238536561317687,0.004062009218898547,,1,0.0,0.0,0.0011545837207228246,0.0011545837207228246
M2_N1_L1_15Hz,202,ssa_decomposition,2051.337,7BDE8DCD024D6ED8D87650FCD91C23D59130AAB81B77BD04DC8AC40C6ABA5C6B,M2_N1_L1_15Hz_202_ssa_decomposition.npy,4.306642612986286,0.004467521369376683,,1,2.0,2.0,0.005316060480970942,0.005316060480970942
M2_N1_L1_15Hz,202,svd_lowrank,10.911,5CE302907638B393046104C246C3597F4767AD74D01E9A96B9746C5A54A2C38C,M2_N1_L1_15Hz_202_svd_lowrank.npy,3.925347218899356,0.0036610887536549,,1,0.0,0.0,0.0049584959404343825,0.0049584959404343825
M2_N1_L1_15Hz,303,fk_filter,1.472,FA7C756DF813BB70C1184DB20A36081DC6DB4AEA72CE2A0EC84D80744931BF28,M2_N1_L1_15Hz_303_fk_filter.npy,-0.09244481427119489,0.016692560188347937,,1,0.0,0.0,0.016168335584712538,0.016168335584712538
M2_N1_L1_15Hz,303,fx_deconv,2.031,50B5D6995E46480842EDDD21E5F6A6D426724E49312DF1E7C935D3E739C47556,M2_N1_L1_15Hz_303_fx_deconv.npy,1.6653130347033542,0.024997189605565486,,1,1.999999999999993,1.999999999999993,0.07245940291609429,0.07245940291609429
M2_N1_L1_15Hz,303,wavelet_threshold,1.269,8C5F0F5081694177E702F503CB908E7DD590E3E85608EC20F63C5BC6A87CE3B4,M2_N1_L1_15Hz_303_wavelet_threshold.npy,2.475484539198238,0.005575210215733204,,1,0.0,0.0,0.00029047390986881877,0.00029047390986881877
M2_N1_L1_15Hz,303,ssa_decomposition,1927.966,039D8F6340364FB11EF7079D5495A98ECC7D1AB2A8E6F9FE98C2B49006CBBBFA,M2_N1_L1_15Hz_303_ssa_decomposition.npy,4.461641784489725,0.0038906727439003558,,1,0.0,0.0,0.0019773402356883935,0.0019773402356883935
M2_N1_L1_15Hz,303,svd_lowrank,39.281,0B4444B315A6273B0E2A3AD52DEBD82BCB9A0E2B0D052CB5834CB56A24B85479,M2_N1_L1_15Hz_303_svd_lowrank.npy,3.782537459745404,0.0054089170963267,,1,0.0,0.0,0.00419297039209914,0.00419297039209914
M2_N1_L1_15Hz,404,fk_filter,0.819,E5CFEFD987ACED5FC465D477D47D2E05405A991EE7E8C4AB8050A9BEE1817B50,M2_N1_L1_15Hz_404_fk_filter.npy,-1.137977055502125,0.047807319645414875,,1,1.9999999999999716,1.9999999999999716,0.03560305120909855,0.03560305120909855
M2_N1_L1_15Hz,404,fx_deconv,1.852,F2C7F33E6EE7C9E350CD311AF10394C00336B8DC078B8B55E3D4A7867A02DFD3,M2_N1_L1_15Hz_404_fx_deconv.npy,0.6427779928166171,0.05070682619348787,,1,0.0,0.0,0.07702994530544321,0.07702994530544321
M2_N1_L1_15Hz,404,wavelet_threshold,1.036,BC7C84AAE7429BD7C7BCE32A75A3F662B36816DF3C04A691215A9DC7092867A7,M2_N1_L1_15Hz_404_wavelet_threshold.npy,2.372832314885967,0.010907261082210858,,1,1.9999999999999716,1.9999999999999716,0.005363208922042076,0.005363208922042076
M2_N1_L1_15Hz,404,ssa_decomposition,1476.79,7624C67D171F26FF150CC0F7EB1D1D4311A75CE189B1D6B6D56443E765C48EF0,M2_N1_L1_15Hz_404_ssa_decomposition.npy,4.218838837311633,0.009106273600112036,,1,0.0,0.0,0.005241365587783396,0.005241365587783396
M2_N1_L1_15Hz,404,svd_lowrank,6.746,CDEBD878A99D2126CAB9502918F94B9DF7EDEA35C8453DFF669C3478564672AD,M2_N1_L1_15Hz_404_svd_lowrank.npy,3.8746872442605387,0.00888310429057099,,1,1.9999999999999716,1.9999999999999716,0.010983693391227782,0.010983693391227782
M2_N1_L1_15Hz,505,fk_filter,0.84,147368FE233BD0EB643E43ED82048B530017D603E3046A00A13ADC0EDFDD9AF7,M2_N1_L1_15Hz_505_fk_filter.npy,-0.4621052399300609,0.02041305170117817,,1,4.0,4.0,0.028251120976433376,0.028251120976433376
M2_N1_L1_15Hz,505,fx_deconv,1.793,4ED835CE5BB79387C7BDA99E0F2C2377C07C92032B268D030532194CA9820307,M2_N1_L1_15Hz_505_fx_deconv.npy,1.493367407460621,0.025807696695687506,,1,2.0,2.0,0.06598817658392338,0.06598817658392338
M2_N1_L1_15Hz,505,wavelet_threshold,1.054,FBF4ED0B7DE52CA24A41515637003FC45A55E7EEEEEDFA42BAAAE698B1EF3EB6,M2_N1_L1_15Hz_505_wavelet_threshold.npy,2.458686617258744,0.004730906821242349,,1,4.0,4.0,0.0005849914881019481,0.0005849914881019481
M2_N1_L1_15Hz,505,ssa_decomposition,2015.734,9A80547E3FDD95AB9D63ABF72CBD0C4540D681BBCE683DA4C5F230E8353ECCE0,M2_N1_L1_15Hz_505_ssa_decomposition.npy,4.35720077662614,0.003986105680303698,,1,2.0,2.0,0.013909514906576936,0.013909514906576936
M2_N1_L1_15Hz,505,svd_lowrank,11.089,FA1FBF0314B3AAA289E71684DBFCD45AAD8CABA7AB0E2B39053AC8812CB23BAE,M2_N1_L1_15Hz_505_svd_lowrank.npy,3.77091907006454,0.004249727067700176,,1,2.0,2.0,0.003633269778336752,0.003633269778336752
M2_N1_L1_25Hz,101,fk_filter,1.411,4C401C7A6E2B6EFE334BABEF383E32FAD54D9B9AC0E6C53458FCB9832F6C44E3,M2_N1_L1_25Hz_101_fk_filter.npy,0.2869991917190511,0.01003486191524199,,1,0.0,0.0,0.0037458053861347453,0.0037458053861347453
M2_N1_L1_25Hz,101,fx_deconv,2.07,86A5AE8E1D6D4D662F653E2AFA6B556F2DB09F09A97A4A13FADD02577FC8FE64,M2_N1_L1_25Hz_101_fx_deconv.npy,1.1479388034573699,0.026460443186092097,,1,0.0,0.0,0.0731301177670053,0.0731301177670053
M2_N1_L1_25Hz,101,wavelet_threshold,1.246,178543ECFA3A609302545E7C518B56412B3407F9411DA213E5387141C6A7BA00,M2_N1_L1_25Hz_101_wavelet_threshold.npy,2.4508297096586507,0.0028768060392717868,,1,2.0,2.0,0.00015930052640108065,0.00015930052640108065
M2_N1_L1_25Hz,101,ssa_decomposition,1464.374,C1313B4E6C234EA2C104063D7F447DFC16F35C58A4668A3588FB32A39C3EB178,M2_N1_L1_25Hz_101_ssa_decomposition.npy,1.5663792499852391,0.01636335024157599,,1,0.0,0.0,0.03909252430300455,0.03909252430300455
M2_N1_L1_25Hz,101,svd_lowrank,39.693,50D5F9FBA572886A2953A2086991D681B301D24D0F5E8A46F84D32D70801F563,M2_N1_L1_25Hz_101_svd_lowrank.npy,3.8190092915035176,0.00274524693011098,,1,0.0,0.0,0.009275493082484567,0.009275493082484567
M2_N1_L1_25Hz,202,fk_filter,1.946,49F5BD02A5DD3BAC38E3CFE4476E621719B3B9B228CA10B7327861FA614BE6F4,M2_N1_L1_25Hz_202_fk_filter.npy,-0.0024792542475609025,0.01049187204617234,,1,0.0,0.0,0.01959541689824494,0.01959541689824494
M2_N1_L1_25Hz,202,fx_deconv,5.049,B4C1656CB0655BCBA746093CCD86F9140C293DB12EE029E0306793B0F483D0AB,M2_N1_L1_25Hz_202_fx_deconv.npy,1.3900183943340156,0.020684538725687367,,1,0.0,0.0,0.07550278906556615,0.07550278906556615
M2_N1_L1_25Hz,202,wavelet_threshold,1.655,FD495480AFE810326601442AAEE16753D1B0C0BD1D045205B93A93817D097137,M2_N1_L1_25Hz_202_wavelet_threshold.npy,2.4073032296504557,0.003030725389229243,,1,2.0,2.0,0.0036214958087285765,0.0036214958087285765
M2_N1_L1_25Hz,202,ssa_decomposition,1258.036,0027E82A4BB2EE34FCE7ACF972C2E1AC0B51A840EC383FF5A4998690685A2C9A,M2_N1_L1_25Hz_202_ssa_decomposition.npy,4.557318436898472,0.003547383070749677,,1,0.0,0.0,0.0006190306840888589,0.0006190306840888589
M2_N1_L1_25Hz,202,svd_lowrank,9.783,FD8E86FB1C6450F27DBD9FFF17C4906E16630C2090A501B1FC262593DE64F772,M2_N1_L1_25Hz_202_svd_lowrank.npy,3.695625390600094,0.00288016662362491,,1,0.0,0.0,0.0029183566872437675,0.0029183566872437675
M2_N1_L1_25Hz,303,fk_filter,0.817,414C14FC887B538AAB5D3BA445D70B655D1C7415035F9775660A37D3D1A9088A,M2_N1_L1_25Hz_303_fk_filter.npy,0.4999171795238748,0.007774787634167632,,1,0.0,0.0,0.0033841859232923133,0.0033841859232923133
M2_N1_L1_25Hz,303,fx_deconv,2.037,47EDAAB9472748737E6FBA632900410E3A249CC1C56B91B2687CFA5B792F7D8F,M2_N1_L1_25Hz_303_fx_deconv.npy,1.13461673897174,0.024661286206360496,,1,0.0,0.0,0.08908642068017067,0.08908642068017067
M2_N1_L1_25Hz,303,wavelet_threshold,1.39,3E9C612ADFE61D3078705B383B65EBCF8720DDE97BFA376F7BE5806196BABAFA,M2_N1_L1_25Hz_303_wavelet_threshold.npy,2.433542960095062,0.003912123804116056,,1,0.0,0.0,0.007358245381493336,0.007358245381493336
M2_N1_L1_25Hz,303,ssa_decomposition,1233.56,4F9BE312B25DB829F9524BDAAEC5D74DFC2E10630A3D3428B2FB3C5349A16F7B,M2_N1_L1_25Hz_303_ssa_decomposition.npy,2.537267470758131,0.011210384726414526,,1,0.0,0.0,0.027977746758373615,0.027977746758373615
M2_N1_L1_25Hz,303,svd_lowrank,23.629,7085229AE18023EB4FB303B2626E82539BEDF31CE3CE6F0EA0211762D5AD6FA0,M2_N1_L1_25Hz_303_svd_lowrank.npy,3.6855921444812676,0.004524179996275834,,1,0.0,0.0,0.003447853129145647,0.003447853129145647
M2_N1_L1_25Hz,404,fk_filter,1.627,9B2F5752671875A0F95CC367BD2D33D93434FE29A4DC88EB4BED22129F43CC49,M2_N1_L1_25Hz_404_fk_filter.npy,0.3088465532719127,0.0192449009005262,,1,0.0,0.0,0.0038964305855961456,0.0038964305855961456
M2_N1_L1_25Hz,404,fx_deconv,1.92,433746D921AB1E414954A7EEA46B4D5BBD9CCD5ECCFF68DC2920D108AA46D076,M2_N1_L1_25Hz_404_fx_deconv.npy,0.3558638670108074,0.04803521364779121,,1,0.0,0.0,0.08391924075956492,0.08391924075956492
M2_N1_L1_25Hz,404,wavelet_threshold,1.266,6831AE28838F6C180EF8B1FF7CC15BC03483E1F4E772606BB03EDFCAFBBD7A81,M2_N1_L1_25Hz_404_wavelet_threshold.npy,2.3390449986168456,0.008919224101516281,,1,4.0,4.0,0.0019844439410802097,0.0019844439410802097
M2_N1_L1_25Hz,404,ssa_decomposition,1825.28,9902EB39F4C09322A0AF2FEE4BD4FB9506C15A7E1C250B9DDD734F57701F882D,M2_N1_L1_25Hz_404_ssa_decomposition.npy,2.860804743544019,0.0140499597632016,,1,2.0,2.0,0.008677588616442553,0.008677588616442553
M2_N1_L1_25Hz,404,svd_lowrank,18.404,4A4FACC7B880641AE8F75AD981A062ABC913D8929700D54FE7C9F329D2AC5BE1,M2_N1_L1_25Hz_404_svd_lowrank.npy,3.6804141082023154,0.0076792135316659065,,1,0.0,0.0,0.010916385142379366,0.010916385142379366
M2_N1_L1_25Hz,505,fk_filter,0.795,E3C0C38ABB2948116A6A23AAC0451D0C5135111A89142BEB88411FA22F46CB43,M2_N1_L1_25Hz_505_fk_filter.npy,0.4243192551352877,0.008147937876024903,,1,0.0,0.0,0.0006664861781259495,0.0006664861781259495
M2_N1_L1_25Hz,505,fx_deconv,1.97,37AA00890209E5CAE1D59B1F324B810C4611D85DA3415340948A76A93356E5A0,M2_N1_L1_25Hz_505_fx_deconv.npy,1.0091758579185743,0.026395072741131717,,1,0.0,0.0,0.07458532522183442,0.07458532522183442
M2_N1_L1_25Hz,505,wavelet_threshold,2.818,856E776EA47009FC92D355729F4315CC0C1621A4E65EF31C1041B5ACA02555F8,M2_N1_L1_25Hz_505_wavelet_threshold.npy,2.441638253608094,0.0032209877223663566,,1,0.0,0.0,0.0006657660426328143,0.0006657660426328143
M2_N1_L1_25Hz,505,ssa_decomposition,1194.284,D020922EDC93F903B3F8CAED164015CF79D6DCFBE473E3CF77660752666329CA,M2_N1_L1_25Hz_505_ssa_decomposition.npy,1.347290326416518,0.02407029634893136,,1,0.0,0.0,0.08108934762593827,0.08108934762593827
M2_N1_L1_25Hz,505,svd_lowrank,43.488,3B8866F1F302942BE308C9E594D353E99D050D5922D839857EFEFD7061024DC2,M2_N1_L1_25Hz_505_svd_lowrank.npy,3.7419189334643423,0.003384653375348321,,1,0.0,0.0,0.008694505591632654,0.008694505591632654
M2_N1_L1_40Hz,101,fk_filter,1.418,24FDFE1EE13E779AC252F3258FAF5F1AEDE279D4155A1905C7DBAF5036BC87F4,M2_N1_L1_40Hz_101_fk_filter.npy,0.6505912850976046,0.00446003169132379,,1,0.0,0.0,0.008201271804108616,0.008201271804108616
M2_N1_L1_40Hz,101,fx_deconv,1.99,BA8D57DEEB11C6D97622F8C92A19657D4CDBAAB4678D55BC84EBB20A57C41FFB,M2_N1_L1_40Hz_101_fx_deconv.npy,0.3104181755461344,0.03325723064528282,,1,0.0,0.0,0.09049493383205964,0.09049493383205964
M2_N1_L1_40Hz,101,wavelet_threshold,1.276,76559EA8DEAB68E9F9EDE93D58FC5ECD5409271F30CF5775013BB175E62D349D,M2_N1_L1_40Hz_101_wavelet_threshold.npy,2.4521623636460763,0.0021346808325572652,,1,1.9999999999999964,1.9999999999999964,0.001251182899878678,0.001251182899878678
M2_N1_L1_40Hz,101,ssa_decomposition,889.739,69B1CEED6EF43A73C0217D896FA05F1DABE6C6FE2F0AA8B6A2EDF3085BB779B5,M2_N1_L1_40Hz_101_ssa_decomposition.npy,-1.5036099420201658,0.04490849226922531,,1,1.9999999999999964,1.9999999999999964,0.1423548658085303,0.1423548658085303
M2_N1_L1_40Hz,101,svd_lowrank,19.576,A8698371EAC756FAFE60D83409C565C919A682ED5D6162209FBDA4008C5CDFCA,M2_N1_L1_40Hz_101_svd_lowrank.npy,3.868487108291877,0.0023138986746906987,,1,0.0,0.0,0.014357300995421847,0.014357300995421847
M2_N1_L1_40Hz,202,fk_filter,1.043,8759EFA0FE89CC187CB692EF2EAB7ED07502879EBE25AA450319419F9EC6AFDA,M2_N1_L1_40Hz_202_fk_filter.npy,0.6029151819778527,0.004531976519901585,,2,0.0,0.0,0.006832175432894431,0.011468028277173248
M2_N1_L1_40Hz,202,fx_deconv,2.332,D15EE8890984E908453BDCF9F073B4884DE0DFA5C84F5E6AB614310690D9176A,M2_N1_L1_40Hz_202_fx_deconv.npy,0.7713504540996912,0.02684059477997688,,2,0.0,0.0,0.08983129310449416,0.1395040641409466
M2_N1_L1_40Hz,202,wavelet_threshold,1.366,2ACA0D09E647F0111F5A8CB32F65CB482066FE5422DA7EE1A72A432DDFBEFC39,M2_N1_L1_40Hz_202_wavelet_threshold.npy,2.3987878487983654,0.002393599880130655,,2,0.0,0.0,0.008944276475845836,0.015296970289009155
M2_N1_L1_40Hz,202,ssa_decomposition,1821.105,6FFB37B43CC7DABA61425034117713CA2F3FA0E02FC063D5E40851FE63727D10,M2_N1_L1_40Hz_202_ssa_decomposition.npy,4.09746655180836,0.004535646366445722,,2,0.9999999999999982,1.9999999999999964,0.0064672741981117235,0.010077101530593236
M2_N1_L1_40Hz,202,svd_lowrank,40.098,8BE84ADBF754E65AC7E62066A733033A5296C015B189B040FE7BEF9AC57CCC67,M2_N1_L1_40Hz_202_svd_lowrank.npy,3.697042645731699,0.0026111567001127814,,2,0.0,0.0,0.0055214867740073096,0.007657296847493966
M2_N1_L1_40Hz,303,fk_filter,0.839,0FE08A7789AF9DCC00B793F818D57C9E3A85B99D88C0CEEFCDF9C5FF8D0305DB,M2_N1_L1_40Hz_303_fk_filter.npy,0.6812203279705145,0.004841295350468122,,1,0.0,0.0,0.0013635053680638256,0.0013635053680638256
M2_N1_L1_40Hz,303,fx_deconv,1.854,A38126BE4548BC3AF0299F872EE066739D1032C051CC42781D2990ADD9B9A70A,M2_N1_L1_40Hz_303_fx_deconv.npy,0.3213155421808036,0.029501689689997244,,1,0.0,0.0,0.10935821973351158,0.10935821973351158
M2_N1_L1_40Hz,303,wavelet_threshold,1.126,0FF82BA0FF1D04C8118DA24F4888E4F5E56B1198A8E53829A67F13E275AEF62D,M2_N1_L1_40Hz_303_wavelet_threshold.npy,2.3885428139114957,0.003029588520448434,,1,0.0,0.0,0.01038665644389929,0.01038665644389929
M2_N1_L1_40Hz,303,ssa_decomposition,1456.783,54B595335B1282A0303A23B6A973802681125BAB9DC16AB67E0E966E64D1345B,M2_N1_L1_40Hz_303_ssa_decomposition.npy,0.08871260720815144,0.025214913834731463,,1,0.0,0.0,0.0772355392130206,0.0772355392130206
M2_N1_L1_40Hz,303,svd_lowrank,39.239,41B06371BFB821A843E9EBAB43F32C8BF7A13E68A5351D753A2BDABD6FF25A67,M2_N1_L1_40Hz_303_svd_lowrank.npy,3.5483844013965165,0.0036022430882421586,,1,0.0,0.0,0.005382408729031021,0.005382408729031021
M2_N1_L1_40Hz,404,fk_filter,0.812,1803E603A7A96E939F26A2AA0074BCCC776387BCC604445804653129B3C5E01C,M2_N1_L1_40Hz_404_fk_filter.npy,0.6040334489193242,0.012441347156561852,,1,0.0,0.0,0.007055310787322503,0.007055310787322503
M2_N1_L1_40Hz,404,fx_deconv,2.265,6A9DC52E9AAACDD25F68A6FFF35EE512B10A06DB1A73E27931B9F94CFF5DD147,M2_N1_L1_40Hz_404_fx_deconv.npy,-0.14008150994355972,0.050548272794277406,,1,0.0,0.0,0.10140345306734504,0.10140345306734504
M2_N1_L1_40Hz,404,wavelet_threshold,1.222,65571666A0A2BC5E33B0283CCA5A3A193006CD63F9776688672E04EA7B296B7C,M2_N1_L1_40Hz_404_wavelet_threshold.npy,2.302031771358598,0.0075531911742987195,,1,2.0,2.0,0.008882958097049755,0.008882958097049755
M2_N1_L1_40Hz,404,ssa_decomposition,333.104,9EF75791D9E81CF62E1401F7F2CE17AF02BC71F6D0BC0FF0DC53CBD82C6FDA40,M2_N1_L1_40Hz_404_ssa_decomposition.npy,0.4184758782588922,0.03996936218484635,,1,3.9999999999999716,3.9999999999999716,0.0769645798684591,0.0769645798684591
M2_N1_L1_40Hz,404,svd_lowrank,9.128,D265BD2B137EC2FD3FA77E0DA5AD800DE43E7F4CDA786DC4B7D46F7B6C3B3571,M2_N1_L1_40Hz_404_svd_lowrank.npy,3.548787069313292,0.007229652918293809,,1,0.0,0.0,0.008942827838331627,0.008942827838331627
M2_N1_L1_40Hz,505,fk_filter,0.82,119F77BE62911BCEEE3DB719086306C4A898ED37B42B251BC6A3531C3048B94B,M2_N1_L1_40Hz_505_fk_filter.npy,0.7054892965000459,0.0041861330665387535,,2,1.0000000000000018,2.0000000000000036,0.003201041133204305,0.004685287148999466
M2_N1_L1_40Hz,505,fx_deconv,1.755,23C06CB920DC380AB04C0734DC5562CB1E8B31E2503361CA4007705F3B08F300,M2_N1_L1_40Hz_505_fx_deconv.npy,0.21297164986542327,0.03263891801043235,,2,1.0000000000000018,2.0000000000000036,0.09912416470062636,0.13282766095393647
M2_N1_L1_40Hz,505,wavelet_threshold,1.085,425773AA1A0DD63DC7398276D086583422EA613DDED887C44EAE698929C41162,M2_N1_L1_40Hz_505_wavelet_threshold.npy,2.425868371744622,0.0024913913190460764,,2,1.0000000000000018,2.0000000000000036,0.006522106441636736,0.006671692009318737
M2_N1_L1_40Hz,505,ssa_decomposition,1494.943,7C5627C27E6CCAC17F97047820661C36FD1A51F03943F0C48EAF883614FB8EC6,M2_N1_L1_40Hz_505_ssa_decomposition.npy,-1.8967046649354398,0.06345300223785062,,2,2.9999999999999982,3.9999999999999964,0.23096369538573042,0.2526870518646046
M2_N1_L1_40Hz,505,svd_lowrank,21.775,5C6AA1964F9D2A6D3DA8D17DD9AA813289C90B2E0A83EF2E0C9CEDABC81C0DA8,M2_N1_L1_40Hz_505_svd_lowrank.npy,3.6728024854581385,0.002912702305192336,,2,0.0,0.0,0.0074369191273740524,0.00929761642042176
M2_N1_L2_15Hz,101,fk_filter,1.627,BEAF205846CD100F37A18A63314D2C6313DADEEB10BE8964A6ED1289114C9BFD,M2_N1_L2_15Hz_101_fk_filter.npy,0.527304541372489,0.0425663464275434,,1,1.999999999999993,1.999999999999993,0.002346771667358537,0.002346771667358537
M2_N1_L2_15Hz,101,fx_deconv,1.949,8413860A29881AA024335DD80F15B01BC5CFC6C61382DCB6C7592D3FB699F467,M2_N1_L2_15Hz_101_fx_deconv.npy,4.789218102245261,0.036238656323254397,,1,0.0,0.0,0.09432104909280419,0.09432104909280419
M2_N1_L2_15Hz,101,wavelet_threshold,1.086,5C382CF499CF1291B700806DFAEA647D77DDD8C2E1B15279303D0B7E1B86FCB9,M2_N1_L2_15Hz_101_wavelet_threshold.npy,2.487684212665891,0.01642702913242806,,1,0.0,0.0,0.02421500723914203,0.02421500723914203
M2_N1_L2_15Hz,101,ssa_decomposition,1123.25,ED3767DE1850072F7A0B72EAF62DF19113688E5966B9E2B56D5BFF798CF984AD,M2_N1_L2_15Hz_101_ssa_decomposition.npy,3.9613797599704785,0.016029379920257172,,1,0.0,0.0,0.008841947679359289,0.008841947679359289
M2_N1_L2_15Hz,101,svd_lowrank,38.101,96CFF3F8CE3FFD4D56B59EB1AE2D687294E6209999B34BB335016B218A40033C,M2_N1_L2_15Hz_101_svd_lowrank.npy,0.859500206011921,0.02452067441212777,,1,1.999999999999993,1.999999999999993,0.043807054119735386,0.043807054119735386
M2_N1_L2_15Hz,202,fk_filter,0.931,90D3B83E054A8451226DE95624193E2AAEE61E6EEF719111C7995A07DDF9FB39,M2_N1_L2_15Hz_202_fk_filter.npy,0.10634443323790155,0.05110057378901294,,1,4.0,4.0,0.05626229307547393,0.05626229307547393
M2_N1_L2_15Hz,202,fx_deconv,1.948,8E7165A2C280C87E08C7CE393BFCBF7D78209EA8E74C1BA7B6A4FDA880790C26,M2_N1_L2_15Hz_202_fx_deconv.npy,4.643462389539167,0.03186249254260161,,1,0.0,0.0,0.11074242842418314,0.11074242842418314
M2_N1_L2_15Hz,202,wavelet_threshold,2.136,83BD7184D82FBE4E2443EA8863C7C353E1B28BC3966636A8F600E4BA794DC51A,M2_N1_L2_15Hz_202_wavelet_threshold.npy,2.4473913405873944,0.015510441090985294,,1,0.0,0.0,0.014300050358112886,0.014300050358112886
M2_N1_L2_15Hz,202,ssa_decomposition,1925.1,B572E09CA4900A218E8A4AD4E77234D9C6D9EBB6486BAE033D0BE1E66C6D488C,M2_N1_L2_15Hz_202_ssa_decomposition.npy,3.9869435107997973,0.01845773637835248,,1,2.0,2.0,0.020404467037643235,0.020404467037643235
M2_N1_L2_15Hz,202,svd_lowrank,66.067,DAFEB216002728A533CDC3D1A89E0EBAE0800CF533BECFB32AC609C5214415E8,M2_N1_L2_15Hz_202_svd_lowrank.npy,0.8713373705340022,0.021868395732346044,,1,0.0,0.0,0.032176788645539245,0.032176788645539245
M2_N1_L2_15Hz,303,fk_filter,0.953,FD32731EC3EB2ECC463DAA499E940327AF62CBFE4CEB580D0D1461C761CDB959,M2_N1_L2_15Hz_303_fk_filter.npy,0.6358807469159906,0.03749928808304333,,1,0.0,0.0,0.017331479512020378,0.017331479512020378
M2_N1_L2_15Hz,303,fx_deconv,4.571,EE3E8D262E6B6AA19DDE00A6D5DD6E736A0EDD5CA249AD7659F365305144F612,M2_N1_L2_15Hz_303_fx_deconv.npy,4.6997108320341425,0.0375801322732313,,1,1.999999999999993,1.999999999999993,0.11810045639168074,0.11810045639168074
M2_N1_L2_15Hz,303,wavelet_threshold,1.23,70DF6743C5B9AA16F4CD95E33B80C779982DB0A55938C96D7C8472191F76145C,M2_N1_L2_15Hz_303_wavelet_threshold.npy,2.5229964329197445,0.021142266881795557,,1,0.0,0.0,0.01942734973015836,0.01942734973015836
M2_N1_L2_15Hz,303,ssa_decomposition,664.522,A40EEAAB6D1E416A5EDDBA36839B63153452F4BA8EC671F743BF89041D501B2B,M2_N1_L2_15Hz_303_ssa_decomposition.npy,4.025736089525518,0.017428971114096137,,1,0.0,0.0,0.0041092346977904225,0.0041092346977904225
M2_N1_L2_15Hz,303,svd_lowrank,5.398,C31093BF7CC9C601F1292D76BF105B72C0996BC0B7DD2C382A0992663DC64680,M2_N1_L2_15Hz_303_svd_lowrank.npy,0.8706379540271163,0.031177982801952643,,1,2.0,2.0,0.04492858724362787,0.04492858724362787
M2_N1_L2_15Hz,404,fk_filter,1.348,035A7BD6C13C9BBDAA853EADC3C977517E046645D2928549256A7F306C6E3963,M2_N1_L2_15Hz_404_fk_filter.npy,0.3441910885886319,0.08985804655910966,,1,1.9999999999999716,1.9999999999999716,0.016565339977932057,0.016565339977932057
M2_N1_L2_15Hz,404,fx_deconv,1.846,1AF614C0F5EFA3080752CC3FCDE8F7EF12FB94A1211EE1823FEF23C985D35408,M2_N1_L2_15Hz_404_fx_deconv.npy,4.082466377639689,0.07156840814871722,,1,0.0,0.0,0.11382433229626016,0.11382433229626016
M2_N1_L2_15Hz,404,wavelet_threshold,1.13,C8E7B14F6855B6998A2280098B3664D91ABCE8B0D7AF0C54C1B2803613C8B1B7,M2_N1_L2_15Hz_404_wavelet_threshold.npy,2.416321261330486,0.04187900386031944,,1,1.9999999999999716,1.9999999999999716,0.03614824458223934,0.03614824458223934
M2_N1_L2_15Hz,404,ssa_decomposition,465.434,52CB485086DB59246F7C7DF52751EEA78ED272B8A4DBC4A5E98DA7072054A683,M2_N1_L2_15Hz_404_ssa_decomposition.npy,3.8414170675775594,0.04110339198199122,,1,0.0,0.0,0.030424614628190527,0.030424614628190527
M2_N1_L2_15Hz,404,svd_lowrank,17.337,1B0B5516DCC923EF235CAFFE19FCB249E064DB6684C8F7E796F92B275D979A95,M2_N1_L2_15Hz_404_svd_lowrank.npy,0.8674085191960543,0.05760332675476418,,1,1.9999999999999716,1.9999999999999716,0.07110124842186437,0.07110124842186437
M2_N1_L2_15Hz,505,fk_filter,0.877,DDF8A612092E9EB7E915F6E21EE66713425FBB602A6B84363B40DBC65FC30BEA,M2_N1_L2_15Hz_505_fk_filter.npy,0.5829041621506574,0.03929587971688592,,1,4.0,4.0,0.0039291053542663225,0.0039291053542663225
M2_N1_L2_15Hz,505,fx_deconv,1.858,AB36F876E6B535BE24CD30F1DCFA8957EA2555604C6F563B588B8FCC15A62F99,M2_N1_L2_15Hz_505_fx_deconv.npy,4.508067807579955,0.0395099816512253,,1,4.0,4.0,0.10680741752244119,0.10680741752244119
M2_N1_L2_15Hz,505,wavelet_threshold,2.884,755E8963C9230FE20C3084E29202DC45C23B13C59E8AF2EED56EA43A637D2FB7,M2_N1_L2_15Hz_505_wavelet_threshold.npy,2.481376533982636,0.018201106345908963,,1,4.0,4.0,0.018114089414041957,0.018114089414041957
M2_N1_L2_15Hz,505,ssa_decomposition,1879.337,9079B5F5CF6A1E96FCAC6AE3C9ACE5AE7069101355B8671D0E66541C640F138E,M2_N1_L2_15Hz_505_ssa_decomposition.npy,4.118063132921629,0.015111938044402905,,1,4.0,4.0,0.018016518220039798,0.018016518220039798
M2_N1_L2_15Hz,505,svd_lowrank,6.879,B3512FE9086CE1C2A71407B2D71B5570B9FA52793BE6ED10A74C82DD443F2E6A,M2_N1_L2_15Hz_505_svd_lowrank.npy,0.8514555420411014,0.026358783908982386,,1,2.0,2.0,0.044572757889465624,0.044572757889465624
M2_N1_L2_25Hz,101,fk_filter,1.447,8DB1A464DA1DDE026A54D0C90F133D6A9185BEF9358928371A7DA1BA13D9884E,M2_N1_L2_25Hz_101_fk_filter.npy,0.8058764322551983,0.020187533647346975,,1,0.0,0.0,0.02212247463365634,0.02212247463365634
M2_N1_L2_25Hz,101,fx_deconv,4.66,87DF3B0E2FABBB6B31172CD0C198E7686CBF4EBBFC09E424B0CB9D93F4E7B044,M2_N1_L2_25Hz_101_fx_deconv.npy,4.090376834310199,0.0435375740202956,,1,0.0,0.0,0.12879041212108655,0.12879041212108655
M2_N1_L2_25Hz,101,wavelet_threshold,2.143,911D6D2A0B140859C9782B6362F226C20C4FFA303472CB6078A09434273F056E,M2_N1_L2_25Hz_101_wavelet_threshold.npy,2.478946696325882,0.010604046209648516,,1,2.0,2.0,0.011976833889529526,0.011976833889529526
M2_N1_L2_25Hz,101,ssa_decomposition,1199.004,EB44718DA7460E564D43FCF867BF78362EFDA8735E2E1C312829D253AEA55BDE,M2_N1_L2_25Hz_101_ssa_decomposition.npy,3.3174040680923023,0.021992539240073963,,1,0.0,0.0,0.031341079763697925,0.031341079763697925
M2_N1_L2_25Hz,101,svd_lowrank,27.945,C4F5B033BBC9BFED7AF7FD911B033D7878838CB232859EDCD8F5F67BF2894AF2,M2_N1_L2_25Hz_101_svd_lowrank.npy,0.87514315341428,0.015174023680776999,,1,0.0,0.0,0.03878989354332261,0.03878989354332261
M2_N1_L2_25Hz,202,fk_filter,1.829,ABFC0B067B030F948B843CE78164447F0281D6CFDEB816F2FA7B5CAD3C4E092B,M2_N1_L2_25Hz_202_fk_filter.npy,0.6914682094963416,0.02054985987993701,,1,0.0,0.0,0.00132674434306513,0.00132674434306513
M2_N1_L2_25Hz,202,fx_deconv,4.82,3367BE8EF6B1B40FF3D4EA53D3797D85EAC025466FED56255C32817761C64539,M2_N1_L2_25Hz_202_fx_deconv.npy,4.2137184300608475,0.0354084381154452,,1,0.0,0.0,0.13719717654651983,0.13719717654651983
M2_N1_L2_25Hz,202,wavelet_threshold,1.906,9FA92FAB41DB68925762DA4D77F4D09C15CD580CA5A7548E288426B515E83413,M2_N1_L2_25Hz_202_wavelet_threshold.npy,2.432812099614786,0.011272451911004885,,1,2.0,2.0,0.003364918136184378,0.003364918136184378
M2_N1_L2_25Hz,202,ssa_decomposition,1940.114,9185FA0FBC7B05F4DCC91918019602E99DC9EFC49CEB81CC39D4BF6A15037874,M2_N1_L2_25Hz_202_ssa_decomposition.npy,4.086895220174039,0.015681414207948167,,1,2.0,2.0,0.00783820316811012,0.00783820316811012
M2_N1_L2_25Hz,202,svd_lowrank,12.82,B127E3EF8667FE550BC7FC879A811026CB7F6ABA3F34E634DED3CF75646413EE,M2_N1_L2_25Hz_202_svd_lowrank.npy,0.8703449350182346,0.015361080526735668,,1,0.0,0.0,0.02472424093154576,0.02472424093154576
M2_N1_L2_25Hz,303,fk_filter,0.94,D6797FBA17DF81F4FDF9C7624CE9F96CC081409715ED2266BA87AE25DE3405BF,M2_N1_L2_25Hz_303_fk_filter.npy,0.8027573153612613,0.02119757272151589,,1,0.0,0.0,0.01819648336802094,0.01819648336802094
M2_N1_L2_25Hz,303,fx_deconv,2.205,BC63DE7B211E19AE5A5EAD01B85330F900ED1FF64119D5FBCEA13526D72B3F34,M2_N1_L2_25Hz_303_fx_deconv.npy,4.068577266579121,0.04076216575804865,,1,2.0,2.0,0.15245205299957165,0.15245205299957165
M2_N1_L2_25Hz,303,wavelet_threshold,1.329,32A9C582CE277B168A3AC73FAFA0CE69A13C058A1C28EB1549D97019877F49AC,M2_N1_L2_25Hz_303_wavelet_threshold.npy,2.492290917236261,0.01484535484920639,,1,0.0,0.0,0.0012792997297327137,0.0012792997297327137
M2_N1_L2_25Hz,303,ssa_decomposition,1618.189,951C9E3C0C4DF4C74A362169440A0E5E082CCE2FB3A1E0F31842C955B6CB50E3,M2_N1_L2_25Hz_303_ssa_decomposition.npy,3.726937099176661,0.01845312888722715,,1,0.0,0.0,0.021481648642182567,0.021481648642182567
M2_N1_L2_25Hz,303,svd_lowrank,6.399,E057A8E5ED114B1120E1A5C748203380A9353E86D1ECED4403ACDA559C6C3FAF,M2_N1_L2_25Hz_303_svd_lowrank.npy,0.8883035969365771,0.02047958649625661,,1,0.0,0.0,0.029924916243041014,0.029924916243041014
M2_N1_L2_25Hz,404,fk_filter,0.91,C8A32293BA7FA9DB9E9219E67B763986740DC85435D0EB424BA4AD0461312B26,M2_N1_L2_25Hz_404_fk_filter.npy,0.8000509407710243,0.051471701468017717,,1,0.0,0.0,0.052305943436608326,0.052305943436608326
M2_N1_L2_25Hz,404,fx_deconv,2.063,FBA2978430FE827F1A77F56ABD06A522C99C59324B65597D4A710C7211319BCC,M2_N1_L2_25Hz_404_fx_deconv.npy,3.651316421677137,0.06976842183473972,,1,0.0,0.0,0.13344451774980154,0.13344451774980154
M2_N1_L2_25Hz,404,wavelet_threshold,1.406,C4F5A80D540C36307B00BB190EC7834E74D1C147A68A54EEB6F42F80C86AEFC6,M2_N1_L2_25Hz_404_wavelet_threshold.npy,2.3834596077276373,0.03399965262620222,,1,4.0,4.0,0.020869313163187138,0.020869313163187138
M2_N1_L2_25Hz,404,ssa_decomposition,1597.929,0797351CB5E46D77295A82250953F9D9B3947CD0CB21F8497F371E11EA43997C,M2_N1_L2_25Hz_404_ssa_decomposition.npy,3.5982570624710224,0.03615990548629166,,1,0.0,0.0,0.014139171210808033,0.014139171210808033
M2_N1_L2_25Hz,404,svd_lowrank,10.578,40EDC616FB1264F4EB55D25CF6E43A8E8A6E26C605187E6B76F32C50ACE2E205,M2_N1_L2_25Hz_404_svd_lowrank.npy,0.87170085441306,0.04506225172659003,,1,0.0,0.0,0.06660774993474478,0.06660774993474478
M2_N1_L2_25Hz,505,fk_filter,1.434,8EBA31447BE74A7855D6F7D830452CF32708910EF6CCE3423CC7D6CE8C242C26,M2_N1_L2_25Hz_505_fk_filter.npy,0.8456813613208949,0.019596440930824438,,1,0.0,0.0,0.03120377756523751,0.03120377756523751
M2_N1_L2_25Hz,505,fx_deconv,4.65,5D66B112B79E838188752B4A33E614E8B3C9A7D8A48C276EA49B39C203ED10B1,M2_N1_L2_25Hz_505_fx_deconv.npy,3.878070134310155,0.04522250848855449,,1,0.0,0.0,0.12958212338018424,0.12958212338018424
M2_N1_L2_25Hz,505,wavelet_threshold,1.371,2958DD82A8D26A2041972379EAC6910F69315EC1B48A196BC69D28EC8280E826,M2_N1_L2_25Hz_505_wavelet_threshold.npy,2.4680858527848626,0.012158614019578632,,1,2.0,2.0,0.017489792608596667,0.017489792608596667
M2_N1_L2_25Hz,505,ssa_decomposition,1567.13,F1C4BA574B5415A3C1B9058C511015DEF19EB2571D1EECD354FFAF652B756EF9,M2_N1_L2_25Hz_505_ssa_decomposition.npy,3.2689637802455653,0.029004584312310955,,1,0.0,0.0,0.06368312271968621,0.06368312271968621
M2_N1_L2_25Hz,505,svd_lowrank,20.565,FD4A3DC93A5156BD31858B9847634040F8A5398B7747D484CCC69C8E0A370D3B,M2_N1_L2_25Hz_505_svd_lowrank.npy,0.842882377380235,0.016458278243615766,,1,0.0,0.0,0.04737292809268959,0.04737292809268959
M2_N1_L2_40Hz,101,fk_filter,0.933,46EED665CC1D7DF6C8D324776FEADACCA9973D92BFB3E96F351A8D8BE3779351,M2_N1_L2_40Hz_101_fk_filter.npy,0.9052679870947689,0.01117109265137223,,1,0.0,0.0,0.035871049400902605,0.035871049400902605
M2_N1_L2_40Hz,101,fx_deconv,1.887,A4EF16CCB90A6C2295538439A1D2C11B2789113DA84C2E79E2DB6BAF4EE05E71,M2_N1_L2_40Hz_101_fx_deconv.npy,3.2604839070469778,0.058934217369979246,,1,0.0,0.0,0.16311743516387106,0.16311743516387106
M2_N1_L2_40Hz,101,wavelet_threshold,1.081,2FD30CA2076D34636430A926CC24B36F7981054B16931D028BCDCB6B34C8CD8F,M2_N1_L2_40Hz_101_wavelet_threshold.npy,2.473752231902502,0.008003446479253329,,1,1.9999999999999964,1.9999999999999964,0.01284879398141648,0.01284879398141648
M2_N1_L2_40Hz,101,ssa_decomposition,1894.26,7F3C94938413D60A8C147A7D10FE3D034CF5814A3E128EEA0E0CDCE328D81E0A,M2_N1_L2_40Hz_101_ssa_decomposition.npy,1.8488608547160483,0.0485620393956845,,1,1.9999999999999964,1.9999999999999964,0.1319396513221143,0.1319396513221143
M2_N1_L2_40Hz,101,svd_lowrank,39.087,3BA3C31DAA62E20DEDE16DFB09B6FA6D93A1CDE705B0D27DEFC8FB4CF0168E42,M2_N1_L2_40Hz_101_svd_lowrank.npy,0.8930864872394073,0.010917833526344636,,1,0.0,0.0,0.04542443273281451,0.04542443273281451
M2_N1_L2_40Hz,202,fk_filter,1.069,9078CC0A351101A9C4972EDB2624A68DCEF2247BBBB4E2D935EB2A96E49F3309,M2_N1_L2_40Hz_202_fk_filter.npy,0.8604646072820428,0.01182535612008689,,2,0.0,0.0,0.011106845173617706,0.021771597286070882
M2_N1_L2_40Hz,202,fx_deconv,3.964,982B1C5E9A08756E7A5F536F838D2F67F01F4524C647E4821F81D69257A86247,M2_N1_L2_40Hz_202_fx_deconv.npy,3.659522440635074,0.0453605610524056,,2,0.0,0.0,0.16928956867651967,0.23322552425849247
M2_N1_L2_40Hz,202,wavelet_threshold,1.232,106FE59BCF60E1697D77E17209C972A7268FF3AF45D9DD6483A2436F39ECB8B2,M2_N1_L2_40Hz_202_wavelet_threshold.npy,2.4178925183148507,0.008905120105449124,,2,1.0000000000000018,2.0000000000000036,0.011619272363905461,0.01994789640858895
M2_N1_L2_40Hz,202,ssa_decomposition,273.488,ECD8E7C44ECDC023CA06F334BB7E9B21DC8C6B8D63D5A59CE48734146B1AF2E6,M2_N1_L2_40Hz_202_ssa_decomposition.npy,4.206143438493264,0.013400206443714036,,2,0.9999999999999982,1.9999999999999964,0.006917096405601895,0.009227126912244631
M2_N1_L2_40Hz,202,svd_lowrank,7.249,BF8D4DE972B10AAA1F83EF60F7D91C5334E112F8F310BE309DF10EF653216ADF,M2_N1_L2_40Hz_202_svd_lowrank.npy,0.8671737390445964,0.011291954329585394,,2,0.0,0.0,0.02082904406860691,0.03062122892490335
M2_N1_L2_40Hz,303,fk_filter,0.844,62574F88E563173A7D3CE6F4B6E917E4974C91139E15BA2F94FD394DF4D66A0F,M2_N1_L2_40Hz_303_fk_filter.npy,0.8506188506837713,0.014453089161913166,,1,1.9999999999999964,1.9999999999999964,0.02095625528625855,0.02095625528625855
M2_N1_L2_40Hz,303,fx_deconv,2.006,0B13E2E062F191CD17F9D1AC488D81B95D3A955D9BA242F447AAF051AE352D38,M2_N1_L2_40Hz_303_fx_deconv.npy,3.2910042768341707,0.05213476235779316,,1,0.0,0.0,0.18893686819016375,0.18893686819016375
M2_N1_L2_40Hz,303,wavelet_threshold,1.375,42223BAE8E572C9CD163A00955B04035E6710C644276A62341455B8A235B1742,M2_N1_L2_40Hz_303_wavelet_threshold.npy,2.4646217510744908,0.011113959849192187,,1,0.0,0.0,0.008579887494564174,0.008579887494564174
M2_N1_L2_40Hz,303,ssa_decomposition,1263.072,310F6F0144B3568326D9B899AE3574BCF866E17810E24E7EB5394E9F7C7E66E0,M2_N1_L2_40Hz_303_ssa_decomposition.npy,2.739537783630171,0.032627849343441956,,1,0.0,0.0,0.07285223441978986,0.07285223441978986
M2_N1_L2_40Hz,303,svd_lowrank,10.357,065CCAE4CF07C341AC0409F967F76C681DF5ADB49F53ACF1116B77BF4269B0A0,M2_N1_L2_40Hz_303_svd_lowrank.npy,0.822250987073283,0.014356520485885647,,1,0.0,0.0,0.030088112614312445,0.030088112614312445
M2_N1_L2_40Hz,404,fk_filter,0.882,C14F0DCA0A12AF4B306814515CC4247B162F01B7C20CCC18DC6DF02C2E068B27,M2_N1_L2_40Hz_404_fk_filter.npy,0.8806828849095121,0.03793046728919911,,1,0.0,0.0,0.050314653127516075,0.050314653127516075
M2_N1_L2_40Hz,404,fx_deconv,2.012,C5F8A81586943CFEDF664717CB9248565ADC97C47BB2667218792297D4557BE3,M2_N1_L2_40Hz_404_fx_deconv.npy,3.0842589779119844,0.0787859959040556,,1,0.0,0.0,0.16802229432341068,0.16802229432341068
M2_N1_L2_40Hz,404,wavelet_threshold,1.213,69F8EB51314054AC43884CB965773954EC5C9FDB2FFB5C117B06CA9A7BA0B78A,M2_N1_L2_40Hz_404_wavelet_threshold.npy,2.361901936374748,0.02829975232407912,,1,2.0,2.0,0.00630241791939629,0.00630241791939629
M2_N1_L2_40Hz,404,ssa_decomposition,1755.988,FCA1818A4F3DD625B725DFD0448252FA9A979BB3921E47C7F7C14392999782D0,M2_N1_L2_40Hz_404_ssa_decomposition.npy,2.7176213342550692,0.05868764153065947,,1,2.0,2.0,0.05483167760520382,0.05483167760520382
M2_N1_L2_40Hz,404,svd_lowrank,36.523,226D7F082DE4F34D9AE773071F44874B014413808531F635718D1E631ACDDDDC,M2_N1_L2_40Hz_404_svd_lowrank.npy,0.8285800703986261,0.036981785123342006,,1,0.0,0.0,0.06083191795264324,0.06083191795264324
M2_N1_L2_40Hz,505,fk_filter,1.512,DA2B3E66DB8BCB0456B0E227AB636C54EA74BC1C1787EE8816F45BA1B4389D53,M2_N1_L2_40Hz_505_fk_filter.npy,0.921336753218843,0.011709873083392549,,2,1.0000000000000018,2.0000000000000036,0.025302882597709523,0.03507858425369213
M2_N1_L2_40Hz,505,fx_deconv,1.979,A66AD9E953CAA35EE39C69E72B0B8E94D47ED41BE64CC8FE5CC0E3E71EE96C4B,M2_N1_L2_40Hz_505_fx_deconv.npy,3.1225458437304905,0.06020104102918938,,2,1.0000000000000018,2.0000000000000036,0.1756606883584112,0.22138773443524848
M2_N1_L2_40Hz,505,wavelet_threshold,2.562,798AE261C85B738708E05120EC4CDB8E4E4C95903752CF2EB58671577BD62A17,M2_N1_L2_40Hz_505_wavelet_threshold.npy,2.4505914516955247,0.009162050569578863,,2,1.0000000000000018,2.0000000000000036,0.003250487888912677,0.003359143737119285
M2_N1_L2_40Hz,505,ssa_decomposition,1734.669,970FCC942243AB3EAD8E963586A7186E1970DB9D80FBF998FE0E81A5816756A8,M2_N1_L2_40Hz_505_ssa_decomposition.npy,1.6527356002552267,0.06782981463314651,,2,1.9999999999999982,2.0,0.2168360383228714,0.2431444342897765
M2_N1_L2_40Hz,505,svd_lowrank,7.083,FDCEC7932BDC5CC337B77DF77E19AB06279542DADE913A0FDA590A36C1416CAD,M2_N1_L2_40Hz_505_svd_lowrank.npy,0.8544390232607029,0.012166389433790857,,2,0.0,0.0,0.03711253669493211,0.047257254489547186
M2_N1_L3_15Hz,101,fk_filter,0.868,196ACB5842C299FBD3E955671304F5A9514FA7AB6C139E6D4BB91B8888F6E5B9,M2_N1_L3_15Hz_101_fk_filter.npy,0.8199047915843513,0.08274152850080693,,1,1.999999999999993,1.999999999999993,0.07176953947818153,0.07176953947818153
M2_N1_L3_15Hz,101,fx_deconv,1.772,AA58C85DB647CEBD16E5A56EBE4DEE637EAE010B7EAAD987D1C696E10E9ADA07,M2_N1_L3_15Hz_101_fx_deconv.npy,6.2410768721383505,0.05589480812026785,,1,1.999999999999993,1.999999999999993,0.14842021973195726,0.14842021973195726
M2_N1_L3_15Hz,101,wavelet_threshold,1.201,E254A509EF4AB692A927406671D98B415784229888E4102C0BBE70D31CC53D9E,M2_N1_L3_15Hz_101_wavelet_threshold.npy,2.502408662143722,0.044498923565275274,,1,0.0,0.0,0.07013202544379939,0.07013202544379939
M2_N1_L3_15Hz,101,ssa_decomposition,1369.031,8CC1B0075F81E27259E2D0FDD2007ED17AD4D3DCA402DC412ECFBA6790BEB819,M2_N1_L3_15Hz_101_ssa_decomposition.npy,3.721760283531169,0.047485315151649395,,1,3.999999999999993,3.999999999999993,0.027306485840488812,0.027306485840488812
M2_N1_L3_15Hz,101,svd_lowrank,37.37,DCDEC58C458401EA38BA6D94505EDA502AA7EC95661302604CFD7960C2D11A1D,M2_N1_L3_15Hz_101_svd_lowrank.npy,0.45278525512086226,0.07068757288511143,,1,1.999999999999993,1.999999999999993,0.1228760494366766,0.1228760494366766
M2_N1_L3_15Hz,202,fk_filter,0.823,F217DD6584E4059DA29BFE267C8B8269D62E71061FD6017EA4399219DB66AB5D,M2_N1_L3_15Hz_202_fk_filter.npy,0.6269811423608169,0.08727013963008362,,1,2.0,2.0,0.0013320061398252746,0.0013320061398252746
M2_N1_L3_15Hz,202,fx_deconv,2.483,AB80D1A59C002248D5D58FE44FE09579072E1899F384AD4B9B8424489C313769,M2_N1_L3_15Hz_202_fx_deconv.npy,6.076278200652294,0.054102062372906316,,1,0.0,0.0,0.17672052276612885,0.17672052276612885
M2_N1_L3_15Hz,202,wavelet_threshold,2.294,1D8D69692E42885A04EC38A47C9B5A037A0532FD85E2578EEBE266AC057CFFFD,M2_N1_L3_15Hz_202_wavelet_threshold.npy,2.4576296029822626,0.042257111956808036,,1,0.0,0.0,0.049625096618225964,0.049625096618225964
M2_N1_L3_15Hz,202,ssa_decomposition,315.724,048001B396768913E25D1F8C76A4ED3E01BE147F6B6BCD679C2B3705B9801E55,M2_N1_L3_15Hz_202_ssa_decomposition.npy,3.863994427968119,0.05079516265993037,,1,2.0,2.0,0.04062178324102852,0.04062178324102852
M2_N1_L3_15Hz,202,svd_lowrank,9.528,3319E8659074BD88133143C3245ECAC4BE0EEFAE79D0C5D03681DC3738666503,M2_N1_L3_15Hz_202_svd_lowrank.npy,0.422569009682304,0.06577745083414627,,1,0.0,0.0,0.0979223656250493,0.0979223656250493
M2_N1_L3_15Hz,303,fk_filter,0.826,164D77767AE707C1C8CAEF7E7E2D98EE454B4CCC6D9BF1E3F83796ABE5F61E24,M2_N1_L3_15Hz_303_fk_filter.npy,0.8084280431398978,0.08679524011444212,,1,2.0,2.0,0.10029366614363722,0.10029366614363722
M2_N1_L3_15Hz,303,fx_deconv,1.776,F49D3DCDD605FD2F804609BE1F9BCB426373F47E22C1E00DB68F22D9AA341F1E,M2_N1_L3_15Hz_303_fx_deconv.npy,6.104655672249817,0.06144603723537174,,1,1.999999999999993,1.999999999999993,0.18308161361895675,0.18308161361895675
M2_N1_L3_15Hz,303,wavelet_threshold,1.106,52E6983787ABAC3B7A2BED018C58FC2E11A4803688719CCA1A708882C62F226F,M2_N1_L3_15Hz_303_wavelet_threshold.npy,2.5553598944373754,0.056152508557187134,,1,0.0,0.0,0.07186283890216362,0.07186283890216362
M2_N1_L3_15Hz,303,ssa_decomposition,1103.753,35C26DBBBBECD1CE1D00CB2FA7D48D3718720B38B5BED10876CDF2C855A10F87,M2_N1_L3_15Hz_303_ssa_decomposition.npy,3.7176539434649722,0.05743534342509854,,1,0.0,0.0,0.03074720789393579,0.03074720789393579
M2_N1_L3_15Hz,303,svd_lowrank,21.492,584E7F71B518FC5ADAA23BFA21DA9640916ED84A126C50868D394B1091833BDB,M2_N1_L3_15Hz_303_svd_lowrank.npy,0.41106856406247794,0.0899019917855137,,1,2.0,2.0,0.14307552595375617,0.14307552595375617
M2_N1_L3_15Hz,404,fk_filter,0.839,F59FE06956AE7647695C9020DF32484C45B77D64571EBFE9CB296F3F4C1B203E,M2_N1_L3_15Hz_404_fk_filter.npy,0.7384048828673704,0.18904723176780164,,1,1.9999999999999716,1.9999999999999716,0.13752638380941581,0.13752638380941581
M2_N1_L3_15Hz,404,fx_deconv,4.908,61A272C2E52816E4E058EC04E0D1BFF61B2EBDBEAB0F09B10C8E2C4F21C5F96C,M2_N1_L3_15Hz_404_fx_deconv.npy,5.792067659801547,0.10797817639624248,,1,0.0,0.0,0.1628496879716764,0.1628496879716764
M2_N1_L3_15Hz,404,wavelet_threshold,1.344,A98E44AE6C17375D25D97340BF273DAFC3DEAAE5510A4551F6288F1789AB4A17,M2_N1_L3_15Hz_404_wavelet_threshold.npy,2.4405572445877572,0.11345594042833276,,1,1.9999999999999716,1.9999999999999716,0.11549148492832342,0.11549148492832342
M2_N1_L3_15Hz,404,ssa_decomposition,1789.729,AF166FE19776A548601681609BE134DEBAAE19CB43B8927258F46294CE40F04A,M2_N1_L3_15Hz_404_ssa_decomposition.npy,3.675467908914752,0.11522445542878461,,1,1.9999999999999716,1.9999999999999716,0.07910894017427225,0.07910894017427225
M2_N1_L3_15Hz,404,svd_lowrank,21.047,FABE567D9E2646E9991CC2BB786AF04595E823F100E6FC8DCF1E48684F86F142,M2_N1_L3_15Hz_404_svd_lowrank.npy,0.42219509133963334,0.1756018040174743,,1,1.9999999999999716,1.9999999999999716,0.21436814496960108,0.21436814496960108
M2_N1_L3_15Hz,505,fk_filter,0.916,74B73116AC87CA0F10407AA0307DF2B028266633F1AD64B8270BEEBD6AA17BDD,M2_N1_L3_15Hz_505_fk_filter.npy,0.8425579170502898,0.08306084366222409,,1,4.0,4.0,0.08589435013268497,0.08589435013268497
M2_N1_L3_15Hz,505,fx_deconv,5.049,B52A7C5D9F9A91EE36DBBE9BD88A023576071381810A2123ED64D29CEEBD4543,M2_N1_L3_15Hz_505_fx_deconv.npy,5.952653487682189,0.06241078889619352,,1,4.0,4.0,0.16374344191332937,0.16374344191332937
M2_N1_L3_15Hz,505,wavelet_threshold,1.2,F2FFE64FE2DAAD9DBB4E0C14832F7BF800A38F79B9161E5B19B5E3B08FFD21AA,M2_N1_L3_15Hz_505_wavelet_threshold.npy,2.4974785442777376,0.04932714382470801,,1,2.0,2.0,0.07197570924240619,0.07197570924240619
M2_N1_L3_15Hz,505,ssa_decomposition,879.603,16EA8F346DE6FC7C46B4DF1A6439DDFD12FE17ACAC9A917FEA9A4E259AF32EE7,M2_N1_L3_15Hz_505_ssa_decomposition.npy,3.789130499905797,0.04664559645227055,,1,4.0,4.0,0.012192825772383424,0.012192825772383424
M2_N1_L3_15Hz,505,svd_lowrank,20.107,EB921BC98D445352FE0E81E7D62B8DA7F80D23E9BB6D8C3877FCC32EB8FCFD17,M2_N1_L3_15Hz_505_svd_lowrank.npy,0.44363799529382636,0.07722758369322838,,1,2.0,2.0,0.1465806087094227,0.1465806087094227
M2_N1_L3_25Hz,101,fk_filter,1.686,6B1761EEB0731FCD1D148C6B0B654ACC8374CE753166839930E85F4AD7394743,M2_N1_L3_25Hz_101_fk_filter.npy,0.9250752052466487,0.04426919510315571,,1,1.9999999999999964,1.9999999999999964,0.07895469056457724,0.07895469056457724
M2_N1_L3_25Hz,101,fx_deconv,1.891,EE08D9ED2089EB2331F4629C5084374A9862ECB68E3976FBF465285DE3324186,M2_N1_L3_25Hz_101_fx_deconv.npy,5.611857270466127,0.06847223802441886,,1,0.0,0.0,0.2102380861888208,0.2102380861888208
M2_N1_L3_25Hz,101,wavelet_threshold,2.33,6BD0363543F1F7C11AA84CAC470C44A8E233112170618F98CCDD884C560706D0,M2_N1_L3_25Hz_101_wavelet_threshold.npy,2.4939100720435095,0.0282705306675064,,1,2.0,2.0,0.044962240782969495,0.044962240782969495
M2_N1_L3_25Hz,101,ssa_decomposition,1695.146,32E7BD01024BF1057D41966A48F7791F78140FD582B81FE6ED416E0CEB5015E5,M2_N1_L3_25Hz_101_ssa_decomposition.npy,3.5083039484237153,0.04087860456113932,,1,0.0,0.0,0.02898858216066893,0.02898858216066893
M2_N1_L3_25Hz,101,svd_lowrank,8.034,5714F5DFC77DE9A41A6282858FDE7A8143F1832C732A4BE7BB2E62B31E89D5DC,M2_N1_L3_25Hz_101_svd_lowrank.npy,0.42051853475567036,0.04334636760786498,,1,1.9999999999999964,1.9999999999999964,0.10394113822823699,0.10394113822823699
M2_N1_L3_25Hz,202,fk_filter,1.062,549F303A0AC9DD9A4168F11E3C5EEE3AC733AF091B2E72DB2A34738C1635A964,M2_N1_L3_25Hz_202_fk_filter.npy,0.855035822612182,0.04425245498515829,,1,0.0,0.0,0.043359226520534325,0.043359226520534325
M2_N1_L3_25Hz,202,fx_deconv,1.908,18DC8BF34862F589401FED3E22E778B409EEA6548D166FAA2E86F1BD11265E9C,M2_N1_L3_25Hz_202_fx_deconv.npy,5.62847685956862,0.06253549630404076,,1,0.0,0.0,0.22974259006268827,0.22974259006268827
M2_N1_L3_25Hz,202,wavelet_threshold,1.213,3CF53F141607BDED4A631FC7FC3622D813C2C884B5615F459CCFAE2435868707,M2_N1_L3_25Hz_202_wavelet_threshold.npy,2.4489516955224566,0.02995449415891422,,1,2.0,2.0,0.029082696457437163,0.029082696457437163
M2_N1_L3_25Hz,202,ssa_decomposition,1844.974,C8166D92927998C92066B866614D6A4568675FEEBC7F0B1849404F2C51AE49FA,M2_N1_L3_25Hz_202_ssa_decomposition.npy,3.8455157983790555,0.042385875818006916,,1,2.0,2.0,0.016182339694147996,0.016182339694147996
M2_N1_L3_25Hz,202,svd_lowrank,19.302,DE6730803878335B79541C527AA25AF6EC953BF51C75BE882005528388D01AB6,M2_N1_L3_25Hz_202_svd_lowrank.npy,0.4270338415453597,0.04548079840061684,,1,0.0,0.0,0.07965238650657396,0.07965238650657396
M2_N1_L3_25Hz,303,fk_filter,1.468,BF1C5F1CF50CA65864D766613633D3EE020ED1D8C8B3F840919E17999FF81883,M2_N1_L3_25Hz_303_fk_filter.npy,0.8701898381720056,0.05285201625954196,,1,0.0,0.0,0.07303376463739927,0.07303376463739927
M2_N1_L3_25Hz,303,fx_deconv,4.74,C8FCCA052174AD72D6BD3EEA5C078C4E01EE2AA6F15FA3160793497FB3E036D2,M2_N1_L3_25Hz_303_fx_deconv.npy,5.552867067900309,0.0680359116387811,,1,2.0,2.0,0.24166889122658375,0.24166889122658375
M2_N1_L3_25Hz,303,wavelet_threshold,1.107,EB3158CDDBB4989DDFB592F5683BDC0B65C62644169701DF3216EF2B92CC034F,M2_N1_L3_25Hz_303_wavelet_threshold.npy,2.521859399137371,0.03989948965606295,,1,0.0,0.0,0.026966690306312456,0.026966690306312456
M2_N1_L3_25Hz,303,ssa_decomposition,1117.383,8651E009104564461B4ABB85AC691ABA73C6222432BDE8C0BDAAD458A060D6B6,M2_N1_L3_25Hz_303_ssa_decomposition.npy,3.639740359093951,0.04568174833249856,,1,0.0,0.0,0.019767296632752254,0.019767296632752254
M2_N1_L3_25Hz,303,svd_lowrank,63.045,690E7EE8F0DFACF35F86CFC4F2DF52D1A9E3FDD22CFD3D34F5DDF38E0FF9BA9C,M2_N1_L3_25Hz_303_svd_lowrank.npy,0.41196827697523497,0.05915808349639246,,1,0.0,0.0,0.09694206279280246,0.09694206279280246
M2_N1_L3_25Hz,404,fk_filter,1.55,F6622BC0EF7D9E60EF5B867EAF8D634B84F2906EDE69EAD6D864F932A6F03CA1,M2_N1_L3_25Hz_404_fk_filter.npy,0.912438935113315,0.12765876655532585,,1,0.0,0.0,0.16522904049724413,0.16522904049724413
M2_N1_L3_25Hz,404,fx_deconv,2.205,03A1DAD68DF91D48B0D93C46A6489C67D87279C747799684B8D7BCA50D798E71,M2_N1_L3_25Hz_404_fx_deconv.npy,5.387425356453938,0.1065911425122964,,1,4.0,4.0,0.19790098090590622,0.19790098090590622
M2_N1_L3_25Hz,404,wavelet_threshold,2.064,FF8467D194E987D58BB0BB3FD39B4B153377FDB5F798D438317AD7EFEA3302D4,M2_N1_L3_25Hz_404_wavelet_threshold.npy,2.4179493744648806,0.0911966377935017,,1,4.0,4.0,0.08787919490881259,0.08787919490881259
M2_N1_L3_25Hz,404,ssa_decomposition,1952.192,F51126B3CF7F67E697F97CF174E22889FE8E47E0FE6B56F874A3371727DB7CF8,M2_N1_L3_25Hz_404_ssa_decomposition.npy,3.65456890146757,0.09171404477436652,,1,2.0,2.0,0.056188049351029,0.056188049351029
M2_N1_L3_25Hz,404,svd_lowrank,8.306,E8B332BAD4D5ECD5470AE711524BDED41F4BDDCBA660C90AD3E7136BFE7FA2BC,M2_N1_L3_25Hz_404_svd_lowrank.npy,0.41978492528530376,0.13543121564513597,,1,2.0,2.0,0.20139328483074362,0.20139328483074362
M2_N1_L3_25Hz,505,fk_filter,0.864,AE5A04DD9C29EC4D0FBC63720CD9E48434765958AE63707439BBEE36B6B319A5,M2_N1_L3_25Hz_505_fk_filter.npy,0.9411181300961691,0.04620221607537025,,1,0.0,0.0,0.10548264447542118,0.10548264447542118
M2_N1_L3_25Hz,505,fx_deconv,4.784,145C54DB1D81626AA72975F1E07B50F91DA683F8CC3A234790AFE240E5D566EC,M2_N1_L3_25Hz_505_fx_deconv.npy,5.375040356405151,0.07396779167282669,,1,0.0,0.0,0.20475292913212856,0.20475292913212856
M2_N1_L3_25Hz,505,wavelet_threshold,1.189,82B6CAAD08A143655172C166FE2010413727B280B85527302EF41BE56D3E0651,M2_N1_L3_25Hz_505_wavelet_threshold.npy,2.4869568966287208,0.03207307389428598,,1,2.0,2.0,0.06384027809340809,0.06384027809340809
M2_N1_L3_25Hz,505,ssa_decomposition,261.876,949A6F15B4CCCD0EA61D872D25056449CE69B2A940EA5F63D08EA2000C2DB3C1,M2_N1_L3_25Hz_505_ssa_decomposition.npy,3.600718927884705,0.04652396963430139,,1,0.0,0.0,0.05000376124262849,0.05000376124262849
M2_N1_L3_25Hz,505,svd_lowrank,11.764,15FD5703EE3B994F77BFB15CC76D1087756A3FE0C39C13D74835888DC5CCADC9,M2_N1_L3_25Hz_505_svd_lowrank.npy,0.4361195766848527,0.04729066479808056,,1,0.0,0.0,0.13681977027816253,0.13681977027816253
M2_N1_L3_40Hz,101,fk_filter,0.811,E882431194DF80E08A8392E8E10575593F7D70D151A4DDCFFDE67D6CBAA5C685,M2_N1_L3_40Hz_101_fk_filter.npy,0.9615872441516197,0.027218135452675964,,1,0.0,0.0,0.09160330239264403,0.09160330239264403
M2_N1_L3_40Hz,101,fx_deconv,1.769,D0DE5D9E6E37B2A8D8193825DC5927C785CF8F6278448EB02CD6E9104F54D72D,M2_N1_L3_40Hz_101_fx_deconv.npy,4.927006582044492,0.09398790885684438,,1,0.0,0.0,0.2643360071319013,0.2643360071319013
M2_N1_L3_40Hz,101,wavelet_threshold,1.052,31D80B8C921A36BE49FA40036CB7B83C198D57890F9057D53DA2D5BA48EDA18E,M2_N1_L3_40Hz_101_wavelet_threshold.npy,2.490247537249912,0.020961351785404158,,1,1.9999999999999964,1.9999999999999964,0.04256191640884505,0.04256191640884505
M2_N1_L3_40Hz,101,ssa_decomposition,1890.38,CDA3D0EA9A4B1B7B0ADEFA54B4B75BDC77D89726B2C9EDC343A49FE5379086CD,M2_N1_L3_40Hz_101_ssa_decomposition.npy,2.813322610347777,0.0631640857018417,,1,1.9999999999999964,1.9999999999999964,0.13385006066191754,0.13385006066191754
M2_N1_L3_40Hz,101,svd_lowrank,41.922,7D1155D8E86EE74594AE8813FB298DAE3663FD5D8616B92B00A315F740502704,M2_N1_L3_40Hz_101_svd_lowrank.npy,0.42815375826196256,0.030389289460196593,,1,0.0,0.0,0.10839509536053421,0.10839509536053421
M2_N1_L3_40Hz,202,fk_filter,0.953,594D6323E4EB3D0A3AE143A3F793D6EFBBB6C6AA2F2EBFCFB1CDBFB95BBA4199,M2_N1_L3_40Hz_202_fk_filter.npy,0.9174424748950883,0.029027437115443904,,2,0.0,0.0,0.048962700726050176,0.06420016885571828
M2_N1_L3_40Hz,202,fx_deconv,1.856,55D99AB9AC2E9FDEC62CEB6EA2BABFD7F4CEF6B4B0D3862023290045C4BC6703,M2_N1_L3_40Hz_202_fx_deconv.npy,5.173382286441942,0.07760801753858122,,2,0.0,0.0,0.29047179941982654,0.3581384431416119
M2_N1_L3_40Hz,202,wavelet_threshold,2.183,C20B3B6173AA294E20FEAE36B82625C05AB91CA74BC7D6B66BABD27EF503D7C1,M2_N1_L3_40Hz_202_wavelet_threshold.npy,2.4365640737478875,0.022920834593909773,,2,1.0000000000000018,2.0000000000000036,0.018029345413323454,0.02542707642798627
M2_N1_L3_40Hz,202,ssa_decomposition,1948.597,2CB547E82141E9C68E17514C7F80C90B438A2239026DDC1D176532F5CB61AE3A,M2_N1_L3_40Hz_202_ssa_decomposition.npy,3.8997935892795725,0.03706465733464019,,2,1.9999999999999982,2.0,0.01655732847173054,0.02759586564218082
M2_N1_L3_40Hz,202,svd_lowrank,37.669,3A5E882A80916C0B00FC86BD5043EA8768EF49E592275B64DD341639084B2649,M2_N1_L3_40Hz_202_svd_lowrank.npy,0.4246035025824448,0.032818892794287464,,2,0.0,0.0,0.0681315121891283,0.08172406964520545
M2_N1_L3_40Hz,303,fk_filter,1.423,1F6E8D48FCD76C17096BCB96147EFD82409A82345F4E9E28B46ABE49E0CF9FE8,M2_N1_L3_40Hz_303_fk_filter.npy,0.8876284994147923,0.037063021531831095,,1,1.9999999999999964,1.9999999999999964,0.06850504598682987,0.06850504598682987
M2_N1_L3_40Hz,303,fx_deconv,2.102,8A3F477876E4D9F061A5B474482B3DB07C608B7440B42C9A863A0A8C704D8FD3,M2_N1_L3_40Hz_303_fx_deconv.npy,4.926025100437669,0.08819794713943152,,1,0.0,0.0,0.29554625050483957,0.29554625050483957
M2_N1_L3_40Hz,303,wavelet_threshold,1.762,5CD4C8721FAE93A9C3D55B1ACB3D025E8481635F25027F9E35AB8C00F6B3725B,M2_N1_L3_40Hz_303_wavelet_threshold.npy,2.5044457915216887,0.029090578131808775,,1,1.9999999999999964,1.9999999999999964,0.010491911067638748,0.010491911067638748
M2_N1_L3_40Hz,303,ssa_decomposition,625.811,2BC6DF42D52092EC9615FEBAE61A6995B5C5D4CFCF8C494D800419471E773E27,M2_N1_L3_40Hz_303_ssa_decomposition.npy,3.287558035502702,0.0550084965012769,,1,0.0,0.0,0.07743569042991189,0.07743569042991189
M2_N1_L3_40Hz,303,svd_lowrank,7.595,C03A452E876C5F04700D27D08070C7A25657B885683616EE92BD846C286E823B,M2_N1_L3_40Hz_303_svd_lowrank.npy,0.41137203979609416,0.04080945058890381,,1,1.9999999999999964,1.9999999999999964,0.08841811864892452,0.08841811864892452
M2_N1_L3_40Hz,404,fk_filter,0.91,3C20DB4177400CFA568C6D449DFDD807E63FF13D3524B7C2F4DCF35DD7383C1C,M2_N1_L3_40Hz_404_fk_filter.npy,0.942053335962811,0.09847504228952668,,1,0.0,0.0,0.15326106636902767,0.15326106636902767
M2_N1_L3_40Hz,404,fx_deconv,2.2,4292E2EBD46DF3F9200A4ED05E1CB1A53664411E2ABAA101785F1BFB1C205A84,M2_N1_L3_40Hz_404_fx_deconv.npy,4.9131779375466245,0.12249790304430527,,1,2.0,2.0,0.24742172306552082,0.24742172306552082
M2_N1_L3_40Hz,404,wavelet_threshold,2.264,39E6D512A64D330D2E890F940097DB306D482C4F392423EED9D1F588BF029AE3,M2_N1_L3_40Hz_404_wavelet_threshold.npy,2.3968548287948055,0.07531957619619781,,1,2.0,2.0,0.061913216112236436,0.061913216112236436
M2_N1_L3_40Hz,404,ssa_decomposition,1882.671,AB8967133C7D95836694889E8AF780A62E13626A77A328A9CE915F0492FE1055,M2_N1_L3_40Hz_404_ssa_decomposition.npy,3.223601983507428,0.1069372595844982,,1,0.0,0.0,0.009751777778235859,0.009751777778235859
M2_N1_L3_40Hz,404,svd_lowrank,34.47,12108AA3A6DE4A76A4864940DDCD9CCF2DF8BFE54D7973C598BD45E3F62EF851,M2_N1_L3_40Hz_404_svd_lowrank.npy,0.4187864427974971,0.10810001136829381,,1,0.0,0.0,0.18374724140985962,0.18374724140985962
M2_N1_L3_40Hz,505,fk_filter,0.854,136AB55DA2AAD38491F6A83E5AD9217F177C343470798F1FD3771481E662CF0C,M2_N1_L3_40Hz_505_fk_filter.npy,0.9688061852872666,0.02931350320641453,,2,1.0000000000000018,2.0000000000000036,0.08165204486977036,0.10637113714599826
M2_N1_L3_40Hz,505,fx_deconv,4.705,8B1B134BB9B5BB547BC5124377CB14F565C0356B70AA97A623CDC1EC69CBF05D,M2_N1_L3_40Hz_505_fx_deconv.npy,4.790365048314623,0.09803522833309897,,2,1.0000000000000018,2.0000000000000036,0.2754599935871139,0.32295070143029747
M2_N1_L3_40Hz,505,wavelet_threshold,2.257,335D99FF47E3255EFD4FF6B0EAFB0824EC10E9403CF416D9830495ABE93DEAE3,M2_N1_L3_40Hz_505_wavelet_threshold.npy,2.4754942040229064,0.023819596035675523,,2,3.0000000000000018,4.0,0.028051260035224544,0.04107382006603379
M2_N1_L3_40Hz,505,ssa_decomposition,1916.438,AFA0A660CF1CC70A77F8F351997392198A37D68B685C9980C9E72273F5CBB7B5,M2_N1_L3_40Hz_505_ssa_decomposition.npy,2.8517189017160343,0.08103609762292334,,2,1.0000000000000018,2.0000000000000036,0.20089657672049965,0.2302126025134806
M2_N1_L3_40Hz,505,svd_lowrank,18.091,508D8D5BD17D660AA947DC0B84C7EED08DBB70D082AC7305AC4DE8D93260B5F8,M2_N1_L3_40Hz_505_svd_lowrank.npy,0.4344316977424027,0.033590196136025874,,2,1.0000000000000018,2.0000000000000036,0.10568640129009618,0.13366884076594016
M2_N2_L1_15Hz,101,fk_filter,0.906,F048E223A472B61BB37959E9C7BC151CD8BE8596CFBD28150A5C67CC3AB894D9,M2_N2_L1_15Hz_101_fk_filter.npy,-0.3697361164800874,0.02162311482647822,4.065450467527637,1,2.000000000000007,2.000000000000007,0.03876257465060783,0.03876257465060783
M2_N2_L1_15Hz,101,fx_deconv,3.051,17CAD08316803CDB7974D9D4117CA91FB40AEC77B1BAA187E19E334B6F72982D,M2_N2_L1_15Hz_101_fx_deconv.npy,-1.6743402203731694,0.0198546583694743,0.22323801570892748,1,1.999999999999993,1.999999999999993,0.03577572897990808,0.03577572897990808
M2_N2_L1_15Hz,101,wavelet_threshold,1.128,33F2B6A5AFB1E841512BF6700E81EE6DDA1E841CC9CA977B230BE9EB03BFAE20,M2_N2_L1_15Hz_101_wavelet_threshold.npy,0.0,2.3884875048628664e-31,-4.3394735994897936e-15,1,0.0,0.0,6.33698205462931e-16,6.33698205462931e-16
M2_N2_L1_15Hz,101,ssa_decomposition,1033.32,639205EFE4589BAC2DA42056F61BF3ABFFF7FF76536B716C2BF7A16040D7EF4A,M2_N2_L1_15Hz_101_ssa_decomposition.npy,2.489967551984236,0.0011327027046054768,4.389182720172105,1,0.0,0.0,0.005770727173252992,0.005770727173252992
M2_N2_L1_15Hz,101,svd_lowrank,7.147,ED0D677025174858F74D3FE00789CB2361A84DBFCE818AC29DB09BA6F8FEA838,M2_N2_L1_15Hz_101_svd_lowrank.npy,5.772110118592208,0.0001887479388474939,11.660435838131649,1,0.0,0.0,0.00024052555687813015,0.00024052555687813015
M2_N2_L1_15Hz,202,fk_filter,1.615,FFF61BC4DDBC270688F4CD1B6D33734441D641070DE6C709AC14EF79FA6CDC78,M2_N2_L1_15Hz_202_fk_filter.npy,-2.591385181833406,0.03176547895776672,4.23135208659472,1,6.0,6.0,0.0872433412776154,0.0872433412776154
M2_N2_L1_15Hz,202,fx_deconv,3.088,D88783E75E6CC9243743482C9412370574F46B05E4B4BAE2FE6F365F18CEE0D1,M2_N2_L1_15Hz_202_fx_deconv.npy,-2.0164821371460455,0.015184231318671056,0.24419398867147865,1,0.0,0.0,0.034201789788330175,0.034201789788330175
M2_N2_L1_15Hz,202,wavelet_threshold,1.158,FE958EEDF9664D27C546EF98760D018BA294F31D89D2B8C25BD5F03847A7A487,M2_N2_L1_15Hz_202_wavelet_threshold.npy,-1.7763568394002505e-15,2.17320746162266e-31,-2.8929823996598624e-15,1,0.0,0.0,5.344424882900393e-16,5.344424882900393e-16
M2_N2_L1_15Hz,202,ssa_decomposition,2070.021,D72FFB2E3F93BF6B0E256B677DC5EFE038474CCAC9F038E8D09D87BDF58D0556,M2_N2_L1_15Hz_202_ssa_decomposition.npy,1.7664912779224764,0.0002848081462131909,2.660451384580687,1,0.0,0.0,0.0006254876248404094,0.0006254876248404094
M2_N2_L1_15Hz,202,svd_lowrank,9.134,B8001F39297AF4F8407B75C5295DB00DA3491D3344F60E0F270BC2F004119469,M2_N2_L1_15Hz_202_svd_lowrank.npy,13.4713012499899,0.0004601510848501507,29.261526632025507,1,0.0,0.0,0.0005498488673363252,0.0005498488673363252
M2_N2_L1_15Hz,303,fk_filter,1.2,6240DC5C91BC7A23B6CBF189CC0BDFF4F9584892BEAFF8484239DDCC4537058A,M2_N2_L1_15Hz_303_fk_filter.npy,-1.3461515406809035,0.010387313120556463,4.0189128167621115,1,1.999999999999993,1.999999999999993,0.02368518471245001,0.02368518471245001
M2_N2_L1_15Hz,303,fx_deconv,2.084,3012194846526B961D03A9D6F9D06BD1F7163E68ACBF7E4D61284B208BBE5F15,M2_N2_L1_15Hz_303_fx_deconv.npy,-3.5864472738920234,0.019612684239738623,0.37563846085722,1,0.0,0.0,0.039120530158517665,0.039120530158517665
M2_N2_L1_15Hz,303,wavelet_threshold,4.883,58C653E31F7FEF054262B931487BDC466D32FDAA7EA35408532EB4EF3CDDA776,M2_N2_L1_15Hz_303_wavelet_threshold.npy,2.911457173127019e-07,1.4851511702503174e-16,2.9114584595275047e-07,1,0.0,0.0,1.6774663581278207e-09,1.6774663581278207e-09
M2_N2_L1_15Hz,303,ssa_decomposition,1427.786,A8DA69DD51DAC51E3335071B56A061DBC1064319E98085B30EF77BE3B61CE0A9,M2_N2_L1_15Hz_303_ssa_decomposition.npy,2.6964550329938817,0.0006042302908127367,5.233089303146152,1,0.0,0.0,0.004013331023097952,0.004013331023097952
M2_N2_L1_15Hz,303,svd_lowrank,11.336,FE67F20E116D3F1BB58BB31170055DC22E6D7B249F2A92C68A1867F578535488,M2_N2_L1_15Hz_303_svd_lowrank.npy,0.04500805111683448,0.008806010309247731,39.40232576857554,1,0.0,0.0,0.010773346325197419,0.010773346325197419
M2_N2_L1_15Hz,404,fk_filter,1.6,36DD5504F17F1F99AC6E1C72D1FD44E2D43B00AAC0EB049D7DBCF6FEDEBBD458,M2_N2_L1_15Hz_404_fk_filter.npy,-6.065333125846935,0.03457348055350948,4.289848166054085,1,1.9999999999999716,1.9999999999999716,0.05350199000533401,0.05350199000533401
M2_N2_L1_15Hz,404,fx_deconv,4.671,3FB1134F54501DBA229C787B35DB52CCE30DB5F94AF312D4DC155ED3A2D1F671,M2_N2_L1_15Hz_404_fx_deconv.npy,-6.589060043385903,0.04340150167342536,0.8227592026315003,1,0.0,0.0,0.04849521490910644,0.04849521490910644
M2_N2_L1_15Hz,404,wavelet_threshold,2.575,0F3D202ABFED1F6CE5373A5B45AF79D819591963F0A7954DDE3FF1272218971D,M2_N2_L1_15Hz_404_wavelet_threshold.npy,0.0,0.00021082283060519405,0.0,1,0.0,0.0,0.00048181705766385806,0.00048181705766385806
M2_N2_L1_15Hz,404,ssa_decomposition,1527.819,9C1FC215DADE0A2E42DE43975CAE401B50EC9A7B74A3E8186C74EEADBF46C93D,M2_N2_L1_15Hz_404_ssa_decomposition.npy,2.1276738435601033,0.0014664134109453734,5.420600220539702,1,0.0,0.0,0.0021636255976743924,0.0021636255976743924
M2_N2_L1_15Hz,404,svd_lowrank,9.191,180D8FD0176A1DEA95BF17DC5B75684E9B5076FD4DFB18B5E304C9A8B3E1C60D,M2_N2_L1_15Hz_404_svd_lowrank.npy,-1.3398029191737564,0.016103912562455268,42.44584754298507,1,0.0,0.0,0.01790203458192242,0.01790203458192242
M2_N2_L1_15Hz,505,fk_filter,1.178,108D2A45F121CC12D74D1612E288D64D40B97990FEDD4E2FAE6130FC4C2FBE91,M2_N2_L1_15Hz_505_fk_filter.npy,0.08863217880646523,0.018995463931094345,3.992462237858745,1,4.0,4.0,0.025411113768399652,0.025411113768399652
M2_N2_L1_15Hz,505,fx_deconv,2.107,5DE69C13BF9F579B50D48AB7CBC51261CB64E5EFD711A7EDDDD7507326C5C15B,M2_N2_L1_15Hz_505_fx_deconv.npy,-1.510262394907416,0.030219125844219912,0.1805351949254454,1,2.0,2.0,0.01771466129377775,0.01771466129377775
M2_N2_L1_15Hz,505,wavelet_threshold,1.064,B588E7FD48FB5AFF49478F06771D48F8F6D72669131CA898113B7D7A0E095133,M2_N2_L1_15Hz_505_wavelet_threshold.npy,-1.7763568394002505e-15,0.009892172853303627,-5.303801066043082e-15,1,0.0,0.0,0.018231215703207824,0.018231215703207824
M2_N2_L1_15Hz,505,ssa_decomposition,2097.547,923360CD5AFF8AD23FCCB97AD215BA35E891EFA5B6597AEB38F89D336955303F,M2_N2_L1_15Hz_505_ssa_decomposition.npy,2.683295521901151,0.006376546955081386,4.741869375318087,1,2.0,2.0,0.009561747925519642,0.009561747925519642
M2_N2_L1_15Hz,505,svd_lowrank,20.672,B0888BD2134EFFE49C11F71049C0977FC6D166657EFE7B28268B0AF43C5A6079,M2_N2_L1_15Hz_505_svd_lowrank.npy,4.373671723644584,0.006823647665264869,8.880027280170712,1,0.0,0.0,0.010570460006793703,0.010570460006793703
M2_N2_L1_25Hz,101,fk_filter,0.803,12FDD39AF1479627BD402A2329A0C7C7C1E3EDF56D281341A8A0B965A81BD8A3,M2_N2_L1_25Hz_101_fk_filter.npy,1.5460644170065931,0.00928187847002561,4.042608326360887,1,0.0,0.0,0.010788569259431826,0.010788569259431826
M2_N2_L1_25Hz,101,fx_deconv,1.984,46FD308FA919C4BBE303FFE3A868AE2DB769C3E56BD8F5393622883CFC4385E6,M2_N2_L1_25Hz_101_fx_deconv.npy,-0.7001485806044068,0.02040674569529565,0.22385410177449266,1,0.0,0.0,0.03473750403531774,0.03473750403531774
M2_N2_L1_25Hz,101,wavelet_threshold,1.24,4A88E8134BEB3E07A9B6710BCAB4E9527A6EA23F6F9A3FCED9A76F0466BCA3AA,M2_N2_L1_25Hz_101_wavelet_threshold.npy,-8.881784197001252e-16,2.086173938317508e-31,-4.3394735994897936e-15,1,0.0,0.0,7.953138070660566e-16,7.953138070660566e-16
M2_N2_L1_25Hz,101,ssa_decomposition,2382.937,D6B74C800FDE8F0AA96274E4D1626F712C75BE036DA8020B8B6392F61BC1922D,M2_N2_L1_25Hz_101_ssa_decomposition.npy,0.7154725522415957,0.015374969068914198,2.4473914880049725,1,2.0,2.0,0.0518004498773485,0.0518004498773485
M2_N2_L1_25Hz,101,svd_lowrank,26.128,34076FEF79FC4A0B36028FEC70BE194FFB5ACA847B75D5AE13B15506EC31CFA4,M2_N2_L1_25Hz_101_svd_lowrank.npy,1.604106055921938,0.0011516401126895025,3.3282222260140166,1,0.0,0.0,0.001653085375155826,0.001653085375155826
M2_N2_L1_25Hz,202,fk_filter,0.994,8D6055117AE4AB772CE727CA58709D936E6081CEDF08F1509A820DDB2370EE4B,M2_N2_L1_25Hz_202_fk_filter.npy,1.1246013911865145,0.008957322612295744,4.106800640775872,1,2.0,2.0,0.021149907418206933,0.021149907418206933
M2_N2_L1_25Hz,202,fx_deconv,2.022,F9E177EA5298AD099308A4A7AE30CBC1782A28249720EB83F7630330739E1BD8,M2_N2_L1_25Hz_202_fx_deconv.npy,-0.8819559649357736,0.016334915141716717,0.2808998359603717,1,0.0,0.0,0.03169070391171382,0.03169070391171382
M2_N2_L1_25Hz,202,wavelet_threshold,2.238,372EE4859E1F76BAAFF58AAC45257004875B58F46AA388CF8D737259B58AA927,M2_N2_L1_25Hz_202_wavelet_threshold.npy,0.0,2.30118093214988e-31,-2.8929823996598624e-15,1,0.0,0.0,6.351174163722824e-16,6.351174163722824e-16
M2_N2_L1_25Hz,202,ssa_decomposition,446.837,7AEFF6947CF40649D2445ABE9A9A2211AD4BA416D970F7B59C4BA067BE44C7F1,M2_N2_L1_25Hz_202_ssa_decomposition.npy,1.25075643110746,0.0035184491194025142,2.236586278044565,1,2.0,2.0,0.006893279008561495,0.006893279008561495
M2_N2_L1_25Hz,202,svd_lowrank,41.133,885646AB59929672EA64100493F8BFD27BAAE902665A62435DBF70B556591D29,M2_N2_L1_25Hz_202_svd_lowrank.npy,2.443091108419596,0.00042367342944572584,4.94808341952848,1,0.0,0.0,0.0005009453680158442,0.0005009453680158442
M2_N2_L1_25Hz,303,fk_filter,0.959,E33D56093375D3008C8340ABC5E663E9D75D6089DE83E13DADBE522A908D34AF,M2_N2_L1_25Hz_303_fk_filter.npy,1.3057028410736624,0.004317057888818557,4.05433681943566,1,0.0,0.0,0.0060305745225090876,0.0060305745225090876
M2_N2_L1_25Hz,303,fx_deconv,2.46,DCB0596A600CAB8CC5667C69990DF5D743531CD720BD903D8F760075AA1E234C,M2_N2_L1_25Hz_303_fx_deconv.npy,-1.7024210438584237,0.019384731755466768,0.5533128655893392,1,0.0,0.0,0.041847590622636106,0.041847590622636106
M2_N2_L1_25Hz,303,wavelet_threshold,1.344,4429078E62D0D788B03A17589B51C046A34EA133B9BA047D535CF6D0F01CA1B0,M2_N2_L1_25Hz_303_wavelet_threshold.npy,1.2284564476772175e-08,4.252734122377348e-19,1.228456565039317e-08,1,0.0,0.0,1.9531550455027678e-10,1.9531550455027678e-10
M2_N2_L1_25Hz,303,ssa_decomposition,2252.32,64189D9069ACFBA098E691DF1EF6F24297EC6E11E0C2ECF9CA69551E562AC2C2,M2_N2_L1_25Hz_303_ssa_decomposition.npy,0.24342480533147537,0.009953307617707973,2.730736417992264,1,0.0,0.0,0.03309281227989645,0.03309281227989645
M2_N2_L1_25Hz,303,svd_lowrank,9.105,531BB92E99ED727B7FD1C09590AA4202742FC4874CF5E88EAE8C1C96F13CDA2F,M2_N2_L1_25Hz_303_svd_lowrank.npy,6.307363580943802,0.001064866775840056,13.492680578098744,1,0.0,0.0,0.001637361381532208,0.001637361381532208
M2_N2_L1_25Hz,404,fk_filter,0.865,D87981328C3D0A703210FE0C9952A21DB6DCAE54ED41236DA113C0C00ADC2B91,M2_N2_L1_25Hz_404_fk_filter.npy,-0.5030750698533275,0.009683381828668366,4.097085987724499,1,0.0,0.0,0.011753327308394401,0.011753327308394401
M2_N2_L1_25Hz,404,fx_deconv,1.849,FEC9D97D7E8A68E044BF5D17D786DC43E31A60397259DFFE2A9EE28DC01F7584,M2_N2_L1_25Hz_404_fx_deconv.npy,-4.602916148363015,0.042596206885064984,1.7415124259859165,1,0.0,0.0,0.0499518354309985,0.0499518354309985
M2_N2_L1_25Hz,404,wavelet_threshold,1.251,9DA3BC8E176A05282DFD0FDA068E2DD6020903D072062D328C2ABB68E347A0BA,M2_N2_L1_25Hz_404_wavelet_threshold.npy,0.0,6.187867375347815e-05,-1.446491199829931e-15,1,0.0,0.0,0.0002460183479963389,0.0002460183479963389
M2_N2_L1_25Hz,404,ssa_decomposition,2111.776,2258EEE6F3EDF573FE8EB2A5ECC6DF6740F763FA97A7467374C805EC61304F0B,M2_N2_L1_25Hz_404_ssa_decomposition.npy,-0.8442723578140701,0.009147897255332556,2.9555743862581463,1,2.0,2.0,0.018988436793903572,0.018988436793903572
M2_N2_L1_25Hz,404,svd_lowrank,9.175,E6814C999132495EFA2558F926B4FE607AABA803D3B6DE878E24CEE2501D1C9D,M2_N2_L1_25Hz_404_svd_lowrank.npy,1.4206321289117412,0.013767515143766333,51.77486372162495,1,0.0,0.0,0.0176259246456538,0.0176259246456538
M2_N2_L1_25Hz,505,fk_filter,1.07,4E4994F4AD001D1F91885CCFA9858B6CC4DE34E2B1B208AA8E4F8EC9082E98C3,M2_N2_L1_25Hz_505_fk_filter.npy,1.6855681085507364,0.01209904859187108,3.985908158288522,1,0.0,0.0,0.008887734342729079,0.008887734342729079
M2_N2_L1_25Hz,505,fx_deconv,2.016,5F04AF0E0F544F96050AC75F2831292FF05CA233F1B588070235AE24CC248947,M2_N2_L1_25Hz_505_fx_deconv.npy,-0.6218217926483893,0.03554122491231552,0.19148430205849876,1,0.0,0.0,0.0037270349330558146,0.0037270349330558146
M2_N2_L1_25Hz,505,wavelet_threshold,1.192,90975346A911275ADFB96E282D78265B415B3F8D610A882258349B286555ED6C,M2_N2_L1_25Hz_505_wavelet_threshold.npy,-1.7763568394002505e-15,0.015412949636077393,-6.268128532596371e-15,1,0.0,0.0,0.03791473866194949,0.03791473866194949
M2_N2_L1_25Hz,505,ssa_decomposition,1855.66,2B589FD0F1D341EEF8499DF617E01A4C52A46F865A4502A7DC4B25E93BB41135,M2_N2_L1_25Hz_505_ssa_decomposition.npy,0.5527797513498811,0.032172683016837046,2.1950662938341408,1,0.0,0.0,0.0672203808227198,0.0672203808227198
M2_N2_L1_25Hz,505,svd_lowrank,17.652,20060C6AF59FE6A4265F97D1E9449890EF791D200E15EB6C3749492D10EBEA2C,M2_N2_L1_25Hz_505_svd_lowrank.npy,1.3664761861373105,0.015425391074228838,2.8409451271043613,1,0.0,0.0,0.028914825240705475,0.028914825240705475
M2_N2_L1_40Hz,101,fk_filter,0.984,593D858FB5632A4F3E36F3DAEFD460115D6A794A3134DC63CA5C9BCF2A40EA51,M2_N2_L1_40Hz_101_fk_filter.npy,1.9481831640975154,0.008114270889330331,4.031410006306473,1,0.0,0.0,0.005675004648184994,0.005675004648184994
M2_N2_L1_40Hz,101,fx_deconv,3.222,B14936DFC1FCF2FB9E34E33D66109F890FEC3C01DB54911C949BBE629579326B,M2_N2_L1_40Hz_101_fx_deconv.npy,-0.23330952858943244,0.021901187787669606,0.0775728569016391,1,0.0,0.0,0.03946787106539915,0.03946787106539915
M2_N2_L1_40Hz,101,wavelet_threshold,2.309,53B0E19B610EE1DC607951F19F03895A32359C371BA656E5E9DDA4A8A9171767,M2_N2_L1_40Hz_101_wavelet_threshold.npy,-8.881784197001252e-16,2.569559418342746e-31,-4.3394735994897936e-15,1,0.0,0.0,8.392015689678062e-16,8.392015689678062e-16
M2_N2_L1_40Hz,101,ssa_decomposition,1601.475,C8EE0F024CCEAA71F11A6EB18AB679126EACF903760795E231DC990280F39D39,M2_N2_L1_40Hz_101_ssa_decomposition.npy,0.2951779096911502,0.051711697395364985,1.5731991931554807,1,1.9999999999999964,1.9999999999999964,0.17145082484010843,0.17145082484010843
M2_N2_L1_40Hz,101,svd_lowrank,14.563,3103FAEE7194178F299CB08B8D040F483EA3EBD69C433F2D2B857119654750EC,M2_N2_L1_40Hz_101_svd_lowrank.npy,0.5639643109300092,0.0016145237699861368,1.1672309450899359,1,0.0,0.0,0.0023730157723217517,0.0023730157723217517
M2_N2_L1_40Hz,202,fk_filter,0.817,B37A28983B176953C4774232813CC7360351B3F868D37D60A30DEC9B2A420D91,M2_N2_L1_40Hz_202_fk_filter.npy,1.9157539138144264,0.006951603895118898,4.034248327555074,2,0.0,0.0,0.005052729643666201,0.007645578758585837
M2_N2_L1_40Hz,202,fx_deconv,2.534,FCA6A3CC7197E6E603E6056F249D57971BA5435AFCE608018DEB67DA3B284505,M2_N2_L1_40Hz_202_fx_deconv.npy,-0.3125981415032242,0.0196911775993851,0.10654935249079353,2,0.0,0.0,0.035444247729091126,0.053881621870497075
M2_N2_L1_40Hz,202,wavelet_threshold,1.671,AC21D0870A04EC0616E113F6C282FCB1998636EF78F6CAC1A865CBECA9052CC4,M2_N2_L1_40Hz_202_wavelet_threshold.npy,-1.7763568394002505e-15,1.9317607354955934e-31,-2.8929823996598624e-15,2,0.0,0.0,6.314372495278312e-16,6.997540196457389e-16
M2_N2_L1_40Hz,202,ssa_decomposition,2121.993,90128328BE39D3CB71DACAB0AAC29E6A0042ABB4151E80FE86829F81DDD1DD75,M2_N2_L1_40Hz_202_ssa_decomposition.npy,0.7062571271023765,0.02745886253196292,1.8466438958104443,2,0.0,0.0,0.05803139048545153,0.10423651364180124
M2_N2_L1_40Hz,202,svd_lowrank,7.846,48A10F32AEEF4FB71AB5A4620AC86C803BD62B96071D64E0DE78FF72589FA4CB,M2_N2_L1_40Hz_202_svd_lowrank.npy,0.731278954459289,0.0012712764030040425,1.50191024207629,2,0.0,0.0,0.0015478875817489378,0.0027890296261332843
M2_N2_L1_40Hz,303,fk_filter,1.049,762EC8C9A2D56A5FE3B47FAC56056CEED69DA45CBCC68C1DBAED68788C61C621,M2_N2_L1_40Hz_303_fk_filter.npy,1.8953239966432607,0.004109167245587761,4.050725838278949,1,0.0,0.0,0.001473968683003338,0.001473968683003338
M2_N2_L1_40Hz,303,fx_deconv,1.909,946DD58949035E07F23AA92B3489BC5E501DDBE84248C1A2F7AD7F54C5A4F133,M2_N2_L1_40Hz_303_fx_deconv.npy,-0.6171347121010919,0.020989011331493477,0.2048132720248168,1,0.0,0.0,0.049136465030365194,0.049136465030365194
M2_N2_L1_40Hz,303,wavelet_threshold,1.154,6AAE5F9977A19FB1C181E3E0040759C9147CCF8AE8448662C8B0E608276DC114,M2_N2_L1_40Hz_303_wavelet_threshold.npy,2.3279156380340282e-12,3.804584016298783e-26,2.3259578493259054e-12,1,0.0,0.0,9.432737775231151e-14,9.432737775231151e-14
M2_N2_L1_40Hz,303,ssa_decomposition,2012.572,460D0996612B74C7110A567571D45C076670E36B179370A7D3AEBDFD4D4A3C1E,M2_N2_L1_40Hz_303_ssa_decomposition.npy,0.066121770957146,0.032200129799584906,2.114292055984019,1,2.0,2.0,0.10929485143951213,0.10929485143951213
M2_N2_L1_40Hz,303,svd_lowrank,20.156,EDED6FB5CB31A0A11AD02238315449C451EA4925BA1821342F00C0653607D5CD,M2_N2_L1_40Hz_303_svd_lowrank.npy,1.0701894767562843,0.00330835132606552,2.406063604900364,1,0.0,0.0,0.005813826902525103,0.005813826902525103
M2_N2_L1_40Hz,404,fk_filter,0.963,08E9C7FDB92BAED259ADAAE63D58D7588C64B3BDA1FB4F9D8DF01D242CF4D11C,M2_N2_L1_40Hz_404_fk_filter.npy,1.4949250195610606,0.006895847407890896,4.041776418024462,1,0.0,0.0,0.001741026981366272,0.001741026981366272
M2_N2_L1_40Hz,404,fx_deconv,1.852,58F6911B4B6B98FAAC2D8B5156C872D85EA5B5911CCE4CE2E6EE17AD476CE6B8,M2_N2_L1_40Hz_404_fx_deconv.npy,-1.8912939961611066,0.04265662316244749,0.684527587784421,1,0.0,0.0,0.04764434826503727,0.04764434826503727
M2_N2_L1_40Hz,404,wavelet_threshold,1.268,846963CA81D8EC7B3A0E4A1A5929EFEBA3FB113861C23BDBA5421F9350F34BAC,M2_N2_L1_40Hz_404_wavelet_threshold.npy,0.0,5.7263344299888706e-05,-1.446491199829931e-15,1,0.0,0.0,0.00018973358822987131,0.00018973358822987131
M2_N2_L1_40Hz,404,ssa_decomposition,2258.225,8AD13638968253B4304CF356962897B8F10948A63E44B882FA8D78E5406BA328,M2_N2_L1_40Hz_404_ssa_decomposition.npy,-1.3944784678667563,0.037900654288992947,2.0541561585247163,1,3.9999999999999716,3.9999999999999716,0.0888835011324256,0.0888835011324256
M2_N2_L1_40Hz,404,svd_lowrank,18.187,48D09E8E97B724299EE183FE5F4A5876A99247C6A48D4E19F35A396A504F2AD3,M2_N2_L1_40Hz_404_svd_lowrank.npy,3.7575307890631056,0.0018316906736677234,8.140775263369367,1,0.0,0.0,0.0025841765849752224,0.0025841765849752224
M2_N2_L1_40Hz,505,fk_filter,0.813,2325776BE0789929BDD0305A030418F233E2F4922277FB6449362106152EE874,M2_N2_L1_40Hz_505_fk_filter.npy,1.965705323251513,0.02164249527402083,4.005687540932673,2,1.0000000000000018,2.0000000000000036,0.047243493971494785,0.06248866744952769
M2_N2_L1_40Hz,505,fx_deconv,1.733,CA0BDE87393423EB7F0DBCA2FE2CA53A93534568E17DE485D5BEB62E2AC00FDA,M2_N2_L1_40Hz_505_fx_deconv.npy,-0.20555492267851783,0.057428810150269585,0.0679865517303249,2,0.0,0.0,0.06062910985310642,0.06894076353173961
M2_N2_L1_40Hz,505,wavelet_threshold,1.31,359A9208CAE0F4345019AD4FD8EBE3F80A94E3FF2ECE8878A53B29C7CF6DA7D1,M2_N2_L1_40Hz_505_wavelet_threshold.npy,-1.5543122344752192e-15,0.0359090480557094,-6.268128532596371e-15,2,0.0,0.0,0.09984656205495568,0.1273370516816862
M2_N2_L1_40Hz,505,ssa_decomposition,1293.631,4C5D654E6F5F1691EFAF39A95E4CABE2F75CC5E0F4886039EE06650633FD80EC,M2_N2_L1_40Hz_505_ssa_decomposition.npy,0.17268255580368952,0.08722712859864687,1.2435879402173193,2,1.9999999999999982,2.0,0.14860507221872962,0.19908608782344592
M2_N2_L1_40Hz,505,svd_lowrank,23.873,895731F1E028A84D8A0403186E397DEE8DD8CFCA08480C1B7DC09F2848529644,M2_N2_L1_40Hz_505_svd_lowrank.npy,0.4521489453561418,0.0411188020071101,0.982628309639595,2,0.0,0.0,0.08772941823052238,0.11424800451655497
M2_N2_L2_15Hz,101,fk_filter,1.038,23DB166D53D5B227955AF057B1EC0270D9FCD0258E96B0E73A6022A9652FDDDA,M2_N2_L2_15Hz_101_fk_filter.npy,-1.6290599493838638,0.019763537773213925,0.041318412231223366,1,2.000000000000007,2.000000000000007,0.04099936163708983,0.04099936163708983
M2_N2_L2_15Hz,101,fx_deconv,1.969,DD4D63B636BB2D4256F1556DEEAEB8AB7E2D68C2C4C7CFCA491C1D81C5BB15FE,M2_N2_L2_15Hz_101_fx_deconv.npy,-1.7102520268685737,0.019680073528363318,0.10511391685858743,1,0.0,0.0,0.035531441319200455,0.035531441319200455
M2_N2_L2_15Hz,101,wavelet_threshold,1.198,5F7165B8A6A498B3805B0CC049E078848D2BD047B2A7F470FCD211983750ACD1,M2_N2_L2_15Hz_101_wavelet_threshold.npy,-3.552713678800501e-15,2.3988263989180827e-31,-1.3018420798469397e-14,1,0.0,0.0,6.33698205462931e-16,6.33698205462931e-16
M2_N2_L2_15Hz,101,ssa_decomposition,1503.39,06733F27514DD722F4F4774DEA96D3A088EB841F77793AAD261868AFC87F452D,M2_N2_L2_15Hz_101_ssa_decomposition.npy,2.4367366857637123,0.0010947128922521828,4.292600385302254,1,0.0,0.0,0.005826347686223398,0.005826347686223398
M2_N2_L2_15Hz,101,svd_lowrank,10.055,E07B3F753F615441D94B9ADB696436ADE18AAB76E0C3FB1B1B7457BAF5CC3CC5,M2_N2_L2_15Hz_101_svd_lowrank.npy,4.544592575532949,0.0018735309530084373,10.020503291710074,1,0.0,0.0,0.002457932824778733,0.002457932824778733
M2_N2_L2_15Hz,202,fk_filter,1.16,AC7FD44356CDEE4817D642AC38A6AF40CC3E23D15D7E99B438C0DD576FD36D93,M2_N2_L2_15Hz_202_fk_filter.npy,-3.392369258246992,0.030142420301685076,0.049920134828416694,1,6.0,6.0,0.08863441139026852,0.08863441139026852
M2_N2_L2_15Hz,202,fx_deconv,2.663,D0CA4A9827D49DB1BB7A6D4656BEB5E6083EC09CF151BB47DB290E2071D86023,M2_N2_L2_15Hz_202_fx_deconv.npy,-2.039949246376496,0.014983713467873494,0.12960699367596948,1,0.0,0.0,0.03383713936994805,0.03383713936994805
M2_N2_L2_15Hz,202,wavelet_threshold,1.162,7E2D62169B0682ADF2CFAEE964CFBF3A8D60214542CDBE177F28FC1A8660D702,M2_N2_L2_15Hz_202_wavelet_threshold.npy,-1.7763568394002505e-15,2.17320746162266e-31,-9.161110932256236e-15,1,0.0,0.0,5.344424882900393e-16,5.344424882900393e-16
M2_N2_L2_15Hz,202,ssa_decomposition,1999.84,86ABCB0F3A4610D16D61DDDE757B6DA0B8B31764978E01518AC40C6E368736DA,M2_N2_L2_15Hz_202_ssa_decomposition.npy,1.627052914933433,0.00031832783274896324,2.519341041960807,1,0.0,0.0,0.0007031749466926673,0.0007031749466926673
M2_N2_L2_15Hz,202,svd_lowrank,11.435,B4DA77DA13D0E3428ACA9132E14D7A29F00304A609820F6A864B18275980142D,M2_N2_L2_15Hz_202_svd_lowrank.npy,17.577014963203013,0.00047449995252499836,43.59805585106773,1,0.0,0.0,0.0005657667008628388,0.0005657667008628388
M2_N2_L2_15Hz,303,fk_filter,0.815,2CDC863F5D707862E5D6CE0649CC9DC8EBD3A6D2419EA1FB78A0AEB1EADC3516,M2_N2_L2_15Hz_303_fk_filter.npy,-2.381058952072056,0.009728039485859924,0.03674588468977253,1,1.999999999999993,1.999999999999993,0.024920768201159203,0.024920768201159203
M2_N2_L2_15Hz,303,fx_deconv,2.119,6DBB166E9DB409F67AA3508C7A18F27AFF1AF5B3AA58B44E92252CF22088383A,M2_N2_L2_15Hz_303_fx_deconv.npy,-3.6347074272624162,0.01966501074568223,0.18896032760109083,1,0.0,0.0,0.037606667403816865,0.037606667403816865
M2_N2_L2_15Hz,303,wavelet_threshold,1.375,A374231050A8F9896D3D9514A7D91DBD11F8DFFF4B340E9591CC98F0E93AE796,M2_N2_L2_15Hz_303_wavelet_threshold.npy,2.7984222938925996e-07,1.773985244807587e-16,2.798423771849135e-07,1,0.0,0.0,1.833684861634265e-09,1.833684861634265e-09
M2_N2_L2_15Hz,303,ssa_decomposition,1144.456,08AC63185995DC7F0043579E182C41C8DE273CA7D495DE0FCEED2F1155607BCE,M2_N2_L2_15Hz_303_ssa_decomposition.npy,2.648292467782209,0.0006348933129446017,5.264525172415948,1,0.0,0.0,0.004073290623311299,0.004073290623311299
M2_N2_L2_15Hz,303,svd_lowrank,5.189,764AC38A60C23129E39DED1BD7F295B086677CC6C644EB76F04BCB48FE6251BF,M2_N2_L2_15Hz_303_svd_lowrank.npy,0.047030155977131116,0.008678132083790464,43.02471509274709,1,0.0,0.0,0.010627895942017192,0.010627895942017192
M2_N2_L2_15Hz,404,fk_filter,0.954,2735759BC0CD8270D219E3829A4229035F8C410B7E7F258EF8BD330DBE56A53C,M2_N2_L2_15Hz_404_fk_filter.npy,-6.448294579119413,0.033526035176836534,0.07574160242687274,1,1.9999999999999716,1.9999999999999716,0.054713779786160016,0.054713779786160016
M2_N2_L2_15Hz,404,fx_deconv,1.981,00D9A4549FA73F8BEA294EDD9BE80D6A075E97FCB863051C39D3335FE3E3952A,M2_N2_L2_15Hz_404_fx_deconv.npy,-6.626158015197198,0.04282770755335769,0.5140890410537783,1,0.0,0.0,0.049328693681490704,0.049328693681490704
M2_N2_L2_15Hz,404,wavelet_threshold,1.448,022787C5EDD3E6BEF08C5A369572E2ABACFA255DAC85D4A387D4F98112BFE771,M2_N2_L2_15Hz_404_wavelet_threshold.npy,0.0,2.3075684256096444e-31,-1.253625706519275e-14,1,0.0,0.0,6.311939268237113e-16,6.311939268237113e-16
M2_N2_L2_15Hz,404,ssa_decomposition,1489.969,1783CAF7DE1707B047D3C59EF6CA769813F1A5EF1B85FCA2F03B5B914E9F08A7,M2_N2_L2_15Hz_404_ssa_decomposition.npy,2.147629090301912,0.0013343531178761124,5.601729691137651,1,0.0,0.0,0.0024929309552829603,0.0024929309552829603
M2_N2_L2_15Hz,404,svd_lowrank,13.585,9D26A8393FD66CE9D00ECCF4C58F215695DA5693EEAB4668358EBEB9CD23AD46,M2_N2_L2_15Hz_404_svd_lowrank.npy,-1.3624629783966213,0.016133664064685877,43.19165068593161,1,0.0,0.0,0.017905093524681528,0.017905093524681528
M2_N2_L2_15Hz,505,fk_filter,1.027,B66EDE29B3489A7139D256408C9AA7F88CA88AE3FECF550ACF17CF4DA1238A3D,M2_N2_L2_15Hz_505_fk_filter.npy,-1.2899562736672312,0.013478235641402728,0.050662721967620374,1,4.0,4.0,0.0353180232364289,0.0353180232364289
M2_N2_L2_15Hz,505,fx_deconv,2.291,915BAAB7D006D2BAE12817210C3ED778618098EFEFAF1FDFE9F51C0FF90A9ED3,M2_N2_L2_15Hz_505_fx_deconv.npy,-1.5443833285449458,0.020159788023180105,0.054579604282317194,1,2.0,2.0,0.03556229625171579,0.03556229625171579
M2_N2_L2_15Hz,505,wavelet_threshold,1.153,0694AD17AEAC998AACE2DBF502B5558AC219A621031A43980208364AA33CA002,M2_N2_L2_15Hz_505_wavelet_threshold.npy,-1.7763568394002505e-15,2.272909445743075e-31,-9.643274665532882e-15,1,0.0,0.0,5.707131681263783e-16,5.707131681263783e-16
M2_N2_L2_15Hz,505,ssa_decomposition,1902.022,76AD18CECFA2E8A4BEA47BF97F6FBC32005C3032E5512806B39BAFA616A4E8EE,M2_N2_L2_15Hz_505_ssa_decomposition.npy,2.6088404928927122,0.0015044602886235753,4.661640022473925,1,2.0,2.0,0.019193994714986538,0.019193994714986538
M2_N2_L2_15Hz,505,svd_lowrank,9.442,69D9D027940BEBC19FCC897DA522A2F7D1AF09DBBA1656F51938508DF5F94318,M2_N2_L2_15Hz_505_svd_lowrank.npy,4.264691448085772,0.0004236607089227441,8.704973833514817,1,0.0,0.0,0.0005972578969145432,0.0005972578969145432
M2_N2_L2_25Hz,101,fk_filter,0.879,628E6148D494676AF7F812B68F1F5782E7148945DF6FBC1035A5E95E5D370EB2,M2_N2_L2_25Hz_101_fk_filter.npy,-0.27729066604618247,0.006619988631000723,0.04764759904001821,1,0.0,0.0,0.015158245845074815,0.015158245845074815
M2_N2_L2_25Hz,101,fx_deconv,1.838,83BDEB171B25C6C9F3B26ED26E42DE948C6BC5A708DBD00D674DE404EAE2C71C,M2_N2_L2_25Hz_101_fx_deconv.npy,-0.7441075197220712,0.021255130474748144,0.20541046179122263,1,0.0,0.0,0.036557901333709564,0.036557901333709564
M2_N2_L2_25Hz,101,wavelet_threshold,1.264,EE8B242248DE568DF3F5309F1C8E876FB075833D9C49DA725D8E8A3D064D8476,M2_N2_L2_25Hz_101_wavelet_threshold.npy,-2.6645352591003757e-15,2.075030949504567e-31,-1.3018420798469397e-14,1,0.0,0.0,7.953138070660566e-16,7.953138070660566e-16
M2_N2_L2_25Hz,101,ssa_decomposition,1866.422,BFC57364D35BF4050B99A5C4C9DD3FC8F61892E65FFEA93F5935B7AF908B77BB,M2_N2_L2_25Hz_101_ssa_decomposition.npy,0.7075584755932685,0.01537076729381592,2.4271703926635504,1,2.0,2.0,0.05180828482643083,0.05180828482643083
M2_N2_L2_25Hz,101,svd_lowrank,11.886,A3295662A6BC49F8B4462551F43984150E1ECC2963AF1966279E10CFE62F80FE,M2_N2_L2_25Hz_101_svd_lowrank.npy,1.5734455338948763,0.0012375059997861843,3.2691745256722458,1,0.0,0.0,0.001694235942707243,0.001694235942707243
M2_N2_L2_25Hz,202,fk_filter,1.114,77A80C1A5CC77438F3A6E8246889805468364EF42184AEE8A2E8C54320C9E4D4,M2_N2_L2_25Hz_202_fk_filter.npy,-0.559394063650613,0.007268546734542542,0.058621490068424396,1,2.0,2.0,0.024769516201872517,0.024769516201872517
M2_N2_L2_25Hz,202,fx_deconv,1.936,3848D8EBED9D35B46A8C7B5A99170C36B5F6CE43ECBF8C99B6287D370B2A3B01,M2_N2_L2_25Hz_202_fx_deconv.npy,-0.9154981316145623,0.016376849397759,0.2560460197013574,1,0.0,0.0,0.03215805074091523,0.03215805074091523
M2_N2_L2_25Hz,202,wavelet_threshold,1.678,D0F9CA209DB0012A9C999C810C30A7E3C801189CD3704D852DFFBC93D82F8E65,M2_N2_L2_25Hz_202_wavelet_threshold.npy,-1.7763568394002505e-15,2.30118093214988e-31,-9.161110932256236e-15,1,0.0,0.0,6.351174163722824e-16,6.351174163722824e-16
M2_N2_L2_25Hz,202,ssa_decomposition,1479.451,6F35F15B7499BD152BB26BCA47516BEB2B191BB4A303EAF37B4545113C53CA12,M2_N2_L2_25Hz_202_ssa_decomposition.npy,1.207261031481627,0.0035677052988298506,2.2560705438938484,1,2.0,2.0,0.006969597044424073,0.006969597044424073
M2_N2_L2_25Hz,202,svd_lowrank,66.527,93EA5C169C3699453205DD7E4DCACCF9486AE4E1C7A1DF6E7C4476EA5701DF38,M2_N2_L2_25Hz_202_svd_lowrank.npy,2.280367635422241,0.0006919938792106537,4.657186571397879,1,0.0,0.0,0.000808483493863303,0.000808483493863303
M2_N2_L2_25Hz,303,fk_filter,1.264,13B56A2A441225FB60D2AC3EC0751F2B4F424470A3920C6E146C739CB9AF7D4C,M2_N2_L2_25Hz_303_fk_filter.npy,-0.43706684984684685,0.00319463517103953,0.046411545639916965,1,0.0,0.0,0.00813380255423207,0.00813380255423207
M2_N2_L2_25Hz,303,fx_deconv,2.322,602B2A176597CA442AEE0E6B138F2B9F18D5FF355024E40B484530A60C3BB88C,M2_N2_L2_25Hz_303_fx_deconv.npy,-1.7696664473862125,0.01932364423746918,0.4713688492319713,1,0.0,0.0,0.04003710976677425,0.04003710976677425
M2_N2_L2_25Hz,303,wavelet_threshold,1.17,EFCD97A9B0BD08129503544B7480AE37BFB65AC9D57D315302FF2E238E12F245,M2_N2_L2_25Hz_303_wavelet_threshold.npy,1.0259789462452318e-08,3.832410271647591e-19,1.0259782703366052e-08,1,0.0,0.0,1.8541265731447513e-10,1.8541265731447513e-10
M2_N2_L2_25Hz,303,ssa_decomposition,284.219,C373D966EFE769AB9B040BEC5E96ACAC5284F0095A57239AE56FDF02C7455BBD,M2_N2_L2_25Hz_303_ssa_decomposition.npy,0.3087369692351558,0.010234992537514248,2.970516565721657,1,0.0,0.0,0.03348317978634021,0.03348317978634021
M2_N2_L2_25Hz,303,svd_lowrank,7.207,DA0F8BF24F8EA43C7E59106607FF68B7D39BC4772E2464A3BD6FBBBB92705E44,M2_N2_L2_25Hz_303_svd_lowrank.npy,5.426827535098155,0.0011519652035599868,12.364214416466496,1,0.0,0.0,0.0018552224598514572,0.0018552224598514572
M2_N2_L2_25Hz,404,fk_filter,1.139,923D163042D211C078D1BADC066FDC0652204EBFEC8B2710491A87D358B876F6,M2_N2_L2_25Hz_404_fk_filter.npy,-1.7294296932707045,0.00839304306429525,0.05754082460294417,1,0.0,0.0,0.013376858595589385,0.013376858595589385
M2_N2_L2_25Hz,404,fx_deconv,2.189,2C528ED5197E35C0DEA71E48CCF46D5499C4CC905D7FC232DC9F7366389CF8E6,M2_N2_L2_25Hz_404_fx_deconv.npy,-4.665532710826282,0.04074825214801983,1.2378320327699435,1,0.0,0.0,0.05102602978153808,0.05102602978153808
M2_N2_L2_25Hz,404,wavelet_threshold,1.421,17BADBF5D2DC05DCCCF41AE66D5AA22250EC04A0EE914B5EB37A49256BFAC869,M2_N2_L2_25Hz_404_wavelet_threshold.npy,-3.552713678800501e-15,2.31724876267053e-31,-1.253625706519275e-14,1,0.0,0.0,7.707542142303402e-16,7.707542142303402e-16
M2_N2_L2_25Hz,404,ssa_decomposition,1636.454,4859B7AA24A36463B8C730996D6D250C3CA03671F81F3F7DEDCDA2147BD817D3,M2_N2_L2_25Hz_404_ssa_decomposition.npy,-0.7869477810512429,0.009069146434992906,3.079349233680277,1,2.0,2.0,0.0189595259616488,0.0189595259616488
M2_N2_L2_25Hz,404,svd_lowrank,20.334,EF2AB36EC22B30EEF3A137D154A25D586D968991D1895991CE528A040F66254C,M2_N2_L2_25Hz_404_svd_lowrank.npy,1.3615733427107166,0.01372694674856347,38.185735145112105,1,0.0,0.0,0.017338665436109273,0.017338665436109273
M2_N2_L2_25Hz,505,fk_filter,1.156,ACFFB1ED3DE3EAEFF894E2EF05D468BA8C03AD35FD4FA71B7AA95B96998EFE9C,M2_N2_L2_25Hz_505_fk_filter.npy,-0.18592643871782766,0.00399107295119929,0.04962038667675777,1,0.0,0.0,0.012068860641547668,0.012068860641547668
M2_N2_L2_25Hz,505,fx_deconv,2.106,CE99C0E5804B0344FC369FA5EAB81CB46FFB348926B5A7F21D2A36A32D5F19C7,M2_N2_L2_25Hz_505_fx_deconv.npy,-0.6913008256717657,0.021580461532865247,0.14285644602364053,1,0.0,0.0,0.03657387289546986,0.03657387289546986
M2_N2_L2_25Hz,505,wavelet_threshold,1.071,59C1879CD0F4F4A5E4D8685D11C573EC00A9C0605D2D57E325BAE6EB346BC4F0,M2_N2_L2_25Hz_505_wavelet_threshold.npy,-8.881784197001252e-16,2.432037634823875e-31,-9.643274665532882e-15,1,0.0,0.0,7.167381585639901e-16,7.167381585639901e-16
M2_N2_L2_25Hz,505,ssa_decomposition,937.575,EA6405EEA2BF734DEB44B78F2BF8948B15A9726E69F8A4810D3D3CBAD52F6A70,M2_N2_L2_25Hz_505_ssa_decomposition.npy,0.5891348032256092,0.021118573242839882,2.3206011632342625,1,0.0,0.0,0.09599422533422326,0.09599422533422326
M2_N2_L2_25Hz,505,svd_lowrank,19.249,FB73573A2EF72A5E5E020B682F08D4EC4D045AFB4ADB08891EDF835AA5E3E3D5,M2_N2_L2_25Hz_505_svd_lowrank.npy,1.2118254544368954,0.0021822924388895646,2.600863367939134,1,0.0,0.0,0.003050173696124392,0.003050173696124392
M2_N2_L2_40Hz,101,fk_filter,0.914,DE9C21E80075B03BE3E80BABD24121011263FD53E83A7B8E945982BF00FC24C2,M2_N2_L2_40Hz_101_fk_filter.npy,-0.01670257690692667,0.0022681801448474702,0.048852608959758126,1,0.0,0.0,0.007168617215597452,0.007168617215597452
M2_N2_L2_40Hz,101,fx_deconv,1.977,C3A612BE6DDEB63DEB80AF1CA44589239E5C8AD7410F37CAFE9DFF7E3947CC79,M2_N2_L2_40Hz_101_fx_deconv.npy,-0.24586348272516068,0.02299177896913673,0.08289573526724603,1,0.0,0.0,0.04063571171612027,0.04063571171612027
M2_N2_L2_40Hz,101,wavelet_threshold,1.317,F8CA89745FDE6C439CE0B27B03300AA750BE972E10589077102F8082F6286426,M2_N2_L2_40Hz_101_wavelet_threshold.npy,-4.440892098500626e-16,2.572727975941624e-31,-1.3018420798469397e-14,1,0.0,0.0,8.392015689678062e-16,8.392015689678062e-16
M2_N2_L2_40Hz,101,ssa_decomposition,1800.817,4763A208B61827A5511DC125073EC9B406E85E7CB4E6FF53632741EDB2205017,M2_N2_L2_40Hz_101_ssa_decomposition.npy,0.2584949492349171,0.05180107958822626,1.5225252133072766,1,1.9999999999999964,1.9999999999999964,0.17335254744726322,0.17335254744726322
M2_N2_L2_40Hz,101,svd_lowrank,5.289,CC5EC1C23DDA7925415E7BBDCF30A52EA5B9D1CA7B03E0579913F12B257A0D07,M2_N2_L2_40Hz_101_svd_lowrank.npy,0.5306601167363239,0.00126410330156009,1.0924351451281964,1,0.0,0.0,0.0018895966970202335,0.0018895966970202335
M2_N2_L2_40Hz,202,fk_filter,1.019,B1C52BCB66681472899A139BC1ACAC84C5DE309E8BA95F80F844C5D90349956F,M2_N2_L2_40Hz_202_fk_filter.npy,-0.037401975593641446,0.002264584610930437,0.0528965676188075,2,0.0,0.0,0.007920796399248028,0.009319446168343968
M2_N2_L2_40Hz,202,fx_deconv,1.847,2F1D60AA15586875B9F2446597F3885E92DF8C9C6804BAFF41EC62160A628B0D,M2_N2_L2_40Hz_202_fx_deconv.npy,-0.3226572539688579,0.02022080744559889,0.11067276152736595,2,0.0,0.0,0.035914125841995215,0.051755141707061615
M2_N2_L2_40Hz,202,wavelet_threshold,1.465,170163D65E1157B45B09FAAD5B5FB0C2D0C98FB2220AF9D61116426DD994E7C9,M2_N2_L2_40Hz_202_wavelet_threshold.npy,-8.881784197001252e-16,1.9317607354955934e-31,-9.161110932256236e-15,2,0.0,0.0,6.314372495278312e-16,6.997540196457389e-16
M2_N2_L2_40Hz,202,ssa_decomposition,1061.234,F6F54AEBF1E195BA55A9798990F11B3DCB1524A910470D016AE192D4C0A79FC5,M2_N2_L2_40Hz_202_ssa_decomposition.npy,0.6765193304523347,0.027398581042441257,1.8728970405108782,2,0.0,0.0,0.05847670686033297,0.10492249426795411
M2_N2_L2_40Hz,202,svd_lowrank,28.644,1FC8349E57888EF06B371ADE2A9620333D538926ABE4708FA119F63292C6B11A,M2_N2_L2_40Hz_202_svd_lowrank.npy,0.6916949835987758,0.0012778119793255018,1.422414366318606,2,0.0,0.0,0.0015546676617369127,0.0027667047748791817
M2_N2_L2_40Hz,303,fk_filter,1.054,BBEE284C929995E6884C32967EAC522227CF61747B9693C4A334D4E76A4397B6,M2_N2_L2_40Hz_303_fk_filter.npy,-0.05047095293721604,0.0015329172909827684,0.048514430308142516,1,0.0,0.0,0.004347618507837321,0.004347618507837321
M2_N2_L2_40Hz,303,fx_deconv,1.96,9D0A97E5C13BE3BC9FB2178DB1EA679E519AD45D721F9BA4863CD7C38B99A7BB,M2_N2_L2_40Hz_303_fx_deconv.npy,-0.6423714308994484,0.021476475456796214,0.20797615279513929,1,0.0,0.0,0.04643648389131377,0.04643648389131377
M2_N2_L2_40Hz,303,wavelet_threshold,1.406,EC3879B3AF8C4146D0B83DB08D4B771BD71513C433782B72ED591C44D08C982C,M2_N2_L2_40Hz_303_wavelet_threshold.npy,1.4583889651476056e-12,1.9398793807975664e-26,1.4522771646290077e-12,1,0.0,0.0,6.696722674680679e-14,6.696722674680679e-14
M2_N2_L2_40Hz,303,ssa_decomposition,2077.307,BDA6926F47EA7A6724393B593BAC21B18E1D13D1CA44BBFBB152F95E2559B0A6,M2_N2_L2_40Hz_303_ssa_decomposition.npy,0.1559076256013121,0.03263903239690483,2.3682227176455872,1,2.0,2.0,0.1089796749884742,0.1089796749884742
M2_N2_L2_40Hz,303,svd_lowrank,20.514,15B73951C9B69A4DAFB4CD4FB31BF785623EC4577964CC4E7387E26A8A4AD41C,M2_N2_L2_40Hz_303_svd_lowrank.npy,1.168178759606052,0.0016691097809845839,2.532986584897352,1,0.0,0.0,0.002642242549832877,0.002642242549832877
M2_N2_L2_40Hz,404,fk_filter,0.952,D2FFB1CC97F404E33595E26F3A8D1BA39BAB45D393B77F5B74F1C1469D955811,M2_N2_L2_40Hz_404_fk_filter.npy,-0.3110359839157244,0.0040676575467908935,0.0513987105993404,1,0.0,0.0,0.007042962604399349,0.007042962604399349
M2_N2_L2_40Hz,404,fx_deconv,1.938,2400222E9EF9A91FA198B3B6343CCC4115D5DEE90BB80E158910364564675186,M2_N2_L2_40Hz_404_fx_deconv.npy,-1.9295422917879979,0.04223024194637856,0.6452745131967048,1,0.0,0.0,0.049071186328851456,0.049071186328851456
M2_N2_L2_40Hz,404,wavelet_threshold,1.238,47E215B9EBF6B59E96893DDE0C39859FDD19A342EB29D84CD28E7BC34E999997,M2_N2_L2_40Hz_404_wavelet_threshold.npy,-3.552713678800501e-15,2.2597361665222472e-31,-1.253625706519275e-14,1,0.0,0.0,4.828887612144123e-16,4.828887612144123e-16
M2_N2_L2_40Hz,404,ssa_decomposition,828.155,7424C8A11061ACCE226682BA550BEA3CA48AF2B60CEC3413E0F7550C70584457,M2_N2_L2_40Hz_404_ssa_decomposition.npy,-1.3437562610024152,0.037716626945405694,2.178592803812247,1,3.9999999999999716,3.9999999999999716,0.08922899717209436,0.08922899717209436
M2_N2_L2_40Hz,404,svd_lowrank,14.187,016D0ADC6D17128EF9AC81BD0391A7F1B704401DEFCE95CB7EBA2776B4974751,M2_N2_L2_40Hz_404_svd_lowrank.npy,3.7604263822402757,0.0018065166154043848,8.150127280880229,1,0.0,0.0,0.0023576116508812564,0.0023576116508812564
M2_N2_L2_40Hz,505,fk_filter,1.019,09F20FD8FF5AC37111A42E5385EB86A7996B025D772FCC3860203D56D42137FF,M2_N2_L2_40Hz_505_fk_filter.npy,-0.005541567639653078,0.001540462815553086,0.04932599215765454,2,1.0000000000000018,2.0000000000000036,0.0064518305393606885,0.007106535589750244
M2_N2_L2_40Hz,505,fx_deconv,1.91,B044D7DE5320EED412954E7E670D19BAA3EBFD42B8CE4B021B94EEF61FB54A89,M2_N2_L2_40Hz_505_fx_deconv.npy,-0.22928236473128583,0.024350797440552057,0.06469998878077782,2,0.0,0.0,0.05996747594486108,0.10182286078779998
M2_N2_L2_40Hz,505,wavelet_threshold,1.36,38191484AEF7FF38ED6248686A376AED30069B651DBD358186A9F6BE5D75435C,M2_N2_L2_40Hz_505_wavelet_threshold.npy,-1.3322676295501878e-15,2.184698656901102e-31,-9.643274665532882e-15,2,0.0,0.0,4.203277038088594e-16,6.273664592870648e-16
M2_N2_L2_40Hz,505,ssa_decomposition,1871.2,7673DCCB1B840466065F478A43C1099D163F7F06C76F6EB49EFF5258F7B04AB0,M2_N2_L2_40Hz_505_ssa_decomposition.npy,0.17037501398348587,0.06281035528811364,1.3534527675527777,2,2.9999999999999982,3.9999999999999964,0.24224763121520676,0.2648637785811427
M2_N2_L2_40Hz,505,svd_lowrank,6.783,ED63B8698CD8BAF882331571008D148F8883E9AECCE7CF6FCC9A1BC82C3E0A60,M2_N2_L2_40Hz_505_svd_lowrank.npy,0.43344979703972886,0.004171986939208756,0.9506002100731186,2,0.0,0.0,0.005772404257271383,0.005789459726963165
M2_N2_L3_15Hz,101,fk_filter,0.989,D5B537FB872233126C86B72328D061AF3D8D8145C7C20293F7FD5BAF708A9639,M2_N2_L3_15Hz_101_fk_filter.npy,-1.6364499082082808,0.01976709562449339,0.04541298786559359,1,2.000000000000007,2.000000000000007,0.04107565238502729,0.04107565238502729
M2_N2_L3_15Hz,101,fx_deconv,1.96,859000D21EF582BCE5B0A00B4A1525809DE089A060184992BA63BA069C2028EC,M2_N2_L3_15Hz_101_fx_deconv.npy,-1.7306529914816622,0.019104543319410958,0.006425646808794831,1,0.0,0.0,0.03502399760870942,0.03502399760870942
M2_N2_L3_15Hz,101,wavelet_threshold,1.207,7DE95697660C0CEC820A003EFA6A3B0A483B7CB004CCC779A5F5771ED2E74ACD,M2_N2_L3_15Hz_101_wavelet_threshold.npy,-3.552713678800501e-15,2.3988263989180827e-31,1.3500584531745998e-14,1,0.0,0.0,6.33698205462931e-16,6.33698205462931e-16
M2_N2_L3_15Hz,101,ssa_decomposition,1866.697,FA3949BD25A3C0104C3B339BABAB746FF7C2C48367433FEE4E7BC09B8672E42B,M2_N2_L3_15Hz_101_ssa_decomposition.npy,2.3244564260287994,0.0010308202370223072,4.104012038647689,1,0.0,0.0,0.005976543932974722,0.005976543932974722
M2_N2_L3_15Hz,101,svd_lowrank,75.056,276C662F058F0BB4FEF49924C13DE89E86B8BB9A2F968734D4B6B79FAFD3CACB,M2_N2_L3_15Hz_101_svd_lowrank.npy,4.646501631874951,0.002102151597512539,10.36339903775196,1,0.0,0.0,0.002727886952243343,0.002727886952243343
M2_N2_L3_15Hz,202,fk_filter,1.732,7AEC694F5687714C974AE864C4F7884B1372797E9BF72E15B2A453BD3EFEE29D,M2_N2_L3_15Hz_202_fk_filter.npy,-3.404664229537909,0.030037705605291093,0.00042792827306949887,1,6.0,6.0,0.08808514697765815,0.08808514697765815
M2_N2_L3_15Hz,202,fx_deconv,5.138,4E63A0FAFB47FA1EAF5D5D4FD75C3A001D36B9ADB42FF20DEFD65C606CF431A7,M2_N2_L3_15Hz_202_fx_deconv.npy,-2.046438003739933,0.01462801067466738,0.05332154281808523,1,0.0,0.0,0.03323538488674709,0.03323538488674709
M2_N2_L3_15Hz,202,wavelet_threshold,5.714,95C1E4E9C153D307D98A6CFF74EF1AFDB4B91E071FD9F55DEAF9337DA2247191,M2_N2_L3_15Hz_202_wavelet_threshold.npy,-5.329070518200751e-15,2.17320746162266e-31,1.3500584531745998e-14,1,0.0,0.0,5.344424882900393e-16,5.344424882900393e-16
M2_N2_L3_15Hz,202,ssa_decomposition,519.647,07440AD5EEA38D30CD1ABEF3525D8B9D06B8E5FEB479FB8C0D5A42F0046B2614,M2_N2_L3_15Hz_202_ssa_decomposition.npy,1.3369270925826466,0.0004483564109953217,2.2200782845482463,1,0.0,0.0,0.000738092244853173,0.000738092244853173
M2_N2_L3_15Hz,202,svd_lowrank,7.539,0A0C711B6E8D2EC36985A3577F0C76F6A924CF2651BACC504B468D4640B193DF,M2_N2_L3_15Hz_202_svd_lowrank.npy,13.320260106245005,0.0006460269558057044,29.925509859456607,1,0.0,0.0,0.0007596079450498095,0.0007596079450498095
M2_N2_L3_15Hz,303,fk_filter,1.079,7FBEE75C1C78EC4F2C5254AD56C7B92C2B0FDAD386778ECE76E794715EE09C27,M2_N2_L3_15Hz_303_fk_filter.npy,-2.3907865971544684,0.009738715696326757,0.02725765711468214,1,1.999999999999993,1.999999999999993,0.024892084292130513,0.024892084292130513
M2_N2_L3_15Hz,303,fx_deconv,2.181,04FE59A695325CE60DDB23D55742860E098A20D37125C7F08958A7E4322DB671,M2_N2_L3_15Hz_303_fx_deconv.npy,-3.6636689007262984,0.019325060484519072,-0.004178648816740031,1,0.0,0.0,0.03688567838246192,0.03688567838246192
M2_N2_L3_15Hz,303,wavelet_threshold,1.15,36F34F9B8C64F41AEB40A3F8C42B969EC270A4827C40F62C52C671EA2B34561B,M2_N2_L3_15Hz_303_wavelet_threshold.npy,6.342433067629827e-08,1.7437360363132696e-17,6.342435510681147e-08,1,0.0,0.0,5.741009558603945e-10,5.741009558603945e-10
M2_N2_L3_15Hz,303,ssa_decomposition,1808.94,B3558802AF05D5C467A14094F01A36B54493AA0641B63574F7BDAB307F855489,M2_N2_L3_15Hz_303_ssa_decomposition.npy,2.5746921181709173,0.0007075377045855822,5.323608457997354,1,0.0,0.0,0.004259996341196719,0.004259996341196719
M2_N2_L3_15Hz,303,svd_lowrank,10.349,F2B08EC53B368D53B88700ACEE3B050CD16D3C2A5337B93B5510F3C71C413B8A,M2_N2_L3_15Hz_303_svd_lowrank.npy,-0.08331778681350421,0.008625019122419504,29.96016360621121,1,0.0,0.0,0.0106019810196121,0.0106019810196121
M2_N2_L3_15Hz,404,fk_filter,1.059,8E3B3465068EE44CD806FF07636AFA8027265A923A078E23BB62925B4E31879E,M2_N2_L3_15Hz_404_fk_filter.npy,-6.465532022481424,0.03351819424727248,0.026834549246107703,1,1.9999999999999716,1.9999999999999716,0.054592554472989954,0.054592554472989954
M2_N2_L3_15Hz,404,fx_deconv,2.168,9E301A8ACBFA2AD36A69EE80223EC24ADB2DB14AB570DD6532A05C6085F437C8,M2_N2_L3_15Hz_404_fx_deconv.npy,-6.66631117617662,0.042051115883706885,0.04517101323961495,1,0.0,0.0,0.04935792215069771,0.04935792215069771
M2_N2_L3_15Hz,404,wavelet_threshold,1.332,DBFBC206CE60319E4D9EE2EABB224B4B15942BE21CCD2BC477AF881740B2080C,M2_N2_L3_15Hz_404_wavelet_threshold.npy,-3.552713678800501e-15,2.311453333880889e-31,1.3500584531745998e-14,1,0.0,0.0,6.311939268237113e-16,6.311939268237113e-16
M2_N2_L3_15Hz,404,ssa_decomposition,1183.9,3DEB0674FDDF30976C5D38333238507DFCC18392909A60C54AC27D207A658782,M2_N2_L3_15Hz_404_ssa_decomposition.npy,2.18462667951173,0.0013410479391159577,5.94897402243757,1,0.0,0.0,0.0023382026934938467,0.0023382026934938467
M2_N2_L3_15Hz,404,svd_lowrank,63.313,21909586E6735EF068BEEFC9DAD8AEF8A686F6DBB50C8666D86BE30EB3C47D64,M2_N2_L3_15Hz_404_svd_lowrank.npy,-1.4734735864879767,0.016137446662653838,29.04361439580223,1,0.0,0.0,0.017906610625764076,0.017906610625764076
M2_N2_L3_15Hz,505,fk_filter,0.951,E0190B6081D613046C990E93BBC58AE1893BFF5B4204930C26756A42951632A8,M2_N2_L3_15Hz_505_fk_filter.npy,-1.2961516913543072,0.013436993619162322,0.043621739908116026,1,4.0,4.0,0.035216324373238114,0.035216324373238114
M2_N2_L3_15Hz,505,fx_deconv,1.872,1CBF73B2BAB55C8FCBE849BA917497C540E438A83C62EAB7673E3AF0B4BCD847,M2_N2_L3_15Hz_505_fx_deconv.npy,-1.554566086076857,0.019389797470822496,-0.0321160633201133,1,0.0,0.0,0.034977197798206815,0.034977197798206815
M2_N2_L3_15Hz,505,wavelet_threshold,1.064,403CDDDB39E15D1CE515DD325F703939C92A0F49F655EE9DB8C74BE5134046A9,M2_N2_L3_15Hz_505_wavelet_threshold.npy,-3.552713678800501e-15,2.272909445743075e-31,1.0607602132086145e-14,1,0.0,0.0,5.707131681263783e-16,5.707131681263783e-16
M2_N2_L3_15Hz,505,ssa_decomposition,1316.431,A2B43AF22FF2FB14C4EDFF7706DBB0851E5C3CB78419D74351E85796BCCE7508,M2_N2_L3_15Hz_505_ssa_decomposition.npy,2.4350429848101385,0.0015141527811620746,4.439382467549481,1,2.0,2.0,0.01850714440473476,0.01850714440473476
M2_N2_L3_15Hz,505,svd_lowrank,9.715,DAC9ED7CDB0EEE959B9F8D5EDB2F36101F53F3B77D7C0E9A2B74B495BCCFA139,M2_N2_L3_15Hz_505_svd_lowrank.npy,4.173380217255886,0.0014142859893712869,8.872908304853137,1,0.0,0.0,0.0018006770708640834,0.0018006770708640834
M2_N2_L3_25Hz,101,fk_filter,2.829,915C270CAF37A26CE1445164DED39C18B8EDE9406162AC84A344EF947E8196E2,M2_N2_L3_25Hz_101_fk_filter.npy,-0.27930715562613173,0.006647880382383217,0.04763628798955921,1,0.0,0.0,0.015208735431251771,0.015208735431251771
M2_N2_L3_25Hz,101,fx_deconv,2.325,6F0FC843945D3A0FFF2C210FCE8019E3255FE92311C481620D543CCCCEC82DD6,M2_N2_L3_25Hz_101_fx_deconv.npy,-0.8011417377218919,0.0193983774650772,0.05968575661794036,1,0.0,0.0,0.0391194012917647,0.0391194012917647
M2_N2_L3_25Hz,101,wavelet_threshold,1.423,057698C73DA4ADB711CCCBF404E300460551699F3423B65AE040860A64993B40,M2_N2_L3_25Hz_101_wavelet_threshold.npy,-1.7763568394002505e-15,2.075030949504567e-31,1.3500584531745998e-14,1,0.0,0.0,7.953138070660566e-16,7.953138070660566e-16
M2_N2_L3_25Hz,101,ssa_decomposition,2369.014,4CB0F3238891A9A9D27B16F21EF6F64FB6F61A0F112F1633D03BB76C5F458530,M2_N2_L3_25Hz_101_ssa_decomposition.npy,0.675412368107354,0.015509033298030318,2.3969105533413875,1,2.0,2.0,0.051879422113138916,0.051879422113138916
M2_N2_L3_25Hz,101,svd_lowrank,11.758,530D6810333725ABDFCB427C7468AACEEE2904FFC4BA270617E833F87930ED92,M2_N2_L3_25Hz_101_svd_lowrank.npy,1.1895524125891814,0.003568018335172911,2.6917106584934327,1,0.0,0.0,0.004676588933367157,0.004676588933367157
M2_N2_L3_25Hz,202,fk_filter,0.996,437749F021BB7FE740A4B6966334DF25CD0BE5C56F2D2237E0E92B2ED5B9B61E,M2_N2_L3_25Hz_202_fk_filter.npy,-0.5626746314593234,0.007142806762837335,0.03892025455418824,1,2.0,2.0,0.024301851823216373,0.024301851823216373
M2_N2_L3_25Hz,202,fx_deconv,1.777,08861DD220AB205B8B621C5FD737215B03A30A11AE81D15D437577BEB33FE0DC,M2_N2_L3_25Hz_202_fx_deconv.npy,-0.9519153048418207,0.015207522596893086,0.12449643117718007,1,0.0,0.0,0.032958157258055315,0.032958157258055315
M2_N2_L3_25Hz,202,wavelet_threshold,1.402,46E5A31A4E5AE1422AC65C269A71159E7FEC70202A7922641C4C06F3B4F18413,M2_N2_L3_25Hz_202_wavelet_threshold.npy,-1.7763568394002505e-15,2.30118093214988e-31,1.3500584531745998e-14,1,0.0,0.0,6.351174163722824e-16,6.351174163722824e-16
M2_N2_L3_25Hz,202,ssa_decomposition,951.385,CAA94F2EB096CD18635CBF79EEFDF8A26B8741F353A83FEC2F3BED631D15D24F,M2_N2_L3_25Hz_202_ssa_decomposition.npy,1.0796142346737483,0.0039055654633640257,2.292762500757228,1,0.0,0.0,0.006715723516905722,0.006715723516905722
M2_N2_L3_25Hz,202,svd_lowrank,40.615,552213699C97CE307719FF97E7D3623B8681E9D3A49F27CA3884DD376DD63554,M2_N2_L3_25Hz_202_svd_lowrank.npy,2.1986857067533396,0.0024605260733035336,4.763127823276166,1,0.0,0.0,0.0030634982380116486,0.0030634982380116486
M2_N2_L3_25Hz,303,fk_filter,1.149,826DDFD19DA66ADAEA3634A90D581C7451CCA6769812682768C7782FEE8360F7,M2_N2_L3_25Hz_303_fk_filter.npy,-0.4398093936972991,0.0032011348373020194,0.04355629676070498,1,0.0,0.0,0.008109692319627396,0.008109692319627396
M2_N2_L3_25Hz,303,fx_deconv,1.819,4F35949A4F1052A78A38A406F54EF0F953DB55E3DA328D8C82EF89A6E0858F75,M2_N2_L3_25Hz_303_fx_deconv.npy,-1.8394287477179976,0.01778407805946936,0.13684780946671807,1,0.0,0.0,0.03775013684396673,0.03775013684396673
M2_N2_L3_25Hz,303,wavelet_threshold,1.131,9C2EA26D464D32D79AFC7A52AABF0A38F226C63FDE7F7C8794866E1C6D131E50,M2_N2_L3_25Hz_303_wavelet_threshold.npy,3.773479306801164e-10,9.892879617916755e-22,3.7735676688537187e-10,1,0.0,0.0,9.419596728637606e-12,9.419596728637606e-12
M2_N2_L3_25Hz,303,ssa_decomposition,406.984,3624A52009533D6F4982C79F2379299D793FB5C085B76D54F45B68A519E4E714,M2_N2_L3_25Hz_303_ssa_decomposition.npy,0.4211761678762844,0.010514801674296127,3.3421051335867693,1,0.0,0.0,0.034097168813769896,0.034097168813769896
M2_N2_L3_25Hz,303,svd_lowrank,3.65,D60672CD60CB14B6566E56E173F2818C7235D81A565FCBD7B81950242C60AAEA,M2_N2_L3_25Hz_303_svd_lowrank.npy,4.892859424665357,0.0011834270566466005,11.11024244703209,1,0.0,0.0,0.0018848241330742036,0.0018848241330742036
M2_N2_L3_25Hz,404,fk_filter,1.016,CD04A99C1757D2BFC068E61855196C08131686CE77AA3D933D4B1B24D799191C,M2_N2_L3_25Hz_404_fk_filter.npy,-1.7371556376297992,0.008384461112457789,0.04487356696186647,1,0.0,0.0,0.013329712545423604,0.013329712545423604
M2_N2_L3_25Hz,404,fx_deconv,1.947,E86934D1BBD1FBD1C3020593B9771D1C9C11623DE082CC7D68890CFD57F31127,M2_N2_L3_25Hz_404_fx_deconv.npy,-4.750752926979546,0.03859073740305991,0.24751329187687598,1,0.0,0.0,0.0508029119469338,0.0508029119469338
M2_N2_L3_25Hz,404,wavelet_threshold,1.267,E79270EECF55564063BA6CFF90167093B5A7BE38853632FB725C4B96B0606293,M2_N2_L3_25Hz_404_wavelet_threshold.npy,-3.552713678800501e-15,2.31724876267053e-31,1.3500584531745998e-14,1,0.0,0.0,7.707542142303402e-16,7.707542142303402e-16
M2_N2_L3_25Hz,404,ssa_decomposition,918.219,9354C2B4D1E6E1C58D8E9E0BCF4A6E1620222D9C20219DA5DDBC07A0D71184F6,M2_N2_L3_25Hz_404_ssa_decomposition.npy,-0.7428495548219551,0.009061277963463772,3.2714850707634353,1,2.0,2.0,0.0193320176137089,0.0193320176137089
M2_N2_L3_25Hz,404,svd_lowrank,11.718,02D18E155786BC52B1E17845B66468E235B35351004B017DD01F02098C1A70C9,M2_N2_L3_25Hz_404_svd_lowrank.npy,0.9874823765262022,0.013739564464579449,22.627422808331662,1,0.0,0.0,0.017350768373528766,0.017350768373528766
M2_N2_L3_25Hz,505,fk_filter,0.954,696B0A50E567687C4EBDFABAC35DD81B8EB250E3D2D14044B8855DB9C2752F9B,M2_N2_L3_25Hz_505_fk_filter.npy,-0.18751553133066512,0.0039736292235697445,0.04736075664076619,1,0.0,0.0,0.012018408065031325,0.012018408065031325
M2_N2_L3_25Hz,505,fx_deconv,2.187,1E4F8A6D5B2FEE65EE4611DD6FF0CB16A579EDB9BCD2281E7A2675AB1524B2EF,M2_N2_L3_25Hz_505_fx_deconv.npy,-0.7278144575026744,0.018087630741158014,-0.026827071910752797,1,0.0,0.0,0.03887437480561741,0.03887437480561741
M2_N2_L3_25Hz,505,wavelet_threshold,1.121,9EE17E459A087ADD06C6B64C5A5E8B5557DF74FDD372B9CE7FD266C3482131BB,M2_N2_L3_25Hz_505_wavelet_threshold.npy,-1.7763568394002505e-15,2.432037634823875e-31,1.0607602132086145e-14,1,0.0,0.0,7.167381585639901e-16,7.167381585639901e-16
M2_N2_L3_25Hz,505,ssa_decomposition,1704.251,312B60D0C7615756777C75F0C974D1C147B366866376CF2BEAE0BC2447107991,M2_N2_L3_25Hz_505_ssa_decomposition.npy,0.5016053260566702,0.021321585176661894,2.235844704303786,1,0.0,0.0,0.09571673602446405,0.09571673602446405
M2_N2_L3_25Hz,505,svd_lowrank,11.459,0FB2BEA23D8F4ED5018B42FD52B7B5096E71000644BF68E9C322935CA36AB54C,M2_N2_L3_25Hz_505_svd_lowrank.npy,1.2534300468956534,0.001429921273910679,2.6275054921727365,1,0.0,0.0,0.002012993303884512,0.002012993303884512
M2_N2_L3_40Hz,101,fk_filter,0.947,0A795DA3A0301D9EE3A0C1B2CAE6A670645791002F3ADF07E2189034A8349447,M2_N2_L3_40Hz_101_fk_filter.npy,-0.017475786517256786,0.0022973450923875712,0.04803610129788048,1,0.0,0.0,0.007199477592226366,0.007199477592226366
M2_N2_L3_40Hz,101,fx_deconv,2.087,39C850D5BE90EFC866BC654EB6AB81E875667078B904FBF40005C5A123723C73,M2_N2_L3_40Hz_101_fx_deconv.npy,-0.28003901920959473,0.024390304355307858,0.04261236559807805,1,0.0,0.0,0.044946595840050514,0.044946595840050514
M2_N2_L3_40Hz,101,wavelet_threshold,1.683,6D5DC0C3033977C7261F32A3CD207D85FADF02A778B2B7DF67384AFCEAEDB2CD,M2_N2_L3_40Hz_101_wavelet_threshold.npy,-2.6645352591003757e-15,2.572727975941624e-31,1.3500584531745998e-14,1,0.0,0.0,8.392015689678062e-16,8.392015689678062e-16
M2_N2_L3_40Hz,101,ssa_decomposition,1236.934,ECE89A3E3C80864198E681A55C31A5DC410A161CCEB5DEF75594CBC3F37F0792,M2_N2_L3_40Hz_101_ssa_decomposition.npy,0.19026295355467981,0.0522340819537855,1.4287271670924508,1,1.9999999999999964,1.9999999999999964,0.17784104951870308,0.17784104951870308
M2_N2_L3_40Hz,101,svd_lowrank,65.689,0D435EED900D50652CB8CCC4FFA393942FA2761559677A759CADC27A5E7218A2,M2_N2_L3_40Hz_101_svd_lowrank.npy,0.5217500524618317,0.0021693029335730428,1.0987011980622952,1,0.0,0.0,0.0033667484707466666,0.0033667484707466666
M2_N2_L3_40Hz,202,fk_filter,0.941,30C7D71E9718CA4E3201DB64CF2B601850AA69A3A70699971841B82599BBD5F5,M2_N2_L3_40Hz_202_fk_filter.npy,-0.03827670690645091,0.0021331646992653825,0.04644591239773167,2,0.0,0.0,0.0073978104574377425,0.008672203630520648
M2_N2_L3_40Hz,202,fx_deconv,1.802,50B5F9499C8720874F4AD7C53DD46EBB3F425B4DF3148C46906F03842620315C,M2_N2_L3_40Hz_202_fx_deconv.npy,-0.34832415314781784,0.02109391049093437,0.07333588327976635,2,0.0,0.0,0.03800676808678929,0.06076669767778917
M2_N2_L3_40Hz,202,wavelet_threshold,1.385,F847F51F8043E563A82A25A8909D4B9B029338131F9C28AE240FAE4781080FBD,M2_N2_L3_40Hz_202_wavelet_threshold.npy,-1.7763568394002505e-15,1.9317607354955934e-31,1.3500584531745998e-14,2,0.0,0.0,6.314372495278312e-16,6.997540196457389e-16
M2_N2_L3_40Hz,202,ssa_decomposition,1769.132,00A765BE3138E24562FD858EF4590CC0947206FEF7326C5B5ADA4A6EC494D5DB,M2_N2_L3_40Hz_202_ssa_decomposition.npy,0.6083832730793253,0.027383729463154354,1.9469071061428156,2,0.0,0.0,0.06152821956081593,0.10380531516085825
M2_N2_L3_40Hz,202,svd_lowrank,10.993,11352C8689464C31EB085E3C2A7EF7266DBD5FCD23BE02F9F8586294CD9298FF,M2_N2_L3_40Hz_202_svd_lowrank.npy,0.6678729754028083,0.0018992971465916966,1.3978180980408368,2,0.0,0.0,0.00251173841466917,0.0035482163370485166
M2_N2_L3_40Hz,303,fk_filter,1.463,8F9617B5DBA08FB5976DF4D88261B9766DEE3B7B3CE6FFFA0CD7D8DC19B8BAA4,M2_N2_L3_40Hz_303_fk_filter.npy,-0.051409532034709216,0.0015404898077265466,0.04712915076124062,1,0.0,0.0,0.0043343170333947955,0.0043343170333947955
M2_N2_L3_40Hz,303,fx_deconv,2.417,FD5059020842A498FB231603C60907D23CE62B9F3CBA0046D441C6130A9F9E63,M2_N2_L3_40Hz_303_fx_deconv.npy,-0.6895355259197196,0.022126339586215803,0.11550855329246656,1,0.0,0.0,0.042889374925046866,0.042889374925046866
M2_N2_L3_40Hz,303,wavelet_threshold,1.393,6149FE30A82171CE12F0FDF0D12CFA7E9725DF0A0D0DE6041121986BA4323E22,M2_N2_L3_40Hz_303_wavelet_threshold.npy,8.881784197001252e-16,3.3372496564288064e-31,1.3500584531745998e-14,1,0.0,0.0,3.908593000786389e-16,3.908593000786389e-16
M2_N2_L3_40Hz,303,ssa_decomposition,963.035,F5DB22E7A9E8AD18A9C63B1103CD08B9A6A15FD3A9118B65BC65AC49D0C03CC8,M2_N2_L3_40Hz_303_ssa_decomposition.npy,0.3870171953396824,0.032840319034432776,2.8993194791060954,1,2.0,2.0,0.1107012630655215,0.1107012630655215
M2_N2_L3_40Hz,303,svd_lowrank,10.903,B782B36E2C49CEFF1385A3DD1E1F0CE9DC1BF464B19B3EF753B4A55542E8B7EB,M2_N2_L3_40Hz_303_svd_lowrank.npy,1.0878707000774943,0.0018343918835566008,2.377321341400119,1,0.0,0.0,0.0029384654663381924,0.0029384654663381924
M2_N2_L3_40Hz,404,fk_filter,2.41,D7133B7C821E46B92F2612C841B621632C3E827A73A60FDD31F20F7B5E801D2D,M2_N2_L3_40Hz_404_fk_filter.npy,-0.31320806190159445,0.004054836222605724,0.04771649769052027,1,0.0,0.0,0.0069867194834598795,0.0069867194834598795
M2_N2_L3_40Hz,404,fx_deconv,5.212,DAB97C97442727C5405055CA8D8227B96F2376232BB82DD88AE77F40A3BA6D4E,M2_N2_L3_40Hz_404_fx_deconv.npy,-2.031614855821701,0.038620553562204694,0.24499944115650682,1,0.0,0.0,0.052341971323841004,0.052341971323841004
M2_N2_L3_40Hz,404,wavelet_threshold,4.441,214ECF481149083B6B20A5674B64D7DF894D738A24B4D9208750D5C63820B21E,M2_N2_L3_40Hz_404_wavelet_threshold.npy,-1.7763568394002505e-15,2.2597361665222472e-31,1.3500584531745998e-14,1,0.0,0.0,4.828887612144123e-16,4.828887612144123e-16
M2_N2_L3_40Hz,404,ssa_decomposition,2008.052,A4072EA61E371C3F88CF3B5AC73AE12D2EF0F6E6CB8A2E4A40376BC4D279262E,M2_N2_L3_40Hz_404_ssa_decomposition.npy,-1.2826257694681722,0.037566045277024396,2.423440850197683,1,3.9999999999999716,3.9999999999999716,0.09046244527004778,0.09046244527004778
M2_N2_L3_40Hz,404,svd_lowrank,7.777,9EA9E33C2224953FCE191FE6D1E62D33665CC5C6430CAEC4653DAB20968633A5,M2_N2_L3_40Hz_404_svd_lowrank.npy,3.6161276296469307,0.002692525372066592,8.180069852271734,1,0.0,0.0,0.0035734679330316405,0.0035734679330316405
M2_N2_L3_40Hz,505,fk_filter,0.954,1370063C55352DD03D414E5C8AE9A1AB541277246B8BA53250B3E553A5E844BC,M2_N2_L3_40Hz_505_fk_filter.npy,-0.006259835159045046,0.0015257917567302241,0.04802828890492592,2,1.0000000000000018,2.0000000000000036,0.0063903885981046755,0.007198185167533909
M2_N2_L3_40Hz,505,fx_deconv,1.854,5752CA6319F6E78192FB412CE2DF800996847DC7480A4E96E82F6AC705D1E313,M2_N2_L3_40Hz_505_fx_deconv.npy,-0.27067585493080415,0.023206773152175612,-0.008508421815660238,2,1.0000000000000018,2.0000000000000036,0.07543528489351184,0.12267934386885387
M2_N2_L3_40Hz,505,wavelet_threshold,1.268,D3FBC4FA742441F1E3DF2CEE596E28C9BDCA27FC917177C96F746AA1A14DB219,M2_N2_L3_40Hz_505_wavelet_threshold.npy,-2.6645352591003757e-15,2.184698656901102e-31,1.0607602132086145e-14,2,0.0,0.0,4.203277038088594e-16,6.273664592870648e-16
M2_N2_L3_40Hz,505,ssa_decomposition,540.648,F867BDD21739C28DBC58C8CAE2A5B82C0C49A5B298F07B1D455B0D2F825152B7,M2_N2_L3_40Hz_505_ssa_decomposition.npy,0.0696144040692448,0.06310385188656249,1.2222444640594323,2,2.9999999999999982,3.9999999999999964,0.24592559874224695,0.27005014737173405
M2_N2_L3_40Hz,505,svd_lowrank,9.277,E4202D678A30C660A4C410DDEDFAF91C1FF56F072B17ECAAEF88AD4D9A5E4DE3,M2_N2_L3_40Hz_505_svd_lowrank.npy,0.4164614339288717,0.0029523545684784296,0.9018671491543516,2,0.0,0.0,0.004664539129459625,0.0049050622831601325
M2_N3_L1_15Hz,101,fk_filter,0.94,E28A4EA26CCAEBE074334D499DAF7F26225FF0F57365D3530F2DF0A024A18652,M2_N3_L1_15Hz_101_fk_filter.npy,4.044340517842494,0.0198145585764678,27.51211665478269,1,2.000000000000007,2.000000000000007,0.04089414322535486,0.04089414322535486
M2_N3_L1_15Hz,101,fx_deconv,1.997,5432E12580399A1DE87A93571796ADE5C2DBD135D5325ED95A4057998E7DDFAB,M2_N3_L1_15Hz_101_fx_deconv.npy,-1.3493210384280072,0.030212722937685732,0.5946013641752914,1,1.999999999999993,1.999999999999993,0.028566330156122987,0.028566330156122987
M2_N3_L1_15Hz,101,wavelet_threshold,1.067,7EE31F5FF9AE65B00C0E8BE8BD06AEE8E4DADEB9B3A764C1246CBFD0DDEF4E14,M2_N3_L1_15Hz_101_wavelet_threshold.npy,0.03634228692516217,0.007153614992499542,0.03646453500527712,1,0.0,0.0,0.010034115191842293,0.010034115191842293
M2_N3_L1_15Hz,101,ssa_decomposition,1375.168,E0E219BF0064983BA1C4F52AFD4AA1B25F0A0453888F6DAB217DB38A1775B978,M2_N3_L1_15Hz_101_ssa_decomposition.npy,-0.023900731285255716,0.008544932339681914,0.10543939926178456,1,2.000000000000007,2.000000000000007,0.005837566746385254,0.005837566746385254
M2_N3_L1_15Hz,101,svd_lowrank,13.233,31925F92E8B80CE0ABC1540C3CDFDCA7F725D4886BD6D22E6F21D8CA950104B8,M2_N3_L1_15Hz_101_svd_lowrank.npy,3.406238332635553,0.007749436343542129,7.134215732326731,1,0.0,0.0,0.007015326365649463,0.007015326365649463
M2_N3_L1_15Hz,202,fk_filter,0.907,DCCC31F1425A797515BD47D5FBA7CFD39D5B901754B6A34CA08CC9AD19CA1EF5,M2_N3_L1_15Hz_202_fk_filter.npy,1.4095206340387865,0.031050600004996355,29.233029230099653,1,6.0,6.0,0.08893170906125598,0.08893170906125598
M2_N3_L1_15Hz,202,fx_deconv,2.114,904DDD154807CFCC0DB6031F5CB3643167F13E1F04976986DABADF9BA7FD147F,M2_N3_L1_15Hz_202_fx_deconv.npy,-1.2686740172124455,0.025165681777301847,0.5173042693600962,1,0.0,0.0,0.028035321558518095,0.028035321558518095
M2_N3_L1_15Hz,202,wavelet_threshold,1.574,2F93A9E2EBC6A39DF31BF608DFE964B30DBEEF21482052905C75287D1D3C209B,M2_N3_L1_15Hz_202_wavelet_threshold.npy,0.04325098538243566,0.006846636911961459,0.04341829355170555,1,0.0,0.0,0.008728583216468912,0.008728583216468912
M2_N3_L1_15Hz,202,ssa_decomposition,1069.092,B65B8EE2DFAC0EC3CC8A048445959FF627214C1D103FE0070B10D585398C9D88,M2_N3_L1_15Hz_202_ssa_decomposition.npy,0.035930349622478985,0.007651969318831066,0.09341559353416895,1,0.0,0.0,0.009067442657444913,0.009067442657444913
M2_N3_L1_15Hz,202,svd_lowrank,14.136,00DD17ED3C99A9D7E5B871D604C38564DF50C840EA12A39EDA56BD863E2E78CA,M2_N3_L1_15Hz_202_svd_lowrank.npy,3.851678199658023,0.005996469849753099,7.8519535154852305,1,0.0,0.0,0.006141881476395176,0.006141881476395176
M2_N3_L1_15Hz,303,fk_filter,1.602,4A5E4B36696CB1151E4E57FC219CB94D592AFBB60AA567E3D9353604DDF10364,M2_N3_L1_15Hz_303_fk_filter.npy,6.0158716656421465,0.01017361290253303,26.344803959601172,1,1.999999999999993,1.999999999999993,0.022098346481034196,0.022098346481034196
M2_N3_L1_15Hz,303,fx_deconv,1.893,9B8174CA179203081804B7A3733EC396478FFBD1F856D5A14B13F162DB3C74E9,M2_N3_L1_15Hz_303_fx_deconv.npy,-1.3446329730157043,0.0313252766668063,0.6010898821668456,1,0.0,0.0,0.028378709455497666,0.028378709455497666
M2_N3_L1_15Hz,303,wavelet_threshold,1.054,349CF9D319FB01CF5F9C3BABF88BA4B73B04D583BEB61E2EF1646BFF2AB0BD0B,M2_N3_L1_15Hz_303_wavelet_threshold.npy,0.04341496592882166,0.00858332904730076,0.043603960175897134,1,0.0,0.0,0.01445988694761913,0.01445988694761913
M2_N3_L1_15Hz,303,ssa_decomposition,1831.677,6D71A7B9897AE9BC19DFF9F3F7D0F98CA58CB3955F8212BDD47D684F77F3AB37,M2_N3_L1_15Hz_303_ssa_decomposition.npy,-0.04633991235215085,0.009962203962738178,0.07238687087410658,1,0.0,0.0,0.010403015929487301,0.010403015929487301
M2_N3_L1_15Hz,303,svd_lowrank,9.924,9060E582698885960EBA0DFBAB6E56414046D56BB1D189ADBF3A10F1821A7116,M2_N3_L1_15Hz_303_svd_lowrank.npy,3.4825935519602407,0.008603806658688167,7.229718080994369,1,0.0,0.0,0.009837697503675632,0.009837697503675632
M2_N3_L1_15Hz,404,fk_filter,1.305,D383675EBA290337F0D00237BFB09FF68A306C2DB19AFC1AC4133D6F4496C7B9,M2_N3_L1_15Hz_404_fk_filter.npy,2.729665824558449,0.03389036320897049,30.123294970807507,1,1.9999999999999716,1.9999999999999716,0.054595741295481684,0.054595741295481684
M2_N3_L1_15Hz,404,fx_deconv,2.04,F27EBBFE8E6E1E087F5AF3103503F4CBD4F1051EE68575F61E0B70C5940DC4E5,M2_N3_L1_15Hz_404_fx_deconv.npy,-1.7975786851834705,0.06065581788777953,0.6435543322910457,1,0.0,0.0,0.03770178370238051,0.03770178370238051
M2_N3_L1_15Hz,404,wavelet_threshold,1.039,2253994746DB84A8DDF7EC44310C401BAE20814C84B94D6F8F3722A990CC965D,M2_N3_L1_15Hz_404_wavelet_threshold.npy,0.03854862944104198,0.01474524895472336,0.03870871857788849,1,0.0,0.0,0.017362091764528565,0.017362091764528565
M2_N3_L1_15Hz,404,ssa_decomposition,1267.341,D0A7B6EE14774D5CE1EDCCAC039486196E2FFB669A1FCBDE85AB3069A7577BD8,M2_N3_L1_15Hz_404_ssa_decomposition.npy,-0.008852755699265913,0.017118776015075252,0.16498570899808046,1,2.0,2.0,0.017774744278710862,0.017774744278710862
M2_N3_L1_15Hz,404,svd_lowrank,6.555,50D0BAD2504E5DCCA24933473EEC64B3A3AA14A7E58AEA8B77E57ADB3D3F4D9A,M2_N3_L1_15Hz_404_svd_lowrank.npy,3.2923369544987224,0.014122992903584144,6.945967304882036,1,0.0,0.0,0.012031247864212868,0.012031247864212868
M2_N3_L1_15Hz,505,fk_filter,0.971,3C39327E69BBAECBC9085F1F520EC59275FCD63DA0B2008997F024D65A178479,M2_N3_L1_15Hz_505_fk_filter.npy,4.3552153652227314,0.013365544942414341,26.22970531270173,1,4.0,4.0,0.034039795053114594,0.034039795053114594
M2_N3_L1_15Hz,505,fx_deconv,1.973,FD6EFCB86AA80F5B7501FBD8D647886BAC04AE3CEFCE2A36704FD96C4BF01EB2,M2_N3_L1_15Hz_505_fx_deconv.npy,-1.343153167703763,0.028944287343083686,0.6689249176101839,1,2.0,2.0,0.024850866494750132,0.024850866494750132
M2_N3_L1_15Hz,505,wavelet_threshold,1.047,A1D76453ACB07CFE503C64D63DBB8D27AA6C0446E92F6B027EC3F91C7A297199,M2_N3_L1_15Hz_505_wavelet_threshold.npy,0.04217305499687107,0.005678444333363148,0.0423417206334964,1,0.0,0.0,0.014752654225146078,0.014752654225146078
M2_N3_L1_15Hz,505,ssa_decomposition,1955.164,DA3C84E70542D10E7D8F6923F21F7F9F54634B7AC34E42C1B64667F48772F2AF,M2_N3_L1_15Hz_505_ssa_decomposition.npy,-0.07644794823404766,0.007561846802150183,0.03561063301378616,1,2.0,2.0,0.002457027075306164,0.002457027075306164
M2_N3_L1_15Hz,505,svd_lowrank,10.761,810518B2E3E405FAFEE25947DDB8F712CB6DE068CEE5C299D2E6CD40EB2E39AA,M2_N3_L1_15Hz_505_svd_lowrank.npy,3.5194111412964215,0.005308793564128381,7.196955411643556,1,0.0,0.0,0.011532082260496982,0.011532082260496982
M2_N3_L1_25Hz,101,fk_filter,0.954,AC96A4041515A96D59DB8497E95811BA5638350E82627ACD625629F74C415EF3,M2_N3_L1_25Hz_101_fk_filter.npy,7.595529974851297,0.006654429390440217,28.375469002246575,1,0.0,0.0,0.014737712200615568,0.014737712200615568
M2_N3_L1_25Hz,101,fx_deconv,1.856,114E3CA6B21CACE52AE3A81D98CF47868D2E1DB943E1C78A5F26B06F25999B0F,M2_N3_L1_25Hz_101_fx_deconv.npy,-1.2594888987157837,0.021389625880810476,0.3717795175841412,1,0.0,0.0,0.02645876711004607,0.02645876711004607
M2_N3_L1_25Hz,101,wavelet_threshold,1.096,D8E0C88F25B2889D895E187B564CB4FA70D1818492F9F5AB7532E80D05FE91B9,M2_N3_L1_25Hz_101_wavelet_threshold.npy,0.0365142550533335,0.004371525862391016,0.036636710132176294,1,0.0,0.0,0.008386689918228498,0.008386689918228498
M2_N3_L1_25Hz,101,ssa_decomposition,1848.407,5F5AD1D05D2DCCE7B81E677567D65576D9E1F69713F08715207E04860D580E39,M2_N3_L1_25Hz_101_ssa_decomposition.npy,-0.5144450105004825,0.020389663950841536,1.3679346882610355,1,0.0,0.0,0.04096939848646845,0.04096939848646845
M2_N3_L1_25Hz,101,svd_lowrank,13.452,BC7B23048358CF3ABFA4BB861666E6FCB28186B4AA8A3624396F20AF8C0D6EB1,M2_N3_L1_25Hz_101_svd_lowrank.npy,3.4640177026878387,0.00411213660368996,7.143415306836415,1,0.0,0.0,0.005424284543632157,0.005424284543632157
M2_N3_L1_25Hz,202,fk_filter,0.924,4D4CDC9481F88269435C75ACABAA889BE5323254E8ED9E2EB39B2F55A1F9D078,M2_N3_L1_25Hz_202_fk_filter.npy,6.366626191409328,0.007456922928049102,29.709569740975756,1,2.0,2.0,0.02481655581512727,0.02481655581512727
M2_N3_L1_25Hz,202,fx_deconv,1.779,51B837790929E1403DE3B2F0E2EC60EB0B66BA4F86679A035979DC94E81D6643,M2_N3_L1_25Hz_202_fx_deconv.npy,-1.1530714647154916,0.01903610762930191,0.3257781725390946,1,0.0,0.0,0.02349187728778185,0.02349187728778185
M2_N3_L1_25Hz,202,wavelet_threshold,2.088,B5C044C8195B60A8BD8E8158EC026B5DADE7EB8B3FD5857B82B8D977BD546540,M2_N3_L1_25Hz_202_wavelet_threshold.npy,0.0433476331581506,0.004593380188574199,0.043516157675297706,1,0.0,0.0,0.00804228717952162,0.00804228717952162
M2_N3_L1_25Hz,202,ssa_decomposition,1948.551,56E352D4A5C16ACFB9E61FD7F9110438A48C0494D2E39F6C4AFC916B1BE1B281,M2_N3_L1_25Hz_202_ssa_decomposition.npy,0.29864679156383644,0.007878094983423931,0.627979257404687,1,2.0,2.0,0.00044816557167295603,0.00044816557167295603
M2_N3_L1_25Hz,202,svd_lowrank,35.403,546B0161EE618EB3E98DC3E0226E3BE12FD5145EC3071C8B22936B6C6147357C,M2_N3_L1_25Hz_202_svd_lowrank.npy,3.6795894312004407,0.0033521156166752748,7.536171310933791,1,0.0,0.0,0.0043928577423939675,0.0043928577423939675
M2_N3_L1_25Hz,303,fk_filter,1.28,E9E07FCA4BC11DBB6C8675E106DF158AFB35FDB01824BE91D336AE64089946CC,M2_N3_L1_25Hz_303_fk_filter.npy,9.207250645382468,0.003429519959465397,26.96908901062524,1,0.0,0.0,0.006237264792078886,0.006237264792078886
M2_N3_L1_25Hz,303,fx_deconv,1.912,41E9E814F3C7B8EF1A6159DACC221D26A71B1BD59F78D0ACB5A437F74E155980,M2_N3_L1_25Hz_303_fx_deconv.npy,-1.2582863234734543,0.021930580560667406,0.4198888083707087,1,0.0,0.0,0.031849902519602465,0.031849902519602465
M2_N3_L1_25Hz,303,wavelet_threshold,1.426,A32B1DC1A5CFCF526B615AECBF4017AB3CF38A5D53D63959A5AD5D5321A2333D,M2_N3_L1_25Hz_303_wavelet_threshold.npy,0.044751624520573685,0.005333840934414495,0.04496003469939895,1,0.0,0.0,0.01013751233923224,0.01013751233923224
M2_N3_L1_25Hz,303,ssa_decomposition,1516.97,8A42A05720649CE8564B8A2006E46CA31A467B527A67A3DFE077FA9238715F67,M2_N3_L1_25Hz_303_ssa_decomposition.npy,-0.16918788785527994,0.01661518817267013,1.2335004267532972,1,0.0,0.0,0.025458010912453956,0.025458010912453956
M2_N3_L1_25Hz,303,svd_lowrank,12.955,33E6676A99D0D212AC1C1724BCB6871419BDEB8DA412DF9DC04EE197C380C61F,M2_N3_L1_25Hz_303_svd_lowrank.npy,3.414168354144387,0.004880357163595565,7.394975225930076,1,0.0,0.0,0.005554610865481531,0.005554610865481531
M2_N3_L1_25Hz,404,fk_filter,0.929,43ED040A4A58FA407BB436E1ED8FCDF47D03C70532B5F3FD935F56719E1AF24B,M2_N3_L1_25Hz_404_fk_filter.npy,7.820766202188333,0.008679591165610661,29.759533006903954,1,2.0,2.0,0.012930762153822386,0.012930762153822386
M2_N3_L1_25Hz,404,fx_deconv,2.284,806E5A83B49CC87E9E521DBAE300CDB6A263A7BB42C1D50CF015B8BF82798276,M2_N3_L1_25Hz_404_fx_deconv.npy,-1.7551306192835963,0.05001103045279108,0.33090768305465657,1,0.0,0.0,0.03286506367221707,0.03286506367221707
M2_N3_L1_25Hz,404,wavelet_threshold,1.44,0CF361575CC42B4DA1181FED81ADC5B19E8E5B288E1318FCE359865F6DF887DE,M2_N3_L1_25Hz_404_wavelet_threshold.npy,0.039306476540110324,0.011037905456390062,0.039477333063988936,1,0.0,0.0,0.01628600790289118,0.01628600790289118
M2_N3_L1_25Hz,404,ssa_decomposition,1817.903,CDE61FD31680D35AF4B1F3EE52167269C0414FD57DEBE2E92F37601A1278741E,M2_N3_L1_25Hz_404_ssa_decomposition.npy,0.019098381916887064,0.020181604536045228,1.0257309739675258,1,0.0,0.0,0.012149895482468009,0.012149895482468009
M2_N3_L1_25Hz,404,svd_lowrank,40.997,D81B5F5A3BA4C23577E3257124EED3627E466256100D8D2B52FEAFA85305C219,M2_N3_L1_25Hz_404_svd_lowrank.npy,3.3751011707349843,0.00872321599199993,7.038756516371092,1,0.0,0.0,0.009667554357004613,0.009667554357004613
M2_N3_L1_25Hz,505,fk_filter,1.138,E32E58345F2DA92E7E59CCAC42FE72787391AB4A2001DCABA317ABF394D29562,M2_N3_L1_25Hz_505_fk_filter.npy,7.918574753036033,0.0037657065837223475,25.09342235144359,1,0.0,0.0,0.010261246552976219,0.010261246552976219
M2_N3_L1_25Hz,505,fx_deconv,1.913,70EF1214345A11163C201668FC3ED201AA80F9C3AFD0AF7F5F8B2573D62C4DAB,M2_N3_L1_25Hz_505_fx_deconv.npy,-1.2469518528722308,0.021461306196119533,0.5313909996697325,1,0.0,0.0,0.024341089679951265,0.024341089679951265
M2_N3_L1_25Hz,505,wavelet_threshold,1.071,E1753711F63DF6493EB91829519BA2059D30EC37039F1C38D539A8C6F0872BDE,M2_N3_L1_25Hz_505_wavelet_threshold.npy,0.042668013337396005,0.0034582940950974783,0.04283884466436523,1,0.0,0.0,0.01149178759414509,0.01149178759414509
M2_N3_L1_25Hz,505,ssa_decomposition,321.343,D558DDDA779367C9D05E60F5CEF72A39BB27CC3A7CA4CD478FB351E5386C62D2,M2_N3_L1_25Hz_505_ssa_decomposition.npy,-0.6115360021331195,0.026085943129084833,1.4060351930978356,1,0.0,0.0,0.08218489276997379,0.08218489276997379
M2_N3_L1_25Hz,505,svd_lowrank,4.899,916E311250FF4E40095A47D2DE327E2C5DB013168F006903AC60A896CECC981D,M2_N3_L1_25Hz_505_svd_lowrank.npy,3.3447317180189735,0.003636814154002526,7.135627557267714,1,0.0,0.0,0.006197490330020653,0.006197490330020653
M2_N3_L1_40Hz,101,fk_filter,0.947,DE1D8C79C2B509FE1D422D836420470AC1D673C3E635D37E3D067576B3CCE918,M2_N3_L1_40Hz_101_fk_filter.npy,10.053162482793281,0.002423796893690858,28.891771843451085,1,0.0,0.0,0.0067878736973422255,0.0067878736973422255
M2_N3_L1_40Hz,101,fx_deconv,2.353,C4B46EA81710ECE771FAF67AD04DFD54BC3C9414A3DF8278489B84B15E139A3F,M2_N3_L1_40Hz_101_fx_deconv.npy,-1.36368650326013,0.021112573043251665,0.23644395279532754,1,0.0,0.0,0.029598670509119296,0.029598670509119296
M2_N3_L1_40Hz,101,wavelet_threshold,1.065,5FB617A5F3904928BBE4B16FCAE667295BC14B4055B2310B8FCB393E0FDB1CAD,M2_N3_L1_40Hz_101_wavelet_threshold.npy,0.037113835178619325,0.0029813587649016714,0.03723906140261861,1,0.0,0.0,0.0071302047514793165,0.0071302047514793165
M2_N3_L1_40Hz,101,ssa_decomposition,1598.14,D3384C4429C3A35C89CADEEF89ACC339FDD5B0F87446A34C3D95BCAEA5C1AF99,M2_N3_L1_40Hz_101_ssa_decomposition.npy,-1.7980841098094942,0.048789654765268455,5.211034419643568,1,5.9999999999999964,5.9999999999999964,0.15004296261149497,0.15004296261149497
M2_N3_L1_40Hz,101,svd_lowrank,9.927,21284A43139DDF9FB9A3504F60115788C7A9C4902E707659DB01FE8497EDEDA1,M2_N3_L1_40Hz_101_svd_lowrank.npy,3.431777263033382,0.002820973481767027,7.227601069400409,1,0.0,0.0,0.00328040151506736,0.00328040151506736
M2_N3_L1_40Hz,202,fk_filter,0.934,B7F670128EFCDD428640BDC45B32B003AD2A962F8E86BF796FC9503168577761,M2_N3_L1_40Hz_202_fk_filter.npy,9.971339656220653,0.0023350537003022126,29.596573848253467,2,0.0,0.0,0.007994352716243205,0.00955988282415977
M2_N3_L1_40Hz,202,fx_deconv,2.376,558C7949F7F908CCDB505E7FE340D67C5F2D61BBF68634B11BAFAE27DD028991,M2_N3_L1_40Hz_202_fx_deconv.npy,-1.2778381066157678,0.01991813525272468,0.21615042925712283,2,0.0,0.0,0.026002806927918152,0.0469738302484683
M2_N3_L1_40Hz,202,wavelet_threshold,1.066,70E23396D936187F0819749F603D0E54B9BB89DB98DF8B8D36F82CFAF419E456,M2_N3_L1_40Hz_202_wavelet_threshold.npy,0.04353557566153654,0.003198575506752529,0.04370445497873168,2,0.0,0.0,0.007238345850287119,0.008556375580714037
M2_N3_L1_40Hz,202,ssa_decomposition,348.031,1676FED1E4BCBF6402759E4A82BDA3B3D2BF86EBD32F58CF5FEB541CE3C8B869,M2_N3_L1_40Hz_202_ssa_decomposition.npy,0.782176916016148,0.00996312313391298,1.9558536584682182,2,1.9999999999999982,2.0,0.015708893364310448,0.03070795054946327
M2_N3_L1_40Hz,202,svd_lowrank,6.905,C91A2A5C6C7DB2F46B1B814F8F46D45563183DDB3A7C96BBEC01079BA0E98B09,M2_N3_L1_40Hz_202_svd_lowrank.npy,3.664338430122797,0.002472951392480384,7.590248928264569,2,0.0,0.0,0.002782196703114592,0.0031199382450569743
M2_N3_L1_40Hz,303,fk_filter,1.728,069F5108557667D53FE906C39C5C574947036D84F119A8955A8417DB5B3BCEBA,M2_N3_L1_40Hz_303_fk_filter.npy,10.77874582370328,0.0016871714080542862,27.438195853314475,1,0.0,0.0,0.0032979604341776213,0.0032979604341776213
M2_N3_L1_40Hz,303,fx_deconv,2.674,52B61C74E7DFD01F425286713EAB7EC784982D0477F7ECF1EC7082F310E0868B,M2_N3_L1_40Hz_303_fx_deconv.npy,-1.3753433475303023,0.021230259377499408,0.2829697308962988,1,0.0,0.0,0.037508537007942,0.037508537007942
M2_N3_L1_40Hz,303,wavelet_threshold,1.147,497820C84567D2EC565ECFA98633949B6C36D68C4D36A0C27CAED265E0960A74,M2_N3_L1_40Hz_303_wavelet_threshold.npy,0.04667607176558697,0.0035910400883068425,0.046900649711269886,1,0.0,0.0,0.008128531042218466,0.008128531042218466
M2_N3_L1_40Hz,303,ssa_decomposition,1179.223,3915E494B9C0D2C4C6EE4728AF70633AE2FFFCA95EFF043A2105EAAE9AF00F06,M2_N3_L1_40Hz_303_ssa_decomposition.npy,-0.49764311048755694,0.028002738817151276,4.473710847843328,1,0.0,0.0,0.07700346639817633,0.07700346639817633
M2_N3_L1_40Hz,303,svd_lowrank,11.043,2E54B2ECC8C54CDADE79578AFF9882A2D23DB263410B536EDAF4113D82911E34,M2_N3_L1_40Hz_303_svd_lowrank.npy,3.2023714248958317,0.0032354290707504955,6.890410606377936,1,0.0,0.0,0.00473029715217005,0.00473029715217005
M2_N3_L1_40Hz,404,fk_filter,0.91,A278C7713E8B13CE84EBA4033F740A7AF4E1752FEB6ADD0D5EB2656E7F0AA859,M2_N3_L1_40Hz_404_fk_filter.npy,9.831048806393095,0.004248160360579184,29.70615147481025,1,0.0,0.0,0.006634805386595733,0.006634805386595733
M2_N3_L1_40Hz,404,fx_deconv,2.441,1E2146563B2B193F2B8B0E561766EE6278723CA97DA22FE171353CFCD185A2CE,M2_N3_L1_40Hz_404_fx_deconv.npy,-1.6926100121431293,0.043283484589566636,0.2049640448601557,1,0.0,0.0,0.030558814948516075,0.030558814948516075
M2_N3_L1_40Hz,404,wavelet_threshold,1.033,549FAEDC38422E1B3B3BC4705BD8EC0D1268F962D29493796051A5C47811BB8F,M2_N3_L1_40Hz_404_wavelet_threshold.npy,0.04020976040927593,0.008582270448349234,0.0403918661454409,1,0.0,0.0,0.015138832465900974,0.015138832465900974
M2_N3_L1_40Hz,404,ssa_decomposition,2025.561,E54545D0FF0B1230AF6A0646937496B604192F7E86E24B806D38B7880C2D165D,M2_N3_L1_40Hz_404_ssa_decomposition.npy,-0.9619932668180518,0.04943211138248127,3.151763429613866,1,0.0,0.0,0.08634296920114624,0.08634296920114624
M2_N3_L1_40Hz,404,svd_lowrank,33.585,847502A576F4476BFAF987391F21CB4D137CD7E2A8DCC3E9CCC0D32DAFD088AE,M2_N3_L1_40Hz_404_svd_lowrank.npy,3.2857697546767426,0.006401739593539734,7.0442449566940715,1,0.0,0.0,0.005999891110700397,0.005999891110700397
M2_N3_L1_40Hz,505,fk_filter,1.713,4F1B3C0D9D3BE0B3E333F9FA4401214A91E4A9A3B611EF160FD667D416F415C1,M2_N3_L1_40Hz_505_fk_filter.npy,9.803286290336592,0.0014598927866808257,25.21255488663295,2,1.0000000000000018,2.0000000000000036,0.005190505792868569,0.0070270867433533364
M2_N3_L1_40Hz,505,fx_deconv,5.013,7015596F44EC9F03825F63566491BB6D726AD66A0BE5078DC915157A8EC06F2A,M2_N3_L1_40Hz_505_fx_deconv.npy,-1.3578118638869423,0.021424618483109333,0.3849182022336265,2,0.0,0.0,0.029462161218720875,0.051454878600973517
M2_N3_L1_40Hz,505,wavelet_threshold,1.223,945225AB9452B472589B79C09A166AB4BE37A0886C92127C5A6C5279080C684D,M2_N3_L1_40Hz_505_wavelet_threshold.npy,0.04350531075485087,0.0023713872037294656,0.04368287766090688,2,0.0,0.0,0.008686446794825756,0.012671104790655086
M2_N3_L1_40Hz,505,ssa_decomposition,1968.553,33B91A7901BC0F833D4DFAE252519AD4A8DBE7E80D763102354180F1DC18B914,M2_N3_L1_40Hz_505_ssa_decomposition.npy,-2.2845556589994125,0.06588030358941054,4.799988433622274,2,1.9999999999999982,2.0,0.23570400470942143,0.2572903640912938
M2_N3_L1_40Hz,505,svd_lowrank,8.08,DE8DA4C5EC5ABFC00FD42604865A8345A5B47744DF675B899788449DD3044E8A,M2_N3_L1_40Hz_505_svd_lowrank.npy,3.2688911935090044,0.002580091445052072,6.970556358770664,2,0.0,0.0,0.004261725782794101,0.007441085782743162
M2_N3_L2_15Hz,101,fk_filter,0.998,CE8816A0D088C36FACFB9C9676A835CD2E69264D85C2B770934773FACCDC15E6,M2_N3_L2_15Hz_101_fk_filter.npy,9.080801263017243,0.020170827752813425,28.45947130328518,1,2.000000000000007,2.000000000000007,0.04016214442419592,0.04016214442419592
M2_N3_L2_15Hz,101,fx_deconv,2.522,50462CB3F66D70523A4BEB68CADC25563450C506C2419155A43637CA6AEF9A02,M2_N3_L2_15Hz_101_fx_deconv.npy,-0.353775412787531,0.052181539884269275,0.25316595411112264,1,1.999999999999993,1.999999999999993,0.0024122521766729286,0.0024122521766729286
M2_N3_L2_15Hz,101,wavelet_threshold,1.105,A97DA526494EA78F0921133734A4E0DEDCD89199846288656C8FA3E8CC6EC65E,M2_N3_L2_15Hz_101_wavelet_threshold.npy,0.03631056510295405,0.028607815963362912,0.03642851535996927,1,0.0,0.0,0.04340834981628731,0.04340834981628731
M2_N3_L2_15Hz,101,ssa_decomposition,1107.891,7A53E8331AA1999C4F2FC635A988A6A48EA97B81C55A8041EA70CAF8DF4C93F9,M2_N3_L2_15Hz_101_ssa_decomposition.npy,-0.0033735261012601825,0.030683991848157424,0.043630988736989215,1,2.000000000000007,2.000000000000007,0.0382609197600026,0.0382609197600026
M2_N3_L2_15Hz,101,svd_lowrank,6.497,6AF124E1E7D9546B891309CFB1B5104BC78A267097567D02A039936A879ECD93,M2_N3_L2_15Hz_101_svd_lowrank.npy,0.7298730646042229,0.030891721250743402,1.5618730005682187,1,0.0,0.0,0.03671353690982436,0.03671353690982436
M2_N3_L2_15Hz,202,fk_filter,1.605,9AB38DDCB0C48DD9F685A89F22C12D483719E18B2E5E3DB0973665A3A053B309,M2_N3_L2_15Hz_202_fk_filter.npy,6.859354691157954,0.03273763423709606,29.32154737844977,1,6.0,6.0,0.0877816893538982,0.0877816893538982
M2_N3_L2_15Hz,202,fx_deconv,1.819,E6C59659B5369DFF8414B6297E382C0C31DDB9A238776730FD553D2FEDE01924,M2_N3_L2_15Hz_202_fx_deconv.npy,-0.3265789204335965,0.047314565691111324,0.22376963002174238,1,0.0,0.0,0.001280726844110836,0.001280726844110836
M2_N3_L2_15Hz,202,wavelet_threshold,1.078,448C93586AC1B5495CAD24C158607AA549046A1C89B491316695CB1CA78D9013,M2_N3_L2_15Hz_202_wavelet_threshold.npy,0.0433254246069783,0.027379232544815217,0.043487607614514055,1,0.0,0.0,0.03858499019394037,0.03858499019394037
M2_N3_L2_15Hz,202,ssa_decomposition,1777.777,956D8FD746804CB9801FB6277E28E2DFA27D6B62AE0915EE18E7DD782B953586,M2_N3_L2_15Hz_202_ssa_decomposition.npy,0.014063723851553966,0.029395473721856278,0.04260780057202169,1,0.0,0.0,0.040011180562963204,0.040011180562963204
M2_N3_L2_15Hz,202,svd_lowrank,7.242,9F29ABED76066F31AAECD28A11F6F09CA4726075A9FC393E5A6C0A898CBBA752,M2_N3_L2_15Hz_202_svd_lowrank.npy,0.7242297647211071,0.025299987090734374,1.5027705207266286,1,0.0,0.0,0.03274443160687006,0.03274443160687006
M2_N3_L2_15Hz,303,fk_filter,1.026,639209DAD5DB3E9FEEDECCA36A8A0E19BC109C517A9EACB080D4D2BA0D3685D3,M2_N3_L2_15Hz_303_fk_filter.npy,10.335981402134603,0.011353388878489622,27.116030395682664,1,1.999999999999993,1.999999999999993,0.01776156087043757,0.01776156087043757
M2_N3_L2_15Hz,303,fx_deconv,2.388,B0C0B4F537AD1F5F48D6A7679F3CAA01D1C5C727EFB01FA3332F53C7C18DDAC0,M2_N3_L2_15Hz_303_fx_deconv.npy,-0.3493063976059343,0.058341297635058895,0.2841861546343659,1,0.0,0.0,0.013536358891024126,0.013536358891024126
M2_N3_L2_15Hz,303,wavelet_threshold,1.169,D9EC8C7C139FEC0A35EDCA2C7965B486917A44BFE9BDAD4117684CE61EFFF0A7,M2_N3_L2_15Hz_303_wavelet_threshold.npy,0.04362438460959428,0.03431703152771712,0.043799588976741986,1,0.0,0.0,0.05760424438868917,0.05760424438868917
M2_N3_L2_15Hz,303,ssa_decomposition,905.596,4F0C25067C1B68E0CFC23E9D5B84E899C07E22CC0C86E73DB1C0FB66FCCDE805,M2_N3_L2_15Hz_303_ssa_decomposition.npy,0.002424956883283258,0.03669632961130988,0.044175803449266096,1,0.0,0.0,0.052688375302697,0.052688375302697
M2_N3_L2_15Hz,303,svd_lowrank,5.828,74293ED1C3FFC3D4261E2D5EA56524AA4C57AA25FDF00FA0BFB36DB96D60E1F3,M2_N3_L2_15Hz_303_svd_lowrank.npy,0.762621672800365,0.03757527689686255,1.6555568206011104,1,0.0,0.0,0.0466756290825627,0.0466756290825627
M2_N3_L2_15Hz,404,fk_filter,0.919,CDAA00C761612E07BBEA00B5E38A1882B832FA0E0A111F2555020F1202696A76,M2_N3_L2_15Hz_404_fk_filter.npy,8.023939808788716,0.03526208480496576,29.959311022608702,1,1.9999999999999716,1.9999999999999716,0.05295412674405493,0.05295412674405493
M2_N3_L2_15Hz,404,fx_deconv,1.824,629AD59FB13EE09B523D6137CDBC6F3125E3AC57BA08E61AB23AC0CA2EA86E6F,M2_N3_L2_15Hz_404_fx_deconv.npy,-0.5172952974612395,0.10953770509076241,0.2673912576353348,1,0.0,0.0,0.01284620638340101,0.01284620638340101
M2_N3_L2_15Hz,404,wavelet_threshold,1.035,C70274201A66C0D91DA68BC35D8046462349DFAB18FE92738FF72E48FAE1F32D,M2_N3_L2_15Hz_404_wavelet_threshold.npy,0.038598952709775425,0.058971105721562916,0.03875098156230096,1,0.0,0.0,0.0706701889478788,0.0706701889478788
M2_N3_L2_15Hz,404,ssa_decomposition,777.467,BCFB1ED04862F29ADA3E585A255740F168B3DC72152DD344AC80107BDCA485D0,M2_N3_L2_15Hz_404_ssa_decomposition.npy,0.020491129218187965,0.06319858984763099,0.08516698991633931,1,2.0,2.0,0.07051922835744084,0.07051922835744084
M2_N3_L2_15Hz,404,svd_lowrank,66.116,42E03F0C2730BBC2DDDCD2DD4B1A3F20D8053F30357AD368F4CBA9046A73CE3B,M2_N3_L2_15Hz_404_svd_lowrank.npy,0.7353333212220017,0.05788414460513157,1.5850022138996664,1,0.0,0.0,0.06010215815467681,0.06010215815467681
M2_N3_L2_15Hz,505,fk_filter,1.024,DD4C1C4628198C9BE44FC1AB6021E2D23AC2393A9433231692AC13BE1818AC53,M2_N3_L2_15Hz_505_fk_filter.npy,8.89512662797494,0.013697959884290501,26.152790169533322,1,4.0,4.0,0.03164273250394721,0.03164273250394721
M2_N3_L2_15Hz,505,fx_deconv,1.887,C7F8CEAA7F7D54C7669063F1C32924B6ED80AD26C25F75196EA99AB31F28E2DC,M2_N3_L2_15Hz_505_fx_deconv.npy,-0.33918623088117705,0.04733551665893231,0.3355560687565641,1,2.0,2.0,0.012554978139207086,0.012554978139207086
M2_N3_L2_15Hz,505,wavelet_threshold,1.054,8C260CB524B7D012D7E8543E2475D37CBFFA010A03FEF733571EAE9219483995,M2_N3_L2_15Hz_505_wavelet_threshold.npy,0.042208861607946346,0.02270715480959918,0.04237109970493176,1,2.0,2.0,0.05753318342873781,0.05753318342873781
M2_N3_L2_15Hz,505,ssa_decomposition,1169.572,2811B01653F40A174F093FA0F342F32FD03428A17D5EBA9DB890787B340451E1,M2_N3_L2_15Hz_505_ssa_decomposition.npy,-0.0010868233870331423,0.024931306913798978,0.03224280277089728,1,2.0,2.0,0.04586951864607518,0.04586951864607518
M2_N3_L2_15Hz,505,svd_lowrank,36.874,4628665856C6282B0F149550E96FAC430D5F2387A47C639154DB809506ABD92D,M2_N3_L2_15Hz_505_svd_lowrank.npy,0.7320293598967007,0.023487361250656903,1.5336251792552449,1,0.0,0.0,0.05205824427023872,0.05205824427023872
M2_N3_L2_25Hz,101,fk_filter,1.669,FD426F423E9A7C0681E24D38A549C47BC27060C4DB26B9BA4F95F7C740CF5CDE,M2_N3_L2_25Hz_101_fk_filter.npy,11.64018599377233,0.006851325235579752,28.930272585925557,1,0.0,0.0,0.013848645863157583,0.013848645863157583
M2_N3_L2_25Hz,101,fx_deconv,5.398,428274CA1FB45DF3162FF859C9B08E86AD7CB9E11D24F6941EA731D5F5680282,M2_N3_L2_25Hz_101_fx_deconv.npy,-0.3317333519601302,0.03476240242635185,0.1875568072310989,1,0.0,0.0,0.003073162969484226,0.003073162969484226
M2_N3_L2_25Hz,101,wavelet_threshold,1.395,CF27CE5BAD8DA9184647817F8CA9FA8571A9010EC003E88B48079D4269F2BB4F,M2_N3_L2_25Hz_101_wavelet_threshold.npy,0.03651184175010869,0.017482686821572713,0.03663177619109169,1,0.0,0.0,0.03465864832379198,0.03465864832379198
M2_N3_L2_25Hz,101,ssa_decomposition,1594.867,16DBCA82A715602CC8E16F917BC20BC85C228C1C3863D70F52920F113A2DBBC3,M2_N3_L2_25Hz_101_ssa_decomposition.npy,-0.07062967574475909,0.04249433428843033,0.6053114857077936,1,0.0,0.0,0.03793688862471569,0.03793688862471569
M2_N3_L2_25Hz,101,svd_lowrank,8.982,2606BB6554B023A19F68982897EA0DC81EB6E187007FF26E58FB59B42AF218B8,M2_N3_L2_25Hz_101_svd_lowrank.npy,0.728088836609734,0.018400915199737973,1.5601670970241028,1,0.0,0.0,0.02870037741177877,0.02870037741177877
M2_N3_L2_25Hz,202,fk_filter,0.928,61B0168D7031BC678A69F735487F5DCEDB40809E3AE44C26B0C66E99D2E54316,M2_N3_L2_25Hz_202_fk_filter.npy,10.804266104525375,0.008325838463817792,29.55899030840996,1,2.0,2.0,0.023427397083928353,0.023427397083928353
M2_N3_L2_25Hz,202,fx_deconv,2.258,4A2AA06952507288E448B8F02FF7ED8FF65C870A5D83B6F453EA7B115BF5915F,M2_N3_L2_25Hz_202_fx_deconv.npy,-0.29804379205481624,0.03403168286151608,0.16762578780572385,1,0.0,0.0,0.001053487887413552,0.001053487887413552
M2_N3_L2_25Hz,202,wavelet_threshold,1.126,69B7ABAA641ADD8418BC6E927778F63EB802027129FBEDEED86A04934475B730,M2_N3_L2_25Hz_202_wavelet_threshold.npy,0.04347539705739578,0.01836965589969189,0.0436412143733378,1,0.0,0.0,0.03421119631707126,0.03421119631707126
M2_N3_L2_25Hz,202,ssa_decomposition,1887.227,E9F16B1F16D2D27B70707FA6C42311FACD96640BC2A06314DF15B703A83B61A3,M2_N3_L2_25Hz_202_ssa_decomposition.npy,0.08052994503836874,0.030030683621112893,0.3147207813867051,1,4.0,4.0,0.026542770145384375,0.026542770145384375
M2_N3_L2_25Hz,202,svd_lowrank,5.881,62C02218C74CBC3A6218D8956A9C4835662401EC8D517E9CD45DC98A7E1462F7,M2_N3_L2_25Hz_202_svd_lowrank.npy,0.741315920741525,0.016551942962140867,1.5940953543698115,1,0.0,0.0,0.024129255540508394,0.024129255540508394
M2_N3_L2_25Hz,303,fk_filter,1.825,E10CE02A30B4EAC7D0848134393EE16DEE9DEE35ED52B95885AF16A150CB5FC6,M2_N3_L2_25Hz_303_fk_filter.npy,12.218935468470729,0.004100315458918464,27.45158442178237,1,0.0,0.0,0.003359169539720036,0.003359169539720036
M2_N3_L2_25Hz,303,fx_deconv,4.885,A26D93F2F972D1BBB0134F382EA34DF955BDE63A93776A8408E82E1D889A8C5B,M2_N3_L2_25Hz_303_fx_deconv.npy,-0.3289595810452788,0.03891891766385932,0.22777270702920957,1,0.0,0.0,0.0033734244047551815,0.0033734244047551815
M2_N3_L2_25Hz,303,wavelet_threshold,1.078,F119F84671180C988AC36979D6364ED15D09326A7533132B0D6E290BAA00283F,M2_N3_L2_25Hz_303_wavelet_threshold.npy,0.04435736196409934,0.021332264083526117,0.044551145689805734,1,0.0,0.0,0.040982205277618505,0.040982205277618505
M2_N3_L2_25Hz,303,ssa_decomposition,739.55,F5458A0817B5A662CF7710EC2E2F6CD056CD084A7E57328F8DB8E9C85813F630,M2_N3_L2_25Hz_303_ssa_decomposition.npy,-0.04893792959347021,0.04200445885507575,0.49148832794977865,1,0.0,0.0,0.01826666610501585,0.01826666610501585
M2_N3_L2_25Hz,303,svd_lowrank,7.688,A729A3A865B4BD2F7230B81C318574ECCB3AAAFC01D6646F963A1B476B9B4A63,M2_N3_L2_25Hz_303_svd_lowrank.npy,0.7049573661757069,0.0211490502918743,1.5668616550081251,1,0.0,0.0,0.033144347603425044,0.033144347603425044
M2_N3_L2_25Hz,404,fk_filter,1.102,FA6B81292284F55E2BAF4BC2228512FF857F646B4F1623C0DB403C093B96BBBC,M2_N3_L2_25Hz_404_fk_filter.npy,11.8332230045236,0.00962102246049289,29.778927654870905,1,2.0,2.0,0.01100076449757252,0.01100076449757252
M2_N3_L2_25Hz,404,fx_deconv,2.262,9F14DA63E0D8FE472BAD84E65F656AD30B8945B67BB5C25D46F2A67AD7616898,M2_N3_L2_25Hz_404_fx_deconv.npy,-0.49879236361789037,0.08466099266273919,0.16769104920001068,1,0.0,0.0,0.014819386433577107,0.014819386433577107
M2_N3_L2_25Hz,404,wavelet_threshold,1.056,DDC68901CBBAFBCF54BDFE5E95011134FCFAE28C7BE7C9F0CD745068E9085BE5,M2_N3_L2_25Hz_404_wavelet_threshold.npy,0.039206237321499415,0.04413956507860972,0.039369677056638956,1,0.0,0.0,0.0665068075473405,0.0665068075473405
M2_N3_L2_25Hz,404,ssa_decomposition,281.9,229EFC7CEB1D0A02DED2D5D781AD4D776C5CDD41F5CBFF8C919F33F28636154E,M2_N3_L2_25Hz_404_ssa_decomposition.npy,0.05044074005841104,0.05860563014155604,0.4317541447510706,1,0.0,0.0,0.020351905614578926,0.020351905614578926
M2_N3_L2_25Hz,404,svd_lowrank,5.398,F2B74437964A83F267428401BDBDDD4D3D4300F93DE3467EE7B906D5A6E41F2C,M2_N3_L2_25Hz_404_svd_lowrank.npy,0.7001360530431207,0.04300786364575558,1.547418900498506,1,0.0,0.0,0.05382234678507699,0.05382234678507699
M2_N3_L2_25Hz,505,fk_filter,0.996,FBF540FB9AD80F94356B78E424843FE5CFCAFD9BFC7489A5A4B9BCC0E1B1A635,M2_N3_L2_25Hz_505_fk_filter.npy,11.099624102938218,0.0038389757862494892,25.571084036822707,1,0.0,0.0,0.007483425160542557,0.007483425160542557
M2_N3_L2_25Hz,505,fx_deconv,2.425,4CC1275EBB22D7887816E1FE98750E39802909EFF3B2D1FE9086A9E80B936C4E,M2_N3_L2_25Hz_505_fx_deconv.npy,-0.3151118465965972,0.03365272610029656,0.290160925117522,1,0.0,0.0,0.005013874855814428,0.005013874855814428
M2_N3_L2_25Hz,505,wavelet_threshold,1.348,37335E4804FAD94077F306F1F9B411C0467BED75A6519CD7437ADF9B3090E503,M2_N3_L2_25Hz_505_wavelet_threshold.npy,0.04246682846903305,0.013832318272820221,0.042631670946467914,1,0.0,0.0,0.04557379840376372,0.04557379840376372
M2_N3_L2_25Hz,505,ssa_decomposition,1904.362,2B0CAE1D31D0861CE5234139C8B08627EFB677DE1EEC552588F06263FE98487F,M2_N3_L2_25Hz_505_ssa_decomposition.npy,-0.03757360068568261,0.04617346543933087,0.6576277756980959,1,0.0,0.0,0.06946091108372233,0.06946091108372233
M2_N3_L2_25Hz,505,svd_lowrank,33.623,307EEF31E4705A53417D0DD6BAAC839261058D166C3B0A616BAF7E40DE77D04B,M2_N3_L2_25Hz_505_svd_lowrank.npy,0.7034352741714098,0.014355746403281645,1.5296802370529652,1,0.0,0.0,0.036310453085275765,0.036310453085275765
M2_N3_L2_40Hz,101,fk_filter,1.309,3A7C52988EF6B5040DCE043E96642B0CC8BEFD255F6764D18F99391402C3DA8C,M2_N3_L2_40Hz_101_fk_filter.npy,13.031897655257307,0.0026584091064179465,29.20162723582611,1,0.0,0.0,0.005918530332099963,0.005918530332099963
M2_N3_L2_40Hz,101,fx_deconv,1.983,D2205A01F89B0A1EDDE776E8F56610BD4C3FECCCE87886C6E5DD839766511D59,M2_N3_L2_40Hz_101_fx_deconv.npy,-0.37003509935698187,0.03059834540179734,0.13607846440581672,1,0.0,0.0,0.00998798700944437,0.00998798700944437
M2_N3_L2_40Hz,101,wavelet_threshold,1.067,C4D4E91C3AA1CF454FD8763D0A92E62A434BC1AA0B7A6725602D26A38B44AD7D,M2_N3_L2_40Hz_101_wavelet_threshold.npy,0.03694471907061203,0.011920419040957326,0.0370669788230073,1,0.0,0.0,0.029097144244207257,0.029097144244207257
M2_N3_L2_40Hz,101,ssa_decomposition,1626.982,09F4B4229B7539F0D2E10163B0DA099C2B9B677F904F2A865502940EC2B66B85,M2_N3_L2_40Hz_101_ssa_decomposition.npy,-0.027103528074303718,0.08556356283714263,2.6286773683079536,1,1.9999999999999964,1.9999999999999964,0.19445455293751668,0.19445455293751668
M2_N3_L2_40Hz,101,svd_lowrank,20.388,08C41E5FC5DDBF79771629D9375C3678ED4B83559849B5E3C114C9D7E3FAF3B2,M2_N3_L2_40Hz_101_svd_lowrank.npy,0.7736656360036385,0.012588369645853859,1.6431368674148297,1,0.0,0.0,0.023109643679329817,0.023109643679329817
M2_N3_L2_40Hz,202,fk_filter,1.911,BE06B3E9A1F66D807FFC5630283BEA028DABACBF66FA53277DF25C4EFA1AA735,M2_N3_L2_40Hz_202_fk_filter.npy,12.963068200820777,0.002958744849074125,29.50327966942551,2,0.0,0.0,0.006221230381300058,0.006882048150612411
M2_N3_L2_40Hz,202,fx_deconv,2.509,389C4779F29F02899E0637F0F6832AEC0178BE2346035FB9CF20814C50D94E04,M2_N3_L2_40Hz_202_fx_deconv.npy,-0.34443372631404934,0.030567643454101644,0.12326220668660448,2,0.0,0.0,0.014948510719762872,0.019617796778878684
M2_N3_L2_40Hz,202,wavelet_threshold,1.46,FD3D825BF4870967903E48AFC3125834D4794BB2CE86B9373A36A564BF2F6A70,M2_N3_L2_40Hz_202_wavelet_threshold.npy,0.043509752575287663,0.0127932343016902,0.04367635996425583,2,0.0,0.0,0.030445800366038264,0.03417397623790382
M2_N3_L2_40Hz,202,ssa_decomposition,1826.893,586217FF099592BD14C73876064B19354C77825F931BE8E00DEC05408A108E9D,M2_N3_L2_40Hz_202_ssa_decomposition.npy,0.18835715888405868,0.038105090587948094,0.8479820453290061,2,2.9999999999999982,4.0,0.07314809479457367,0.11488674281592524
M2_N3_L2_40Hz,202,svd_lowrank,15.993,5B9458A25DA7A5EFF8F375D6C441D7320145E57A5B47DEAD3770F09DFFFA024D,M2_N3_L2_40Hz_202_svd_lowrank.npy,0.8218895436489113,0.010697047511856283,1.7200285789727179,2,0.0,0.0,0.020008408525949258,0.020500778041436834
M2_N3_L2_40Hz,303,fk_filter,1.158,689372588888F46AA676D67EF48BAD99A0238C15E070A7FB25B9494527195C84,M2_N3_L2_40Hz_303_fk_filter.npy,12.934234684020108,0.002151503556821462,27.69637634143859,1,0.0,0.0,0.0013947324268772966,0.0013947324268772966
M2_N3_L2_40Hz,303,fx_deconv,1.961,818F6180BE8DDDF419CD15E3527E5EC1BDE88F8A476810382EF7A517609F65EF,M2_N3_L2_40Hz_303_fx_deconv.npy,-0.37382060455056276,0.03318900225004273,0.1687746183121562,1,0.0,0.0,0.014784379282326463,0.014784379282326463
M2_N3_L2_40Hz,303,wavelet_threshold,1.177,8D47C51C60C48472EDC48F92B223995FBF59C7F85BFFB1EC4621CD71BA168B78,M2_N3_L2_40Hz_303_wavelet_threshold.npy,0.04574533378092216,0.014362332750785302,0.04595175839263754,1,0.0,0.0,0.03333403666326054,0.03333403666326054
M2_N3_L2_40Hz,303,ssa_decomposition,1271.301,8323461AC329E43ECEF8C7219394C9047F79D027B0A7D6ECC2D0D2749B0C289C,M2_N3_L2_40Hz_303_ssa_decomposition.npy,0.16307346669598655,0.06445186487754316,2.0702833974113264,1,1.9999999999999964,1.9999999999999964,0.11846907464837542,0.11846907464837542
M2_N3_L2_40Hz,303,svd_lowrank,16.303,CF97467EA80EF141C60021C9D94CF9C3BB88AE147CBD0C274F917A7974DD5A66,M2_N3_L2_40Hz_303_svd_lowrank.npy,0.6900338911391577,0.014098583690180091,1.5439038641099312,1,0.0,0.0,0.027079757356290732,0.027079757356290732
M2_N3_L2_40Hz,404,fk_filter,1.121,CF4C19418B3A96E98782AB7E6D185B01E3DA579A6C2EDB5BAFF2A00E35980F54,M2_N3_L2_40Hz_404_fk_filter.npy,12.98727248959129,0.004902906882782014,29.75213621624591,1,0.0,0.0,0.0051193454060730805,0.0051193454060730805
M2_N3_L2_40Hz,404,fx_deconv,2.072,7E28EE9491E74B5BD3937CDD4D5686493C74329034EF888A16E77C8186208887,M2_N3_L2_40Hz_404_fx_deconv.npy,-0.48181165763131784,0.07045894407511145,0.11919154362441467,1,0.0,0.0,0.014157179793412166,0.014157179793412166
M2_N3_L2_40Hz,404,wavelet_threshold,1.086,46EBDB41BDA7E711E1A12C614EA09624787524893C487A129B62DF60344A0EBE,M2_N3_L2_40Hz_404_wavelet_threshold.npy,0.03998778957632343,0.03431541351754663,0.040158832702107204,1,0.0,0.0,0.06179133862245197,0.06179133862245197
M2_N3_L2_40Hz,404,ssa_decomposition,1539.393,B46D46ED6A8EDC613520FF2AD29C924166219D7620BE0E7B1A9704C58A8EC3BA,M2_N3_L2_40Hz_404_ssa_decomposition.npy,-0.3403003948989163,0.10377959874458413,0.962307828707334,1,3.9999999999999716,3.9999999999999716,0.09269318487188323,0.09269318487188323
M2_N3_L2_40Hz,404,svd_lowrank,6.047,FF7CA64D7FE3DF6B57E1EF5785572FD8132F6462757E17C90A1EEAF08352CE0E,M2_N3_L2_40Hz_404_svd_lowrank.npy,0.5958953943791006,0.03623195484232803,1.4136664078763264,1,0.0,0.0,0.04726154580342945,0.04726154580342945
M2_N3_L2_40Hz,505,fk_filter,1.14,B793DFCAA9D291C3B018E9707050DE44EA9CF0850D71A3041290BE9A67363193,M2_N3_L2_40Hz_505_fk_filter.npy,11.977899786471102,0.0015625985930098514,25.63381412116575,2,1.0000000000000018,2.0000000000000036,0.003534050316241868,0.006625272566559501
M2_N3_L2_40Hz,505,fx_deconv,2.023,1E84D2ABB431EE3089FDD0A6D37FC3F9C6EC448D215C187ECBDE0C27B9E4F726,M2_N3_L2_40Hz_505_fx_deconv.npy,-0.35780841428393106,0.03025032158774507,0.22846682251788025,2,0.0,0.0,0.02344134117146799,0.030751066139270505
M2_N3_L2_40Hz,505,wavelet_threshold,1.051,F677AD5A26ADA05720F353996A50C8D9D7BF09F7645F8749C2C3F160C03FE679,M2_N3_L2_40Hz_505_wavelet_threshold.npy,0.043460420300331926,0.009475528211842305,0.04363229094918837,2,0.0,0.0,0.03501130664019331,0.04896887100954777
M2_N3_L2_40Hz,505,ssa_decomposition,1969.132,D0D231E4E484BCAFEE8645C24CDA02B035172E8CCA17EDD77BCAFBA8AC7E72BC,M2_N3_L2_40Hz_505_ssa_decomposition.npy,0.25928078623619477,0.08670722791952486,3.4767166040545243,2,3.0000000000000036,4.0000000000000036,0.2424948108770804,0.27013071723000737
M2_N3_L2_40Hz,505,svd_lowrank,71.258,9E34ADA22C07CC6A6B2E1BAA2D4B4FC2C013747162252DD2CBB85E38350CF4D4,M2_N3_L2_40Hz_505_svd_lowrank.npy,0.7525674016575117,0.01083126056568301,1.6414936314731703,2,0.0,0.0,0.02698602697390592,0.04000806992740497
M2_N3_L3_15Hz,101,fk_filter,0.959,F95D101E92810BD3DB837F8C9E49C8E36CBFF699ED2CD4F277A4D871E2ED2A01,M2_N3_L3_15Hz_101_fk_filter.npy,11.813312749384725,0.021164460034869638,28.869372243323443,1,2.000000000000007,2.000000000000007,0.038356825648198,0.038356825648198
M2_N3_L3_15Hz,101,fx_deconv,2.386,FD8F27936D9BFF8F126D960C8CBF42152BB2974095A657FBB1A6114281875F5D,M2_N3_L3_15Hz_101_fx_deconv.npy,-0.10968394376482232,0.10300947100979646,0.15850458905180384,1,0.0,0.0,0.07966396673886313,0.07966396673886313
M2_N3_L3_15Hz,101,wavelet_threshold,1.098,3D2E3AA05720CBCDD266E8A7C99FAEC2D3EB0EC642C6D7D34B823EA4C740FE7A,M2_N3_L3_15Hz_101_wavelet_threshold.npy,0.03631918799975717,0.0794562113713781,0.036434580608779445,1,0.0,0.0,0.12422222805467967,0.12422222805467967
M2_N3_L3_15Hz,101,ssa_decomposition,1570.274,82421C04958F3FA3227211AAFABC9A74B0918A094958EB446A8F56B04680B8F5,M2_N3_L3_15Hz_101_ssa_decomposition.npy,0.006198966560157343,0.08227487117676459,0.028033103529929763,1,2.000000000000007,2.000000000000007,0.11862292731511297,0.11862292731511297
M2_N3_L3_15Hz,101,svd_lowrank,45.98,C1C7507D3407BBC5FF07820D9FC1340F8E30236DA31CEB795FFBDA633A6F2AD5,M2_N3_L3_15Hz_101_svd_lowrank.npy,0.32927096263648126,0.08263409986819162,0.7162942137982893,1,0.0,0.0,0.11382607949888313,0.11382607949888313
M2_N3_L3_15Hz,202,fk_filter,1.74,0CD4C680937A48539D10C832D7C347DA4C3F1B0D97D64C62EB1842EF6E8ACB70,M2_N3_L3_15Hz_202_fk_filter.npy,10.18397291169831,0.036091771811394883,29.357208777317734,1,6.0,6.0,0.08396792266087169,0.08396792266087169
M2_N3_L3_15Hz,202,fx_deconv,1.851,FAB26E73756E500206AC5B8A14CB2463E603F8C3B4EF6F25A64E0B2FFD75A507,M2_N3_L3_15Hz_202_fx_deconv.npy,-0.09906416384508315,0.09838463229173669,0.14106383142335166,1,0.0,0.0,0.07399070539868102,0.07399070539868102
M2_N3_L3_15Hz,202,wavelet_threshold,1.08,A258563B2EEC082D1CA8D8319FCCBBDD8D88AF013EB471AFA7C3E3C2C75BBCB6,M2_N3_L3_15Hz_202_wavelet_threshold.npy,0.043289989170903306,0.0760518157023061,0.04344930607133351,1,0.0,0.0,0.11122025709922727,0.11122025709922727
M2_N3_L3_15Hz,202,ssa_decomposition,1130.27,3E608D1ECA4495689D41413D561BE70D532C8B6074464B82D7AFF73CD709F4E2,M2_N3_L3_15Hz_202_ssa_decomposition.npy,0.013490800829627706,0.07926690153697032,0.028435184009432457,1,0.0,0.0,0.11195258885202171,0.11195258885202171
M2_N3_L3_15Hz,202,svd_lowrank,5.107,8FA137ACBDF1EB0D29B8BB579C9137C36E87448A9969C1516857BF74882C3F12,M2_N3_L3_15Hz_202_svd_lowrank.npy,0.368789073430957,0.07566796869692607,0.7796077657465097,1,0.0,0.0,0.1017257340318828,0.1017257340318828
M2_N3_L3_15Hz,303,fk_filter,1.36,32323B4BD5F424180EB60153157221894B297EB6D17B8ABBF7ADA684CDB02A0C,M2_N3_L3_15Hz_303_fk_filter.npy,12.298172636290497,0.014089842255910623,27.444774439196244,1,1.999999999999993,1.999999999999993,0.009823664693379504,0.009823664693379504
M2_N3_L3_15Hz,303,fx_deconv,2.253,0CBB1A466B04A581DCEA9E17B6A84CFDFB3F37088D4296041BE14E2A0E99A3E3,M2_N3_L3_15Hz_303_fx_deconv.npy,-0.10602130408544362,0.12079066868515392,0.18078334853026737,1,0.0,0.0,0.11483009727705183,0.11483009727705183
M2_N3_L3_15Hz,303,wavelet_threshold,1.131,38AC5405254400BD0790FF3D153BFEA4384BCA0FF968CD83A2BDA98E3E31C1CB,M2_N3_L3_15Hz_303_wavelet_threshold.npy,0.04353234741862836,0.09530709078757843,0.043698378133155004,1,0.0,0.0,0.15974081292443465,0.15974081292443465
M2_N3_L3_15Hz,303,ssa_decomposition,1867.095,7BDA2059ED3EBE1B0F48358018FF71D549166FFB68E8FABEDE44CC826246D558,M2_N3_L3_15Hz_303_ssa_decomposition.npy,0.011378610620130411,0.09882809672673787,0.03075028503622172,1,0.0,0.0,0.15435918247095307,0.15435918247095307
M2_N3_L3_15Hz,303,svd_lowrank,36.213,15016F2647C9E3FF7C53A81938CB0008C6FF1E6985111FC86E5196925DB13749,M2_N3_L3_15Hz_303_svd_lowrank.npy,0.3336356527080617,0.10657064132281416,0.77825986480373,1,0.0,0.0,0.14124754915521318,0.14124754915521318
M2_N3_L3_15Hz,404,fk_filter,2.18,99CCAE84CBE6E8C0A3844B31D3EDA4932E3CDDB29F51B4F51C1BB8D5883F7D9F,M2_N3_L3_15Hz_404_fk_filter.npy,11.109427025773675,0.03858274244143923,29.894574589747492,1,1.9999999999999716,1.9999999999999716,0.04841514194771932,0.04841514194771932
M2_N3_L3_15Hz,404,fx_deconv,5.022,54390576F18AE3A67B8785F15137DEF45033A73D8089D35F02F0334F53D3F645,M2_N3_L3_15Hz_404_fx_deconv.npy,-0.18299903964965017,0.21862146820472103,0.15616102525006398,1,0.0,0.0,0.13626120475798414,0.13626120475798414
M2_N3_L3_15Hz,404,wavelet_threshold,1.217,F4950D61390354D0C31A762D6CB8FD2ACFA767B56FE85DA2A724B3E486A0036E,M2_N3_L3_15Hz_404_wavelet_threshold.npy,0.03854297686787076,0.16379101405893057,0.03868754180610757,1,0.0,0.0,0.19762022281446542,0.19762022281446542
M2_N3_L3_15Hz,404,ssa_decomposition,671.621,7D41955DCE93C6CAD29A85242D847F095C8BDA7677913D0303EB0C93176B89A5,M2_N3_L3_15Hz_404_ssa_decomposition.npy,0.013823265659154493,0.17052752092371473,0.04745774627092014,1,2.0,2.0,0.1958980231387553,0.1958980231387553
M2_N3_L3_15Hz,404,svd_lowrank,19.624,A06BB76A71614A5AD287F74885F32FB075328BF101D34B204A207B521A4611FB,M2_N3_L3_15Hz_404_svd_lowrank.npy,0.30238118624022026,0.16857798249635852,0.7053904253560663,1,0.0,0.0,0.17724071739294353,0.17724071739294353
M2_N3_L3_15Hz,505,fk_filter,1.036,2F12A7F272F21BAB71C873D0F0F4708E872220EDC99C7634FCCEE773E42F4BF2,M2_N3_L3_15Hz_505_fk_filter.npy,11.066622647049119,0.01483562990774782,26.122213811769072,1,2.0,2.0,0.026713134530674736,0.026713134530674736
M2_N3_L3_15Hz,505,fx_deconv,1.965,C088CFD6FB60900A25461EACB89FC08101D2031006460BC41E6B8D55B4BEACB1,M2_N3_L3_15Hz_505_fx_deconv.npy,-0.09413056547977548,0.08963303441982333,0.22481626461499332,1,2.0,2.0,0.1062083561925124,0.1062083561925124
M2_N3_L3_15Hz,505,wavelet_threshold,1.129,334E28F33EDC201DF0A40C379604D60535DE54E7594EE223A0834B4695E14828,M2_N3_L3_15Hz_505_wavelet_threshold.npy,0.042258409891568094,0.06306718553689145,0.04241695574922952,1,2.0,2.0,0.1581712837872071,0.1581712837872071
M2_N3_L3_15Hz,505,ssa_decomposition,1635.964,B4B061449CFAD8B1696A5F8731EA46D8E163B156140D39D28273E674C98F09A1,M2_N3_L3_15Hz_505_ssa_decomposition.npy,0.012116057932881395,0.06572599635074193,0.02674225093123109,1,2.0,2.0,0.14705837791932216,0.14705837791932216
M2_N3_L3_15Hz,505,svd_lowrank,12.487,F92D02664AE69CCEFA6CA929DBAB3C146F35BCA2B9E37AC457FB1B0AA597DCED,M2_N3_L3_15Hz_505_svd_lowrank.npy,0.3132322487201782,0.06801944356948014,0.7011579646068001,1,0.0,0.0,0.14769160652244998,0.14769160652244998
M2_N3_L3_25Hz,101,fk_filter,1.497,4F17BE418176F24551D86B08B6D27A01DB7CB9A0B65AD67391EBE8BB9B90AD80,M2_N3_L3_25Hz_101_fk_filter.npy,13.366973038779152,0.00743030694540219,29.162512155121377,1,0.0,0.0,0.012080081080895318,0.012080081080895318
M2_N3_L3_25Hz,101,fx_deconv,2.02,333C0CD0E2BDBA7DB33B9E059DAE9425518A02EF1A0CB564FBE08247E6B58FFA,M2_N3_L3_25Hz_101_fx_deconv.npy,-0.1082491446102345,0.06714774184756571,0.12735481547243135,1,0.0,0.0,0.05582048205690617,0.05582048205690617
M2_N3_L3_25Hz,101,wavelet_threshold,1.14,4820A5AFDFE5C5B17A624E7E13E0262E333C1143E3111C8E6F3BB01CF5E00D76,M2_N3_L3_25Hz_101_wavelet_threshold.npy,0.03648335260136819,0.04855388826204367,0.03660141763935568,1,0.0,0.0,0.09750311217952454,0.09750311217952454
M2_N3_L3_25Hz,101,ssa_decomposition,1968.258,5DCB95C67EA6E2B265D1B959C175D40FF1F87CA0CFC08A79D1E2BA41FF132773,M2_N3_L3_25Hz_101_ssa_decomposition.npy,-0.022311493837304203,0.08430755830826613,0.2914484331580035,1,0.0,0.0,0.00047200930919291683,0.00047200930919291683
M2_N3_L3_25Hz,101,svd_lowrank,10.134,D57085506FAD0066F1705A6EFC1A6C94B2B9E63769ADE6919FA0F4CBC10DED23,M2_N3_L3_25Hz_101_svd_lowrank.npy,0.3019396759154966,0.054000295829755164,0.6822962718450518,1,0.0,0.0,0.08868400699851232,0.08868400699851232
M2_N3_L3_25Hz,202,fk_filter,1.523,1590A94E031161DD955A1E17906E1AED951E5EAACEDE6EA8D5BF643085E14AD1,M2_N3_L3_25Hz_202_fk_filter.npy,12.875798467418353,0.010203256669686816,29.499481940192204,1,2.0,2.0,0.019382694507789594,0.019382694507789594
M2_N3_L3_25Hz,202,fx_deconv,2.2,E45D0F10D1BDB8AEE2778B8B8E61BC81D41BB99273D8EA117FB9BA1D8DD0510A,M2_N3_L3_25Hz_202_fx_deconv.npy,-0.09503716949243658,0.06886600589467323,0.11377326448915025,1,0.0,0.0,0.06252880775777367,0.06252880775777367
M2_N3_L3_25Hz,202,wavelet_threshold,1.089,29B062325C3E375A64835C389663A06364B00A44BA1C8F01560DC88EFD997A41,M2_N3_L3_25Hz_202_wavelet_threshold.npy,0.043443456599154266,0.051015021700606886,0.04360670420804058,1,0.0,0.0,0.09730315919557149,0.09730315919557149
M2_N3_L3_25Hz,202,ssa_decomposition,1949.793,932E5EAC6DD92DAE4C8020E3E02F8FFE126859AC7462C0BDDF62D47E5049E94F,M2_N3_L3_25Hz_202_ssa_decomposition.npy,0.03302679294613801,0.07746509008523843,0.18948237664669026,1,4.0,4.0,0.07228152902293385,0.07228152902293385
M2_N3_L3_25Hz,202,svd_lowrank,10.907,624826EC44912C9EA27B547B0CAC5DF477B8E005B3DDD22C467DD31DB0F1F9B6,M2_N3_L3_25Hz_202_svd_lowrank.npy,0.367156424370475,0.05103957733135733,0.8185081839676444,1,0.0,0.0,0.07868354228158471,0.07868354228158471
M2_N3_L3_25Hz,303,fk_filter,1.102,60FDCDBC9BDD0CF68AD6A37CA0F7C88E78B9643C6C40AFC3FEC953608EBEBE00,M2_N3_L3_25Hz_303_fk_filter.npy,13.26177928472249,0.005674983237006357,27.652346080288886,1,0.0,0.0,0.001886576079680651,0.001886576079680651
M2_N3_L3_25Hz,303,fx_deconv,2.922,CD528E20202EAE6D7BD533641C31FC8DB4B7EAE9EAA15CABDF8DE57E6E8FBAC3,M2_N3_L3_25Hz_303_fx_deconv.npy,-0.10607347652101198,0.07917658317220048,0.15206553544953952,1,0.0,0.0,0.06700466332464511,0.06700466332464511
M2_N3_L3_25Hz,303,wavelet_threshold,1.173,39E8A8435BFF488FBB4FCB974CFD0AA5344E931CF74512493A741889608020FC,M2_N3_L3_25Hz_303_wavelet_threshold.npy,0.04417246838834356,0.05924255346280445,0.04435624041276144,1,0.0,0.0,0.11426380846319449,0.11426380846319449
M2_N3_L3_25Hz,303,ssa_decomposition,972.233,0A768F238148A0183FB1E5F0CFFECD3880CE8C161B5CE68DEB31CDE11140B092,M2_N3_L3_25Hz_303_ssa_decomposition.npy,0.040160251801869544,0.08870984215605916,0.3012415852643737,1,2.0,2.0,0.033092537328113805,0.033092537328113805
M2_N3_L3_25Hz,303,svd_lowrank,8.9,9F2987D1BC87150EDC06A471682D9A49539CBE9CB881885562E3FFAF77504CB1,M2_N3_L3_25Hz_303_svd_lowrank.npy,0.28277232019673637,0.06153810069416574,0.6877090507119382,1,0.0,0.0,0.10036227115249435,0.10036227115249435
M2_N3_L3_25Hz,404,fk_filter,1.031,59E01C47BAE3BCB864E30DBD4726D2DEA0ED4F18BD5B16123DE34E63953B1CE0,M2_N3_L3_25Hz_404_fk_filter.npy,13.534237930903418,0.011863058125687229,29.786697656044684,1,2.0,2.0,0.006176189293820299,0.006176189293820299
M2_N3_L3_25Hz,404,fx_deconv,1.942,62FCBA45252AB5D7246809C5845915839B45D2624384CE3CE9D90915209DE078,M2_N3_L3_25Hz_404_fx_deconv.npy,-0.1778224251740568,0.16671457237200504,0.11370886690571659,1,0.0,0.0,0.13159473441281164,0.13159473441281164
M2_N3_L3_25Hz,404,wavelet_threshold,1.239,4F1137C6DDAB69D8AE370932CB384FDD519E453F2CE8260A3B84F7003DFE7D5F,M2_N3_L3_25Hz_404_wavelet_threshold.npy,0.03901867285700831,0.12259419764703516,0.03917647234960928,1,0.0,0.0,0.18623350177309905,0.18623350177309905
M2_N3_L3_25Hz,404,ssa_decomposition,1665.25,BC54C00A991E5F1A7C679C866E5CF3AC0CDFF87019B36E397258CE794EF5F4B0,M2_N3_L3_25Hz_404_ssa_decomposition.npy,0.07746954281644515,0.1442655270671575,0.2827601369065421,1,0.0,0.0,0.13335384173513032,0.13335384173513032
M2_N3_L3_25Hz,404,svd_lowrank,8.506,F76B3093A63F5B3E03E0F893CEDEF7A1F5D09DDC168A5D2F6F7AA3577E29B40C,M2_N3_L3_25Hz_404_svd_lowrank.npy,0.2852429179340146,0.13207532678588702,0.7400985658715755,1,0.0,0.0,0.1585995022324365,0.1585995022324365
M2_N3_L3_25Hz,505,fk_filter,1.271,55FC8A92A578E51F90853EB1E30A87DB8EC21C93D98C912FDE0DA5824FB0B05B,M2_N3_L3_25Hz_505_fk_filter.npy,12.237213386767174,0.004399768478923479,25.769754802646688,1,0.0,0.0,0.0023242089032796715,0.0023242089032796715
M2_N3_L3_25Hz,505,fx_deconv,2.0,9127E03BDC7645A8A2AA30EC079A37654A725B17C37655F4509F3EE340FD4EF2,M2_N3_L3_25Hz_505_fx_deconv.npy,-0.09322231964384754,0.06140452702929771,0.1965273225438403,1,0.0,0.0,0.08032451480542907,0.08032451480542907
M2_N3_L3_25Hz,505,wavelet_threshold,1.071,EC74F200B90E5D7FE44CA6DD1B8A5D95ACA06A79EA116C6A05E29B035B131E22,M2_N3_L3_25Hz_505_wavelet_threshold.npy,0.04240502490062269,0.03842125247184511,0.042567505337965654,1,0.0,0.0,0.1261305883374769,0.1261305883374769
M2_N3_L3_25Hz,505,ssa_decomposition,1278.084,E8AEAFEC4F8E442B7BC99BA0AD479381CA1BB4C667A32A1DB4F1E6465B975C28,M2_N3_L3_25Hz_505_ssa_decomposition.npy,0.007555172304839654,0.08122397210598384,0.31009179479818794,1,0.0,0.0,0.012653832129724202,0.012653832129724202
M2_N3_L3_25Hz,505,svd_lowrank,7.823,12630222C951D963F3C8073CFF59568B36A9C9015116A8FFC31862A1C3001A37,M2_N3_L3_25Hz_505_svd_lowrank.npy,0.3192329488357585,0.04150173915629727,0.7200448609428179,1,0.0,0.0,0.11006187422305622,0.11006187422305622
M2_N3_L3_40Hz,101,fk_filter,0.918,5B0F6DD25927B248A59A06E834C06FD02CEC1106FF48AD4571C835E821B7D5AA,M2_N3_L3_40Hz_101_fk_filter.npy,14.056965765135557,0.0031631874340001098,29.328732111354036,1,0.0,0.0,0.004293305451473289,0.004293305451473289
M2_N3_L3_40Hz,101,fx_deconv,2.016,7849495957502651EB61FC6A7C06042F45B7813B3E2353035B831CF60DEF4D7C,M2_N3_L3_40Hz_101_fx_deconv.npy,-0.12741318713168162,0.05294691315889129,0.09645992969635617,1,0.0,0.0,0.03860306774096364,0.03860306774096364
M2_N3_L3_40Hz,101,wavelet_threshold,1.115,85514E66216F370F011F72400CEB5D6D68BBFB6121D7928CADFFFA388525D4CF,M2_N3_L3_40Hz_101_wavelet_threshold.npy,0.036852659672301245,0.033104216533905356,0.03697251224715768,1,0.0,0.0,0.08144397237077508,0.08144397237077508
M2_N3_L3_40Hz,101,ssa_decomposition,1703.029,8F1EA3271250A0C54AD106CD9B2CD3B946012E7C82BA7A4BBC4925FE88616C5F,M2_N3_L3_40Hz_101_ssa_decomposition.npy,-0.31961857124931387,0.1817296742695395,0.8609468276567217,1,1.9999999999999964,1.9999999999999964,0.2677086789485154,0.2677086789485154
M2_N3_L3_40Hz,101,svd_lowrank,12.305,4C5E1411DF3DBC80E0F88084BF524A98EAD7CB202D3E8E368A5BD2EFCEAEEC85,M2_N3_L3_40Hz_101_svd_lowrank.npy,0.2637472586372189,0.04107502607194039,0.6594465348099064,1,0.0,0.0,0.06560190888749666,0.06560190888749666
M2_N3_L3_40Hz,202,fk_filter,1.375,BC839395003381622A87A74E8ABE7F53AD9CE0A5A99528FEABE31ED744FDE14C,M2_N3_L3_40Hz_202_fk_filter.npy,13.995121206842615,0.004310272481947044,29.466240778868663,2,0.0,0.0,0.0019786592205076675,0.0037570020947675056
M2_N3_L3_40Hz,202,fx_deconv,1.938,2B27344E99A8CE75B458A80817A61B6444270349313D060280C2072BD0C48E29,M2_N3_L3_40Hz_202_fx_deconv.npy,-0.11828040665268114,0.05492691762601059,0.08651379339441087,2,0.0,0.0,0.04858749194247125,0.055544957873807664
M2_N3_L3_40Hz,202,wavelet_threshold,1.088,6CE046C2E7662870AE01693FF99A1E986CD95714987A612BB5C33511B309B949,M2_N3_L3_40Hz_202_wavelet_threshold.npy,0.04357782797443978,0.035524910817519705,0.04374215924542303,2,0.0,0.0,0.08623117131984445,0.09486207953452533
M2_N3_L3_40Hz,202,ssa_decomposition,1975.329,4C335BDA63CA51E419C69428997F304D625021473AE3C38BB6EA8618B05AF02A,M2_N3_L3_40Hz_202_ssa_decomposition.npy,-0.09093390917793978,0.09697212191520137,0.3807685484196622,2,3.9999999999999982,6.0,0.1543727096474811,0.1969543252766561
M2_N3_L3_40Hz,202,svd_lowrank,14.068,6ACED32C650D5ABB3F1A5B683C285561163AB309DC9138276C14091E46ED3CB7,M2_N3_L3_40Hz_202_svd_lowrank.npy,0.2596966787621868,0.040324227629060246,0.6569982450335774,2,0.0,0.0,0.06605794185225748,0.07221432316983664
M2_N3_L3_40Hz,303,fk_filter,1.504,BA7842C58C457B7EF790EFB5DCB6CBCD561E6DD4DE8AA102A4C3522D68CD48A8,M2_N3_L3_40Hz_303_fk_filter.npy,13.574638910744387,0.0032418505894248463,27.80183633515454,1,0.0,0.0,0.0023021640012619764,0.0023021640012619764
M2_N3_L3_40Hz,303,fx_deconv,2.022,3B4736733110B8082358E271117097C26C0C826B26FC246B5B8697F2E0CD8C35,M2_N3_L3_40Hz_303_fx_deconv.npy,-0.12781332085772126,0.06117661060099175,0.11765522705842392,1,0.0,0.0,0.042140089961925885,0.042140089961925885
M2_N3_L3_40Hz,303,wavelet_threshold,1.076,2FE30DF540D62A65894C4F24DB906890CA317C824FD3E4E1E87320E513634617,M2_N3_L3_40Hz_303_wavelet_threshold.npy,0.04556901828612903,0.03989824630345679,0.04576653255966462,1,0.0,0.0,0.09345952757358285,0.09345952757358285
M2_N3_L3_40Hz,303,ssa_decomposition,1957.315,F55BEBB871F1015C07D75E81E6A5BB5BBF21F47B35B2B0C31DDC7FE504F863DD,M2_N3_L3_40Hz_303_ssa_decomposition.npy,-0.2902393541811667,0.15989762205588287,0.67168429745353,1,1.9999999999999964,1.9999999999999964,0.19142040363909077,0.19142040363909077
M2_N3_L3_40Hz,303,svd_lowrank,6.377,B4904A00ADF36B81D5145624C885F54E62DE111088A80700402CA9D9E3E89830,M2_N3_L3_40Hz_303_svd_lowrank.npy,0.26089708176206605,0.04351577912580424,0.6537034834534917,1,0.0,0.0,0.08056467151174222,0.08056467151174222
M2_N3_L3_40Hz,404,fk_filter,0.941,00A0DD4F7D01ABB3C4C0658F7A776E6F5F9583CE53C6351FB01A320108C0486A,M2_N3_L3_40Hz_404_fk_filter.npy,14.110609963359309,0.006448693135605382,29.770598496584142,1,0.0,0.0,0.001470633821961019,0.001470633821961019
M2_N3_L3_40Hz,404,fx_deconv,2.212,CB3E5942F47E5B9FFA12CBCC3DE1E21959B8F61F89A525B598105861A3BC049A,M2_N3_L3_40Hz_404_fx_deconv.npy,-0.17357111318047483,0.13447090847972445,0.08621547590138014,1,0.0,0.0,0.12299850671387333,0.12299850671387333
M2_N3_L3_40Hz,404,wavelet_threshold,1.143,D96368DD765E90270707B5897642A27483ACD4103CF7702D0EBD16AE0C1C0DC2,M2_N3_L3_40Hz_404_wavelet_threshold.npy,0.03971829159435397,0.09530615797004681,0.03988327313312401,1,0.0,0.0,0.1729844511506117,0.1729844511506117
M2_N3_L3_40Hz,404,ssa_decomposition,1347.168,0CA848BD0A7C7ACC461FA31A12B3F833C25B2E8E836C76C948331262EB9552F4,M2_N3_L3_40Hz_404_ssa_decomposition.npy,-0.2258027105454791,0.18941407698346827,0.4114485016513415,1,3.9999999999999716,3.9999999999999716,0.019681629946081712,0.019681629946081712
M2_N3_L3_40Hz,404,svd_lowrank,40.347,F0501D08D2FE29DC2ECCA902881543772277B88E26D48E0F6FBA2084AAFF0817,M2_N3_L3_40Hz_404_svd_lowrank.npy,0.23753751022725694,0.104018236838902,0.6541320155445728,1,0.0,0.0,0.1452629729798154,0.1452629729798154
M2_N3_L3_40Hz,505,fk_filter,1.66,D32B70E5834B123ED23132714858E1134EDDF0846DC0553FB24DAAD9A1567F29,M2_N3_L3_40Hz_505_fk_filter.npy,12.626094906753845,0.001968503654294812,25.808209940772663,2,1.0000000000000018,2.0000000000000036,0.0065102712115456705,0.007406360821938048
M2_N3_L3_40Hz,505,fx_deconv,4.716,05C8FFB38E59A399021C72B99265FD0E50AC88FA57855821DFCA65228E14C084,M2_N3_L3_40Hz_505_fx_deconv.npy,-0.11409220041297628,0.0497050092945794,0.15988414342284626,2,0.0,0.0,0.05050533079279996,0.06671398046357498
M2_N3_L3_40Hz,505,wavelet_threshold,2.258,B524C81BCCB768EF3DE6F0B6A4C85DB4D31C73DAC3E6366CABCD24CBDF286F33,M2_N3_L3_40Hz_505_wavelet_threshold.npy,0.04323816040677298,0.026320001229598492,0.04340624707987652,2,0.0,0.0,0.097532767502111,0.13407808629060486
M2_N3_L3_40Hz,505,ssa_decomposition,1251.63,0E7A468ED2A6141A3317464438612C6CB274876F651A386CD6AA7018D5DCAEAD,M2_N3_L3_40Hz_505_ssa_decomposition.npy,-0.3630797184120018,0.21311672196146667,0.896260921491585,2,4.0000000000000036,6.0000000000000036,0.34070762193828863,0.38589547020373355
M2_N3_L3_40Hz,505,svd_lowrank,9.106,C2C453D57D8A74D1190EFCD755C8FC0F199EF5D5A0B76AAE29CFD953CEA0A34B,M2_N3_L3_40Hz_505_svd_lowrank.npy,0.3513227738627478,0.030374882177329497,0.7875003668497014,2,0.9999999999999982,1.9999999999999964,0.0819389458705303,0.11447398382677576
