doi,title,year,venue,source_db,query_line,track,relevance_flag,note
10.1111/1365-2478.70164,Unsupervised Local Primary‐and‐Multiple Orthogonalization Learning for Seismic Multiple Leakage Estimation,2026,Geophysical Prospecting,crossref,seismic AND denois* AND (fusion OR combination OR ensemble OR local similarity OR orthogonalization),mechanism,相关,
10.1190/tle-2025-1046,Automated CO2 plume detection from time-lapse seismic  using local orthogonalization and deep learning,2026,The Leading Edge,crossref,seismic AND denois* AND (fusion OR combination OR ensemble OR local similarity OR orthogonalization),mechanism,相关,
10.3997/2214-4609.202010996,Robust AVO-Preserving Joint Migration Inversion of Seismic Reflections Using a Data Mismatch Based on Local Orthogonalization,2020,EAGE 2020 Annual Conference &amp; Exhibition Online,crossref,seismic AND denois* AND (fusion OR combination OR ensemble OR local similarity OR orthogonalization),mechanism,相关,
10.1093/benz/9780199773787.article.b00049503,"Denois, Lucile",2011,Benezit Dictionary of Artists,crossref,seismic AND denois* AND (fusion OR combination OR ensemble OR local similarity OR orthogonalization),mechanism,相关,
10.1190/geo2024-0055.1,Improving fluid-induced time-lapse seismic monitoring using local orthogonalization,2025,Geophysics,crossref,seismic AND denois* AND (fusion OR combination OR ensemble OR local similarity OR orthogonalization),mechanism,相关,
10.3723/osig17.221,Adapting Seismic Surveys to Shallow Investigation of Offshore Bedrock,,Offshore Site Investigation Geotechnics 8th International Conference Proceedings,crossref,seismic AND denois* AND (fusion OR combination OR ensemble OR local similarity OR orthogonalization),mechanism,待定,
10.20944/preprints202306.0192.v1,Trademark Similarity Evaluation Using Combination of ViT and Local Features,2023,,crossref,seismic AND denois* AND (fusion OR combination OR ensemble OR local similarity OR orthogonalization),mechanism,不相关,
10.1007/s10910-024-01702-9,Local softness and local molecular quantum similarity relationship: quantification of the local softness within a molecular ensemble,2025,Journal of Mathematical Chemistry,crossref,seismic AND denois* AND (fusion OR combination OR ensemble OR local similarity OR orthogonalization),mechanism,不相关,
10.7717/peerj.17975,Ensemble decision of local similarity indices on the biological network for disease related gene prediction,2024,PeerJ,crossref,seismic AND denois* AND (fusion OR combination OR ensemble OR local similarity OR orthogonalization),mechanism,不相关,
10.1016/j.inffus.2015.08.006,Ensemble similarity learning for kinship verification from facial images in the wild,2016,Information Fusion,crossref,seismic AND denois* AND (fusion OR combination OR ensemble OR local similarity OR orthogonalization),mechanism,不相关,
10.2139/ssrn.5572514,Blind Seismic Denoising via Ensemble Iterative Data Refine-ment with Adaptive Spectral-Spatial Feature Fusion,2025,,crossref,seismic AND denois* AND (fusion OR combination OR ensemble OR local similarity OR orthogonalization),mechanism,相关,
10.36922/jse026270125,Pre-stack seismic lithology prediction constrained by multi-scale structural similarity and logarithmic opinion pool fusion,2026,Journal of Seismic Exploration,crossref,seismic AND denois* AND (fusion OR combination OR ensemble OR local similarity OR orthogonalization),mechanism,相关,
10.1007/0-306-46883-2_1,Combination of molecular similarity measures using data fusion,,Virtual Screening: An Alternative or Complement to High Throughput Screening?,crossref,seismic AND denois* AND (fusion OR combination OR ensemble OR local similarity OR orthogonalization),mechanism,不相关,
10.17559/tv-20171023105844,Fusion of Multispectral and Panchromatic Images via Local Geometrical Similarity,2018,Tehnicki vjesnik - Technical Gazette,crossref,seismic AND denois* AND (fusion OR combination OR ensemble OR local similarity OR orthogonalization),mechanism,不相关,
10.1016/j.inffus.2023.101918,ENCODE - Ensemble neural combination for optimal dimensionality encoding in time-series forecasting,2023,Information Fusion,crossref,seismic AND denois* AND (fusion OR combination OR ensemble OR local similarity OR orthogonalization),mechanism,不相关,
10.21203/rs.3.rs-7512915/v1,SoundTwin: A High-Similarity Fast Diffusion Autoregressive Speech Cloning Model Based on Local-Global Feature Fusion,2025,,crossref,seismic AND denois* AND (fusion OR combination OR ensemble OR local similarity OR orthogonalization),mechanism,不相关,
10.1142/9781860947292_0038,GENE EXPRESSION DATA CLUSTERING BASED ON LOCAL SIMILARITY COMBINATION,2005,Proceedings of the 4th Asia-Pacific Bioinformatics Conference,crossref,seismic AND denois* AND (fusion OR combination OR ensemble OR local similarity OR orthogonalization),mechanism,不相关,
10.2139/ssrn.4778143,Exploring Cross-Dimensional Non-Local Self-Similarity for Hyperspectral and Multispectral Image Fusion,2024,,crossref,seismic AND denois* AND (fusion OR combination OR ensemble OR local similarity OR orthogonalization),mechanism,不相关,
10.2523/iptc-18684-ms,Wavelet Extraction and Local Seismic Phase Correction Using Combination of Different Moment,2016,International Petroleum Technology Conference,crossref,seismic AND denois* AND (fusion OR combination OR ensemble OR local similarity OR orthogonalization),mechanism,相关,
10.1021/ci300547g,Combination of Similarity Rankings Using Data Fusion,2013,Journal of Chemical Information and Modeling,crossref,seismic AND denois* AND (fusion OR combination OR ensemble OR local similarity OR orthogonalization),mechanism,不相关,
10.1109/itoec49072.2020.9141871,Similarity Image Retrieval Model based on Local Feature Fusion and Deep Metric Learning,2020,2020 IEEE 5th Information Technology and Mechatronics Engineering Conference (ITOEC),crossref,seismic AND denois* AND (fusion OR combination OR ensemble OR local similarity OR orthogonalization),mechanism,不相关,
10.3997/2214-4609.201801419,Seismic Data Denoising for Complex Structure Using BM3D and Local Similarity,2018,Proceedings,crossref,seismic AND denois* AND (fusion OR combination OR ensemble OR local similarity OR orthogonalization),mechanism,相关,
10.7717/peerj.20541/supp-4,Supplemental Information 4: Similarity Ensemble Approach (SEA) analysis of selected molecules.,,,crossref,seismic AND denois* AND (fusion OR combination OR ensemble OR local similarity OR orthogonalization),mechanism,不相关,
10.1038/s41598-018-19728-w,High-resolution seismic event detection using local similarity for Large-N arrays,2018,Scientific Reports,crossref,seismic AND denois* AND (fusion OR combination OR ensemble OR local similarity OR orthogonalization),mechanism,相关,
10.3390/info14070398,Trademark Similarity Evaluation Using a Combination of ViT and Local Features,2023,Information,crossref,seismic AND denois* AND (fusion OR combination OR ensemble OR local similarity OR orthogonalization),mechanism,不相关,
10.3997/2214-4609.201413317,Random Noise Attenuation Using Local Signal and Noise Orthogonalization,2015,Proceedings,crossref,seismic AND denois* AND (fusion OR combination OR ensemble OR local similarity OR orthogonalization),mechanism,相关,
10.1016/j.compbiomed.2024.107981,Weighted Combination of Łukasiewicz implication and Fuzzy Jaccard similarity in Hybrid Ensemble Framework (WCLFJHEF) for Gene Selection,2024,Computers in Biology and Medicine,crossref,seismic AND denois* AND (fusion OR combination OR ensemble OR local similarity OR orthogonalization),mechanism,不相关,
10.1002/minf.201000050,Combination Rules for Group Fusion in Similarity‐Based Virtual Screening,2010,Molecular Informatics,crossref,seismic AND denois* AND (fusion OR combination OR ensemble OR local similarity OR orthogonalization),mechanism,不相关,
10.2118/164883-ms,Local History Matching Using 4D Seismic Data and Multiple Models Combination,2013,EAGE Annual Conference &amp; Exhibition incorporating SPE Europec,crossref,seismic AND denois* AND (fusion OR combination OR ensemble OR local similarity OR orthogonalization),mechanism,相关,
10.3997/2214-4609.201901514,Improving Adaptive Subtraction of SRME Using Local Orthogonalization Filter,2019,81st EAGE Conference and Exhibition 2019,crossref,seismic AND denois* AND (fusion OR combination OR ensemble OR local similarity OR orthogonalization),mechanism,不相关,
10.1201/9781003485803-5,Similarity Fusion: Camera-LiDAR Vision Similarity Fusion for 3D Object Detection,2026,Visual Sensing and Ubiquitous Computing,crossref,seismic AND denois* AND (fusion OR combination OR ensemble OR local similarity OR orthogonalization),mechanism,不相关,
10.1190/geo2014-0227.1,Random noise attenuation using local signal-and-noise orthogonalization,2015,Geophysics,crossref,seismic AND denois* AND (fusion OR combination OR ensemble OR local similarity OR orthogonalization),mechanism,相关,
10.1351/goldbook.11511,similarity ensemble approach,2025,The IUPAC Compendium of Chemical Terminology,crossref,seismic AND denois* AND (fusion OR combination OR ensemble OR local similarity OR orthogonalization),mechanism,不相关,
10.3997/2214-4609.201901199,Surface Multiple Leakage Extraction Using Local Primary-and-Multiple Orthogonalization,2019,81st EAGE Conference and Exhibition 2019,crossref,seismic AND denois* AND (fusion OR combination OR ensemble OR local similarity OR orthogonalization),mechanism,相关,
10.1111/1365-2478.13202,Enhancing the resolution of seismic data based on the non‐local similarity,2022,Geophysical Prospecting,crossref,seismic AND denois* AND (fusion OR combination OR ensemble OR local similarity OR orthogonalization),mechanism,相关,
10.3724/sp.j.1087.2011.00441,Clustering ensemble method based on co-occurrence similarity,2011,Journal of Computer Applications,crossref,seismic AND denois* AND (fusion OR combination OR ensemble OR local similarity OR orthogonalization),mechanism,不相关,
10.7717/peerj-cs.4069/fig-1,Figure 1: (A) Early fusion: feature concatenation and (B) late fusion: stacking ensemble.,,,crossref,seismic AND denois* AND (fusion OR combination OR ensemble OR local similarity OR orthogonalization),mechanism,相关,
10.1190/1.3513137,Local similarity with the envelope as a seismic phase detector,2010,International Meeting for Applied Geoscience &amp; Energy,crossref,seismic AND denois* AND (fusion OR combination OR ensemble OR local similarity OR orthogonalization),mechanism,相关,
10.18130/v30t0k,Bayesian Fusion of Ensemble Forecasts,,,crossref,seismic AND denois* AND (fusion OR combination OR ensemble OR local similarity OR orthogonalization),mechanism,不相关,
10.1016/j.inffus.2024.102407,ExplainLFS: Explaining neural architectures for similarity learning from local perturbations in the latent feature space,2024,Information Fusion,crossref,seismic AND denois* AND (fusion OR combination OR ensemble OR local similarity OR orthogonalization),mechanism,不相关,
10.2139/ssrn.5461408,Global-Local Fusion Neural Networks for Static and Seismic Footing Bearing Capacity on Spatially Variable Slopes,2025,,crossref,seismic AND denois* AND (fusion OR combination OR ensemble OR local similarity OR orthogonalization),mechanism,相关,
10.1016/j.patrec.2012.04.016,Multi-view action recognition using local similarity random forests and sensor fusion,2013,Pattern Recognition Letters,crossref,seismic AND denois* AND (fusion OR combination OR ensemble OR local similarity OR orthogonalization),mechanism,不相关,
10.1109/sibgrapi62404.2024.10716315,Breaking Visual Similarity Barriers: Enhanced Image Identification Through Global-Local Feature Fusion,2024,"2024 37th SIBGRAPI Conference on Graphics, Patterns and Images (SIBGRAPI)",crossref,seismic AND denois* AND (fusion OR combination OR ensemble OR local similarity OR orthogonalization),mechanism,不相关,
10.1023/a:1008752200506,Combination of molecular similarity measures using data fusion,2000,Perspectives in Drug Discovery and Design,crossref,seismic AND denois* AND (fusion OR combination OR ensemble OR local similarity OR orthogonalization),mechanism,不相关,
10.12733/jics20105346,WMSN Video Image Iterative Reconstruction via Combination of Structural Sparsity and Non-local Self-similarity,2015,Journal of Information and Computational Science,crossref,seismic AND denois* AND (fusion OR combination OR ensemble OR local similarity OR orthogonalization),mechanism,不相关,
10.1785/0220240251,"Scaling Relationships between Local Magnitude, Seismic Moment, and Radiated Seismic Energy for the 18 April 2019 Xiulin, Taiwan, Earthquake Sequence: Implications for Source Non-Self-Similarity",2024,Seismological Research Letters,crossref,seismic AND denois* AND (fusion OR combination OR ensemble OR local similarity OR orthogonalization),mechanism,待定,
10.1109/icdar.2005.118,Fusion of combination rules of an ensemble of MLP classifiers for improved recognition accuracy of handprinted Bangia numerals,2005,Eighth International Conference on Document Analysis and Recognition (ICDAR'05),crossref,seismic AND denois* AND (fusion OR combination OR ensemble OR local similarity OR orthogonalization),mechanism,不相关,
10.1190/geo2024-0365.1,Local similarity-integrated self-learning model and its application to suppress seismic migration artifacts,2026,Geophysics,crossref,seismic AND denois* AND (fusion OR combination OR ensemble OR local similarity OR orthogonalization),mechanism,相关,
10.22541/essoar.175676964.46168374/v2,Similarity of Debris Flows in Seismic Records,2026,,crossref,seismic AND denois* AND (fusion OR combination OR ensemble OR local similarity OR orthogonalization),mechanism,待定,
10.1021/jasms.5c00176.s001,The Power of Many: An Ensemble Approach to Spectral Similarity,,,crossref,seismic AND denois* AND (fusion OR combination OR ensemble OR local similarity OR orthogonalization),mechanism,不相关,
10.1021/ci025596j,Combination of Fingerprint-Based Similarity Coefficients Using Data Fusion,2002,Journal of Chemical Information and Computer Sciences,crossref,seismic AND denois* AND (fusion OR combination OR ensemble OR local similarity OR orthogonalization),mechanism,不相关,
10.1002/0471650129.dob0398,Local Alignment (Local Similarity),2004,Dictionary of Bioinformatics and Computational Biology,crossref,seismic AND denois* AND (fusion OR combination OR ensemble OR local similarity OR orthogonalization),mechanism,不相关,
10.1007/s11770-024-1099-2,Methodology for the Ensemble Synthesis of Stochastic Seismic Event Sets Satisfying the Renewal Process for Local Strong Earthquakes,2024,Applied Geophysics,crossref,seismic AND denois* AND (fusion OR combination OR ensemble OR local similarity OR orthogonalization),mechanism,相关,
10.1109/aqtr.2018.8402746,A new orthogonalization and sensor fusion algorithm for attitude estimation,2018,"2018 IEEE International Conference on Automation, Quality and Testing, Robotics (AQTR)",crossref,seismic AND denois* AND (fusion OR combination OR ensemble OR local similarity OR orthogonalization),mechanism,不相关,
10.1038/s41598-023-36054-y,Inferring pseudogene–MiRNA associations based on an ensemble learning framework with similarity kernel fusion,2023,Scientific Reports,crossref,seismic AND denois* AND (fusion OR combination OR ensemble OR local similarity OR orthogonalization),mechanism,不相关,
10.3997/2214-4609.20130167,Local History Matching Using 4D Seismic Data and Multiple Models Combination - (SPE-164883),2013,Proceedings,crossref,seismic AND denois* AND (fusion OR combination OR ensemble OR local similarity OR orthogonalization),mechanism,相关,
10.1109/igarss.2017.8127172,"Multimodal, multitemporal, and multisource global data fusion for local climate zones classification based on ensemble learning",2017,2017 IEEE International Geoscience and Remote Sensing Symposium (IGARSS),crossref,seismic AND denois* AND (fusion OR combination OR ensemble OR local similarity OR orthogonalization),mechanism,不相关,
10.4103/jmss.jmss_74_24,Improving Skin Lesion Diagnosis: A Hybrid Approach Using Orthogonal Combination of Local Binary Pattern Features and Ensemble Learning for Diagnostic Accuracy,2026,Journal of Medical Signals &amp; Sensors,crossref,seismic AND denois* AND (fusion OR combination OR ensemble OR local similarity OR orthogonalization),mechanism,不相关,
10.1016/j.inffus.2025.102928,Improving the local diagnostic explanations of diabetes mellitus with the ensemble of label noise filters,2025,Information Fusion,crossref,seismic AND denois* AND (fusion OR combination OR ensemble OR local similarity OR orthogonalization),mechanism,不相关,
10.1109/ojemb.2023.3288470/mm1,"Ensemble Deep Learning Object Detection Fusion for Cell Tracking, Mitosis, and Lineage_supp1-3288470.pdf",,,crossref,seismic AND denois* AND (fusion OR combination OR ensemble OR local similarity OR orthogonalization),mechanism,不相关,
10.5120/ijca2026925626,Local–Global Feature Fusion Using CNN and Vision Transformer with Ensemble Post-Classification for Diabetic Retinopathy Diagnosis,2026,International Journal of Computer Applications,crossref,seismic AND denois* AND (fusion OR combination OR ensemble OR local similarity OR orthogonalization),mechanism,不相关,
10.21203/rs.3.rs-3012028/v1,The fusion of predefined similarity and learned similarity based on Bayesian Personalized Ranking algorithm,2023,,crossref,seismic AND denois* AND (fusion OR combination OR ensemble OR local similarity OR orthogonalization),mechanism,不相关,
10.1007/s11200-020-0133-y,Post-stack seismic data interpolation using a fast non-local similarity matching algorithm,2021,Studia Geophysica et Geodaetica,crossref,seismic AND denois* AND (fusion OR combination OR ensemble OR local similarity OR orthogonalization),mechanism,相关,
10.24072/pci.archaeo.100347,A different approach to similarity networks in Archaeology - Similarity Network Fusion,2024,Peer Community in Archaeology,crossref,seismic AND denois* AND (fusion OR combination OR ensemble OR local similarity OR orthogonalization),mechanism,不相关,
10.21203/rs.3.rs-3860915/v1,Ensemble Transformer for cross lingual semantic textual similarity,2024,,crossref,seismic AND denois* AND (fusion OR combination OR ensemble OR local similarity OR orthogonalization),mechanism,不相关,
10.1109/aina.2012.60,Channel Orthogonalization (CO) and its Combination with THP (CO-THP) for Multiuser MIMO Systems,2012,2012 IEEE 26th International Conference on Advanced Information Networking and Applications,crossref,seismic AND denois* AND (fusion OR combination OR ensemble OR local similarity OR orthogonalization),mechanism,不相关,
10.1093/jge/gxaf142,Deep Learning for Efficient Prestack Seismic Internal Multiples Suppression with Global-Local Feature Fusion and Optuna Optimization,2025,Journal of Geophysics and Engineering,crossref,seismic AND denois* AND (fusion OR combination OR ensemble OR local similarity OR orthogonalization),mechanism,相关,
10.5220/0014154000004932,A Semantic Text Similarity-Based Ensemble Framework for Automated Essay Scoring,2025,Proceedings of the 1st International Conference on Intelligent Methods and Advanced Computer Scientific Innovations,crossref,seismic AND denois* AND (fusion OR combination OR ensemble OR local similarity OR orthogonalization),mechanism,不相关,
10.1002/0471461296.ch5,Similarity and Local Similarity,2003,Chemically Reacting Flow,crossref,seismic AND denois* AND (fusion OR combination OR ensemble OR local similarity OR orthogonalization),mechanism,不相关,
10.2118/205029-pa,Subspace Ensemble Randomized Maximum Likelihood with Local Analysis for Time-Lapse-Seismic-Data Assimilation,2021,SPE Journal,crossref,seismic AND denois* AND (fusion OR combination OR ensemble OR local similarity OR orthogonalization),mechanism,相关,
10.1007/978-1-4471-0873-3_1,From Self-Similarity to Local Self-Similarity: the Estimation Problem,1999,Fractals,crossref,seismic AND denois* AND (fusion OR combination OR ensemble OR local similarity OR orthogonalization),mechanism,不相关,
10.1190/geo2019-0465.1,Surface-related multiple leakage extraction using local primary-and-multiple orthogonalization,2019,Geophysics,crossref,seismic AND denois* AND (fusion OR combination OR ensemble OR local similarity OR orthogonalization),mechanism,相关,
10.1093/oed/6667053943,"orthogonalization, n.",2023,Oxford English Dictionary,crossref,seismic AND denois* AND (fusion OR combination OR ensemble OR local similarity OR orthogonalization),mechanism,不相关,
10.1088/0029-5515/36/6/i09,Similarity in divertor studies,1996,Nuclear Fusion,crossref,seismic AND denois* AND (fusion OR combination OR ensemble OR local similarity OR orthogonalization),mechanism,不相关,
10.3724/sp.j.1087.2010.00465,Ensemble learning algorithm on attribute combination,2010,Journal of Computer Applications,crossref,seismic AND denois* AND (fusion OR combination OR ensemble OR local similarity OR orthogonalization),mechanism,不相关,
10.1109/trustcom.2014.28,Visual Similarity Based Anti-phishing with the Combination of Local and Global Features,2014,"2014 IEEE 13th International Conference on Trust, Security and Privacy in Computing and Communications",crossref,seismic AND denois* AND (fusion OR combination OR ensemble OR local similarity OR orthogonalization),mechanism,不相关,
10.21236/ada542670,Multi-Model Ensemble Approaches to Data Assimilation Using the 4D-Local Ensemble Transform Kalman Filter,2010,,crossref,seismic AND denois* AND (fusion OR combination OR ensemble OR local similarity OR orthogonalization),mechanism,不相关,
10.1002/9781119186304.ch6,Similarity and Local Similarity,2017,Chemically Reacting Flow,crossref,seismic AND denois* AND (fusion OR combination OR ensemble OR local similarity OR orthogonalization),mechanism,不相关,
10.21236/ada601440,Multi-Model Ensemble Approaches to Data Assimilation Using the 4D-Local Ensemble Transform Kalman Filter,2013,,crossref,seismic AND denois* AND (fusion OR combination OR ensemble OR local similarity OR orthogonalization),mechanism,不相关,
10.1117/12.948929,Local Parallel Models For Integration Of Stereo Matching Constraints And Intrinsic Image Combination,1989,SPIE Proceedings,crossref,seismic AND denois* AND (fusion OR combination OR ensemble OR local similarity OR orthogonalization),mechanism,不相关,
10.21203/rs.3.rs-3319440/v1,An ensemble method for cross lingual semantic textual similarity,2023,,crossref,seismic AND denois* AND (fusion OR combination OR ensemble OR local similarity OR orthogonalization),mechanism,不相关,
10.1190/geo2021-0785.1,Erratic and random noise attenuation using adaptive local orthogonalization,2022,Geophysics,crossref,seismic AND denois* AND (fusion OR combination OR ensemble OR local similarity OR orthogonalization),mechanism,相关,
10.1190/ice2016-6260208.1,Weighted stacking of seismic AVO data using hybrid AB semblance and local similarity,2016,Global Meeting Abstracts,crossref,seismic AND denois* AND (fusion OR combination OR ensemble OR local similarity OR orthogonalization),mechanism,相关,
10.2139/ssrn.5571358,Probabilistic Partial Discharge Pattern Classification Method Using Weighted KDE and Ensemble Similarity Metrics,2025,,crossref,seismic AND denois* AND (fusion OR combination OR ensemble OR local similarity OR orthogonalization),mechanism,不相关,
10.1109/tns.2010.2042968,Local Fusion of an Ensemble of Models for the Reconstruction of Faulty Signals,2010,IEEE Transactions on Nuclear Science,crossref,seismic AND denois* AND (fusion OR combination OR ensemble OR local similarity OR orthogonalization),mechanism,相关,
10.1109/icit.2002.1189933,Ensemble structure of multiple local sensor fusion machine using evolutional pruning technique [an application to heading and rate of turn estimation],,"2002 IEEE International Conference on Industrial Technology, 2002. IEEE ICIT '02.",crossref,seismic AND denois* AND (fusion OR combination OR ensemble OR local similarity OR orthogonalization),mechanism,相关,
10.7287/peerj.preprints.3456v1/supp-3,,,Supplemental Information 3: Figure S3: Similarity between inline barcodes across all fusion primers,crossref,seismic AND denois* AND (fusion OR combination OR ensemble OR local similarity OR orthogonalization),mechanism,不相关,
10.31234/osf.io/vmtfu,Similarity in feature space dictates the efficiency of attentional selection during ensemble processing,2024,,crossref,seismic AND denois* AND (fusion OR combination OR ensemble OR local similarity OR orthogonalization),mechanism,不相关,
10.3133/mf1712,"Estimated maximum regional seismic intensities associated with an ensemble of great earthquakes that might occur along the New Madrid seismic zone, east-central United States",1984,,crossref,seismic AND denois* AND (fusion OR combination OR ensemble OR local similarity OR orthogonalization),mechanism,相关,
10.1007/978-3-540-71559-7_13,Ensemble Learning,,Multi-Sensor Data Fusion,crossref,seismic AND denois* AND (fusion OR combination OR ensemble OR local similarity OR orthogonalization),mechanism,不相关,
10.1201/9781003587774-4,Combination Methods,2025,Ensemble Methods,crossref,seismic AND denois* AND (fusion OR combination OR ensemble OR local similarity OR orthogonalization),mechanism,不相关,
10.1190/geo2020-0151.1,Nonstationary local signal-and-noise orthogonalization,2021,Geophysics,crossref,seismic AND denois* AND (fusion OR combination OR ensemble OR local similarity OR orthogonalization),mechanism,不相关,
10.19086/da.736,Self-similarity in the circular unitary ensemble,2016,Discrete Analysis,crossref,seismic AND denois* AND (fusion OR combination OR ensemble OR local similarity OR orthogonalization),mechanism,不相关,
10.3917/autre.mabil.2004.01.0087,Du plaisir d'être ensemble à la fusion impossible,2004,La fête techno,crossref,seismic AND denois* AND (fusion OR combination OR ensemble OR local similarity OR orthogonalization),mechanism,不相关,
10.5220/0014158900004932,AI-Driven Seismic Forecasting: Enhancing Accuracy with Ensemble Learning,2025,Proceedings of the 1st International Conference on Intelligent Methods and Advanced Computer Scientific Innovations,crossref,seismic AND denois* AND (fusion OR combination OR ensemble OR local similarity OR orthogonalization),mechanism,相关,
10.1088/1361-6560/ae29e0/data2,Similarity measure results,,,crossref,seismic AND denois* AND (fusion OR combination OR ensemble OR local similarity OR orthogonalization),mechanism,不相关,
10.2139/ssrn.5357012,Similarity Model Experimental Research on Seismic Dynamic Response and Seismic Reduction Layer of Tunnel Under Strong Mainshock-Aftershock,2025,,crossref,seismic AND denois* AND (fusion OR combination OR ensemble OR local similarity OR orthogonalization),mechanism,待定,
10.1088/1742-2132/13/2/152,Weighted stacking of seismic AVO data using hybrid AB semblance and local similarity,2016,Journal of Geophysics and Engineering,crossref,seismic AND denois* AND (fusion OR combination OR ensemble OR local similarity OR orthogonalization),mechanism,相关,
10.1016/j.inffus.2019.02.003,Ensemble of CNN for multi-focus image fusion,2019,Information Fusion,crossref,seismic AND denois* AND (fusion OR combination OR ensemble OR local similarity OR orthogonalization),mechanism,不相关,
10.1190/segam2015-5904891.1,Stacking seismic AVO data using AB semblance and local similarity,2015,International Meeting for Applied Geoscience &amp; Energy,crossref,seismic AND denois* AND (fusion OR combination OR ensemble OR local similarity OR orthogonalization),mechanism,相关,
10.2139/ssrn.3994150,Quality Assessment of Multimodal Medical Image Fusion Images Using Chromaticity Similarity and Information Similarity,2021,,crossref,seismic AND denois* AND (fusion OR combination OR ensemble OR local similarity OR orthogonalization),mechanism,不相关,
10.1007/978-3-642-11216-4_14,Image Similarity Measures,2010,Image Fusion,crossref,seismic AND denois* AND (fusion OR combination OR ensemble OR local similarity OR orthogonalization),mechanism,不相关,
10.1109/roman.2011.6005288,Evaluation of action-similarity awareness effect in rhythm ensemble co-creation,2011,2011 RO-MAN,crossref,seismic AND denois* AND (fusion OR combination OR ensemble OR local similarity OR orthogonalization),mechanism,不相关,
10.5311/josis.2013.7.128,The semantic similarity ensemble,2013,Journal of Spatial Information Science,crossref,seismic AND denois* AND (fusion OR combination OR ensemble OR local similarity OR orthogonalization),mechanism,不相关,
10.1007/978-3-642-11216-4_10,Ensemble Learning,2010,Image Fusion,crossref,seismic AND denois* AND (fusion OR combination OR ensemble OR local similarity OR orthogonalization),mechanism,不相关,
10.1109/tkde.2025.3608721/mm1,Similarity and Dissimilarity Guided Co-association Matrix Construction for Ensemble Clustering_supp1-3608721.pdf,,,crossref,seismic AND denois* AND (fusion OR combination OR ensemble OR local similarity OR orthogonalization),mechanism,不相关,
10.1109/ciel.2014.7015736,Experiments on simultaneous combination rule training and ensemble pruning algorithm,2014,2014 IEEE Symposium on Computational Intelligence in Ensemble Learning (CIEL),crossref,seismic AND denois* AND (fusion OR combination OR ensemble OR local similarity OR orthogonalization),mechanism,不相关,
10.1109/tgrs.2023.3307750,Seismic Internal Multiple Attenuation Based on Unsupervised Deep Learning With a Local Orthogonalization Constraint,2023,IEEE Transactions on Geoscience and Remote Sensing,crossref,seismic AND denois* AND (fusion OR combination OR ensemble OR local similarity OR orthogonalization),mechanism,相关,
10.21203/rs.3.rs-8465507/v1,"Temporal Feature Engineering for Melody Similarity Analysis: A Comparative Study of Recurrent, Ensemble, and Transformer Model",2026,,crossref,seismic AND denois* AND (fusion OR combination OR ensemble OR local similarity OR orthogonalization),mechanism,不相关,
10.23919/fusion59988.2024.10706253,Ensemble of KalmanNets for Maneuvering Target Tracking,2024,2024 27th International Conference on Information Fusion (FUSION),crossref,seismic AND denois* AND (fusion OR combination OR ensemble OR local similarity OR orthogonalization),mechanism,不相关,
10.1016/j.inffus.2007.07.004,Applications of ensemble methods,2008,Information Fusion,crossref,seismic AND denois* AND (fusion OR combination OR ensemble OR local similarity OR orthogonalization),mechanism,不相关,
10.1109/icassp.2009.4960075,Transmit beamforming for wireless multicasting using channel orthogonalization and local refinement,2009,"2009 IEEE International Conference on Acoustics, Speech and Signal Processing",crossref,seismic AND denois* AND (fusion OR combination OR ensemble OR local similarity OR orthogonalization),mechanism,不相关,
10.1016/j.jappgeo.2018.12.020,Applications of seislet transform and signal and noise orthogonalization to seismic data from the Middle East,2019,Journal of Applied Geophysics,crossref,seismic AND denois* AND (fusion OR combination OR ensemble OR local similarity OR orthogonalization),mechanism,相关,
10.3997/2214-4609.201403077,Ensemble Kalman Filter Adjusted to Time-Lapse Seismic Data,2007,EAGE Conference on Petroleum Geostatistics,crossref,seismic AND denois* AND (fusion OR combination OR ensemble OR local similarity OR orthogonalization),mechanism,相关,
10.3103/s0747923919010055,Application of Similarity and Dimensional Theory for Seismic Treatment,2019,Seismic Instruments,crossref,seismic AND denois* AND (fusion OR combination OR ensemble OR local similarity OR orthogonalization),mechanism,待定,
10.1063/1.5041661,Similarity measures of Pythagorean fuzzy sets based on combination of cosine similarity measure and Euclidean distance measure,2018,AIP Conference Proceedings,crossref,seismic AND denois* AND (fusion OR combination OR ensemble OR local similarity OR orthogonalization),mechanism,不相关,
10.2139/ssrn.4556089,Component Similarity Based Conflict Analysis: An Information Fusion Viewpoint,2023,,crossref,seismic AND denois* AND (fusion OR combination OR ensemble OR local similarity OR orthogonalization),mechanism,不相关,
10.23919/icif.2017.8009726,Ensemble clustering based on evidence theory,2017,2017 20th International Conference on Information Fusion (Fusion),crossref,seismic AND denois* AND (fusion OR combination OR ensemble OR local similarity OR orthogonalization),mechanism,不相关,
10.3724/sp.j.1004.2008.00298,Generalized Rough Set Method for Ensemble Feature Selection and Multiple Classifier Fusion,2009,Acta Automatica Sinica,crossref,seismic AND denois* AND (fusion OR combination OR ensemble OR local similarity OR orthogonalization),mechanism,相关,
10.1016/j.inffus.2007.07.003,A special issue on applications of ensemble methods,2008,Information Fusion,crossref,seismic AND denois* AND (fusion OR combination OR ensemble OR local similarity OR orthogonalization),mechanism,不相关,
10.22215/etd/2022-15230,"Comparative Evaluation on Effect of ELMo in Combination with Machine Learning, and Ensemble Models",,,crossref,seismic AND denois* AND (fusion OR combination OR ensemble OR local similarity OR orthogonalization),mechanism,不相关,
10.1016/s1566-2535(04)00038-7,Ensemble diversity measures and their application to thinning,2004,Information Fusion,crossref,seismic AND denois* AND (fusion OR combination OR ensemble OR local similarity OR orthogonalization),mechanism,不相关,
10.23919/fusion45008.2020.9190564,Deep Similarity Learning for Soccer Team Ranking,2020,2020 IEEE 23rd International Conference on Information Fusion (FUSION),crossref,seismic AND denois* AND (fusion OR combination OR ensemble OR local similarity OR orthogonalization),mechanism,不相关,
10.1002/9780471650126.dob0398.pub2,Local Alignment (Local Similarity),2004,Dictionary of Bioinformatics and Computational Biology,crossref,seismic AND denois* AND (fusion OR combination OR ensemble OR local similarity OR orthogonalization),mechanism,不相关,
10.21203/rs.3.rs-1877440/v1,Similarity of shallow and deep earthquakes in seismic moment release,2022,,crossref,seismic AND denois* AND (fusion OR combination OR ensemble OR local similarity OR orthogonalization),mechanism,待定,
10.3724/sp.j.1001.2010.03609,Sequence Clustering Algorithms Based on Global and Local Similarity,2010,Journal of Software,crossref,seismic AND denois* AND (fusion OR combination OR ensemble OR local similarity OR orthogonalization),mechanism,不相关,
10.1190/geo2020-0420.1,Fast local primary-and-multiple orthogonalization for surface-related multiple leakage estimation and extraction,2021,Geophysics,crossref,seismic AND denois* AND (fusion OR combination OR ensemble OR local similarity OR orthogonalization),mechanism,相关,
10.1016/j.inffus.2006.09.001,A novel similarity based quality metric for image fusion,2008,Information Fusion,crossref,seismic AND denois* AND (fusion OR combination OR ensemble OR local similarity OR orthogonalization),mechanism,不相关,
10.1190/segam2020-3427546.1,Fast local primary-and-multiple orthogonalization for surface-related multiple estimation,2020,International Meeting for Applied Geoscience &amp; Energy,crossref,seismic AND denois* AND (fusion OR combination OR ensemble OR local similarity OR orthogonalization),mechanism,相关,
10.1021/scimeetings.3c00735,Local reactivity of isatoic anhydride applying quantum molecular similarity,2020,,crossref,seismic AND denois* AND (fusion OR combination OR ensemble OR local similarity OR orthogonalization),mechanism,不相关,
10.1109/iscid.2011.165,Spectral Clustering Ensemble Based on Synthetic Similarity,2011,2011 Fourth International Symposium on Computational Intelligence and Design,crossref,seismic AND denois* AND (fusion OR combination OR ensemble OR local similarity OR orthogonalization),mechanism,不相关,
10.1201/b18856-24,"Recognising local seismic culture in Portugal, the SEISMIC-V research",2015,Seismic Retrofitting: Learning from Vernacular Architecture,crossref,seismic AND denois* AND (fusion OR combination OR ensemble OR local similarity OR orthogonalization),mechanism,待定,
10.1109/tsp.2010.2046436,Multiple-Antenna Multicasting Using Channel Orthogonalization and Local Refinement,2010,IEEE Transactions on Signal Processing,crossref,seismic AND denois* AND (fusion OR combination OR ensemble OR local similarity OR orthogonalization),mechanism,相关,
10.1007/978-1-4757-3273-3_4,Similarity Searching In Chemical Databases Using Molecular Fields And Data Fusion,2001,Mathematical and Computational Chemistry,crossref,seismic AND denois* AND (fusion OR combination OR ensemble OR local similarity OR orthogonalization),mechanism,不相关,
10.1021/scimeetings.3c01132,Local reactivity of isatoic anhydride applying quantum molecular similarity,2020,,crossref,seismic AND denois* AND (fusion OR combination OR ensemble OR local similarity OR orthogonalization),mechanism,不相关,
10.7717/peerj-cs.2083/fig-3,"Figure 3: RGB fusion view, local phase map, local amplitude map.",,,crossref,seismic AND denois* AND (fusion OR combination OR ensemble OR local similarity OR orthogonalization),mechanism,不相关,
10.1016/b978-0-44-464246-2.00027-6,Orthogonalization,2020,Ideas of Quantum Chemistry,crossref,seismic AND denois* AND (fusion OR combination OR ensemble OR local similarity OR orthogonalization),mechanism,不相关,
10.2139/ssrn.6546793,Scalable Similarity Learning Framework for Remaining Useful Life Prediction via Triplet Embeddings and Ensemble Regression,2026,,crossref,seismic AND denois* AND (fusion OR combination OR ensemble OR local similarity OR orthogonalization),mechanism,不相关,
10.1109/csie.2009.764,Ensemble Similarity Measures for Clustering Terms,2009,2009 WRI World Congress on Computer Science and Information Engineering,crossref,seismic AND denois* AND (fusion OR combination OR ensemble OR local similarity OR orthogonalization),mechanism,不相关,
10.1021/acs.jcim.3c00260.s001,A Genetic Algorithm-Based Ensemble Learning Framework for Drug Combination Prediction,,,crossref,seismic AND denois* AND (fusion OR combination OR ensemble OR local similarity OR orthogonalization),mechanism,不相关,
10.1088/0029-5515/18/11/011,Scaling and similarity laws for plasma confinement,1978,Nuclear Fusion,crossref,seismic AND denois* AND (fusion OR combination OR ensemble OR local similarity OR orthogonalization),mechanism,不相关,
10.23919/icif.2017.8009704,A multi-source trajectory correlation algorithm based on spatial-temporal similarity,2017,2017 20th International Conference on Information Fusion (Fusion),crossref,seismic AND denois* AND (fusion OR combination OR ensemble OR local similarity OR orthogonalization),mechanism,不相关,
10.22541/essoar.15005360/v2,24-Cell Polytope Discretization as an Explainable 4D Similarity Measure: From Seismic Source Clouds to Climate Attractors,2026,,crossref,seismic AND denois* AND (fusion OR combination OR ensemble OR local similarity OR orthogonalization),mechanism,待定,
10.1016/j.inffus.2026.104127,SG-DGLF: A similarity-guided dual-graph learning framework,2026,Information Fusion,crossref,seismic AND denois* AND (fusion OR combination OR ensemble OR local similarity OR orthogonalization),mechanism,不相关,
10.2174/2212392xmtezbnzukx,Modeling Hereditary Disease Behavior Using an Innovative Similarity Criterion and Ensemble Clustering,2021,Current Bioinformatics,crossref,seismic AND denois* AND (fusion OR combination OR ensemble OR local similarity OR orthogonalization),mechanism,不相关,
10.1016/j.bspc.2023.105699,Medical image fusion method based on saliency measurement improvement and local structure similarity correction,2024,Biomedical Signal Processing and Control,crossref,seismic AND denois* AND (fusion OR combination OR ensemble OR local similarity OR orthogonalization),mechanism,不相关,
10.1007/978-3-642-11216-4_20,Ensemble Color Image Segmentation,2010,Image Fusion,crossref,seismic AND denois* AND (fusion OR combination OR ensemble OR local similarity OR orthogonalization),mechanism,不相关,
10.47004/wp.cem.2025.0525,A neyman-orthogonalization approach to the incidental parameter problem,2025,,crossref,seismic AND denois* AND (fusion OR combination OR ensemble OR local similarity OR orthogonalization),mechanism,不相关,
10.22541/essoar.15005360/v1,24-Cell Polytope Discretization as an Explainable 4D Similarity Measure: From Seismic Source Clouds to Climate Attractors,2026,,crossref,seismic AND denois* AND (fusion OR combination OR ensemble OR local similarity OR orthogonalization),mechanism,待定,
10.1016/j.jappgeo.2018.11.003,Enhanced elastic wavefield separation using local orthogonalization filtering with applications in elastic modelling and inversion,2019,Journal of Applied Geophysics,crossref,seismic AND denois* AND (fusion OR combination OR ensemble OR local similarity OR orthogonalization),mechanism,相关,
10.1201/b18856-3,Seismic-resistant building practices resulting from Local Seismic Culture,2015,Seismic Retrofitting: Learning from Vernacular Architecture,crossref,seismic AND denois* AND (fusion OR combination OR ensemble OR local similarity OR orthogonalization),mechanism,待定,
10.31223/x5jq2c,Thermonuclear Fusion as a Source of Seismic Phenomena?,2023,,crossref,seismic AND denois* AND (fusion OR combination OR ensemble OR local similarity OR orthogonalization),mechanism,相关,
10.2139/ssrn.6203338,Ensemble Learning-Based Seismic Hazard Forecasting for Safety Enhancement in Underground Coal Mine,2026,,crossref,seismic AND denois* AND (fusion OR combination OR ensemble OR local similarity OR orthogonalization),mechanism,相关,
10.2172/6503261,Seismic analysis of the mirror fusion test facility building,1978,,crossref,seismic AND denois* AND (fusion OR combination OR ensemble OR local similarity OR orthogonalization),mechanism,相关,
10.2139/ssrn.4182586,"Ensemble Bayesian Network Models for Predicting Seismic Liquefaction Based on Spt, Cpt, and vs Databases",2022,,crossref,seismic AND denois* AND (fusion OR combination OR ensemble OR local similarity OR orthogonalization),mechanism,相关,
10.7717/peerj-cs.784/fig-4,Figure 4: The evaluation over ML100K: similarity weight and preeminent metric combination to compare the dynamicity and weight significance.,,,crossref,seismic AND denois* AND (fusion OR combination OR ensemble OR local similarity OR orthogonalization),mechanism,不相关,
10.1109/smc53654.2022.9945195,"Generalized orthogonalization: a unified framework for Gram–Schmidt orthogonalization, SVD and PCA",2022,"2022 IEEE International Conference on Systems, Man, and Cybernetics (SMC)",crossref,seismic AND denois* AND (fusion OR combination OR ensemble OR local similarity OR orthogonalization),mechanism,不相关,
10.3997/2214-4609.202638052,Bayesian Elastic Seismic Inversion Using Ensemble with Multiple Data Assimilation Applied to the Santos Basin Pre-Salt,2026,Fourth Conference on Seismic Inversion,crossref,seismic AND denois* AND (fusion OR combination OR ensemble OR local similarity OR orthogonalization),mechanism,相关,
10.1109/iscas45731.2020.9180749/video,Video for Haze Removal with Fusion of Local and Non-Local Statistics,,,crossref,seismic AND denois* AND (fusion OR combination OR ensemble OR local similarity OR orthogonalization),mechanism,不相关,
10.3997/2214-4609.2024101661,Ensemble Model Predictive Seismic Streamer Steering,2024,85th EAGE Annual Conference &amp; Exhibition,crossref,seismic AND denois* AND (fusion OR combination OR ensemble OR local similarity OR orthogonalization),mechanism,相关,
10.7717/peerj-cs.784/fig-5,Figure 5: The evaluation over ML1M: similarity weight and preeminent metric combination to compare the dynamicity and weight significance.,,,crossref,seismic AND denois* AND (fusion OR combination OR ensemble OR local similarity OR orthogonalization),mechanism,不相关,
10.1109/ijcnn.2014.6889614,Solving unbalanced problems in similarity learning using SVM ensemble,2014,2014 International Joint Conference on Neural Networks (IJCNN),crossref,seismic AND denois* AND (fusion OR combination OR ensemble OR local similarity OR orthogonalization),mechanism,不相关,
10.1017/9781108566285.006,Use of Self-similarity and Gabor Prior,2019,Multi-resolution Image Fusion in Remote Sensing,crossref,seismic AND denois* AND (fusion OR combination OR ensemble OR local similarity OR orthogonalization),mechanism,不相关,
10.21203/rs.3.rs-3055727/v1,SiamSMN: Similarity Map Fusion Siamese Network for Visual Object Tracking,2023,,crossref,seismic AND denois* AND (fusion OR combination OR ensemble OR local similarity OR orthogonalization),mechanism,不相关,
10.1007/978-1-4615-5209-3_26,Aggregation operators as similarity relations,2000,"Information, Uncertainty and Fusion",crossref,seismic AND denois* AND (fusion OR combination OR ensemble OR local similarity OR orthogonalization),mechanism,不相关,
10.1002/chin.199718279,ChemInform Abstract: Similarity Searching in Files of Three‐Dimensional Chemical Structures: Evaluation of the EVA Descriptor and Combination of Rankings Using Data Fusion.,1997,ChemInform,crossref,seismic AND denois* AND (fusion OR combination OR ensemble OR local similarity OR orthogonalization),mechanism,不相关,
10.1021/acs.jcim.6c00114.s001,Inferring Local Protein Structural Similarity from Sequence Alone,,,crossref,seismic AND denois* AND (fusion OR combination OR ensemble OR local similarity OR orthogonalization),mechanism,不相关,
10.33915/etd.5966,Signal Fusion and Semantic Similarity Evaluation for Social Media Based Adverse Drug Event Detection,,,crossref,seismic AND denois* AND (fusion OR combination OR ensemble OR local similarity OR orthogonalization),mechanism,不相关,
10.1016/b978-044452227-6/50026-0,ORTHOGONALIZATION,2007,Ideas of Quantum Chemistry,crossref,seismic AND denois* AND (fusion OR combination OR ensemble OR local similarity OR orthogonalization),mechanism,不相关,
10.1088/1361-6587/ac2374,On similarity scaling of tokamak fusion plasmas with different aspect ratio,2021,Plasma Physics and Controlled Fusion,crossref,seismic AND denois* AND (fusion OR combination OR ensemble OR local similarity OR orthogonalization),mechanism,不相关,
10.1016/j.aca.2004.01.057,OWAVEC: a combination of wavelet analysis and an orthogonalization algorithm as a pre-processing step in multivariate calibration,2004,Analytica Chimica Acta,crossref,seismic AND denois* AND (fusion OR combination OR ensemble OR local similarity OR orthogonalization),mechanism,相关,
10.1007/978-3-642-40457-3_19-1,Multi-model Combination and Seamless Prediction,2015,Handbook of Hydrometeorological Ensemble Forecasting,crossref,seismic AND denois* AND (fusion OR combination OR ensemble OR local similarity OR orthogonalization),mechanism,不相关,
10.14393/ufu.te.2024.618,Ensemble architectures and fusion techniques for convolutional neural networks applied to medical image analysis,,,crossref,seismic AND denois* AND (fusion OR combination OR ensemble OR local similarity OR orthogonalization),mechanism,不相关,
10.1109/tpami.2006.120,From sample similarity to ensemble similarity: probabilistic distance measures in reproducing kernel Hilbert space,2006,IEEE Transactions on Pattern Analysis and Machine Intelligence,crossref,seismic AND denois* AND (fusion OR combination OR ensemble OR local similarity OR orthogonalization),mechanism,不相关,
10.2118/131453-ms,Ensemble Based 4D Seismic History Matching: Integration of Different Levels and Types of Seismic Data,2010,SPE EUROPEC/EAGE Annual Conference and Exhibition,crossref,seismic AND denois* AND (fusion OR combination OR ensemble OR local similarity OR orthogonalization),mechanism,相关,
10.18303/1813-4254-2016-2-19-31,Theoretical solutions combination with real seismic observations .,2016,Технологии сейсморазведки,crossref,seismic AND denois* AND (fusion OR combination OR ensemble OR local similarity OR orthogonalization),mechanism,相关,
10.3997/2214-4609.201800724,Comprehensive Prestack Seismic-to-Well Tie Using Data Combination for Better Seismic Reservoir Characterization,2018,Proceedings,crossref,seismic AND denois* AND (fusion OR combination OR ensemble OR local similarity OR orthogonalization),mechanism,相关,
10.1007/978-3-642-27222-6_14,Ensemble Learning,2012,Data Fusion: Concepts and Ideas,crossref,seismic AND denois* AND (fusion OR combination OR ensemble OR local similarity OR orthogonalization),mechanism,不相关,
10.3997/2214-4609.201405089,Wavelet based self-similarity analysis in seismic data processing,2007,69th EAGE Conference and Exhibition - Workshop Package,crossref,seismic AND denois* AND (fusion OR combination OR ensemble OR local similarity OR orthogonalization),mechanism,待定,
10.1016/j.inffus.2016.06.003,An efficient ensemble pruning approach based on simple coalitional games,2017,Information Fusion,crossref,seismic AND denois* AND (fusion OR combination OR ensemble OR local similarity OR orthogonalization),mechanism,不相关,
10.1016/j.inffus.2025.103777,Ensemble of KalmanNets with innovation-based attention for robust target tracking,2026,Information Fusion,crossref,seismic AND denois* AND (fusion OR combination OR ensemble OR local similarity OR orthogonalization),mechanism,不相关,
10.4095/328794,A local seismic survey at Denison Mine,1990,,crossref,seismic AND denois* AND (fusion OR combination OR ensemble OR local similarity OR orthogonalization),mechanism,待定,
10.5220/0010775100003116,SubTST: A Combination of Sub-word Latent Topics and Sentence Transformer for Semantic Similarity Detection,2022,Proceedings of the 14th International Conference on Agents and Artificial Intelligence,crossref,seismic AND denois* AND (fusion OR combination OR ensemble OR local similarity OR orthogonalization),mechanism,不相关,
10.1109/tgrs.2025.3563362/v2/review2,"Review for ""Unconformity-Enhanced Hierarchical Context Fusion Network for Seismic Facies Classification""",2025,,crossref,seismic AND denois* AND (fusion OR combination OR ensemble OR local similarity OR orthogonalization),mechanism,相关,
10.4095/328570,A local seismic survey at Creighton Mine,1990,,crossref,seismic AND denois* AND (fusion OR combination OR ensemble OR local similarity OR orthogonalization),mechanism,待定,
10.1109/tgrs.2025.3563362/v3/review1,"Review for ""Unconformity-Enhanced Hierarchical Context Fusion Network for Seismic Facies Classification""",2025,,crossref,seismic AND denois* AND (fusion OR combination OR ensemble OR local similarity OR orthogonalization),mechanism,相关,
10.1109/tgrs.2025.3563362/v1/review1,"Review for ""Unconformity-Enhanced Hierarchical Context Fusion Network for Seismic Facies Classification""",2024,,crossref,seismic AND denois* AND (fusion OR combination OR ensemble OR local similarity OR orthogonalization),mechanism,相关,
10.1109/tgrs.2025.3563362/v1/review2,"Review for ""Unconformity-Enhanced Hierarchical Context Fusion Network for Seismic Facies Classification""",2024,,crossref,seismic AND denois* AND (fusion OR combination OR ensemble OR local similarity OR orthogonalization),mechanism,相关,
10.23919/fusion43075.2019.9011197,On combining probabilistic and semantic similarity-based methods toward off-domain reasoning for situational awareness,2019,2019 22th International Conference on Information Fusion (FUSION),crossref,seismic AND denois* AND (fusion OR combination OR ensemble OR local similarity OR orthogonalization),mechanism,不相关,
10.1016/j.patcog.2022.109233,Multi-scale local-temporal similarity fusion for continuous sign language recognition,2023,Pattern Recognition,crossref,seismic AND denois* AND (fusion OR combination OR ensemble OR local similarity OR orthogonalization),mechanism,不相关,
10.3997/2214-4609.202011763,Elastic Seismic Inversion Using an Iterative Ensemble Kalman Filter,2021,82nd EAGE Annual Conference &amp; Exhibition,crossref,seismic AND denois* AND (fusion OR combination OR ensemble OR local similarity OR orthogonalization),mechanism,相关,
10.1109/fskd.2012.6233780,Similarity-based spectral clustering ensemble selection,2012,2012 9th International Conference on Fuzzy Systems and Knowledge Discovery,crossref,seismic AND denois* AND (fusion OR combination OR ensemble OR local similarity OR orthogonalization),mechanism,不相关,
10.1109/tgrs.2025.3563362/v2/review1,"Review for ""Unconformity-Enhanced Hierarchical Context Fusion Network for Seismic Facies Classification""",2024,,crossref,seismic AND denois* AND (fusion OR combination OR ensemble OR local similarity OR orthogonalization),mechanism,相关,
10.21203/rs.3.rs-8012706/v1,SET-CNN: Stacked Ensemble of CNNs for Robust Image Embedding and Similarity Retrieval,2026,,crossref,seismic AND denois* AND (fusion OR combination OR ensemble OR local similarity OR orthogonalization),mechanism,相关,
10.4028/www.scientific.net/amm.519-520.615,A New Local Self-Similarity Descriptor Based on Structural Similarity Index,2014,Applied Mechanics and Materials,crossref,seismic AND denois* AND (fusion OR combination OR ensemble OR local similarity OR orthogonalization),mechanism,不相关,
10.1007/s12145-022-00908-2,Denoising of multidimensional seismic data in the physical domain by a new non-local self similarity method,2022,Earth Science Informatics,crossref,seismic AND denois* AND (fusion OR combination OR ensemble OR local similarity OR orthogonalization),mechanism,相关,
10.3724/sp.j.1001.2009.03546,Learning-Based Medical Image Magnification Algorithm by Local Geometric Similarity,2010,Journal of Software,crossref,seismic AND denois* AND (fusion OR combination OR ensemble OR local similarity OR orthogonalization),mechanism,不相关,
10.1109/icif.2006.301664,A Feature Level Fusion in Similarity Matching to Content-Based Image Retrieval,2006,2006 9th International Conference on Information Fusion,crossref,seismic AND denois* AND (fusion OR combination OR ensemble OR local similarity OR orthogonalization),mechanism,不相关,
10.1101/2023.05.15.540764,Prediction of peptide hormones using an ensemble of machine learning and similarity-based methods,2023,,crossref,seismic AND denois* AND (fusion OR combination OR ensemble OR local similarity OR orthogonalization),mechanism,不相关,
10.3724/sp.j.1187.2011.00835,Research of membership function based on fusion of multi-feature similarity,2011,JOURNAL OF ELECTRONIC MEASUREMENT AND INSTRUMENT,crossref,seismic AND denois* AND (fusion OR combination OR ensemble OR local similarity OR orthogonalization),mechanism,不相关,
10.1016/j.dsp.2026.105936,Blind seismic denoising via ensemble iterative data refinement with adaptive spectral-spatial feature fusion,2026,Digit. Signal Process.,semantic_scholar,seismic denoising fusion ensemble,mechanism,相关,
10.1109/LGRS.2024.3369727,Seismic Data Denoising Based on DC-PCNN Image Fusion in NSCT Domain,2024,IEEE Geoscience and Remote Sensing Letters,semantic_scholar,seismic denoising fusion ensemble,mechanism,相关,
10.1145/3705391.3705404,The Denoising of Seismic Signals Based on Joint Loss and Feature Fusion Network,2024,Proceedings of the 2024 6th International Conference on Telecommunications and Communication Engineering,semantic_scholar,seismic denoising fusion ensemble,mechanism,相关,
10.1109/LGRS.2026.3676613,Robust Seismic Denoising Framework: A GAN-Based Approach With Multiscale Feature Fusion and Signal Preservation,2026,IEEE Geoscience and Remote Sensing Letters,semantic_scholar,seismic denoising fusion ensemble,mechanism,相关,
10.3389/fmed.2025.1566870,Feature fusion ensemble classification approach for epileptic seizure prediction using electroencephalographic bio-signals,2025,Frontiers in Medicine,semantic_scholar,seismic denoising fusion ensemble,mechanism,不相关,
10.1109/TGRS.2021.3123509,Multigranularity Feature Fusion Convolutional Neural Network for Seismic Data Denoising,2022,IEEE Transactions on Geoscience and Remote Sensing,semantic_scholar,seismic denoising fusion ensemble,mechanism,相关,
10.36922/jse025400081,U-STDRNet: A unified model integrating swin transformer and residual dense network for seismic image super-resolution and denoising,2025,Journal of Seismic Exploration,semantic_scholar,seismic denoising fusion ensemble,mechanism,相关,
10.1109/CEI66465.2025.11398537,Research on Frequency-Division Denoising Method for Seismic Data Based on Intelligent Adaptive Wavelet Transform,2025,"2025 5th International Conference on Computer Science, Electronic Information Engineering and Intelligent Control Technology (CEI)",semantic_scholar,seismic denoising fusion ensemble,mechanism,相关,
10.1007/s11600-025-01721-3,Weight fusion adversarial network based on the self-collaborative strategy for denoising DAS-VSP records,2025,Acta Geophysica,semantic_scholar,seismic denoising fusion ensemble,mechanism,相关,
10.1038/s41598-025-87481-y,MFIEN: multi-scale feature interactive enhancement network for seismic data denoising in desert areas,2025,Scientific Reports,semantic_scholar,seismic denoising fusion ensemble,mechanism,相关,
10.1145/3746027.3763759,FAME: Fusion-Aware Multi-modal Ensemble for Social Media Popularity Prediction,2025,ACM Multimedia,semantic_scholar,seismic denoising fusion ensemble,mechanism,不相关,
10.1109/GITCON65266.2025.11377248,ThermoVision: A Deep Ensemble Architecture with Image Restoration and Multivariate Weather Fusion for Advanced Thermal Event Prediction,2025,2025 Global Conference on Information Technology and Communication Networks (GITCON),semantic_scholar,seismic denoising fusion ensemble,mechanism,不相关,
10.1038/s41598-025-92293-1,An intelligent framework for skin cancer detection and classification using fusion of Squeeze-Excitation-DenseNet with Metaheuristic-driven ensemble deep learning models,2025,Scientific Reports,semantic_scholar,seismic denoising fusion ensemble,mechanism,不相关,
10.1145/3711129.3711377,Rolling Bearing Fault Diagnosis Based on CEEMDAN-IWT Denoising and Multiscale Feature Fusion,2024,EITCE,semantic_scholar,seismic denoising fusion ensemble,mechanism,相关,
,DCMSA: Multi-Head Self-Attention Mechanism Based on Deformable Convolution For Seismic Data Denoising,2024,,semantic_scholar,seismic denoising fusion ensemble,mechanism,相关,no-doi
10.1109/JSEN.2024.3353732,Early Fault Detection via Multiple Feature Fusion and Ensemble Learning,2024,IEEE Sensors Journal,semantic_scholar,seismic denoising fusion ensemble,mechanism,相关,
10.1109/CAIT64506.2024.10963142,Estimation of Mango Canopy Nitrogen Content in Complex Backgrounds Using UAV Hyperspectral Imaging: A Fusion Method of Adaptive Pixel Weighting and Ensemble Learning,2024,2024 5th International Conference on Computers and Artificial Intelligence Technology (CAIT),semantic_scholar,seismic denoising fusion ensemble,mechanism,相关,
10.1190/GEO2014-0423.1,Microseismic and seismic denoising via ensemble empirical mode decomposition and adaptive thresholding,2015,,semantic_scholar,seismic denoising fusion ensemble,mechanism,相关,
10.1016/J.EGYPRO.2016.10.026,A New Ensemble Empirical Mode Decomposition (EEMD) Denoising Method for Seismic Signals,2016,,semantic_scholar,seismic denoising fusion ensemble,mechanism,相关,
10.1108/ijsi-12-2025-0315,An optimised method for denoising wheel flat dynamic stress signals based on multi-sensor fusion and ICEEMDAN,2026,International Journal of Structural Integrity,semantic_scholar,seismic denoising fusion ensemble,mechanism,相关,
10.1007/s11600-026-01799-3,MSBE-UNet: A deep learning denoising method for effective seismic noise suppression,2026,Acta Geophysica,semantic_scholar,seismic denoising fusion ensemble,mechanism,相关,
10.1109/ICCCS69761.2026.11613386,Hierarchical Spatiotemporal Feature Fusion for Robust Anomaly Detection in Distributed Acoustic Sensing with a VMD-WPD Heterogeneous Stacking Ensemble,2026,"International Conference on Communication, Computing & Security",semantic_scholar,seismic denoising fusion ensemble,mechanism,相关,
10.1088/2631-8695/ae7bbf,An SNR-stacking ensemble method for multi-model fusion noise reduction in GAFDEM signals,2026,Engineering Research Express,semantic_scholar,seismic denoising fusion ensemble,mechanism,相关,
10.1109/TGRS.2024.3355972,Efficient Seismic Data Denoising via Deep Learning With Improved MCA-SCUNet,2024,IEEE Transactions on Geoscience and Remote Sensing,semantic_scholar,seismic denoising fusion ensemble,mechanism,相关,
10.7759/s44389-025-09506-x,A Hybrid Ensemble of Denoising Autoencoders and Deep Learning Models for Fetal Image Analysis,2025,Cureus Journal of Computer Science,semantic_scholar,seismic denoising fusion ensemble,mechanism,相关,
10.1109/CoDIT58514.2023.10284131,Multi-Level Fusion of Multi-Source Information Based Deep Learning and Ensemble Deep Learning Models,2023,"International Conference on Control, Decision and Information Technologies",semantic_scholar,seismic denoising fusion ensemble,mechanism,不相关,
10.1088/1361-6501/adfc89,Dual-branch DAS denoising strategy based on SNR-aware feature fusion,2025,Measurement science and technology,semantic_scholar,seismic denoising fusion ensemble,mechanism,相关,
10.1109/TGRS.2024.3349687,Seismic Attributes Aided Horizon Interpretation Using an Ensemble Dense Inception Transformer Network,2024,IEEE Transactions on Geoscience and Remote Sensing,semantic_scholar,seismic denoising fusion ensemble,mechanism,相关,
10.1109/LGRS.2021.3067645,Desert Seismic Signal Denoising Based on Unsupervised Feature Learning and Time–Frequency Transform Technique,2022,IEEE Geoscience and Remote Sensing Letters,semantic_scholar,seismic denoising fusion ensemble,mechanism,相关,
10.3390/s21165271,EEMD and Multiscale PCA-Based Signal Denoising Method and Its Application to Seismic P-Phase Arrival Picking,2021,Italian National Conference on Sensors,semantic_scholar,seismic denoising fusion ensemble,mechanism,相关,
10.1155/2022/1682874,Fault Diagnosis Using Data Fusion with Ensemble Deep Learning Technique in IIoT,2022,Mathematical Problems in Engineering,semantic_scholar,seismic denoising fusion ensemble,mechanism,相关,
10.3997/2214-4609.20140200,The Multi-dimensional Complete Ensemble Empirical Mode Decomposition and Its Application in Seismic Denoising,2014,,semantic_scholar,seismic denoising fusion ensemble,mechanism,相关,
10.1029/2024JB029728,Denoising Offshore Distributed Acoustic Sensing Using Masked Auto‐Encoders to Enhance Earthquake Detection,2025,Journal of Geophysical Research - Solid Earth,semantic_scholar,seismic denoising fusion ensemble,mechanism,相关,
10.3389/feart.2021.681869,Research on Deep Convolutional Neural Network Time-Frequency Domain Seismic Signal Denoising Combined With Residual Dense Blocks,2021,Frontiers in Earth Science,semantic_scholar,seismic denoising fusion ensemble,mechanism,相关,
10.1016/j.conengprac.2020.104358,An improved ensemble fusion autoencoder model for fault diagnosis from imbalanced and incomplete data,2020,,semantic_scholar,seismic denoising fusion ensemble,mechanism,相关,
10.3390/fractalfract9110679,Automatic Picking Method for the First Arrival Time of Microseismic Signals Based on Fractal Theory and Feature Fusion,2025,Fractal and Fractional,semantic_scholar,seismic denoising fusion ensemble,mechanism,相关,
10.1016/j.jappgeo.2020.104055,Seismic exploration desert noise suppression based on complete ensemble empirical mode decomposition with adaptive noise,2020,,semantic_scholar,seismic denoising fusion ensemble,mechanism,相关,
10.1080/08123985.2020.1777849,Seismic data random noise reduction using a method based on improved complementary ensemble EMD and adaptive interval threshold,2020,Exploration Geophysics,semantic_scholar,seismic denoising fusion ensemble,mechanism,相关,
10.1155/2019/4937595,An EEMD-Based Denoising Method for Seismic Signal of High Arch Dam Combining Wavelet with Singular Spectrum Analysis,2019,Shock and Vibration,semantic_scholar,seismic denoising fusion ensemble,mechanism,相关,
10.1080/12269328.2020.1778543,Smooth model of blasting seismic wave signal denoising based on two-stage denoising algorithm,2020,Geosystem Engineering,semantic_scholar,seismic denoising fusion ensemble,mechanism,相关,
10.1109/lgrs.2022.3177231,Seismic Random Noise Suppression Based on MIRNet With Dense Feature Fusion,2022,IEEE Geoscience and Remote Sensing Letters,semantic_scholar,seismic denoising fusion ensemble,mechanism,相关,
10.1071/EG17004,Seismic signal denoising using thresholded variational mode decomposition,2017,Exploration Geophysics,semantic_scholar,seismic denoising fusion ensemble,mechanism,相关,
10.48550/arXiv.2507.09527,EV-STLLM: Electric vehicle charging forecasting based on spatio-temporal large language models with multi-frequency and multi-scale information fusion,2025,Expert systems with applications,semantic_scholar,seismic denoising fusion ensemble,mechanism,不相关,
10.1190/IST092012-001.28,Seismic data denoising based on the Complete Ensemble Empirical Mode Decomposition,2012,,semantic_scholar,seismic denoising fusion ensemble,mechanism,相关,
10.3390/buildings15101751,From Signal to Safety: A Data-Driven Dual Denoising Model for Reliable Assessment of Blasting Vibration Impacts,2025,Buildings,semantic_scholar,seismic denoising fusion ensemble,mechanism,相关,
10.1109/CIBCB66090.2025.11177084,SDPA++: A General Framework for Self-Supervised Denoising with Patch Aggregation,2025,IEEE Symposium on Computational Intelligence in Bioinformatics and Computational Biology,semantic_scholar,seismic denoising fusion ensemble,mechanism,相关,
10.1007/s10343-025-01267-w,Optimized Root Net: a Hybrid Approach to Plant Roots Disease Detection for Hydroponics Using a Deep Learning Ensemble Model,2025,Journal of Crop Health,semantic_scholar,seismic denoising fusion ensemble,mechanism,不相关,
10.1190/geo2024-0891.1,Unsupervised seismic random noise attention using 3D enhanced multi-scale features,2025,Geophysics,semantic_scholar,seismic denoising fusion ensemble,mechanism,相关,
10.1190/SBGF2015-248,Fast empirical seismic denoising,2015,,semantic_scholar,seismic denoising fusion ensemble,mechanism,相关,
10.1109/TGRS.2024.3510781,Semi-Supervised DAS VSP Data Denoising Using Signal and Noise Distribution Difference,2024,IEEE Transactions on Geoscience and Remote Sensing,semantic_scholar,seismic denoising fusion ensemble,mechanism,相关,
10.1109/ICSPCC55723.2022.9984626,A denoising method of seismic data based on self-supervised learning,2022,"International Conference on Signal Processing, Communications and Computing",semantic_scholar,seismic denoising fusion ensemble,mechanism,相关,
10.1109/SPCT68223.2025.11406838,RAMDN-Based Denoising and Signal Reconstruction for DAS VSP Data,2025,2025 International Conference on Signal Processing and Communication Technology (SPCT),semantic_scholar,seismic denoising fusion ensemble,mechanism,相关,
10.1016/J.INS.2021.02.040,Adaptive denoising algorithm using peak statistics-based thresholding and novel adaptive complementary ensemble empirical mode decomposition,2021,Information Sciences,semantic_scholar,seismic denoising fusion ensemble,mechanism,相关,
10.1109/ICICSP62589.2024.10809097,An Improved EMD Denoising Framework for Underwater Distributed Acoustic Sensing Signals by Exploring Permutation Entropy,2024,2024 7th International Conference on Information Communication and Signal Processing (ICICSP),semantic_scholar,seismic denoising fusion ensemble,mechanism,相关,
10.5194/isprs-archives-xlix-b1-2026-217-2026,Denoising microwave interferometry data for high-Rise buildings with CEEMDAN energy-Correlation dual Criteria,2026,"The International Archives of the Photogrammetry, Remote Sensing and Spatial Information Sciences",semantic_scholar,seismic denoising fusion ensemble,mechanism,相关,
10.1109/TIM.2026.3654724,IBKA-CEEMDAN-SPMF Algorithm for Denoising Electromagnetic Radiation in Loaded Coal–Rock,2026,IEEE Transactions on Instrumentation and Measurement,semantic_scholar,seismic denoising fusion ensemble,mechanism,相关,
10.1109/PHM-Xian66756.2025.11427613,RUL Prediction Of Rolling Bearings Based On Feature Fusion And Mixture Weibull Proportional Hazards Model,2025,2025 Global Reliability and Prognostics and Health Management Conference (PHM-Xian),semantic_scholar,seismic denoising fusion ensemble,mechanism,不相关,
10.36922/jse025440098,Random noise suppression in node seismometer signals using improved complete ensemble empirical mode decomposition with adaptive noise and grey relational analysis,2026,Journal of Seismic Exploration,semantic_scholar,seismic denoising fusion ensemble,mechanism,相关,
10.1093/gji/ggaf444,A Time-Space and Frequency-Wavenumber Dual-Domain Fusion Network for Coupling Noise Separation,2025,Geophysical Journal International,semantic_scholar,seismic denoising fusion ensemble,mechanism,不相关,
10.1038/s41598-025-18503-y,Improved first arrival picking of microseismic P-waves in coal mines using multi-denoising and adaptive characteristic functions,2025,Scientific Reports,semantic_scholar,seismic denoising fusion ensemble,mechanism,相关,
10.1186/s40623-021-01411-6,Noise classification for the unified earthquake catalog using ensemble learning: the enhanced image of seismic activity along the Japan Trench by the S-net seafloor network,2021,"Earth, Planets and Space",semantic_scholar,seismic denoising fusion ensemble,mechanism,相关,
10.1109/ACCESS.2026.3721347,A Partially Validated Probabilistic Framework for Urban Seismic Damage Prediction With Scenario Ensembles and Digital Twins,2026,IEEE Access,semantic_scholar,seismic denoising fusion ensemble,mechanism,相关,
10.1038/s41598-025-30059-5,Enhanced sensing performance through the integration of denoising autoencoder and ensembling techniques,2025,Scientific Reports,semantic_scholar,seismic denoising fusion ensemble,mechanism,相关,
10.1109/MAIM68393.2025.11470196,Minor-Leakage Identification of Ventilation Pipelines Based on Signal Denoising and Multiscale Feature-Preserving Network,2025,2025 6th International Conference on Mechanical Automation and Intelligent Manufacturing (MAIM),semantic_scholar,seismic denoising fusion ensemble,mechanism,相关,
10.1109/ICERA72709.2026.11666713,A Heterogeneous Computational Intelligence Framework for Kidney X-ray Classification Using Texture–Morphological–Spectral Feature Fusion and Attention-Augmented Learning,2026,2026 5th International Conference on Electronics Representation and Algorithm (ICERA),semantic_scholar,seismic denoising fusion ensemble,mechanism,不相关,
10.1109/AEEES69423.2026.11556665,Precise Identification and Localization of Cable Fault Traveling Wave Heads Based on the Fusion of EEMD and TEO,2026,2026 8th Asia Energy and Electrical Engineering Symposium (AEEES),semantic_scholar,seismic denoising fusion ensemble,mechanism,相关,
10.23919/CCC63176.2024.10662706,Bearing Fault Diagnosis for Variable Operating Conditions Based on Deep Learning and Mutual Attention Feature Fusion,2024,Cybersecurity and Cyberforensics Conference,semantic_scholar,seismic denoising fusion ensemble,mechanism,相关,
10.1007/s11600-026-01813-8,SFA-PromptIR: a step-by-step feature fusion attentional network for DAS VSP background noise suppression,2026,Acta Geophysica,semantic_scholar,seismic denoising fusion ensemble,mechanism,相关,
10.1190/geo2023-0627.1,Learnable Dual Attention Fusion Network (LDAFNet) For Borehole DAS Data Reconstruction.,2024,Geophysics,semantic_scholar,seismic denoising fusion ensemble,mechanism,相关,
10.1007/s13349-024-00891-w,Computer vision-based video signal fusion using deep learning architectures,2025,Journal of Civil Structural Health Monitoring,semantic_scholar,seismic denoising fusion ensemble,mechanism,不相关,
10.46253/j.mr.v8i3.a5,Ensemble Deep Learning Architecture for Speech Emotion Recognition,2025,Multimedia Research,semantic_scholar,seismic denoising fusion ensemble,mechanism,不相关,
10.64898/2025.12.05.692632,Ensemble-Based Deep Learning for Breast Cancer Detection and Classification in Histopathological Images,2025,bioRxiv,semantic_scholar,seismic denoising fusion ensemble,mechanism,不相关,
10.1109/ACCESS.2019.2956780,Adaptive Denoising Approach for High-Rate GNSS Seismic Waveform Preservation: Application to the 2010 EI Mayor-Cucapah Earthquake and 2012 Brawley Seismic Swarm,2019,IEEE Access,semantic_scholar,seismic denoising fusion ensemble,mechanism,相关,
10.1038/s41598-025-25446-x,Multi-scale dual-path attention network for seismic background noise attenuation,2025,Scientific Reports,semantic_scholar,seismic denoising fusion ensemble,mechanism,相关,
10.1088/2631-8695/ae470e,A matching pursuit variational mode decomposition method for microseismic signal denoising,2026,Engineering Research Express,semantic_scholar,seismic denoising fusion ensemble,mechanism,相关,
10.30574/gjeta.2024.20.1.0125,Conceptual integration of seismic attributes and well log data for pore pressure prediction,2024,Global Journal of Engineering and Technology Advances,semantic_scholar,seismic denoising fusion ensemble,mechanism,待定,
10.3390/app132212268,Predicting the Remaining Time before Earthquake Occurrence Based on Mel Spectrogram Features Extraction and Ensemble Learning,2023,Applied Sciences,semantic_scholar,seismic denoising fusion ensemble,mechanism,不相关,
10.1016/j.inffus.2023.102012,Multi-view Outlier Detection via Graphs Denoising,2023,Information Fusion,semantic_scholar,seismic denoising fusion ensemble,mechanism,相关,
10.1109/TGRS.2024.3398590,EFGW-UNet: A Deep-Learning-Based Approach for Weak Signal Recovery in Seismic Data,2024,IEEE Transactions on Geoscience and Remote Sensing,semantic_scholar,seismic denoising fusion ensemble,mechanism,待定,
10.1111/1365-2478.70147,Seismic Random Noise Attenuation via Channel Attention‐Weighted Unsupervised Deep Learning,2026,Geophysical Prospecting,semantic_scholar,seismic denoising fusion ensemble,mechanism,相关,
10.1038/s41598-026-38672-8,Adaptive multi-feature fusion architecture with optimized learning for high-fidelity brain tumor classification in MRI,2026,Scientific Reports,semantic_scholar,seismic denoising fusion ensemble,mechanism,不相关,
10.1784/insi.2026.68.2.99,Branch pipeline leakage detection method based on information fusion,2026,Insight - Non-Destructive Testing and Condition Monitoring,semantic_scholar,seismic denoising fusion ensemble,mechanism,不相关,
10.1007/s12206-026-0704-0,Two-stage dual-domain clustering fusion model for serviceability assessment in flywheel bearings,2026,Journal of Mechanical Science and Technology,semantic_scholar,seismic denoising fusion ensemble,mechanism,不相关,
10.1109/JSEN.2026.3672637,Frequency-Adaptive Visual–Inertial Fusion for Wave-Compensation Platform Pose Estimation Under Broadband Ocean Wave Excitation,2026,IEEE Sensors Journal,semantic_scholar,seismic denoising fusion ensemble,mechanism,不相关,
10.1109/TGRS.2024.3416353,Dual-Attention-Based Wavelet Integrated CNN Constrained via Stochastic Structural Similarity for Seismic Data Reconstruction,2024,IEEE Transactions on Geoscience and Remote Sensing,semantic_scholar,seismic denoising fusion ensemble,mechanism,相关,
10.1007/s00170-026-18549-w,A grinding wheel wear state prediction method based on adaptive-weighted decision-level fusion for industrial production,2026,The International Journal of Advanced Manufacturing Technology,semantic_scholar,seismic denoising fusion ensemble,mechanism,不相关,
10.3390/rs17173031,DATNet: Dynamic Adaptive Transformer Network for SAR Image Denoising,2025,Remote Sensing,semantic_scholar,seismic denoising fusion ensemble,mechanism,相关,
10.1190/geo2022-0273.1,Ensemble empirical mode decomposition and Stacking model for filtering the borehole DAS records,2022,Geophysics,semantic_scholar,seismic denoising fusion ensemble,mechanism,相关,
10.32920/ryerson.14655834,Computed tomography image denoising based on multi dose CT image fusion and extended sparse techniques,,,semantic_scholar,seismic denoising fusion ensemble,mechanism,相关,
,Multi-sensor information fusion denoising method based on EEMD,2014,,semantic_scholar,seismic denoising fusion ensemble,mechanism,相关,no-doi
10.1007/s00034-014-9956-5,Bayesian Fusion of Ensemble of Multifocused Noisy Images,2014,"Circuits, systems, and signal processing",semantic_scholar,seismic denoising fusion ensemble,mechanism,不相关,
10.1007/s11431-020-1679-x,Ensemble deep transfer learning driven by multisensor signals for the fault diagnosis of bevel-gear cross-operation conditions,2020,Science China Technological Sciences,semantic_scholar,seismic denoising fusion ensemble,mechanism,相关,
10.1109/TGRS.2023.3295355,Random Noise Attenuation Using an Unsupervised Deep Neural Network Method Based on Local Orthogonalization and Ensemble Learning,2023,IEEE Transactions on Geoscience and Remote Sensing,semantic_scholar,seismic denoising fusion ensemble,mechanism,相关,
10.3390/app12115555,Random Noise Suppression Method of Micro-Seismic Data Based on CEEMDAN-FE-TFPF,2022,Applied Sciences,semantic_scholar,seismic denoising fusion ensemble,mechanism,相关,
10.1109/APCC55198.2022.9943610,Improved Sensing Performance with Autoencoder and Ensemble Classifier,2022,Asia-Pacific Conference on Communications,semantic_scholar,seismic denoising fusion ensemble,mechanism,不相关,
10.1109/TGRS.2017.2751642,Complex Variational Mode Decomposition for Slop-Preserving Denoising,2018,IEEE Transactions on Geoscience and Remote Sensing,semantic_scholar,seismic denoising fusion ensemble,mechanism,相关,
10.1093/jge/gxac042,Seismic prediction and evaluation techniques for hot dry rock exploration and development,2022,Journal of Geophysics and Engineering,semantic_scholar,seismic denoising fusion ensemble,mechanism,相关,
10.3390/jmse11071385,Intelligent Fault Diagnosis of Variable-Condition Motors Using a Dual-Mode Fusion Attention Residual,2023,Journal of Marine Science and Engineering,semantic_scholar,seismic denoising fusion ensemble,mechanism,相关,
10.1007/s11042-023-15543-2,Absorption of echo signal for underwater acoustic signal target system using hybrid of ensemble empirical mode with machine learning techniques,2023,Multimedia tools and applications,semantic_scholar,seismic denoising fusion ensemble,mechanism,不相关,
10.2118/214392-ms,A Comparative Analysis of Convolutional Neural Networks for Seismic Noise Attenuation,2023,"Day 3 Wed, June 07, 2023",semantic_scholar,seismic denoising fusion ensemble,mechanism,相关,
10.1002/9781119052913.ch1,Study on Method for Relative Fidelity Preservation of Seismic Data,2017,Relative Fidelity Processing of Seismic Data,crossref,seismic AND denois* AND (benchmark OR quantitative comparison OR evaluation OR signal preservation OR fidelity),benchmark,相关,
10.7717/peerj-cs.3370/table-10,Table 10: Quantitative evaluation of geometric fidelity with RMSE and RHD.,,,crossref,seismic AND denois* AND (benchmark OR quantitative comparison OR evaluation OR signal preservation OR fidelity),benchmark,不相关,
10.3997/2214-4609-pdb.18.a27,OBC Signal Fidelity,2004,EAGE Research Workshop - Advances in Seismic Acquisition Technology,crossref,seismic AND denois* AND (benchmark OR quantitative comparison OR evaluation OR signal preservation OR fidelity),benchmark,不相关,
10.1016/0165-1684(94)90122-8,Objective and quantitative segmentation evaluation and comparison,1994,Signal Processing,crossref,seismic AND denois* AND (benchmark OR quantitative comparison OR evaluation OR signal preservation OR fidelity),benchmark,不相关,
10.1016/j.petsci.2026.06.021,"A fluidic hammer as a high-fidelity seismic-while-drilling source: A direct, quantitative comparison with conventional drill bits",2026,Petroleum Science,crossref,seismic AND denois* AND (benchmark OR quantitative comparison OR evaluation OR signal preservation OR fidelity),benchmark,相关,
10.1002/essoar.10512321.2,"Quantitative evaluation of the lunar seismic scattering and comparison between the Earth, Mars, and the Moon",2022,,crossref,seismic AND denois* AND (benchmark OR quantitative comparison OR evaluation OR signal preservation OR fidelity),benchmark,相关,
10.1002/essoar.10512321.1,"Quantitative evaluation of the lunar seismic scattering and comparison between the Earth, Mars, and the Moon",2022,,crossref,seismic AND denois* AND (benchmark OR quantitative comparison OR evaluation OR signal preservation OR fidelity),benchmark,相关,
10.3390/electronics15153282,A High-Fidelity Facial Digital Twin Benchmark for Quantitative Evaluation of AI-Based 3D Eye Tracking,2026,Electronics,crossref,seismic AND denois* AND (benchmark OR quantitative comparison OR evaluation OR signal preservation OR fidelity),benchmark,不相关,
10.3386/w1721,Mutual Fund Performance Evaluation:  A Comparison of Benchmarks and Benchmark Comparisons,1985,,crossref,seismic AND denois* AND (benchmark OR quantitative comparison OR evaluation OR signal preservation OR fidelity),benchmark,不相关,
10.7717/peerjcs.515/table-4,Table 4: Performance evaluation of the proposed DL models in comparison with ML methods and benchmark.,,,crossref,seismic AND denois* AND (benchmark OR quantitative comparison OR evaluation OR signal preservation OR fidelity),benchmark,不相关,
10.1115/pvp2015-45721,Benchmark of Elastic Plastic Seismic Response Analysis and Fatigue Evaluation for Piping,2015,Volume 1B: Codes and Standards,crossref,seismic AND denois* AND (benchmark OR quantitative comparison OR evaluation OR signal preservation OR fidelity),benchmark,相关,
10.1017/cbo9781139027090.005,Seismic resolution and fidelity,2014,Practical Seismic Data Analysis,crossref,seismic AND denois* AND (benchmark OR quantitative comparison OR evaluation OR signal preservation OR fidelity),benchmark,相关,
10.1109/iclo69056.2026.11625057,The Impact of Helically-Wound Cable on Signal Fidelity using DAS for Seismic Exploration,2026,2026 International Conference Laser Optics (ICLO),crossref,seismic AND denois* AND (benchmark OR quantitative comparison OR evaluation OR signal preservation OR fidelity),benchmark,相关,
10.3997/2214-4609-pdb.248.395,Impact of Accurate Velocities from Signal Fidelity Enhancement for Reliable Seismic Interpretation - Example from Kuwait,2010,GEO 2010,crossref,seismic AND denois* AND (benchmark OR quantitative comparison OR evaluation OR signal preservation OR fidelity),benchmark,相关,
10.7717/peerj-cs.160/table-4,"Table 4: Performance comparison of the ComputeStack, the Evaluation Tree and the C++ implementations of Benchmark 1 model.",,,crossref,seismic AND denois* AND (benchmark OR quantitative comparison OR evaluation OR signal preservation OR fidelity),benchmark,相关,
10.1016/s0190-7409(97)00007-8,The family preservation evaluation from hell: Implications for program evaluation fidelity,1997,Children and Youth Services Review,crossref,seismic AND denois* AND (benchmark OR quantitative comparison OR evaluation OR signal preservation OR fidelity),benchmark,不相关,
10.1109/qest.2012.14,The PRISM Benchmark Suite,2012,2012 Ninth International Conference on Quantitative Evaluation of Systems,crossref,seismic AND denois* AND (benchmark OR quantitative comparison OR evaluation OR signal preservation OR fidelity),benchmark,不相关,
10.7717/peerj-cs.3170/table-2,Table 2: Pairwise comparison results for each quantitative evaluation.,,,crossref,seismic AND denois* AND (benchmark OR quantitative comparison OR evaluation OR signal preservation OR fidelity),benchmark,不相关,
10.1109/lsp.2024.3477298/mm1,Edge-aware Attention Transformer for Image Super-Resolution_supp1-3477298.pdf,,,crossref,seismic AND denois* AND (benchmark OR quantitative comparison OR evaluation OR signal preservation OR fidelity),benchmark,不相关,
10.3997/2214-4609.202310530,Signal Preservation while performing Seismic Denoising with Neural Networks,2023,84th EAGE Annual Conference &amp; Exhibition,crossref,seismic AND denois* AND (benchmark OR quantitative comparison OR evaluation OR signal preservation OR fidelity),benchmark,相关,
10.31235/osf.io/3dqnv_v1,Institutional Voice Laundering: Multimodal Risks and a Benchmark for Civic Fidelity,2026,,crossref,seismic AND denois* AND (benchmark OR quantitative comparison OR evaluation OR signal preservation OR fidelity),benchmark,不相关,
10.7717/peerjcs.2494/table-1,"Table 1: Quantitative comparison of the state-of-the-art significance models on the four benchmark datasets in terms of maximum F-measure, average F-measure.",,,crossref,seismic AND denois* AND (benchmark OR quantitative comparison OR evaluation OR signal preservation OR fidelity),benchmark,不相关,
10.1109/icassp.1977.1170156,Comparison of seismic features extracted by digital signal processing techniques,,"ICASSP '77. IEEE International Conference on Acoustics, Speech, and Signal Processing",crossref,seismic AND denois* AND (benchmark OR quantitative comparison OR evaluation OR signal preservation OR fidelity),benchmark,相关,
10.2139/ssrn.7441916,"Hole-Filling Techniques for Dental Meshes in Digital Orthodontics: A Review, Taxonomy, and Quantitative Benchmark Evaluation",2026,,crossref,seismic AND denois* AND (benchmark OR quantitative comparison OR evaluation OR signal preservation OR fidelity),benchmark,不相关,
10.1111/1365-2478.13268,Improving signal fidelity for deep learning‐based seismic interference noise attenuation,2022,Geophysical Prospecting,crossref,seismic AND denois* AND (benchmark OR quantitative comparison OR evaluation OR signal preservation OR fidelity),benchmark,相关,
10.1007/978-1-4615-3344-3_27,Benchmark Problems in Eddy-Current NDE,1992,Review of Progress in Quantitative Nondestructive Evaluation,crossref,seismic AND denois* AND (benchmark OR quantitative comparison OR evaluation OR signal preservation OR fidelity),benchmark,不相关,
10.1111/j.1365-2478.2010.00925.x,Towards quantitative evaluation of gas injection using time-lapse seismic data,2010,Geophysical Prospecting,crossref,seismic AND denois* AND (benchmark OR quantitative comparison OR evaluation OR signal preservation OR fidelity),benchmark,相关,
10.1520/stp15434s,Joint Interagency Seismic Evaluation and Rehabilitation Standards for Existing Federal Buildings,1996,Standards for Preservation and Rehabilitation,crossref,seismic AND denois* AND (benchmark OR quantitative comparison OR evaluation OR signal preservation OR fidelity),benchmark,相关,
10.26226/morressier.594928c3d462b80296c9ef06,"Evaluation of different ridge preservation techniques with a bovine xenograft by quantitative dimensional analysis – prospective, randomized clinical trial",2017,,crossref,seismic AND denois* AND (benchmark OR quantitative comparison OR evaluation OR signal preservation OR fidelity),benchmark,不相关,
10.1109/siu.2016.7495764,Comparison of physics-based optimization algorithms by using benchmark functions,2016,2016 24th Signal Processing and Communication Application Conference (SIU),crossref,seismic AND denois* AND (benchmark OR quantitative comparison OR evaluation OR signal preservation OR fidelity),benchmark,不相关,
10.1016/j.jqsrt.2010.06.007,A benchmark comparison of Monte Carlo particle transport algorithms for binary stochastic mixtures,2011,Journal of Quantitative Spectroscopy and Radiative Transfer,crossref,seismic AND denois* AND (benchmark OR quantitative comparison OR evaluation OR signal preservation OR fidelity),benchmark,不相关,
10.4324/9781410613257-10,The AMBR Experiments: Methodology and Human Benchmark Results,2006,Modeling Human Behavior With Integrated Cognitive Architectures,crossref,seismic AND denois* AND (benchmark OR quantitative comparison OR evaluation OR signal preservation OR fidelity),benchmark,不相关,
10.21203/rs.3.rs-960359/v1,IDC: Quantitative Evaluation Benchmark of Interpretation Methods for Deep Text Classification Models,2021,,crossref,seismic AND denois* AND (benchmark OR quantitative comparison OR evaluation OR signal preservation OR fidelity),benchmark,不相关,
10.2139/ssrn.6727342,Segmentation-Guided Quantitative Evaluation of CNN Explanation Fidelity on Out-of-Distribution Chest X-Rays,2026,,crossref,seismic AND denois* AND (benchmark OR quantitative comparison OR evaluation OR signal preservation OR fidelity),benchmark,不相关,
10.1029/2022je007558,"Quantitative Evaluation of the Lunar Seismic Scattering and Comparison Between the Earth, Mars, and the Moon",2022,Journal of Geophysical Research: Planets,crossref,seismic AND denois* AND (benchmark OR quantitative comparison OR evaluation OR signal preservation OR fidelity),benchmark,相关,
10.32920/ryerson.14648880.v1,Comparison of analysis techniques for the seismic evaluation of an 88-storey concrete building,2021,,crossref,seismic AND denois* AND (benchmark OR quantitative comparison OR evaluation OR signal preservation OR fidelity),benchmark,相关,
10.1007/978-1-4615-1987-4_270,A Signal-To-Noise Ratio Comparison of Ultrasonic Transducers for C-Scan Imaging in Titanium,1995,Review of Progress in Quantitative Nondestructive Evaluation,crossref,seismic AND denois* AND (benchmark OR quantitative comparison OR evaluation OR signal preservation OR fidelity),benchmark,相关,
10.7717/peerj-cs.4059/table-24,Table 24: Benchmark dataset-wise evaluation of the proposed OVEC and OSEC ensemble classifiers for cardiovascular disease prediction in comparison with existing ensemble methods.,,,crossref,seismic AND denois* AND (benchmark OR quantitative comparison OR evaluation OR signal preservation OR fidelity),benchmark,不相关,
10.3997/2214-4609.201409878,Quantitative evaluation of crosshole seismic reflection images using physical model data,1994,56th EAEG Meeting,crossref,seismic AND denois* AND (benchmark OR quantitative comparison OR evaluation OR signal preservation OR fidelity),benchmark,相关,
10.2139/ssrn.6690118,Signal Health: Internal Signal Fidelity in Organizational Self-Report,2026,,crossref,seismic AND denois* AND (benchmark OR quantitative comparison OR evaluation OR signal preservation OR fidelity),benchmark,不相关,
10.32920/ryerson.14648880,Comparison of analysis techniques for the seismic evaluation of an 88-storey concrete building,2021,,crossref,seismic AND denois* AND (benchmark OR quantitative comparison OR evaluation OR signal preservation OR fidelity),benchmark,相关,
10.1016/0165-1684(90)90099-k,A quantitative comparison of edge-preserving smoothing techniques,1990,Signal Processing,crossref,seismic AND denois* AND (benchmark OR quantitative comparison OR evaluation OR signal preservation OR fidelity),benchmark,不相关,
10.1109/ivmspw.2011.5970345,Color fidelity of chromatic distributions by triad illuminant comparison,2011,2011 IEEE 10th IVMSP Workshop: Perception and Visual Signal Analysis,crossref,seismic AND denois* AND (benchmark OR quantitative comparison OR evaluation OR signal preservation OR fidelity),benchmark,不相关,
10.1016/j.douler.2015.10.004,Les groupes thérapeutiques dans la prise en charge de la douleur chronique,2015,Douleurs : Evaluation - Diagnostic - Traitement,crossref,seismic AND denois* AND (benchmark OR quantitative comparison OR evaluation OR signal preservation OR fidelity),benchmark,不相关,
10.7717/peerj.16192/table-4,Table 4: Benchmark comparison models.,,,crossref,seismic AND denois* AND (benchmark OR quantitative comparison OR evaluation OR signal preservation OR fidelity),benchmark,不相关,
10.1109/iiswc.2008.4636090,PARSEC vs. SPLASH-2: A quantitative comparison of two multithreaded benchmark suites on Chip-Multiprocessors,2008,2008 IEEE International Symposium on Workload Characterization,crossref,seismic AND denois* AND (benchmark OR quantitative comparison OR evaluation OR signal preservation OR fidelity),benchmark,不相关,
10.24200/sci.2023.59989.6548,Performance evaluation of Modified Tuned Liquid Dampers for seismic response control of nonlinear benchmark buildings,2023,Scientia Iranica,crossref,seismic AND denois* AND (benchmark OR quantitative comparison OR evaluation OR signal preservation OR fidelity),benchmark,相关,
10.1201/b14464-7,Comparison of QEEG Reference Databases in Basic Signal Analysis and in the Evaluation of Adult ADHD,2004,Quantitative Electroencephalographic Analysis (QEEG) Databases for Neurotherapy,crossref,seismic AND denois* AND (benchmark OR quantitative comparison OR evaluation OR signal preservation OR fidelity),benchmark,不相关,
10.1016/0022-4073(96)00011-8,Electromagnetic scattering by randomly oriented bispheres: Comparison of theory and experiment and benchmark calculations,1996,Journal of Quantitative Spectroscopy and Radiative Transfer,crossref,seismic AND denois* AND (benchmark OR quantitative comparison OR evaluation OR signal preservation OR fidelity),benchmark,不相关,
10.1109/iwcim.2014.7008812,Texture fidelity benchmark,2014,2014 International Workshop on Computational Intelligence for Multimedia Understanding (IWCIM),crossref,seismic AND denois* AND (benchmark OR quantitative comparison OR evaluation OR signal preservation OR fidelity),benchmark,不相关,
10.1109/sitis.2009.79,Evaluation of Knowledge Based Applications: Benchmark and Guidelines,2009,2009 Fifth International Conference on Signal Image Technology and Internet Based Systems,crossref,seismic AND denois* AND (benchmark OR quantitative comparison OR evaluation OR signal preservation OR fidelity),benchmark,不相关,
10.1016/s0165-1684(97)00054-6,A quantitative convergence and tracking comparison of two adaptive echo-cancellation algorithms,1997,Signal Processing,crossref,seismic AND denois* AND (benchmark OR quantitative comparison OR evaluation OR signal preservation OR fidelity),benchmark,不相关,
10.1109/conf-spml54095.2021.00071,Bayesian Optimization: Model Comparison With Different Benchmark Functions,2021,2021 International Conference on Signal Processing and Machine Learning (CONF-SPML),crossref,seismic AND denois* AND (benchmark OR quantitative comparison OR evaluation OR signal preservation OR fidelity),benchmark,不相关,
10.3997/2214-4609.201800239,Quantitative Quality Control: a Tool for Seismic Data Processing Monitoring and Comparison,2018,Proceedings,crossref,seismic AND denois* AND (benchmark OR quantitative comparison OR evaluation OR signal preservation OR fidelity),benchmark,相关,
10.1115/pvp2022-84154,New Evaluation Method for Seismic Fatigue Damage of Plant Pipeline (Quantitative Performance and Consideration of Application),2022,"Volume 5: Operations, Applications, and Components; Seismic Engineering; ASME Nondestructive Evaluation, Diagnosis and Prognosis (NDPD) Division",crossref,seismic AND denois* AND (benchmark OR quantitative comparison OR evaluation OR signal preservation OR fidelity),benchmark,相关,
10.1117/12.2257914.5427848146001,,,,crossref,seismic AND denois* AND (benchmark OR quantitative comparison OR evaluation OR signal preservation OR fidelity),benchmark,不相关,
10.1016/0165-1684(85)90113-6,Quantitative evaluation of enhancement techniques,1985,Signal Processing,crossref,seismic AND denois* AND (benchmark OR quantitative comparison OR evaluation OR signal preservation OR fidelity),benchmark,不相关,
10.2139/ssrn.7307715,"Shelf-slope Morphology Controls on Sediment Signal Fidelity, A Comparison of Relay and Bypass Systems, Pearl River Mouth Basin,northern South China Sea",2026,,crossref,seismic AND denois* AND (benchmark OR quantitative comparison OR evaluation OR signal preservation OR fidelity),benchmark,不相关,
10.1109/icassp55912.2026.11462271,Beyond Shadows: A Large-Scale Benchmark and Multi-Stage Framework for High-Fidelity Facial Shadow Removal,2026,"ICASSP 2026 - 2026 IEEE International Conference on Acoustics, Speech and Signal Processing (ICASSP)",crossref,seismic AND denois* AND (benchmark OR quantitative comparison OR evaluation OR signal preservation OR fidelity),benchmark,不相关,
10.63125/tnaksd40,Impact of Deep Learning on Real-Time Network Intrusion Detection: A Quantitative Evaluation Using Benchmark Datasets,2025,Review of Applied Science and Technology,crossref,seismic AND denois* AND (benchmark OR quantitative comparison OR evaluation OR signal preservation OR fidelity),benchmark,不相关,
10.1007/978-1-4615-2848-7_90,Evaluation of Waveform Mapping as a Signal Processing Tool for Quantitative Ultrasonic NDE,1993,Review of Progress in Quantitative Nondestructive Evaluation,crossref,seismic AND denois* AND (benchmark OR quantitative comparison OR evaluation OR signal preservation OR fidelity),benchmark,相关,
10.1109/tpami.2023.3286184/mm1,Compositional Scene Representation Learning via Reconstruction: A Survey_supp1-3286184.pdf,,,crossref,seismic AND denois* AND (benchmark OR quantitative comparison OR evaluation OR signal preservation OR fidelity),benchmark,不相关,
10.1007/978-1-4613-0383-1_127,Fidelity of Michelson Interferometric and Conical Piezoelectric Ultrasonic Transducers,1996,Review of Progress in Quantitative Nondestructive Evaluation,crossref,seismic AND denois* AND (benchmark OR quantitative comparison OR evaluation OR signal preservation OR fidelity),benchmark,相关,
10.1109/dspws.1996.555461,Subband seismic data compression: optimization and evaluation,,1996 IEEE Digital Signal Processing Workshop Proceedings,crossref,seismic AND denois* AND (benchmark OR quantitative comparison OR evaluation OR signal preservation OR fidelity),benchmark,相关,
10.3997/2214-4609-pdb.131.gen1997_p114,A Quantitative Evaluation of 2D Seismic Inversion's Ability to Resolve Thin Beds,1997,59th EAGE Conference &amp; Exhibition,crossref,seismic AND denois* AND (benchmark OR quantitative comparison OR evaluation OR signal preservation OR fidelity),benchmark,相关,
10.3389/frsip.2025.1405808,"Sparse camera volumetric video applications. A comparison of visual fidelity, user experience, and adaptability",2025,Frontiers in Signal Processing,crossref,seismic AND denois* AND (benchmark OR quantitative comparison OR evaluation OR signal preservation OR fidelity),benchmark,不相关,
10.1115/pvp2024-123075,Benchmark Analysis on Pipe Support Structures for Establishing Inelastic Seismic Design,2024,"Volume 5: Operations, Applications, &amp; Components; Seismic Engineering; ASME Nondestructive Evaluation, Diagnosis and Prognosis (NDPD) Division",crossref,seismic AND denois* AND (benchmark OR quantitative comparison OR evaluation OR signal preservation OR fidelity),benchmark,相关,
10.1109/mmar58394.2023.10242422,SRPB: a benchmark for the quantitative evaluation of a social robot navigation,2023,2023 27th International Conference on Methods and Models in Automation and Robotics (MMAR),crossref,seismic AND denois* AND (benchmark OR quantitative comparison OR evaluation OR signal preservation OR fidelity),benchmark,不相关,
10.1190/1.9781560803348.ch4,EXTRACTING VALUE FROM THE SEISMIC SIGNAL,2018,The Seismic Signal and Its Meaning,crossref,seismic AND denois* AND (benchmark OR quantitative comparison OR evaluation OR signal preservation OR fidelity),benchmark,待定,
10.2172/878177,HANFORD DST THERMAL &amp; SEISMIC PROJECT ANSYS BENCHMARK ANALYSIS OF SEISMIC INDUCED FLUID STRUCTURE INTERACTION IN A HANFORD DOUBLE SHELL PRIMARY TANK,2006,,crossref,seismic AND denois* AND (benchmark OR quantitative comparison OR evaluation OR signal preservation OR fidelity),benchmark,相关,
10.7717/peerj.20582/table-2,Table 2: Benchmark table for ideal cardiac patch biomaterials: quantitative property ranges.,,,crossref,seismic AND denois* AND (benchmark OR quantitative comparison OR evaluation OR signal preservation OR fidelity),benchmark,不相关,
10.1007/978-3-030-51085-5_13,Evaluation of Seismic Wave Propagation in the Analysis of Concrete Dams: Pine Flat Dam Benchmark Study,2020,Lecture Notes in Civil Engineering,crossref,seismic AND denois* AND (benchmark OR quantitative comparison OR evaluation OR signal preservation OR fidelity),benchmark,相关,
10.1109/iiswc.2010.5649519,Fidelity and scaling of the PARSEC benchmark inputs,2010,IEEE International Symposium on Workload Characterization (IISWC'10),crossref,seismic AND denois* AND (benchmark OR quantitative comparison OR evaluation OR signal preservation OR fidelity),benchmark,不相关,
10.1109/sibgrapi.2008.22,Benchmark for Quantitative Evaluation of Assisted Object Segmentation Methods to Image Sequences,2008,2008 XXI Brazilian Symposium on Computer Graphics and Image Processing,crossref,seismic AND denois* AND (benchmark OR quantitative comparison OR evaluation OR signal preservation OR fidelity),benchmark,不相关,
10.7764/tesisuc/ing/63209,Hybrid data fidelity term approach for quantitative susceptibility mapping,,,crossref,seismic AND denois* AND (benchmark OR quantitative comparison OR evaluation OR signal preservation OR fidelity),benchmark,不相关,
10.1117/1.600958,Performance evaluation of a single‐chip digital signal processor based multimedia system using the Abingdon Cross benchmark,1996,Optical Engineering,crossref,seismic AND denois* AND (benchmark OR quantitative comparison OR evaluation OR signal preservation OR fidelity),benchmark,不相关,
10.7717/peerj-cs.3666/table-7,Table 7: Quantitative results of various benchmark methods on the LCTSC dataset.,,,crossref,seismic AND denois* AND (benchmark OR quantitative comparison OR evaluation OR signal preservation OR fidelity),benchmark,不相关,
10.21203/rs.3.rs-8893817/v1,An Enhanced Quantum Image Representation for Improved Intensity Preservation and Fidelity,2026,,crossref,seismic AND denois* AND (benchmark OR quantitative comparison OR evaluation OR signal preservation OR fidelity),benchmark,不相关,
10.2139/ssrn.6129140,EASFlow: An Emotion-Guided Aesthetic Stream Network with High-Fidelity Detail Preservation,2026,,crossref,seismic AND denois* AND (benchmark OR quantitative comparison OR evaluation OR signal preservation OR fidelity),benchmark,不相关,
10.7717/peerj-cs.3666/table-6,Table 6: Quantitative results of various benchmark methods on the Synapse dataset.,,,crossref,seismic AND denois* AND (benchmark OR quantitative comparison OR evaluation OR signal preservation OR fidelity),benchmark,不相关,
10.7717/peerj-cs.3666/table-5,Table 5: Quantitative results of various benchmark methods on the ACDC dataset.,,,crossref,seismic AND denois* AND (benchmark OR quantitative comparison OR evaluation OR signal preservation OR fidelity),benchmark,不相关,
10.7717/peerjcs.2469/table-5,Table 5: Performance comparison with benchmark classification models.,,,crossref,seismic AND denois* AND (benchmark OR quantitative comparison OR evaluation OR signal preservation OR fidelity),benchmark,不相关,
10.3997/2214-4609.202310429,Quantitative Evaluation of DAS Passive Seismic Monitoring: Theory and Case Studies,2023,84th EAGE Annual Conference &amp; Exhibition,crossref,seismic AND denois* AND (benchmark OR quantitative comparison OR evaluation OR signal preservation OR fidelity),benchmark,相关,
10.1002/9781119052913.ch2,Method and Principle for Seismic Migration and Imaging,2017,Relative Fidelity Processing of Seismic Data,crossref,seismic AND denois* AND (benchmark OR quantitative comparison OR evaluation OR signal preservation OR fidelity),benchmark,待定,
10.1115/pvp2022-84660,Quantitative Probabilistic Seismic Resilience Assessment of Industrial Facilities,2022,"Volume 5: Operations, Applications, and Components; Seismic Engineering; ASME Nondestructive Evaluation, Diagnosis and Prognosis (NDPD) Division",crossref,seismic AND denois* AND (benchmark OR quantitative comparison OR evaluation OR signal preservation OR fidelity),benchmark,待定,
10.1117/12.604714,MENTAT: a benchmark evaluation testbed for nonlinear filtering,2005,SPIE Proceedings,crossref,seismic AND denois* AND (benchmark OR quantitative comparison OR evaluation OR signal preservation OR fidelity),benchmark,不相关,
10.26226/morressier.5e8335ba7cb08a046ef7c80c,Utility of quantitative T1 signal evaluation(T1 bone marrow/CSF signal ratio) on routine MRI lumbar spine sequences in prediction of decreased spine bone density.,2020,,crossref,seismic AND denois* AND (benchmark OR quantitative comparison OR evaluation OR signal preservation OR fidelity),benchmark,不相关,
10.2139/ssrn.5344523,Mqtteeb-D: A High-Fidelity Benchmark for Real-Time Mqtt Anomaly Detection Using Machine Learning Techniques,2025,,crossref,seismic AND denois* AND (benchmark OR quantitative comparison OR evaluation OR signal preservation OR fidelity),benchmark,不相关,
10.2118/232377-ms,Benchmark Based Quantitative Drilling Contractor Performance Evaluation System and Contracting Strategy Adoption in Kuwait Oil Company,2026,SPE Conference at Oman Petroleum &amp; Energy Show,crossref,seismic AND denois* AND (benchmark OR quantitative comparison OR evaluation OR signal preservation OR fidelity),benchmark,不相关,
10.7717/peerj-cs.3666/table-8,Table 8: Quantitative results of various benchmark methods on the Brats-Africa2024 dataset.,,,crossref,seismic AND denois* AND (benchmark OR quantitative comparison OR evaluation OR signal preservation OR fidelity),benchmark,不相关,
10.1017/cbo9780511600074.005,Common techniques for quantitative seismic interpretation,2005,Quantitative Seismic Interpretation,crossref,seismic AND denois* AND (benchmark OR quantitative comparison OR evaluation OR signal preservation OR fidelity),benchmark,待定,
10.18653/v1/2021.eval4nlp-1.18,Developing a Benchmark for Reducing Data Bias in Authorship Attribution,2021,Proceedings of the 2nd Workshop on Evaluation and Comparison of NLP Systems,crossref,seismic AND denois* AND (benchmark OR quantitative comparison OR evaluation OR signal preservation OR fidelity),benchmark,不相关,
10.1080/14697688.2025.2577115,Benchmark-neutral pricing,2025,Quantitative Finance,crossref,seismic AND denois* AND (benchmark OR quantitative comparison OR evaluation OR signal preservation OR fidelity),benchmark,不相关,
10.4028/www.scientific.net/amm.204-208.2387,The Computational Analysis and Evaluation on the Seismic Response of Base Isolated Benchmark Building,2012,Applied Mechanics and Materials,crossref,seismic AND denois* AND (benchmark OR quantitative comparison OR evaluation OR signal preservation OR fidelity),benchmark,相关,
10.1071/eg991045,Quantitative Evaluation of Dynamic Time-Shifts for Correcting Seismic Data,1991,Exploration Geophysics,crossref,seismic AND denois* AND (benchmark OR quantitative comparison OR evaluation OR signal preservation OR fidelity),benchmark,相关,
10.1109/icspis67605.2025.11318408,Adaptive Swarm Compression Using Hybrid PSO-GA Framework for Bio-Inspired Data Compression with Fidelity Preservation,2025,2025 8th International Conference on Signal Processing and Information Security (ICSPIS),crossref,seismic AND denois* AND (benchmark OR quantitative comparison OR evaluation OR signal preservation OR fidelity),benchmark,不相关,
10.1109/whispers69515.2025.11501619,Spectral Fidelity Aware Hyperspectral Image Denoising via Unsupervised Triple Attention with Endmember Preservation,2025,2025 15th Workshop on Hyperspectral Imaging and Signal Processing: Evolution in Remote Sensing (WHISPERS),crossref,seismic AND denois* AND (benchmark OR quantitative comparison OR evaluation OR signal preservation OR fidelity),benchmark,相关,
10.2139/ssrn.4517535,Comparison of Pressure-Loss Evaluation Fidelity in Turbulent Energy Dissipation Models of Piston Check Valves Using Computational Fluid Dynamics (Cfd) Software,2023,,crossref,seismic AND denois* AND (benchmark OR quantitative comparison OR evaluation OR signal preservation OR fidelity),benchmark,不相关,
10.1002/9781119052913,Relative Fidelity Processing of Seismic Data,2017,,crossref,seismic AND denois* AND (benchmark OR quantitative comparison OR evaluation OR signal preservation OR fidelity),benchmark,相关,
10.1111/jfpp.12196,Comparison between Continuous and Discontinuous Method of Kinetic Evaluation for Osmotic Dehydration of Cherry Tomato,2013,Journal of Food Processing and Preservation,crossref,seismic AND denois* AND (benchmark OR quantitative comparison OR evaluation OR signal preservation OR fidelity),benchmark,不相关,
10.7717/peerjcs.1995/table-9,Table 9: Comparison of the proposed work with benchmark.,,,crossref,seismic AND denois* AND (benchmark OR quantitative comparison OR evaluation OR signal preservation OR fidelity),benchmark,不相关,
10.5194/egusphere-gc14-fibreoptic-110,Quantitative comparison of DAS and point seismic sensors at Svelvik CO2 Field Lab,2026,,crossref,seismic AND denois* AND (benchmark OR quantitative comparison OR evaluation OR signal preservation OR fidelity),benchmark,相关,
10.1115/pvp2002-1447,Seismic Control Effect for Nonlinear Benchmark Building Using Passive or Semi-Active Damper,2002,"Seismic Engineering, Volume 2",crossref,seismic AND denois* AND (benchmark OR quantitative comparison OR evaluation OR signal preservation OR fidelity),benchmark,相关,
10.1787/888933551808,Civic engagement in Panama in comparison to benchmark economies,,,crossref,seismic AND denois* AND (benchmark OR quantitative comparison OR evaluation OR signal preservation OR fidelity),benchmark,不相关,
10.7717/peerjcs.2455/table-7,Table 7: Comparison of proposed method with benchmark models.,,,crossref,seismic AND denois* AND (benchmark OR quantitative comparison OR evaluation OR signal preservation OR fidelity),benchmark,不相关,
10.3997/1365-2397.1985016,A portable seismic computing benchmark,1985,First Break,crossref,seismic AND denois* AND (benchmark OR quantitative comparison OR evaluation OR signal preservation OR fidelity),benchmark,相关,
10.2139/ssrn.6459234,High-fidelity benchmark solutions for lid-driven cavity flow in square and rectangular enclosures using a spectral element–influence matrix method,2026,,crossref,seismic AND denois* AND (benchmark OR quantitative comparison OR evaluation OR signal preservation OR fidelity),benchmark,不相关,
10.2514/6.2026-1009,Multi-Fidelity Gradient-based Approach to the Aerostructural Optimization Benchmark Problem,2026,AIAA SCITECH 2026 Forum,crossref,seismic AND denois* AND (benchmark OR quantitative comparison OR evaluation OR signal preservation OR fidelity),benchmark,不相关,
10.18653/v1/k19-1033,EQUATE: A Benchmark Evaluation Framework for Quantitative Reasoning in Natural Language Inference,2019,Proceedings of the 23rd Conference on Computational Natural Language Learning (CoNLL),crossref,seismic AND denois* AND (benchmark OR quantitative comparison OR evaluation OR signal preservation OR fidelity),benchmark,不相关,
10.36676/jmk.v6.i1.143,Analog Circuit Design for High-Fidelity Audio Signal Conditioning: A Theoretical and Simulation-Based Performance Evaluation**,2026,Journal of Multidisciplinary Knowledge,crossref,seismic AND denois* AND (benchmark OR quantitative comparison OR evaluation OR signal preservation OR fidelity),benchmark,不相关,
10.18653/v1/2026.acl-long.2038,CT-FineBench: A Diagnostic Fidelity Benchmark for Fine-Grained Evaluation of CT Report Generation,2026,Proceedings of the 64th Annual Meeting of the Association for Computational Linguistics (Volume 1: Long Papers),crossref,seismic AND denois* AND (benchmark OR quantitative comparison OR evaluation OR signal preservation OR fidelity),benchmark,不相关,
10.1115/1.1638388,Insights Gleaned From NRC-BNL Benchmark Evaluation of Seismic Analysis Methods for Non-Classically Damped Coupled Systems,2004,Journal of Pressure Vessel Technology,crossref,seismic AND denois* AND (benchmark OR quantitative comparison OR evaluation OR signal preservation OR fidelity),benchmark,相关,
10.2514/6.2024-0385,Multi-fidelity Constrained Optimization Methods Applied to Benchmark Problems,2024,AIAA SCITECH 2024 Forum,crossref,seismic AND denois* AND (benchmark OR quantitative comparison OR evaluation OR signal preservation OR fidelity),benchmark,不相关,
10.1109/tc.2022.3208206/mm1,supp1-3208206.pdf,,,crossref,seismic AND denois* AND (benchmark OR quantitative comparison OR evaluation OR signal preservation OR fidelity),benchmark,不相关,
10.1016/j.engstruct.2025.121497,Exploration of Multi-Fidelity Co-Kriging and Real-Time Hybrid Simulation for Time-Dependent Seismic Performance Evaluation,2025,Engineering Structures,crossref,seismic AND denois* AND (benchmark OR quantitative comparison OR evaluation OR signal preservation OR fidelity),benchmark,相关,
10.1007/springerreference_4219,Seismic signal processing,,SpringerReference,crossref,seismic AND denois* AND (benchmark OR quantitative comparison OR evaluation OR signal preservation OR fidelity),benchmark,待定,
10.1201/b17846-10,Safety Surveillance and Signal Detection Process,2014,Quantitative Evaluation of Safety in Drug Development,crossref,seismic AND denois* AND (benchmark OR quantitative comparison OR evaluation OR signal preservation OR fidelity),benchmark,不相关,
10.1016/j.dsp.2015.06.001,Local detectors and compact descriptors for visual search: A quantitative comparison,2015,Digital Signal Processing,crossref,seismic AND denois* AND (benchmark OR quantitative comparison OR evaluation OR signal preservation OR fidelity),benchmark,不相关,
10.1007/978-3-540-47856-0,A Benchmark Approach to Quantitative Finance,2006,,crossref,seismic AND denois* AND (benchmark OR quantitative comparison OR evaluation OR signal preservation OR fidelity),benchmark,不相关,
10.26434/chemrxiv-2023-fjjk7,Materials Science Optimization Benchmark Dataset for Multi-fidelity Hard-sphere Packing Simulations,2023,,crossref,seismic AND denois* AND (benchmark OR quantitative comparison OR evaluation OR signal preservation OR fidelity),benchmark,不相关,
10.7717/peerjcs.1302/table-7,Table 7: Comparison of results on the benchmark platform (Acc %).,,,crossref,seismic AND denois* AND (benchmark OR quantitative comparison OR evaluation OR signal preservation OR fidelity),benchmark,不相关,
10.2139/ssrn.5831762,Proposal for the Standard Block Comparison Method (SBCM) in the Quantitative Evaluation of Administrative Measures,2026,,crossref,seismic AND denois* AND (benchmark OR quantitative comparison OR evaluation OR signal preservation OR fidelity),benchmark,不相关,
10.1007/978-3-031-66888-3_52,Designing Base Isolated Buildings According to the Italian Technical Code: A Benchmark for Comparison,2024,Lecture Notes in Civil Engineering,crossref,seismic AND denois* AND (benchmark OR quantitative comparison OR evaluation OR signal preservation OR fidelity),benchmark,不相关,
10.3997/2214-4609.201801395,A Quantitative Comparison of Two Convolutional Neural Network Architectures - Seismic Data Interpolation as Example,2018,Proceedings,crossref,seismic AND denois* AND (benchmark OR quantitative comparison OR evaluation OR signal preservation OR fidelity),benchmark,相关,
10.7717/peerj-cs.3552/table-5,Table 5: Comparison with baseline on the benchmark MS-COCO.,,,crossref,seismic AND denois* AND (benchmark OR quantitative comparison OR evaluation OR signal preservation OR fidelity),benchmark,不相关,
10.7717/peerj-cs.3635/table-11,Table 11: Comparison between the proposed methodology and benchmark approaches.,,,crossref,seismic AND denois* AND (benchmark OR quantitative comparison OR evaluation OR signal preservation OR fidelity),benchmark,不相关,
10.1109/lsp.2013.2262938,A Probabilistic Measure for Quantitative Evaluation of Image Segmentation,2013,IEEE Signal Processing Letters,crossref,seismic AND denois* AND (benchmark OR quantitative comparison OR evaluation OR signal preservation OR fidelity),benchmark,不相关,
10.7717/peerj-cs.3987/table-2,Table 2: Baseline model benchmark re-evaluation.,,,crossref,seismic AND denois* AND (benchmark OR quantitative comparison OR evaluation OR signal preservation OR fidelity),benchmark,不相关,
10.1002/9781119052913.fmatter,Front Matter,2017,Relative Fidelity Processing of Seismic Data,crossref,seismic AND denois* AND (benchmark OR quantitative comparison OR evaluation OR signal preservation OR fidelity),benchmark,不相关,
10.7717/peerj-cs.1793/table-5,Table 5: Comparison of the proposed approach with benchmark study.,,,crossref,seismic AND denois* AND (benchmark OR quantitative comparison OR evaluation OR signal preservation OR fidelity),benchmark,不相关,
10.2139/ssrn.7422882,Class-Structure Preservation Beats Diversity: A Comprehensive Benchmark of Text Augmentation Methods for Imbalanced Text Classification,2026,,crossref,seismic AND denois* AND (benchmark OR quantitative comparison OR evaluation OR signal preservation OR fidelity),benchmark,不相关,
10.70675/7c5c781fz2e9cz4e73zba74zba6c406976ec,Simulation product fidelity : a qualitative &amp; quantitative system engineering approach,,,crossref,seismic AND denois* AND (benchmark OR quantitative comparison OR evaluation OR signal preservation OR fidelity),benchmark,不相关,
10.1145/3664476.3664504,BenchIMP: A Benchmark for Quantitative Evaluation of the Incident Management Process Assessment,2024,"Proceedings of the 19th International Conference on Availability, Reliability and Security",crossref,seismic AND denois* AND (benchmark OR quantitative comparison OR evaluation OR signal preservation OR fidelity),benchmark,不相关,
10.31525/ct1-nct04138797,"EVALUATION OF NON-INVASIVE MEASUREMENT OF ELECTROPHYSIOLOGICAL ""HV"" INTERVAL USING A HIGH-DENSITY AND HIGH-FIDELITY SIGNAL AVERAGING ECG DEVICE",2019,Case Medical Research,crossref,seismic AND denois* AND (benchmark OR quantitative comparison OR evaluation OR signal preservation OR fidelity),benchmark,不相关,
10.1117/12.3063149.ee43122f-96dd-ef11-a9a6-00505691c5e1,,,,crossref,seismic AND denois* AND (benchmark OR quantitative comparison OR evaluation OR signal preservation OR fidelity),benchmark,不相关,
10.1016/j.nucengdes.2003.06.019,A NRC-BNL benchmark evaluation of seismic analysis methods for non-classically damped coupled systems,2004,Nuclear Engineering and Design,crossref,seismic AND denois* AND (benchmark OR quantitative comparison OR evaluation OR signal preservation OR fidelity),benchmark,相关,
10.1787/888932857330,Figure 1.20. Outcomes for Myanmar relative to benchmark: World comparison,,,crossref,seismic AND denois* AND (benchmark OR quantitative comparison OR evaluation OR signal preservation OR fidelity),benchmark,不相关,
10.1007/978-3-030-51085-5_4,Seismic Analysis and Damage Evaluation of Pine Flat Concrete Dam,2020,Lecture Notes in Civil Engineering,crossref,seismic AND denois* AND (benchmark OR quantitative comparison OR evaluation OR signal preservation OR fidelity),benchmark,相关,
10.1029/jz066i011p03879,An evaluation of a signal-summing technique for improving the signal-to-noise ratios for seismic events,1961,Journal of Geophysical Research,crossref,seismic AND denois* AND (benchmark OR quantitative comparison OR evaluation OR signal preservation OR fidelity),benchmark,相关,
10.7287/peerj.2471v0.2/reviews/2,"Peer Review #2 of ""Intranodal signal suppression in pelvic MR lymphography of prostate cancer patients: a quantitative comparison of ferumoxtran-10 and ferumoxytol (v0.2)""",2016,,crossref,seismic AND denois* AND (benchmark OR quantitative comparison OR evaluation OR signal preservation OR fidelity),benchmark,不相关,
10.2139/ssrn.4053551,Fault Rating System (Frs) a Methodological Framework for Quantitative Evaluation of Fault Base Geological Data in Seismic Hazard and Engineering Decisions,2022,,crossref,seismic AND denois* AND (benchmark OR quantitative comparison OR evaluation OR signal preservation OR fidelity),benchmark,相关,
10.7287/peerj.2471v0.1/reviews/2,"Peer Review #2 of ""Intranodal signal suppression in pelvic MR lymphography of prostate cancer patients: a quantitative comparison of ferumoxtran-10 and ferumoxytol (v0.1)""",2016,,crossref,seismic AND denois* AND (benchmark OR quantitative comparison OR evaluation OR signal preservation OR fidelity),benchmark,不相关,
10.1145/3064911.3064928,Towards a Benchmark for the Quantitative Evaluation of Traffic Simulators,2017,Proceedings of the 2017 ACM SIGSIM Conference on Principles of Advanced Discrete Simulation,crossref,seismic AND denois* AND (benchmark OR quantitative comparison OR evaluation OR signal preservation OR fidelity),benchmark,不相关,
10.2514/6.2024-2773,High-fidelity Aerostructural Optimization Benchmark for Aircraft Propellers in Hover,2024,AIAA SCITECH 2024 Forum,crossref,seismic AND denois* AND (benchmark OR quantitative comparison OR evaluation OR signal preservation OR fidelity),benchmark,不相关,
10.1101/2023.03.31.535112,Preservation of co-expression defines the primary tissue fidelity of human neural organoids,2023,,crossref,seismic AND denois* AND (benchmark OR quantitative comparison OR evaluation OR signal preservation OR fidelity),benchmark,不相关,
10.2172/6402312,Best Estimate Method vs Evaluation Method: a comparison of two techniques in evaluating seismic analysis and design,1980,,crossref,seismic AND denois* AND (benchmark OR quantitative comparison OR evaluation OR signal preservation OR fidelity),benchmark,相关,
10.7717/peerj-cs.3743/table-5,"Table 5: Qualitative comparison of methodological characteristics across prior HF prediction studies. Differences in dataset source, outcome definition, cohort size, and evaluation protocols preclude direct quantitative performance comparison.",,,crossref,seismic AND denois* AND (benchmark OR quantitative comparison OR evaluation OR signal preservation OR fidelity),benchmark,不相关,
10.1515/9780691210612-007,BENCHMARK CUSTOMIZATION,2007,Quantitative Management of Bond Portfolios,crossref,seismic AND denois* AND (benchmark OR quantitative comparison OR evaluation OR signal preservation OR fidelity),benchmark,不相关,
10.1109/globalsip45357.2019.8969089,Using Multimodal Data for Automated Fidelity Evaluation in Pivotal Response Treatment Videos,2019,2019 IEEE Global Conference on Signal and Information Processing (GlobalSIP),crossref,seismic AND denois* AND (benchmark OR quantitative comparison OR evaluation OR signal preservation OR fidelity),benchmark,不相关,
10.7717/peerj-cs.2729/table-2,Table 2: Model comparison with macro-F1 scores on benchmark datasets.,,,crossref,seismic AND denois* AND (benchmark OR quantitative comparison OR evaluation OR signal preservation OR fidelity),benchmark,不相关,
10.2139/ssrn.7450838,Designing and Auditing Shared Learning History Experiments: Marginal Preservation and Policy Alignment in a Fixed Synthetic Benchmark,2026,,crossref,seismic AND denois* AND (benchmark OR quantitative comparison OR evaluation OR signal preservation OR fidelity),benchmark,不相关,
10.5592/co/2crocee.2023.86,STATISTICAL SEISMIC PERFORMANCE ASSESSMENT OF VISCOUS DAMPER IN BENCHMARK BUILDINGS UNDER FAR-FAULT AND NEAR-FAULT EARTHQUAKES,2023,2nd Croatian Conference on Earthquake Engineering ‒ 2CroCEE,crossref,seismic AND denois* AND (benchmark OR quantitative comparison OR evaluation OR signal preservation OR fidelity),benchmark,相关,
10.2307/2328251,Mutual Fund Performance Evaluation: A Comparison of Benchmarks and Benchmark Comparisons,1987,The Journal of Finance,crossref,seismic AND denois* AND (benchmark OR quantitative comparison OR evaluation OR signal preservation OR fidelity),benchmark,不相关,
10.1088/2515-7620/ae9468/data1,Supplementary material,,,crossref,seismic AND denois* AND (benchmark OR quantitative comparison OR evaluation OR signal preservation OR fidelity),benchmark,不相关,
10.3997/2214-4609-pdb.3.d035,High Fidelity Vibratory Seismic (HFVS) I - Enhanced Data Quality,2004,66th EAGE Conference &amp; Exhibition,crossref,seismic AND denois* AND (benchmark OR quantitative comparison OR evaluation OR signal preservation OR fidelity),benchmark,相关,
10.2139/ssrn.6732342,A reproducible SSI-contact benchmark and amplification index for seismic pounding of adjacent buildings,2026,,crossref,seismic AND denois* AND (benchmark OR quantitative comparison OR evaluation OR signal preservation OR fidelity),benchmark,相关,
10.1080/14697688.2011.620979,"A Benchmark Approach to Quantitative Finance, by Eckhard Platen and David Heath",2011,Quantitative Finance,crossref,seismic AND denois* AND (benchmark OR quantitative comparison OR evaluation OR signal preservation OR fidelity),benchmark,不相关,
10.7717/peerj-cs.3481/fig-2,Figure 2: Cross subject evaluation benchmark data distribution.,,,crossref,seismic AND denois* AND (benchmark OR quantitative comparison OR evaluation OR signal preservation OR fidelity),benchmark,不相关,
10.64898/2026.08.11.741471,The Synthetic Fidelity–Stability Framework (SFSF): A Systematic Multi-Dimensional Benchmark of Synthetic Clinical Laboratory Data Generators,2026,,crossref,seismic AND denois* AND (benchmark OR quantitative comparison OR evaluation OR signal preservation OR fidelity),benchmark,不相关,
10.1002/9781119052913.index,Index,2017,Relative Fidelity Processing of Seismic Data,crossref,seismic AND denois* AND (benchmark OR quantitative comparison OR evaluation OR signal preservation OR fidelity),benchmark,不相关,
10.7717/peerjcs.2483/table-11,Table 11: Community detection comparison between graph generators using Sinanet benchmark.,,,crossref,seismic AND denois* AND (benchmark OR quantitative comparison OR evaluation OR signal preservation OR fidelity),benchmark,不相关,
10.1016/j.ymssp.2019.05.039,Evaluation of frequency evaluation index based compensation for benchmark study in real-time hybrid simulation,2019,Mechanical Systems and Signal Processing,crossref,seismic AND denois* AND (benchmark OR quantitative comparison OR evaluation OR signal preservation OR fidelity),benchmark,不相关,
10.1017/9781139626286.012,Seismic Wavelet Processing,2019,Advanced Digital Signal Processing of Seismic Data,crossref,seismic AND denois* AND (benchmark OR quantitative comparison OR evaluation OR signal preservation OR fidelity),benchmark,待定,
10.5194/egusphere-egu2020-7504,A Seismic Event Relative Location Benchmark Case Study,2020,,crossref,seismic AND denois* AND (benchmark OR quantitative comparison OR evaluation OR signal preservation OR fidelity),benchmark,相关,
10.7717/peerjcs.2483/table-10,Table 10: Model properties comparison between graph generators using Sinanet benchmark.,,,crossref,seismic AND denois* AND (benchmark OR quantitative comparison OR evaluation OR signal preservation OR fidelity),benchmark,不相关,
10.1201/9781003308867-67,A large-scale evaluation of the seismic demand for historic towers laying on soft soil,2022,Geotechnical Engineering for the Preservation of Monuments and Historic Sites III,crossref,seismic AND denois* AND (benchmark OR quantitative comparison OR evaluation OR signal preservation OR fidelity),benchmark,相关,
10.7717/peerj.11262/fig-5,Figure 5: Model evaluation on benchmark datasets PDB14189.,,,crossref,seismic AND denois* AND (benchmark OR quantitative comparison OR evaluation OR signal preservation OR fidelity),benchmark,不相关,
10.1049/ip-f-1.1988.0045,Comparison of the seismic and ground probing radar methods in geological surveying,1988,"IEE Proceedings F Communications, Radar and Signal Processing",crossref,seismic AND denois* AND (benchmark OR quantitative comparison OR evaluation OR signal preservation OR fidelity),benchmark,相关,
10.1103/physreva.83.042323,Simple proof of the quantum benchmark fidelity for continuous-variable quantum devices,2011,Physical Review A,crossref,seismic AND denois* AND (benchmark OR quantitative comparison OR evaluation OR signal preservation OR fidelity),benchmark,不相关,
10.1007/978-981-92-3538-4_26,SiFiDet-Signal Fidelity Matters: a Two-Stage Signal Preservation Approach for UAV Small Object Detection,2026,Communications in Computer and Information Science,crossref,seismic AND denois* AND (benchmark OR quantitative comparison OR evaluation OR signal preservation OR fidelity),benchmark,不相关,
10.22541/essoar.169447336.67222372/v1,A Frequency Domain Methodology for Quantitative Evaluation of Diffuse Wavefield with Applications to Seismic Imaging,2023,,crossref,seismic AND denois* AND (benchmark OR quantitative comparison OR evaluation OR signal preservation OR fidelity),benchmark,相关,
10.21203/rs.3.rs-7468614/v1,Seismic energy dissipation finite element analysis and damage quantitative evaluation of reinforced concrete frame structure system,2025,,crossref,seismic AND denois* AND (benchmark OR quantitative comparison OR evaluation OR signal preservation OR fidelity),benchmark,相关,
10.13182/physor22-39112,VERA Neutronics High-Fidelity Benchmark for a Modern PWR Core Design,2022,International Conference on Physics of Reactors 2022 (PHYSOR 2022),crossref,seismic AND denois* AND (benchmark OR quantitative comparison OR evaluation OR signal preservation OR fidelity),benchmark,不相关,
10.2139/ssrn.6328248,Interoperability as Transformation Fidelity: A Quantitative Benchmarking Framework for BIM Exchange Standards,2026,,crossref,seismic AND denois* AND (benchmark OR quantitative comparison OR evaluation OR signal preservation OR fidelity),benchmark,不相关,
10.3997/2214-4609.20148050,Quantitative Evaluation of Reservoir Fault Communication Using 4D Seismic - An Application to the Heidrun Field,2008,70th EAGE Conference and Exhibition incorporating SPE EUROPEC 2008,crossref,seismic AND denois* AND (benchmark OR quantitative comparison OR evaluation OR signal preservation OR fidelity),benchmark,相关,
10.1016/s1053-8119(09)72072-5,Quantitative Evaluation of Signal Loss Artifact in Different fMRI Methods,2009,NeuroImage,crossref,seismic AND denois* AND (benchmark OR quantitative comparison OR evaluation OR signal preservation OR fidelity),benchmark,不相关,
10.1016/b978-0-12-811516-9.00011-7,New Materials for the Aging of Wines and Beverages: Evaluation and Comparison,2018,Food Packaging and Preservation,crossref,seismic AND denois* AND (benchmark OR quantitative comparison OR evaluation OR signal preservation OR fidelity),benchmark,不相关,
10.1016/j.peva.2005.03.003,Quantitative performance comparison of different content distribution modes,2006,Performance Evaluation,crossref,seismic AND denois* AND (benchmark OR quantitative comparison OR evaluation OR signal preservation OR fidelity),benchmark,不相关,
10.2139/ssrn.5296218,Does the Market/Benchmark Beat its Own Market/Benchmark? Benchmarking Risk to Self-Benchmarking . Revisiting the Quantitative Definition of Market-Foundation of Efficient Market Hypothesis,2025,,crossref,seismic AND denois* AND (benchmark OR quantitative comparison OR evaluation OR signal preservation OR fidelity),benchmark,不相关,
10.1021/acs.analchem.6c00376.s005,Adaptive Deep Learning for High-Fidelity Quantitative Single-Molecule Imaging,,,crossref,seismic AND denois* AND (benchmark OR quantitative comparison OR evaluation OR signal preservation OR fidelity),benchmark,相关,
10.1145/3397481.3450689,Quantitative Evaluation of Machine Learning Explanations: A Human-Grounded Benchmark,2021,26th International Conference on Intelligent User Interfaces,crossref,seismic AND denois* AND (benchmark OR quantitative comparison OR evaluation OR signal preservation OR fidelity),benchmark,不相关,
10.1021/acs.analchem.6c00376.s002,Adaptive Deep Learning for High-Fidelity Quantitative Single-Molecule Imaging,,,crossref,seismic AND denois* AND (benchmark OR quantitative comparison OR evaluation OR signal preservation OR fidelity),benchmark,相关,
10.64898/2026.04.18.719378,GeomMotif: A Benchmark for Arbitrary Geometric Preservation in Protein Generation,2026,,crossref,seismic AND denois* AND (benchmark OR quantitative comparison OR evaluation OR signal preservation OR fidelity),benchmark,不相关,
10.1016/j.bpj.2019.11.3325,Quantitative Comparisons of Single Particle Tracking Algorithms Quantitative Comparison of Single Particle Tracking Algorithms Across Different Signal and Noise Levels,2020,Biophysical Journal,crossref,seismic AND denois* AND (benchmark OR quantitative comparison OR evaluation OR signal preservation OR fidelity),benchmark,不相关,
10.1787/888933265316,Figure 2.21. Employment trends in Peru and in comparison to benchmark countries,,,crossref,seismic AND denois* AND (benchmark OR quantitative comparison OR evaluation OR signal preservation OR fidelity),benchmark,不相关,
10.1016/j.neucom.2025.129901,Feature representation fidelity preservation during neural network pruning for enhanced compression efficiency,2025,Neurocomputing,crossref,seismic AND denois* AND (benchmark OR quantitative comparison OR evaluation OR signal preservation OR fidelity),benchmark,不相关,
10.69894/20070509,Celoxica’s claims seismic benchmark for FPGA-based system,2007,Oil Information Technology Journal,crossref,seismic AND denois* AND (benchmark OR quantitative comparison OR evaluation OR signal preservation OR fidelity),benchmark,相关,
10.1021/acs.analchem.6c00376.s003,Adaptive Deep Learning for High-Fidelity Quantitative Single-Molecule Imaging,,,crossref,seismic AND denois* AND (benchmark OR quantitative comparison OR evaluation OR signal preservation OR fidelity),benchmark,相关,
10.21203/rs.3.rs-3824369/v1,Evaluation and Comparison of the Seismic Performance of Modern Concentrically Braces in the Near-Fault Zone,2024,,crossref,seismic AND denois* AND (benchmark OR quantitative comparison OR evaluation OR signal preservation OR fidelity),benchmark,相关,
10.1021/acs.analchem.6c00376.s001,Adaptive Deep Learning for High-Fidelity Quantitative Single-Molecule Imaging,,,crossref,seismic AND denois* AND (benchmark OR quantitative comparison OR evaluation OR signal preservation OR fidelity),benchmark,相关,
10.1021/acs.analchem.6c00376.s004,Adaptive Deep Learning for High-Fidelity Quantitative Single-Molecule Imaging,,,crossref,seismic AND denois* AND (benchmark OR quantitative comparison OR evaluation OR signal preservation OR fidelity),benchmark,相关,
10.36227/techrxiv.173386347.72530546/v1,Trace-Distance based End-to-End Entanglement Fidelity with Information Preservation in Quantum Networks,2024,,crossref,seismic AND denois* AND (benchmark OR quantitative comparison OR evaluation OR signal preservation OR fidelity),benchmark,相关,
10.2139/ssrn.4937802,A Survey on Multi-Fidelity Surrogates for Simulators with Functional Outputs: Unified Framework and Benchmark,2024,,crossref,seismic AND denois* AND (benchmark OR quantitative comparison OR evaluation OR signal preservation OR fidelity),benchmark,不相关,
10.9717/kmms.2026.29.2.506,"Quantitative Benchmark of Vision-Language Models for 3D Physical Property Inference: Structured Output, Content Fidelity, and Operational Efficiency",2026,Journal of Korea Multimedia Society,crossref,seismic AND denois* AND (benchmark OR quantitative comparison OR evaluation OR signal preservation OR fidelity),benchmark,不相关,
10.1017/9781139626286.011,Seismic Deconvolution,2019,Advanced Digital Signal Processing of Seismic Data,crossref,seismic AND denois* AND (benchmark OR quantitative comparison OR evaluation OR signal preservation OR fidelity),benchmark,待定,
10.1007/978-1-4615-7763-8_78,Evaluation of Signal Processing Schemes in Ultrasonic Grain Size Estimation,1986,Review of Progress in Quantitative Nondestructive Evaluation,crossref,seismic AND denois* AND (benchmark OR quantitative comparison OR evaluation OR signal preservation OR fidelity),benchmark,相关,
10.22564/19cisbgf2025.028,A Real Benchmark Swell Noise Dataset for Performing Seismic Data Denoising via Deep Learning,2025,Proceedings,semantic_scholar,seismic denoising benchmark evaluation fidelity,benchmark,相关,
10.48550/arXiv.2410.08231,A Real Benchmark Swell Noise Dataset for Performing Seismic Data Denoising via Deep Learning,2024,arXiv.org,semantic_scholar,seismic denoising benchmark evaluation fidelity,benchmark,相关,
10.1029/2025jh000646,Seismic Denoising by Deep Learning From Natural Repeating Earthquakes,2025,Journal of Geophysical Research,semantic_scholar,seismic denoising benchmark evaluation fidelity,benchmark,相关,
10.2118/233244-ms,Assessing Geological Fidelity of GAN-Generated Seismic Images for CO2 Monitoring at Sleipner,2026,SPE Europe Energy Conference and Exhibition,semantic_scholar,seismic denoising benchmark evaluation fidelity,benchmark,相关,
10.1016/j.aiig.2026.100219,An open benchmark dataset of synthetic seismic data and real swell noise for evaluating deep learning denoising models,2026,Artificial Intelligence in Geosciences,semantic_scholar,seismic denoising benchmark evaluation fidelity,benchmark,相关,
10.1109/ISCIPT67144.2025.11265718,Attention U-Net with DenseBlock for Seismic Signal Denoising,2025,2025 10th International Conference on Computer and Information Processing Technology (ISCIPT),semantic_scholar,seismic denoising benchmark evaluation fidelity,benchmark,相关,
10.22564/brjg.v43i1.2336,Improving Seismic First Arrival Picking in Noisy Data: A Wavelet-Based Denoising Technique,2025,Brazilian Journal of Geophysics,semantic_scholar,seismic denoising benchmark evaluation fidelity,benchmark,相关,
10.21009/spektra.112.04,Edge Seismic Denoising: Benchmarking the Hailo-8L on Raspberry Pi 5,2026,SPEKTRA Jurnal Fisika dan Aplikasinya,semantic_scholar,seismic denoising benchmark evaluation fidelity,benchmark,相关,
10.1109/I4C62240.2024.10748449,Residual Learning for Enhanced Seismic Signal Quality with Denoising CNN and Kalman Filtering,2024,"2024 5th International Conference on Circuits, Control, Communication and Computing (I4C)",semantic_scholar,seismic denoising benchmark evaluation fidelity,benchmark,相关,
10.1109/ACCESS.2025.3643616,"A Large-Scale Benchmark on Geological Fault Delineation Models: Domain Shift, Training Dynamics, Generalizability, Evaluation, and Inferential Behavior",2025,IEEE Access,semantic_scholar,seismic denoising benchmark evaluation fidelity,benchmark,相关,
10.1109/TGRS.2025.3648809,Satellite Image Denoising Techniques Using CSC Data Fidelity With Adaptive Total Variation Regularization,2026,IEEE Transactions on Geoscience and Remote Sensing,semantic_scholar,seismic denoising benchmark evaluation fidelity,benchmark,相关,
10.1785/0220250366,Deep Learning Denoising for Synchronous Surface Three-Component Seismic Data Based on Huainan Deep Underground Observation,2026,Seismological Research Letters,semantic_scholar,seismic denoising benchmark evaluation fidelity,benchmark,相关,
10.48550/arXiv.2603.14284,High-Fidelity Compression of Seismic Velocity Models via SIREN Auto-Decoders,2026,arXiv.org,semantic_scholar,seismic denoising benchmark evaluation fidelity,benchmark,相关,
10.3390/bioengineering12121350,High-Fidelity CT Image Denoising with De-TransGAN: A Transformer-Augmented GAN Framework with Attention Mechanisms,2025,Bioengineering,semantic_scholar,seismic denoising benchmark evaluation fidelity,benchmark,相关,
10.1190/geo2024-0472.1,Deep learning-based denoising of pre-stack seismic angle gathers with application to time-lapse data,2025,Geophysics,semantic_scholar,seismic denoising benchmark evaluation fidelity,benchmark,相关,
10.1109/JBHI.2026.3732677,TFCDiff: Robust ECG Denoising via Time-Frequency Complementary Diffusion.,2025,IEEE journal of biomedical and health informatics,semantic_scholar,seismic denoising benchmark evaluation fidelity,benchmark,相关,
10.1785/0120250143,Denoising Seismograms in the Time Domain Using a Deep Learning Model,2025,Bulletin of The Seismological Society of America (BSSA),semantic_scholar,seismic denoising benchmark evaluation fidelity,benchmark,相关,
10.1109/STSIVA66383.2025.11156479,Supervised Seismic Image Enhancement from Structurally Conditioned Synthetic Data,2025,"2025 XXV Symposium of Image, Signal Processing, and Artificial Vision (STSIVA)",semantic_scholar,seismic denoising benchmark evaluation fidelity,benchmark,待定,
10.1038/s41598-026-51886-0,Energy-efficient integer-only vs. floating-point FLBMF filters for low-power embedded image denoising,2026,Scientific Reports,semantic_scholar,seismic denoising benchmark evaluation fidelity,benchmark,相关,
10.1002/eqe.3508,Seismic response evaluation of a five‐story buckling‐restrained braced frame using multi‐element pseudo‐dynamic hybrid simulations,2021,Earthquake engineering & structural dynamics (Print),semantic_scholar,seismic denoising benchmark evaluation fidelity,benchmark,相关,
10.1109/LGRS.2021.3065110,Processing Step-Based Adaptive Seismic Denoising Method of Transformation Domain Hybrid Technique,2022,IEEE Geoscience and Remote Sensing Letters,semantic_scholar,seismic denoising benchmark evaluation fidelity,benchmark,相关,
10.1109/SmartGridComm65349.2025.11204605,Synthetic Power Flow Data Generation Using Physics-Informed Denoising Diffusion Probabilistic Models,2025,IEEE International Conference on Smart Grid Communications,semantic_scholar,seismic denoising benchmark evaluation fidelity,benchmark,相关,
10.1109/JURSE60372.2025.11076017,Urban Remote Sensing Image Super Resolution based on Denoising Diffusion Probabilistic Models and Generative Adversarial Networks,2025,Joint Urban Remote Sensing Event,semantic_scholar,seismic denoising benchmark evaluation fidelity,benchmark,相关,
10.1109/BigData66926.2025.11402216,DPT-DDPM: A Denoising Diffusion Probabilistic Model for Tabular Data With Differential Privacy Enhancement,2025,BigData Congress [Services Society],semantic_scholar,seismic denoising benchmark evaluation fidelity,benchmark,相关,
10.1109/ICCV51701.2025.01307,Generic Event Boundary Detection via Denoising Diffusion,2025,IEEE International Conference on Computer Vision,semantic_scholar,seismic denoising benchmark evaluation fidelity,benchmark,相关,
10.64252/n1p0cr73,An Optimized SwinIR-based Deep Learning Model for Enhanced Image Super-Resolution and Denoising,2025,International Journal of Environmental Science,semantic_scholar,seismic denoising benchmark evaluation fidelity,benchmark,相关,
10.1117/12.3058041,A method for stochastic human action prediction based on denoising diffusion probability model,2025,International Conference on Computer Vision and Image Processing,semantic_scholar,seismic denoising benchmark evaluation fidelity,benchmark,相关,
10.1109/ICCCA66364.2025.11325169,Augmenting Medical Imaging Datasets with Synthetic Data for Model Evaluation and Benchmarking,2025,"International Conference on Computing, Communication and Automation",semantic_scholar,seismic denoising benchmark evaluation fidelity,benchmark,相关,
10.1088/1755-1315/1575/1/012006,State-of-Practice Seismic Analysis of Tsankov Kamak Dam,2025,IOP Conference Series: Earth and Environment,semantic_scholar,seismic denoising benchmark evaluation fidelity,benchmark,待定,
10.48550/arXiv.2604.10275,FastSHADE: Fast Self-augmented Hierarchical Asymmetric Denoising for Efficient inference on mobile devices,2026,arXiv.org,semantic_scholar,seismic denoising benchmark evaluation fidelity,benchmark,相关,
10.1109/ICCAD69956.2026.11643195,Plug-and-Play Image Denoising with Classical Priors under a Consensus Equilibrium Framework,2026,International Conference on Computer Aided Design,semantic_scholar,seismic denoising benchmark evaluation fidelity,benchmark,相关,
10.48550/arXiv.2407.03648,High Fidelity Text-Guided Music Generation and Editing via Single-Stage Flow Matching,2024,arXiv.org,semantic_scholar,seismic denoising benchmark evaluation fidelity,benchmark,不相关,
10.64898/2026.01.19.700249,SPSID: A single-parameter shrinkage inverse-diffusion for denoising gene-regulatory networks,2026,bioRxiv,semantic_scholar,seismic denoising benchmark evaluation fidelity,benchmark,相关,
10.48550/arXiv.2602.04886,Denoising diffusion networks for normative modeling in neuroimaging,2026,arXiv.org,semantic_scholar,seismic denoising benchmark evaluation fidelity,benchmark,相关,
10.1109/JBHI.2026.3727288,ECG-ARD: Autoregressive ECG Denoising With Dual-Domain Fusion and a Vector-Quantized Bottleneck.,2026,IEEE journal of biomedical and health informatics,semantic_scholar,seismic denoising benchmark evaluation fidelity,benchmark,相关,
10.1145/3770855.3817504,"CA-DEL: An Open Multi-Target, Multi-Modal Benchmark for Learning from DNA-Encoded Library Screens",2026,Proceedings of the 32nd ACM SIGKDD Conference on Knowledge Discovery and Data Mining V.2,semantic_scholar,seismic denoising benchmark evaluation fidelity,benchmark,不相关,
10.48550/arXiv.2603.26811,Implicit neural representations for larval zebrafish brain microscopy: a reproducible benchmark on the MapZebrain atlas,2026,arXiv.org,semantic_scholar,seismic denoising benchmark evaluation fidelity,benchmark,不相关,
,Finite element model updating of building structures under seismic excitation: A parallelized latent space-based Bayesian framework,2026,,semantic_scholar,seismic denoising benchmark evaluation fidelity,benchmark,待定,no-doi
10.1101/2025.02.21.639511,Synthetic Diffusion Tensor Imaging Maps Generated by 2D and 3D Probabilistic Diffusion Models: Evaluation and Applications,2025,bioRxiv,semantic_scholar,seismic denoising benchmark evaluation fidelity,benchmark,相关,
10.48550/arXiv.2508.17011,A Survey of Deep Learning-based Point Cloud Denoising,2025,arXiv.org,semantic_scholar,seismic denoising benchmark evaluation fidelity,benchmark,相关,
10.1109/TBME.2025.3604527,Repaint High-Density Surface Electromyography Signal Using Denoising Diffusion Probabilistic Model,2025,IEEE Transactions on Biomedical Engineering,semantic_scholar,seismic denoising benchmark evaluation fidelity,benchmark,相关,
10.1109/AISTS66100.2025.11232714,Generating High-Fidelity Synthetic ECG Signals Using Deep Autoencoder Architectures,2025,2025 Artificial Intelligence and Smart Technologies for Sustainability Conference (AISTS),semantic_scholar,seismic denoising benchmark evaluation fidelity,benchmark,不相关,
10.3390/math13243906,Mean-Curvature-Regularized Deep Image Prior with Soft Attention for Image Denoising and Deblurring,2025,Mathematics,semantic_scholar,seismic denoising benchmark evaluation fidelity,benchmark,相关,
10.1109/TGRS.2024.3510863,Transformer-Based Seismic Image Enhancement: A Novel Approach for Improved Resolution,2025,IEEE Transactions on Geoscience and Remote Sensing,semantic_scholar,seismic denoising benchmark evaluation fidelity,benchmark,相关,
10.1016/j.ygeno.2025.111179,TOGAR: Token-gated generative refinement for high-fidelity spatial transcriptomics and robust spatial domain clustering.,2025,Genomics,semantic_scholar,seismic denoising benchmark evaluation fidelity,benchmark,不相关,
10.1145/3770701,SelfDenoiser: Self-supervised Seismic Signal Denoiser for Continuous and Contactless Cardiac Monitoring,2025,Proceedings of the ACM on Interactive Mobile Wearable and Ubiquitous Technologies,semantic_scholar,seismic denoising benchmark evaluation fidelity,benchmark,相关,
10.2118/227269-ms,Benchmarking Error-Bounded Compressors for Big Seismic Data,2025,"Middle East Oil, Gas and Geosciences Show (MEOS GEO)",semantic_scholar,seismic denoising benchmark evaluation fidelity,benchmark,相关,
10.3390/app16136635,A Learning-Free Noise-Adaptive Framework for Feature-Preserving Point Cloud Denoising,2026,Applied Sciences,semantic_scholar,seismic denoising benchmark evaluation fidelity,benchmark,相关,
10.1109/JSEN.2026.3684364,Feature-Guided Reversible Network for Point Cloud Denoising,2026,IEEE Sensors Journal,semantic_scholar,seismic denoising benchmark evaluation fidelity,benchmark,相关,
10.1007/s00034-026-03497-3,IHRFNet: Integrating Residual and Hybrid Attention Blocks with Feature Extraction Network for Image Denoising,2026,"Circuits, systems, and signal processing",semantic_scholar,seismic denoising benchmark evaluation fidelity,benchmark,相关,
10.48550/arXiv.2407.04461,VCD-Texture: Variance Alignment based 3D-2D Co-Denoising for Text-Guided Texturing,2024,European Conference on Computer Vision,semantic_scholar,seismic denoising benchmark evaluation fidelity,benchmark,相关,
10.48550/arXiv.2607.03349,PedestrianDiffusion: Multimodal Generative Denoising and Dense State Estimation for Inertial Navigation,2026,arXiv.org,semantic_scholar,seismic denoising benchmark evaluation fidelity,benchmark,相关,
10.1029/2026jh001403,"Earthquake Seismogram Denoising Across Time, Time‐Frequency, and Hybrid Domain Approaches",2026,Journal of Geophysical Research,semantic_scholar,seismic denoising benchmark evaluation fidelity,benchmark,相关,
10.5815/ijigsp.2026.03.11,SWT-PnP-DnCNN: Medical Image Fusion UsingStationary Wavelet Transform and Plug-and-PlayDeep Denoising Model,2026,International Journal of Image Graphics and Signal Processing,semantic_scholar,seismic denoising benchmark evaluation fidelity,benchmark,相关,
10.3390/electronics15061293,A Taxonomy of Generative Models with a Focus on Diffusion Models and Denoising Techniques,2026,Electronics,semantic_scholar,seismic denoising benchmark evaluation fidelity,benchmark,相关,
10.1109/TASE.2026.3730792,Multi-Source Data State Estimation of Power System Based on Denoising Diffusion Implicit Model With Data Augmentation,2026,IEEE Transactions on Automation Science and Engineering,semantic_scholar,seismic denoising benchmark evaluation fidelity,benchmark,相关,
10.1109/GAIIS69281.2026.11519217,Robust Image Denoising: A Method Based on Multi-Scale Local Adaptive Hybrid Iterative Bilateral Filtering,2026,2026 International Conference on Generative Artificial Intelligence and Information Security (GAIIS),semantic_scholar,seismic denoising benchmark evaluation fidelity,benchmark,相关,
10.1109/JOE.2025.3635984,UIE-DDPM: Underwater Image Enhancement Based on the Integration of Physical Model and Conditional Denoising Diffusion Probabilistic Model,2026,IEEE Journal of Oceanic Engineering,semantic_scholar,seismic denoising benchmark evaluation fidelity,benchmark,相关,
10.3390/rs18142299,PanDiM: A Diffusion Mamba Network for High-Fidelity Pansharpening,2026,Remote Sensing,semantic_scholar,seismic denoising benchmark evaluation fidelity,benchmark,不相关,
10.48550/arXiv.2603.04340,"Balancing Fidelity, Utility, and Privacy in Synthetic Cardiac MRI Generation: A Comparative Study",2026,arXiv.org,semantic_scholar,seismic denoising benchmark evaluation fidelity,benchmark,不相关,
10.1109/CVPRW67362.2025.00133,Pureformer: Transformer-Based Image Denoising,2025,2025 IEEE/CVF Conference on Computer Vision and Pattern Recognition Workshops (CVPRW),semantic_scholar,seismic denoising benchmark evaluation fidelity,benchmark,相关,
10.3390/designs10020037,LSTM-Based Fast Prediction of Seismic Response and Fragility for Bridge Pile-Group Foundations: A Data-Driven Design Approach,2026,Designs,semantic_scholar,seismic denoising benchmark evaluation fidelity,benchmark,待定,
10.1093/gji/ggaa362,A benchmark case study for seismic event relative location,2020,Geophysical Journal International,semantic_scholar,seismic denoising benchmark evaluation fidelity,benchmark,相关,
10.3390/app16136555,High-Resolution Reconstruction of Seismic Data with Cycle-Consistent Adversarial Network,2026,Applied Sciences,semantic_scholar,seismic denoising benchmark evaluation fidelity,benchmark,待定,
10.3390/app15126697,Multi-Level Feature Fusion Attention Generative Adversarial Network for Retinal Optical Coherence Tomography Image Denoising,2025,Applied Sciences,semantic_scholar,seismic denoising benchmark evaluation fidelity,benchmark,相关,
10.48550/arXiv.2308.13568,Region-Disentangled Diffusion Model for High-Fidelity PPG-to-ECG Translation,2023,AAAI Conference on Artificial Intelligence,semantic_scholar,seismic denoising benchmark evaluation fidelity,benchmark,不相关,
10.5220/0013187300003912,From Noise Estimation to Restoration: A Unified Diffusion and Bayesian Risk Approach for Unsupervised Denoising,2025,VISIGRAPP : VISAPP,semantic_scholar,seismic denoising benchmark evaluation fidelity,benchmark,相关,
10.14569/ijacsa.2025.0161257,Adaptive Denoising of Partial Discharge Using Absolute Difference Optimization Versus Artificial Neural Networks,2025,International Journal of Advanced Computer Science and Applications,semantic_scholar,seismic denoising benchmark evaluation fidelity,benchmark,相关,
10.48550/arXiv.2407.11040,High-Quality and Full Bandwidth Seismic Signal Synthesis using Operational GANs,2024,arXiv.org,semantic_scholar,seismic denoising benchmark evaluation fidelity,benchmark,待定,
10.1109/CVPRW67362.2025.00119,NTIRE 2025 the 2nd Restore Any Image Model (RAIM) in the Wild Challenge,2025,2025 IEEE/CVF Conference on Computer Vision and Pattern Recognition Workshops (CVPRW),semantic_scholar,seismic denoising benchmark evaluation fidelity,benchmark,不相关,
,MSRepaint: Multiple Sclerosis Repaint with Conditional Denoising Diffusion Implicit Model for Bidirectional Lesion Filling and Synthesis,2025,,semantic_scholar,seismic denoising benchmark evaluation fidelity,benchmark,相关,no-doi
10.48550/arXiv.2606.30003,GeoEdit: Geometry-Aware Object Editing via Dual-Branch Denoising,2026,arXiv.org,semantic_scholar,seismic denoising benchmark evaluation fidelity,benchmark,相关,
10.1002/acm2.70656,FMDNet: Spatial‐frequency feature routing for low‐dose CT denoising,2026,Journal of Applied Clinical Medical Physics,semantic_scholar,seismic denoising benchmark evaluation fidelity,benchmark,相关,
10.1007/s10489-026-07192-3,ED-SCMA: encoder-decoder with skip-connection and multi-scale attention module for low-dose CT denoising,2026,Applied intelligence (Boston),semantic_scholar,seismic denoising benchmark evaluation fidelity,benchmark,相关,
10.31127/tuje.1928056,Hybrid Image Denoising via Sliced Ridgelet Transform and Attention-Guided Deep Learning for Medical and Industrial Applications,2026,Turkish Journal of Engineering,semantic_scholar,seismic denoising benchmark evaluation fidelity,benchmark,相关,
,Manifold4D: Denoising on Point Cloud Rendered Manifolds for Video Re-shooting,2026,,semantic_scholar,seismic denoising benchmark evaluation fidelity,benchmark,相关,no-doi
10.1002/ima.70396,Hounsfield Unit Preservation in Low‐Dose Abdomen and Pelvic CT Denoising: An Enhanced UNIT Framework for Radiotherapy Planning,2026,International journal of imaging systems and technology (Print),semantic_scholar,seismic denoising benchmark evaluation fidelity,benchmark,相关,
10.1016/j.cmpb.2024.108206,Unsupervised low-dose CT denoising using bidirectional contrastive network,2024,Comput. Methods Programs Biomed.,semantic_scholar,seismic denoising benchmark evaluation fidelity,benchmark,相关,
10.1109/TPAMI.2025.3570494,DiffusionAD: Norm-Guided One-Step Denoising Diffusion for Anomaly Detection,2023,IEEE Transactions on Pattern Analysis and Machine Intelligence,semantic_scholar,seismic denoising benchmark evaluation fidelity,benchmark,相关,
10.1109/WASPAA66052.2025.11230962,Post-Training Quantization for Audio Diffusion Transformers,2025,IEEE Workshop on Applications of Signal Processing to Audio and Acoustics,semantic_scholar,seismic denoising benchmark evaluation fidelity,benchmark,不相关,
10.48550/arXiv.2606.06219,CLEAR: Cognition and Latent Evaluation for Adaptive Routing in End-to-End Autonomous Driving,2026,arXiv.org,semantic_scholar,seismic denoising benchmark evaluation fidelity,benchmark,不相关,
10.1109/TGRS.2022.3209932,Unsupervised Deep Learning for Single-Channel Earthquake Data Denoising and Its Applications in Event Detection and Fully Automatic Location,2022,IEEE Transactions on Geoscience and Remote Sensing,semantic_scholar,seismic denoising benchmark evaluation fidelity,benchmark,相关,
10.23919/FUSION65864.2025.11123921,Data-Driven Diffusion-Based Super-Resolution for Improvement of Reduced-Order Model Predictions in Fluid Dynamics,2025,Fusion,semantic_scholar,seismic denoising benchmark evaluation fidelity,benchmark,不相关,
10.1117/12.3082055,A Monte Carlo-based deep learning framework for accurate single-molecule spectroscopic imaging,2026,BiOS,semantic_scholar,seismic denoising benchmark evaluation fidelity,benchmark,相关,
10.1007/s11760-026-05618-6,Edge-dilution-aware physics-driven enhancement of underwater streak-tube LiDAR,2026,"Signal, Image and Video Processing",semantic_scholar,seismic denoising benchmark evaluation fidelity,benchmark,不相关,
10.1117/12.3094456,DiffScene3D: sparse diffusion for high-fidelity indoor scene geometry generation,2026,International Conference on Graphic and Image Processing,semantic_scholar,seismic denoising benchmark evaluation fidelity,benchmark,不相关,
10.48550/arXiv.2508.08134,Follow-Your-Shape: Shape-Aware Image Editing via Trajectory-Guided Region Control,2025,arXiv.org,semantic_scholar,seismic denoising benchmark evaluation fidelity,benchmark,不相关,
10.1038/s41598-025-06481-0,Hybrid deep learning architecture for scalable and high-quality image compression,2025,Scientific Reports,semantic_scholar,seismic denoising benchmark evaluation fidelity,benchmark,不相关,
10.21437/interspeech.2025-19,Optimized Real-time Speech Enhancement with Deep SSMs on Raw Audio,2025,Interspeech,semantic_scholar,seismic denoising benchmark evaluation fidelity,benchmark,不相关,
10.48550/arXiv.2601.06391,Object-WIPER : Training-Free Object and Associated Effect Removal in Videos,2026,arXiv.org,semantic_scholar,seismic denoising benchmark evaluation fidelity,benchmark,不相关,
10.48550/arXiv.2601.10384,RSA-Bench: Benchmarking Audio Large Models in Real-World Acoustic Scenarios,2026,Annual Meeting of the Association for Computational Linguistics,semantic_scholar,seismic denoising benchmark evaluation fidelity,benchmark,不相关,
10.1002/eqe.4301,Challenges and Lessons Learned From Pseudo‐Dynamic Hybrid Simulations on Ductile Steel Braced Frame Systems,2025,Earthquake Engineering &amp; Structural Dynamics,semantic_scholar,seismic denoising benchmark evaluation fidelity,benchmark,不相关,
10.1109/TGRS.2022.3225923,Self-Supervised Multitask 3-D Partial Convolutional Neural Network for Random Noise Attenuation and Reconstruction in 3-D Seismic Data,2022,IEEE Transactions on Geoscience and Remote Sensing,semantic_scholar,seismic denoising benchmark evaluation fidelity,benchmark,相关,
10.48550/arXiv.2604.16841,When Earth Foundation Models Meet Diffusion: An Application to Land Surface Temperature Super-Resolution,2026,arXiv.org,semantic_scholar,seismic denoising benchmark evaluation fidelity,benchmark,不相关,
10.48550/arXiv.2602.21402,FlowFixer: Towards Detail-Preserving Subject-Driven Generation,2026,arXiv.org,semantic_scholar,seismic denoising benchmark evaluation fidelity,benchmark,不相关,
10.48550/arXiv.2605.17311,SpecSem-Net: Integrating Spectral and Semantic Features for Robust AI-generated Video Detection,2026,arXiv.org,semantic_scholar,seismic denoising benchmark evaluation fidelity,benchmark,不相关,
10.1038/s40494-026-02327-8,DCADif: decoupled conditional adaptive time-dynamic fusion diffusion inpainting of traditional Chinese mural paintings,2026,npj Heritage Science,semantic_scholar,seismic denoising benchmark evaluation fidelity,benchmark,不相关,
,Adaptive Graded Denoising of Seismic Data Based on Noise Estimation and Local Similarity,2024,,semantic_scholar,seismic denoising orthogonalization local similarity,mechanism,相关,no-doi
10.1016/J.JAPPGEO.2019.04.018,Seismic data denoising for complex structure using BM3D and local similarity,2018,Journal of Applied Geophysics,semantic_scholar,seismic denoising orthogonalization local similarity,mechanism,相关,
10.1109/ACCESS.2023.3272905,Unsupervised Seismic Random Noise Suppression Based on Local Similarity and Replacement Strategy,2023,IEEE Access,semantic_scholar,seismic denoising orthogonalization local similarity,mechanism,相关,
10.1038/s41598-025-13857-9,Seismic data denoising based on attention dual dilated CNN,2025,Scientific Reports,semantic_scholar,seismic denoising orthogonalization local similarity,mechanism,相关,
10.36922/jse026230102,Non-local weighted structure tensor total variation model for seismic data denoising,2026,Journal of Seismic Exploration,semantic_scholar,seismic denoising orthogonalization local similarity,mechanism,相关,
10.1109/TGRS.2024.3424502,STUGAN: An Integrated Swin Transformer-Based Generative Adversarial Networks for Seismic Data Reconstruction and Denoising,2024,IEEE Transactions on Geoscience and Remote Sensing,semantic_scholar,seismic denoising orthogonalization local similarity,mechanism,相关,
10.1109/TGRS.2025.3646696,Seismic Denoising Based on Convolutional Dictionary Learning With ADMM,2026,IEEE Transactions on Geoscience and Remote Sensing,semantic_scholar,seismic denoising orthogonalization local similarity,mechanism,相关,
10.1111/1365-2478.70046,Random Noise Suppression of Prestack Seismic Data Using Non‐Local Means via Patch Ordering in the Dual‐Domain,2025,Geophysical Prospecting,semantic_scholar,seismic denoising orthogonalization local similarity,mechanism,相关,
10.1007/s11200-022-0535-0,Self-similarity convolution neural network for seismic noise suppression in desert environment,2023,Studia Geophysica et Geodaetica,semantic_scholar,seismic denoising orthogonalization local similarity,mechanism,相关,
10.1109/TGRS.2025.3540208,Seismic Denoising Based on Dictionary Learning With Double Regularization for Random and Erratic Noise Attenuation,2025,IEEE Transactions on Geoscience and Remote Sensing,semantic_scholar,seismic denoising orthogonalization local similarity,mechanism,相关,
10.1109/TGRS.2022.3226404,LOUD: Local Orthogonalization-Constrained Unsupervised Deep-Learning Denoiser,2022,IEEE Transactions on Geoscience and Remote Sensing,semantic_scholar,seismic denoising orthogonalization local similarity,mechanism,相关,
10.1190/geo2021-0385.1,Preserving signal during random noise attenuation through migration enhancement and local orthogonalization,2022,Geophysics,semantic_scholar,seismic denoising orthogonalization local similarity,mechanism,相关,
10.1190/geo2022-0676.1,Protecting the weak signals in distributed acoustic sensing data processing using local orthogonalization: the FORGE data example,2023,Geophysics,semantic_scholar,seismic denoising orthogonalization local similarity,mechanism,不相关,
10.1109/LGRS.2025.3573122,Seismic CRP Gather Coherent Noise Suppression via Neural Network Low-Rank Approximation,2025,IEEE Geoscience and Remote Sensing Letters,semantic_scholar,seismic denoising orthogonalization local similarity,mechanism,相关,
10.1007/s11770-016-0545-1,Improved random noise attenuation using f−x empirical mode decomposition and local similarity,2016,Applied Geophysics,semantic_scholar,seismic denoising orthogonalization local similarity,mechanism,相关,
10.1007/s00024-020-02534-9,An Iterative Focal Denoising Strategy for Passive Seismic Data,2020,Pure and Applied Geophysics,semantic_scholar,seismic denoising orthogonalization local similarity,mechanism,相关,
10.3390/en13020372,Seismic Data Denoising Based on Sparse and Low-Rank Regularization,2020,,semantic_scholar,seismic denoising orthogonalization local similarity,mechanism,相关,
10.1109/ACCESS.2026.3672906,Quantum-Accelerated Dictionary Learning Based on HHL and QSVT for Seismic Data Denoising,2026,IEEE Access,semantic_scholar,seismic denoising orthogonalization local similarity,mechanism,相关,
10.1109/TGRS.2018.2870087,Structured Graph Dictionary Learning and Application on the Seismic Denoising,2019,IEEE Transactions on Geoscience and Remote Sensing,semantic_scholar,seismic denoising orthogonalization local similarity,mechanism,相关,
10.1109/TGRS.2023.3268718,Reinforcement Learning-Based Denoising Model for Seismic Random Noise Attenuation,2023,IEEE Transactions on Geoscience and Remote Sensing,semantic_scholar,seismic denoising orthogonalization local similarity,mechanism,相关,
10.1190/geo2019-0689.1,Dictionary learning with convolutional structure for seismic data denoising and interpolation,2021,Geophysics,semantic_scholar,seismic denoising orthogonalization local similarity,mechanism,相关,
10.1109/CCAI57533.2023.10201253,Research on Seismic Data Denoising Based on Dual Channel Residual Attention Network,2023,2023 IEEE 3rd International Conference on Computer Communication and Artificial Intelligence (CCAI),semantic_scholar,seismic denoising orthogonalization local similarity,mechanism,相关,
10.31649/vitce/1.2026.170,Application of deep learning methods to image processing and enhancement: A case study on seismic data,2026,Information Technology and Computer Engineering,semantic_scholar,seismic denoising orthogonalization local similarity,mechanism,相关,
10.1109/LGRS.2018.2841840,Weighted Multisteps Adaptive Autoregression for Seismic Image Denoising,2018,IEEE Geoscience and Remote Sensing Letters,semantic_scholar,seismic denoising orthogonalization local similarity,mechanism,相关,
10.1190/SEGAM2015-5924954.1,Amplitude Preservation in Multicomponent Processing using Local Similarity,2015,,semantic_scholar,seismic denoising orthogonalization local similarity,mechanism,不相关,
10.1190/SEGAM2014-0594.1,Random noise attenuation using local similarity,2014,,semantic_scholar,seismic denoising orthogonalization local similarity,mechanism,相关,
10.3390/rs16214051,Seismic Random Noise Attenuation Using DARE U-Net,2024,Remote Sensing,semantic_scholar,seismic denoising orthogonalization local similarity,mechanism,相关,
10.1007/s11770-018-0657-x,Random noise suppression for seismic data using a non-local Bayes algorithm,2018,Applied Geophysics,semantic_scholar,seismic denoising orthogonalization local similarity,mechanism,相关,
10.1109/TGRS.2021.3054839,Accelerated Signal-and-Noise Orthogonalization,2022,IEEE Transactions on Geoscience and Remote Sensing,semantic_scholar,seismic denoising orthogonalization local similarity,mechanism,不相关,
10.1111/1365-2478.13034,Passive seismic data primary estimation and noise removal via focal‐denoising closed‐loop surface‐related multiple elimination based on 3D L1‐norm sparse inversion,2020,Geophysical Prospecting,semantic_scholar,seismic denoising orthogonalization local similarity,mechanism,相关,
10.1109/TGRS.2020.2996686,Nonlocal Weighted Robust Principal Component Analysis for Seismic Noise Attenuation,2020,IEEE Transactions on Geoscience and Remote Sensing,semantic_scholar,seismic denoising orthogonalization local similarity,mechanism,相关,
10.36922/jse026070027,A multi-scale feature attention convolutional neural network for seismic random noise suppression,2026,Journal of Seismic Exploration,semantic_scholar,seismic denoising orthogonalization local similarity,mechanism,相关,
10.1109/ACCESS.2026.3666569,Transfer Learning With U-Swin Transformer for Adaptive Ground Roll Attenuation in Seismic Records From Sabkha Environments,2026,IEEE Access,semantic_scholar,seismic denoising orthogonalization local similarity,mechanism,相关,
10.1109/EICCT69950.2026.11564570,Seismic Random Noise Suppression using Variational Mode Decomposition and Quantum Chaotic Fruit Fly Optimization,2026,"2026 5th International Conference on Electronics, Integrated Circuits and Communication Technology (EICCT)",semantic_scholar,seismic denoising orthogonalization local similarity,mechanism,相关,
10.1190/GEO2019-0063.1,Denoising with weak signal preservation by group-sparsity transform learning,2019,Geophysics,semantic_scholar,seismic denoising orthogonalization local similarity,mechanism,相关,
10.1007/s11600-021-00564-y,Coherent noise attenuation for passive seismic data based on iterative two-dimensional model shrinkage,2021,Acta Geophysica,semantic_scholar,seismic denoising orthogonalization local similarity,mechanism,相关,
10.1190/geo2022-0612.1,Unsupervised seismic random noise attenuation by a Recursive Deep Image Prior,2023,Geophysics,semantic_scholar,seismic denoising orthogonalization local similarity,mechanism,相关,
10.1109/TGRS.2024.3371714,Seismic Random Noise Suppression Based on Deep Image Prior and Total Variation,2024,IEEE Transactions on Geoscience and Remote Sensing,semantic_scholar,seismic denoising orthogonalization local similarity,mechanism,相关,
10.1038/s41598-026-59772-5,Random noise attenuation using dual-module attention with multi-scale kernels.,2026,Scientific Reports,semantic_scholar,seismic denoising orthogonalization local similarity,mechanism,相关,
10.1007/s13202-016-0272-4,Noise suppression in the dual-tree complex wavelet domain for seismic signal,2017,Journal of Petroleum Exploration and Production Technology,semantic_scholar,seismic denoising orthogonalization local similarity,mechanism,相关,
10.31223/x5rt41,Dictionary Learning with Convolutional Structure for Seismic Data Denoising and Interpolation,2024,,crossref,seismic denoising Chen,mechanism_author_Chen,相关,
10.3997/2214-4609.202639117,A New Training Strategy for the Diffusion Model in Seismic Denoising,2026,Sixth EAGE Digitalization Conference &amp; Exhibition,crossref,seismic denoising Chen,mechanism_author_Chen,相关,
10.36922/jse025260030,Seismic signal denoising using variational mode decomposition and a denoising convolutional neural network,2025,Journal of Seismic Exploration,crossref,seismic denoising Chen,mechanism_author_Chen,相关,
10.5194/egusphere-egu25-20208,Operational Seismic Denoising Workflow to Enhance Seismic Catalogues,2025,,crossref,seismic denoising Chen,mechanism_author_Chen,相关,
10.1130/abs/2026ne-12252,Diffusion Model for Seismic Denoising by Fitting the Signal,2026,Geological Society of America Abstracts with Programs,crossref,seismic denoising Chen,mechanism_author_Chen,相关,
10.1109/lgrs.2025.3640968/v1/review1,"Review for ""Seismic denoising via multi-round SCU-Net""",2025,,crossref,seismic denoising Chen,mechanism_author_Chen,相关,
10.1785/0220230169,Dictionary Learning for Single-Channel Passive Seismic Denoising,2023,Seismological Research Letters,crossref,seismic denoising Chen,mechanism_author_Chen,相关,
10.3997/2214-4609.2025101271,Multi-Round Deep Learning Based on SCU-Net for Seismic Data Denoising,2025,86th EAGE Annual Conference &amp; Exhibition,crossref,seismic denoising Chen,mechanism_author_Chen,相关,
10.1007/978-3-030-19304-1_7,Denoising the 3D Seismic Data Using Multichannel Singular Spectrum Analysis,2020,Modern Singular Spectral-Based Denoising and Filtering Techniques for 2D and 3D Reflection Seismic Data,crossref,seismic denoising Chen,mechanism_author_Chen,相关,
10.1007/978-3-030-19304-1_4,Frequency and Time Domain SSA for 2D Seismic Data Denoising,2020,Modern Singular Spectral-Based Denoising and Filtering Techniques for 2D and 3D Reflection Seismic Data,crossref,seismic denoising Chen,mechanism_author_Chen,相关,
10.1190/geo2023-0637.1,Unsupervised deep-learning framework for 5D seismic denoising and interpolation,2024,Geophysics,crossref,seismic denoising Chen,mechanism_author_Chen,相关,
10.1007/978-3-030-19304-1_1,Introduction to Denoising and Data Gap Filling of Seismic Reflection Data,2020,Modern Singular Spectral-Based Denoising and Filtering Techniques for 2D and 3D Reflection Seismic Data,crossref,seismic denoising Chen,mechanism_author_Chen,相关,
10.5194/egusphere-egu26-10528,Discriminator-Augmented Denoising Diffusion Probabilistic Models for Seismic Data,2026,,crossref,seismic denoising Chen,mechanism_author_Chen,相关,
10.36922/jse026130057,Self-supervised denoising of seismic common reflection point gathers with a learnable activation network,2026,Journal of Seismic Exploration,crossref,seismic denoising Chen,mechanism_author_Chen,相关,
10.2139/ssrn.4599023,Seismic Signal Denoising Using Gan-Based Network,2023,,crossref,seismic denoising Chen,mechanism_author_Chen,相关,
10.4028/www.scientific.net/amm.490-491.1356,Seismic Data Denoising Simulation Research Based on Wavelet Transform,2014,Applied Mechanics and Materials,crossref,seismic denoising Chen,mechanism_author_Chen,相关,
10.1109/lgrs.2025.3640968/v1/decision1,"Decision letter for ""Seismic denoising via multi-round SCU-Net""",2025,,crossref,seismic denoising Chen,mechanism_author_Chen,相关,
10.3997/2214-4609.2025101123,Seismic Data Denoising Using a 3D Hybrid Network with Adaptive Convolution and Attention Mechanisms,2025,86th EAGE Annual Conference &amp; Exhibition,crossref,seismic denoising Chen,mechanism_author_Chen,相关,
10.1007/978-3-030-19304-1_9,Singular Spectrum vs. Wavelet Based Denoising Schemes in Generalized Inversion Based Seismic Wavelet Estimation,2020,Modern Singular Spectral-Based Denoising and Filtering Techniques for 2D and 3D Reflection Seismic Data,crossref,seismic denoising Chen,mechanism_author_Chen,相关,
10.2172/1821851,Evaluating Scalograms for Seismic Event Denoising,2021,,crossref,seismic denoising Chen,mechanism_author_Chen,相关,
10.2139/ssrn.4975203,Three Dimensional Seismic Denoising Based on Deep Convolutional Dictionary Learning,2024,,crossref,seismic denoising Chen,mechanism_author_Chen,相关,
10.1785/0220220242,Pyseistr: A Python Package for Structural Denoising and Interpolation of Multichannel Seismic Data,2023,Seismological Research Letters,crossref,seismic denoising Chen,mechanism_author_Chen,相关,
10.1190/segam2013-0822.1,Robust reduced-rank seismic denoising,2013,International Meeting for Applied Geoscience &amp; Energy,crossref,seismic denoising Chen,mechanism_author_Chen,相关,
10.3997/2214-4609.202510669,Bayesian Orthogonal Matching Pursuit for Seismic Resolution Enhancement and Denoising,2025,86th EAGE Annual Conference &amp; Exhibition,crossref,seismic denoising Chen,mechanism_author_Chen,相关,
10.17771/pucrio.acad.59152,A SELF-SUPERVISED METHOD FOR BLIND DENOISING OF SEISMIC SHOT GATHERS,,,crossref,seismic denoising Chen,mechanism_author_Chen,相关,
10.1190/segam2016-13862508.1,Fast dictionary learning for multidimensional seismic denoising via sequential generalized k-means,2016,International Meeting for Applied Geoscience &amp; Energy,crossref,seismic denoising Chen,mechanism_author_Chen,相关,
10.3997/2214-4609.202376011,Intelligent Denoising of Distributed Acoustic Sensing Seismic Data Using Deep Learning,2023,3rd EAGE Workshop on Fiber Optic Sensing for Energy Applications,crossref,seismic denoising Chen,mechanism_author_Chen,相关,
10.3923/jas.2013.2903.2908,Research on Seismic Data Denoising Method by Wavelet Packet Transform,2013,Journal of Applied Sciences,crossref,seismic denoising Chen,mechanism_author_Chen,相关,
10.1190/geo2020-0773.1,Enhanced low-rank matrix estimation for simultaneous denoising and reconstruction of 5D seismic data,2021,Geophysics,crossref,seismic denoising Chen,mechanism_author_Chen,相关,
10.1007/s11770-005-0034-4,The second-generation wavelet transform and its application in denoising of seismic data,2005,Applied Geophysics,crossref,seismic denoising Chen,mechanism_author_Chen,相关,
10.1002/essoar.10509527.1,Denoising 3-component seismic data using deep neural network,2021,,crossref,seismic denoising Chen,mechanism_author_Chen,相关,
10.5194/egusphere-egu23-1309,Seismic Signal Denoising with Attention U-Net,2023,,crossref,seismic denoising Chen,mechanism_author_Chen,相关,
10.1190/segam2016-13819123.1,Signal distortion versus noise suppression in seismic data denoising,2016,International Meeting for Applied Geoscience &amp; Energy,crossref,seismic denoising Chen,mechanism_author_Chen,相关,
10.1007/s11004-023-10089-3,Seismic Data Denoising Using a Self-Supervised Deep Learning Network,2023,Mathematical Geosciences,crossref,seismic denoising Chen,mechanism_author_Chen,相关,
10.3997/2214-4609-pdb.5.c012,Physical Wavelet Frame Denoising of Seismic Data,2002,64th EAGE Conference &amp; Exhibition,crossref,seismic denoising Chen,mechanism_author_Chen,相关,
10.3997/2214-4609-pdb.3.g044,Curvelet Denoising of 4D Seismic,2004,66th EAGE Conference &amp; Exhibition,crossref,seismic denoising Chen,mechanism_author_Chen,相关,
10.1190/segam2020-3427266.1,Passive seismic signal denoising using convolutional neural network,2020,International Meeting for Applied Geoscience &amp; Energy,crossref,seismic denoising Chen,mechanism_author_Chen,相关,
10.1190/geo2019-0468.1,Deep denoising autoencoder for seismic random noise attenuation,2020,Geophysics,crossref,seismic denoising Chen,mechanism_author_Chen,相关,
10.1016/j.jappgeo.2021.104446,Fast dictionary learning for 3D simultaneous seismic data reconstruction and denoising,2021,Journal of Applied Geophysics,crossref,seismic denoising Chen,mechanism_author_Chen,相关,
10.4028/www.scientific.net/amm.556-562.6328,Research on LIFT Technology for 3D Seismic Denoising in Coalfield,2014,Applied Mechanics and Materials,crossref,seismic denoising Chen,mechanism_author_Chen,相关,
10.1785/0220220117,Denoising of Distributed Acoustic Sensing Seismic Data Using an Integrated Framework,2022,Seismological Research Letters,crossref,seismic denoising Chen,mechanism_author_Chen,相关,
10.1190/segam2018-2998619.1,Seismic data denoising by deep-residual networks,2018,International Meeting for Applied Geoscience &amp; Energy,crossref,seismic denoising Chen,mechanism_author_Chen,相关,
10.1190/segam2016-13578061.1,Damped rank-reduction method for simultaneous denoising and reconstruction of 5D seismic data,2016,International Meeting for Applied Geoscience &amp; Energy,crossref,seismic denoising Chen,mechanism_author_Chen,相关,
10.3390/geosciences15110409,Research on High-Density Discrete Seismic Signal Denoising Processing Method Based on the SFOA-VMD Algorithm,2025,Geosciences,crossref,seismic denoising Chen,mechanism_author_Chen,相关,
10.1093/jge/gxz113,Editor's note: Multi-step damped multichannel singular spectrum analysis for simultaneous reconstruction and denoising of 3D seismic data,2020,Journal of Geophysics and Engineering,crossref,seismic denoising Chen,mechanism_author_Chen,相关,
10.1190/1.2370118,On the denoising method of prestack seismic data in wavelet domain,2006,International Meeting for Applied Geoscience &amp; Energy,crossref,seismic denoising Chen,mechanism_author_Chen,相关,
10.1190/geo2024-0236.1,Leveraging overfitting for good - Two-Step Deep Image Prior Model For Seismic Denoising,2025,Geophysics,semantic_scholar,seismic denoising Chen,mechanism_author_Chen,相关,
10.1109/ACCESS.2025.3617570,A Convolutional Neural Network to Spiking Neural Network Conversion Framework for Seismic Denoising,2025,IEEE Access,semantic_scholar,seismic denoising Chen,mechanism_author_Chen,相关,
10.1109/TGRS.2024.3400313,One-Dimensional Dictionary Learning With Variational Sparse Representation for Single-Channel Seismic Denoising,2024,IEEE Transactions on Geoscience and Remote Sensing,semantic_scholar,seismic denoising Chen,mechanism_author_Chen,相关,
10.1190/geo2023-0592.1,Ground-truth-free Deep Learning for 3-D Seismic Denoising and Reconstruction with Channel Attention Mechanism,2024,Geophysics,semantic_scholar,seismic denoising Chen,mechanism_author_Chen,相关,
10.1190/geo2024-0189.1,Unsupervised deep learning for off-the-grid seismic reconstruction and denoising,2025,Geophysics,semantic_scholar,seismic denoising Chen,mechanism_author_Chen,相关,
10.1109/LGRS.2017.2695649,An Anisotropic Diffusion-Based Dynamic Combined Energy Model for Seismic Denoising,2017,IEEE Geoscience and Remote Sensing Letters,semantic_scholar,seismic denoising Chen,mechanism_author_Chen,相关,
10.1007/s11770-015-0485-1,A fast-convergence POCS seismic denoising and reconstruction method,2015,Applied Geophysics,semantic_scholar,seismic denoising Chen,mechanism_author_Chen,相关,
10.1109/TGRS.2025.3527998,Robust Bidirectional Q-Compensated Denoising for Seismic Data With Adaptive Structural Regularization,2025,IEEE Transactions on Geoscience and Remote Sensing,semantic_scholar,seismic denoising Chen,mechanism_author_Chen,相关,
10.1007/s13320-025-0769-x,Deep Learning-Based Blind Denoising for Distributed Acoustic Sensing Seismic Data With Self-Supervised and Transfer Learning,2025,Photonic Sensors,semantic_scholar,seismic denoising Chen,mechanism_author_Chen,相关,
10.1190/image2025-4301721.1,Unsupervised multi-dimensional seismic denoising and interpolation via single-trace deep representation learning,2026,International Meeting for Applied Geoscience &amp; Energy,semantic_scholar,seismic denoising Chen,mechanism_author_Chen,相关,
10.1111/1365-2478.70120,Time‐Domain‐Normalized Cross‐Correlation Denoising Method for Single‐Frequency Interference in Seismic Data,2025,Geophysical Prospecting,semantic_scholar,seismic denoising Chen,mechanism_author_Chen,相关,
10.1109/lgrs.2021.3121431,Seismic Denoising Based on Time-Varying Filtering and Empirical Mode Decomposition in the fx Domain,2021,IEEE Geoscience and Remote Sensing Letters,semantic_scholar,seismic denoising Chen,mechanism_author_Chen,相关,
10.1177/25726838251342677,Micro-seismic resolution in mining engineering by combining denoising processing and improved CNN algorithm,2025,Applied Earth Science,semantic_scholar,seismic denoising Chen,mechanism_author_Chen,相关,
10.1038/s41598-025-32591-w,Efficient seismic data denoising via multi-scale attention network with depthwise separable and residual dilated convolutions,2025,Scientific Reports,semantic_scholar,seismic denoising Chen,mechanism_author_Chen,相关,
10.1109/LGRS.2025.3640968,Seismic Denoising via Multiround SCU-Net,2026,IEEE Geoscience and Remote Sensing Letters,semantic_scholar,seismic denoising Chen,mechanism_author_Chen,相关,
10.1109/TGRS.2026.3710810,SFDDPM: Signal-Fitting Diffusion Model for Prestack Seismic Denoising With Total Variation Constraint,2026,IEEE Transactions on Geoscience and Remote Sensing,semantic_scholar,seismic denoising Chen,mechanism_author_Chen,相关,
10.1145/3703935.3704004,N2N-WTV: Unsupervised Seismic Data Denoising Based on Weighted Total Variation Regularization,2024,Proceedings of the 2024 7th International Conference on Artificial Intelligence and Pattern Recognition,semantic_scholar,seismic denoising Chen,mechanism_author_Chen,相关,
10.1093/GJI/GGW230,Simultaneous denoising and reconstruction of 5-D seismic data via damped rank-reduction method,2016,,semantic_scholar,seismic denoising Chen,mechanism_author_Chen,相关,
10.1016/j.jappgeo.2024.105500,A combined denoising method for Q-factor compensation of poststack seismic data,2024,Journal of Applied Geophysics,semantic_scholar,seismic denoising Chen,mechanism_author_Chen,相关,
10.1109/TGRS.2019.2947149,Poststack Seismic Data Denoising Based on 3-D Convolutional Neural Network,2020,IEEE Transactions on Geoscience and Remote Sensing,semantic_scholar,seismic denoising Chen,mechanism_author_Chen,相关,
10.1007/s11770-025-1289-6,Improved PSO-VMD seismic signal denoising method combined with modified wavelet transform,2025,Applied Geophysics,semantic_scholar,seismic denoising Chen,mechanism_author_Chen,相关,
10.1016/J.CAGEO.2016.06.017,An open-source Matlab code package for improved rank-reduction 3D seismic data denoising and reconstruction,2016,Computational Geosciences,semantic_scholar,seismic denoising Chen,mechanism_author_Chen,相关,
10.1109/TGRS.2024.3421597,Stochastic Solutions for Simultaneous Seismic Data Denoising and Reconstruction via Score-Based Generative Models,2024,IEEE Transactions on Geoscience and Remote Sensing,semantic_scholar,seismic denoising Chen,mechanism_author_Chen,相关,
10.1109/LGRS.2024.3374810,Multiscale Residual Convolution Neural Network for Seismic Data Denoising,2024,IEEE Geoscience and Remote Sensing Letters,semantic_scholar,seismic denoising Chen,mechanism_author_Chen,相关,
10.1111/1365-2478.13574,Simultaneous seismic data de‐aliasing and denoising with a fast adaptive method based on hybrid wavelet transform,2024,Geophysical Prospecting,semantic_scholar,seismic denoising Chen,mechanism_author_Chen,相关,
10.3390/app13031324,Denoising Method for Seismic Co-Band Noise Based on a U-Net Network Combined with a Residual Dense Block,2023,Applied Sciences,semantic_scholar,seismic denoising Chen,mechanism_author_Chen,相关,
10.1109/LGRS.2021.3054765,Seismic Data Denoising Based on Tensor Decomposition With Total Variation,2021,IEEE Geoscience and Remote Sensing Letters,semantic_scholar,seismic denoising Chen,mechanism_author_Chen,相关,
10.1190/IGC2017-362,Compressed sensing KSVD dictionary learning method application in seismic denoising,2017,,semantic_scholar,seismic denoising Chen,mechanism_author_Chen,相关,
10.1080/10916466.2024.2380731,Seismic data denoising using the 3D curvelet transform method,2024,Petroleum science and technology,semantic_scholar,seismic denoising Chen,mechanism_author_Chen,相关,
10.1109/TGRS.2021.3095922,Seismic Random Noise Attenuation by Applying Multiscale Denoising Convolutional Neural Network,2022,IEEE Transactions on Geoscience and Remote Sensing,semantic_scholar,seismic denoising Chen,mechanism_author_Chen,相关,
10.1109/LGRS.2023.3262603,Hybrid Low-Rank and Sparsity Constraint With Hankel Structure Preservation for Simultaneous Seismic Reconstruction and Denoising,2023,IEEE Geoscience and Remote Sensing Letters,semantic_scholar,seismic denoising Chen,mechanism_author_Chen,相关,
10.1109/lgrs.2022.3167999,Dropout-Based Robust Self-Supervised Deep Learning for Seismic Data Denoising,2022,IEEE Geoscience and Remote Sensing Letters,semantic_scholar,seismic denoising Chen,mechanism_author_Chen,相关,
10.1109/LGRS.2017.2697942,Simultaneous Denoising and Interpolation of 3-D Seismic Data via Damped Data-Driven Optimal Singular Value Shrinkage,2017,IEEE Geoscience and Remote Sensing Letters,semantic_scholar,seismic denoising Chen,mechanism_author_Chen,相关,
10.1142/s0218001424580060,Multi-Scale GAN with NSCT Prediction for Seismic Data Denoising,2024,International journal of pattern recognition and artificial intelligence,semantic_scholar,seismic denoising Chen,mechanism_author_Chen,相关,
10.1190/GEO2016-0557.1,Hybrid rank-sparsity constraint model for simultaneous reconstruction and denoising of 3D seismic data,2017,,semantic_scholar,seismic denoising Chen,mechanism_author_Chen,相关,
10.1109/LSP.2026.3707502,Dynamic Denoising Method Based on Semantic Prompts for Mixed Noise Suppression in Seismic Data,2026,IEEE Signal Processing Letters,semantic_scholar,seismic denoising Chen,mechanism_author_Chen,相关,
10.1190/TLE38070542.1,A hybrid learning-based framework for seismic denoising,2019,The Leading Edge,semantic_scholar,seismic denoising Chen,mechanism_author_Chen,相关,
10.3997/2214-4609-pdb.3.p268,Seismic Modeling with Riemannian Wavefield Extrapolation,2004,66th EAGE Conference &amp; Exhibition,crossref,seismic denoising Fomel,mechanism_author_Fomel,待定,
10.3997/2214-4609-pdb.17.a08,Wave-Equation Angle-Domain Imaging for Multicomponent Seismic Data,2005,"EAGE/SEG Research Workshop - Multicomponent Seismic - Past, Present and Future",crossref,seismic denoising Fomel,mechanism_author_Fomel,待定,
10.5724/gcs.10.30.0022,Extracting Seismic Data Patterns Using Predictive Painting,2010,Seismic Imaging of Depositional and Geomorphic Systems: 30th Annual,crossref,seismic denoising Fomel,mechanism_author_Fomel,待定,
10.1190/1.2437573,Local seismic attributes,2007,Geophysics,crossref,seismic denoising Fomel,mechanism_author_Fomel,待定,
10.22541/essoar.173557561.19391758/v1,Seismic Speckle Noise: Recognizing Scattering Noise Caused by Near-Surface Heterogeneities,2024,,crossref,seismic denoising Fomel,mechanism_author_Fomel,相关,
10.1190/1.3453847,Predictive painting of 3D seismic volumes,2010,Geophysics,crossref,seismic denoising Fomel,mechanism_author_Fomel,待定,
10.3997/2214-4609.201900836,Seismic Imaging in Stratigraphic Coordinates,2019,81st EAGE Conference and Exhibition 2019,crossref,seismic denoising Fomel,mechanism_author_Fomel,待定,
10.1190/geo2016-0140.1,Analytical path-summation imaging of seismic diffractions,2016,Geophysics,crossref,seismic denoising Fomel,mechanism_author_Fomel,待定,
10.3997/2214-4609.202310273,Unsupervised learning framework for denoising distributed acoustic sensing (DAS) data,2023,84th EAGE Annual Conference &amp; Exhibition,crossref,seismic denoising Fomel,mechanism_author_Fomel,相关,
10.3997/2214-4609.201400426,Structure-enhancing LUM Filtering for Seismic Images,2009,71st EAGE Conference and Exhibition incorporating SPE EUROPEC 2009,crossref,seismic denoising Fomel,mechanism_author_Fomel,相关,
10.1190/int-2014-0081.1,Carbonate reservoir characterization using seismic diffraction imaging,2014,Interpretation,crossref,seismic denoising Fomel,mechanism_author_Fomel,待定,
10.3997/2214-4609.201401911,Seismic Attenuation in a Von Karman Correlated Medium,2007,69th EAGE Conference and Exhibition incorporating SPE EUROPEC 2007,crossref,seismic denoising Fomel,mechanism_author_Fomel,相关,
10.3997/2214-4609.201413416,Double Sparsity Dictionary for Seismic Noise Attenuation,2015,Proceedings,crossref,seismic denoising Fomel,mechanism_author_Fomel,相关,
10.3997/2214-4609.2025101166,Statistical Analysis of Seismic Phase Variability in Dense Data,2025,86th EAGE Annual Conference &amp; Exhibition,crossref,seismic denoising Fomel,mechanism_author_Fomel,待定,
10.1190/geo2013-0221.1,Seismic data decomposition into spectral components using regularized nonstationary autoregression,2013,Geophysics,crossref,seismic denoising Fomel,mechanism_author_Fomel,相关,
10.1190/1.2714047,Velocity-independent time-domain seismic imaging using local event slopes,2007,Geophysics,crossref,seismic denoising Fomel,mechanism_author_Fomel,待定,
10.1190/1.2338824,Time-shift imaging condition in seismic migration,2006,Geophysics,crossref,seismic denoising Fomel,mechanism_author_Fomel,待定,
10.1190/geo2017-0233.1,Plane-wave Sobel attribute for discontinuity enhancement in seismic images,2017,Geophysics,crossref,seismic denoising Fomel,mechanism_author_Fomel,待定,
10.2172/896464,Elastic-Wavefield Seismic Stratigraphy:  A New Seismic Imaging Technology,2006,,crossref,seismic denoising Fomel,mechanism_author_Fomel,待定,
10.1190/1.2369741,Local seismic attributes,2006,International Meeting for Applied Geoscience &amp; Energy,crossref,seismic denoising Fomel,mechanism_author_Fomel,待定,
10.1190/1.1567243,Seismic reflection data interpolation with differential offset and shot continuation,2003,Geophysics,crossref,seismic denoising Fomel,mechanism_author_Fomel,待定,
10.3997/2214-4609-pdb.26.o4-01,Riemannian Wavefield Extrapolation of Seismic Data,2005,4th Congress of the Balkan Geophysical Society,crossref,seismic denoising Fomel,mechanism_author_Fomel,待定,
10.1190/int-2013-0080.1,Local skewness attribute as a seismic phase detector,2014,Interpretation,crossref,seismic denoising Fomel,mechanism_author_Fomel,待定,
10.1190/geo2017-0238.1,Matching and merging high-resolution and legacy seismic images,2018,Geophysics,crossref,seismic denoising Fomel,mechanism_author_Fomel,待定,
10.1190/geo2010-0231.1,Seismic data interpolation beyond aliasing using regularized nonstationary autoregression,2011,Geophysics,crossref,seismic denoising Fomel,mechanism_author_Fomel,待定,
10.1190/1.3522821,Seismic data sampling and wavefield representation — Introduction,2010,Geophysics,crossref,seismic denoising Fomel,mechanism_author_Fomel,待定,
10.1190/geo2012-0017.1,Separation and imaging of seismic diffractions using migrated dip-angle gathers,2012,Geophysics,crossref,seismic denoising Fomel,mechanism_author_Fomel,相关,
10.15530/urtec-2017-2695232,Unconventional Reservoir Characterization Using Azimuthal Seismic Diffraction Imaging,2017,Proceedings of the 5th Unconventional Resources Technology Conference,crossref,seismic denoising Fomel,mechanism_author_Fomel,待定,
10.1190/int-2013-0130.1,Automatic approaches for seismic to well tying,2014,Interpretation,crossref,seismic denoising Fomel,mechanism_author_Fomel,待定,
10.1190/1.3085643,Stacking seismic data using local correlation,2009,Geophysics,crossref,seismic denoising Fomel,mechanism_author_Fomel,待定,
10.2110/sepmcsp.10.087,3-D Forward Seismic Model of an Outcrop-Based Geocellular Model,2011,Outcrops Revitalized,crossref,seismic denoising Fomel,mechanism_author_Fomel,待定,
10.1190/1.2967501,Time-to-depth conversion and seismic velocity estimation using time-migration velocity,2008,Geophysics,crossref,seismic denoising Fomel,mechanism_author_Fomel,待定,
10.1190/geo2013-0290.1,Lowrank seismic-wave extrapolation on a staggered grid,2014,Geophysics,crossref,seismic denoising Fomel,mechanism_author_Fomel,待定,
10.1016/j.jappgeo.2013.11.010,Structural uncertainty of time-migrated seismic images,2014,Journal of Applied Geophysics,crossref,seismic denoising Fomel,mechanism_author_Fomel,待定,
10.1190/geo2010-0185.1,Time-frequency analysis of seismic data using local attributes,2011,Geophysics,crossref,seismic denoising Fomel,mechanism_author_Fomel,待定,
10.2113/2021/6650633,A Probabilistic Approach to Seismic Diffraction Imaging,2021,Lithosphere,crossref,seismic denoising Fomel,mechanism_author_Fomel,待定,
10.1190/1.2781533,Poststack velocity analysis by separation and imaging of seismic diffractions,2007,Geophysics,crossref,seismic denoising Fomel,mechanism_author_Fomel,相关,
10.1190/1.2335609,Regularizing seismic inverse problems by model reparameterization using plane-wave construction,2006,Geophysics,crossref,seismic denoising Fomel,mechanism_author_Fomel,待定,
10.2113/rgg.1994.35.5.100,METHOD OF VELOCITY CONTINUATION IN THE PROBLEM OF TEMPORAL SEISMIC MIGRATION,1994,Russian Geology and Geophysics,crossref,seismic denoising Fomel,mechanism_author_Fomel,待定,
10.1190/1.3485762,Nonstationary phase estimation: A tool for seismic interpretation?,2010,The Leading Edge,crossref,seismic denoising Fomel,mechanism_author_Fomel,待定,
10.1109/tgrs.2021.3132257,Simultaneous reconstruction and denoising of extremely sparse 5D seismic data by a simple and effective method,2021,IEEE Transactions on Geoscience and Remote Sensing,semantic_scholar,seismic denoising Fomel,mechanism_author_Fomel,相关,
10.1190/geo2022-0460.1,Denoising distributed acoustic sensing (DAS) data using unsupervised deep learning,2023,Geophysics,semantic_scholar,seismic denoising Fomel,mechanism_author_Fomel,相关,
10.1190/geo2022-0138.1,Denoising of distributed acoustic sensing (DAS) data using supervised deep learning,2022,Geophysics,semantic_scholar,seismic denoising Fomel,mechanism_author_Fomel,相关,
10.1190/geo2022-0724.1,SLKNet: An Attention-based Deep Learning Framework for Downhole Distributed Acoustic Sensing Data Denoising,2023,Geophysics,semantic_scholar,seismic denoising Fomel,mechanism_author_Fomel,相关,
10.1109/TGRS.2024.3386590,Interpretable Unsupervised Learning Framework for Multidimensional Erratic and Random Noise Attenuation,2024,IEEE Transactions on Geoscience and Remote Sensing,semantic_scholar,seismic denoising Fomel,mechanism_author_Fomel,相关,
10.1190/geo2023-0020.1,Enhancing earthquake detection from distributed acoustic sensing data by coherency measure and moving-rank-reduction filtering,2023,Geophysics,semantic_scholar,seismic denoising Fomel,mechanism_author_Fomel,不相关,
10.1111/1365-2478.13208,Robust local slope estimation by deep learning,2022,Geophysical Prospecting,semantic_scholar,seismic denoising Fomel,mechanism_author_Fomel,不相关,
10.3390/rs17061061,Ground-Truth-Free 3D Seismic Denoising Based on Diffusion Models: Achieving Effective Constraints Through Embedded Self-Supervised Noise Modeling,2025,Remote Sensing,semantic_scholar,seismic denoising Fomel,mechanism_author_Fomel,相关,
10.1109/TGRS.2025.3539279,Unsupervised Seismic Data Denoising Using Diffusion Denoising Model,2025,IEEE Transactions on Geoscience and Remote Sensing,semantic_scholar,seismic denoising Fomel,mechanism_author_Fomel,相关,
,Noise is All You Need: rethinking the value of noise on seismic denoising via diffusion models,2025,,semantic_scholar,seismic denoising Fomel,mechanism_author_Fomel,相关,no-doi
10.1029/2024jh000179,Cold Diffusion Model for Seismic Denoising,2024,Journal of Geophysical Research,semantic_scholar,seismic denoising Fomel,mechanism_author_Fomel,相关,
10.1109/LGRS.2024.3358234,Swin Transformer for Seismic Denoising,2024,IEEE Geoscience and Remote Sensing Letters,semantic_scholar,seismic denoising Fomel,mechanism_author_Fomel,相关,
10.3390/app15042083,Research on Seismic Signal Denoising Model Based on DnCNN Network,2025,Applied Sciences,semantic_scholar,seismic denoising Fomel,mechanism_author_Fomel,相关,
10.1109/LGRS.2025.3529463,Tensor Decomposition Dictionary Learning With Low-Rank Regularization for Seismic Data Denoising,2025,IEEE Geoscience and Remote Sensing Letters,semantic_scholar,seismic denoising Fomel,mechanism_author_Fomel,相关,
10.1190/geo2024-0723.1,Local quantum filtering and denoising of seismic data,2025,Geophysics,semantic_scholar,seismic denoising Fomel,mechanism_author_Fomel,相关,
10.1109/LGRS.2024.3490583,Simultaneous Sparse and Low-Rank Regularization for Seismic Data Denoising,2025,IEEE Geoscience and Remote Sensing Letters,semantic_scholar,seismic denoising Fomel,mechanism_author_Fomel,相关,
10.3389/feart.2023.1285622,Compressed sensing with log-sum heuristic recover for seismic denoising,2024,Frontiers in Earth Science,semantic_scholar,seismic denoising Fomel,mechanism_author_Fomel,相关,
10.1109/ACCESS.2025.3560294,"Can Knowledge Distillation Enable Seismic Interpolation, Super-Resolution, and Denoising Simultaneously?",2025,IEEE Access,semantic_scholar,seismic denoising Fomel,mechanism_author_Fomel,相关,
10.1109/TGRS.2024.3368282,Self-Supervised Pretraining Transformer for Seismic Data Denoising,2024,IEEE Transactions on Geoscience and Remote Sensing,semantic_scholar,seismic denoising Fomel,mechanism_author_Fomel,相关,
10.1016/j.aiig.2025.100123,Self-supervised multi-stage deep learning network for seismic data denoising,2025,Artificial Intelligence in Geosciences,semantic_scholar,seismic denoising Fomel,mechanism_author_Fomel,相关,
10.1109/TGRS.2024.3381193,Conditional Denoising Diffusion Probabilistic Model for Seismic Diffraction Separation and Imaging,2024,IEEE Transactions on Geoscience and Remote Sensing,semantic_scholar,seismic denoising Fomel,mechanism_author_Fomel,相关,
10.1109/TGRS.2023.3329303,Deep Nonlocal Regularizer: A Self-Supervised Learning Method for 3-D Seismic Denoising,2023,IEEE Transactions on Geoscience and Remote Sensing,semantic_scholar,seismic denoising Fomel,mechanism_author_Fomel,相关,
10.1190/geo2023-0762.1,Robust Seismic data denoising via self-supervised deep learning,2024,Geophysics,semantic_scholar,seismic denoising Fomel,mechanism_author_Fomel,相关,
10.3390/rs16020305,Self-Attention Generative Adversarial Network Interpolating and Denoising Seismic Signals Simultaneously,2024,Remote Sensing,semantic_scholar,seismic denoising Fomel,mechanism_author_Fomel,相关,
10.1111/1365-2478.13480,Explainable artificial intelligence‐driven mask design for self‐supervised seismic denoising,2023,Geophysical Prospecting,semantic_scholar,seismic denoising Fomel,mechanism_author_Fomel,相关,
10.1109/TGRS.2024.3357729,Fast Dictionary Learning Based on Data-Driven Tight Frame for 3-D Seismic Data Denoising,2024,IEEE Transactions on Geoscience and Remote Sensing,semantic_scholar,seismic denoising Fomel,mechanism_author_Fomel,相关,
10.1002/cjg2.304,An Algorithm Study on The Seismic Coherence Cube Using Wavelet Transform,2002,Chinese Journal of Geophysics,openalex_backward,(citation snowball),snowball,待定,
10.1190/1.9781560803508,High-resolution Seismic Exploration,2017,Society of Exploration Geophysicists eBooks,openalex_backward,(citation snowball),snowball,待定,
10.1111/1365-2478.12172,Seeing coal‐seam top ahead of the drill bit through seismic‐while‐drilling,2014,Geophysical Prospecting,openalex_backward,(citation snowball),snowball,待定,
10.2113/jeeg18.3.169,Seismic While Drilling (SWD) with a Rotary Percussive Sounding System (RPSS),2013,Journal of Environmental and Engineering Geophysics,openalex_backward,(citation snowball),snowball,待定,
10.3997/2214-4609.201407779,SWD Surface and Downhole Pilot Recording to Improve PDC Bit Signals,1999,61st EAGE Conference and Exhibition,openalex_backward,(citation snowball),snowball,不相关,
10.1016/s1365-1609(03)00081-9,Identification of subsurface structures using the seismic-while-drilling technique,2003,International Journal of Rock Mechanics and Mining Sciences,openalex_backward,(citation snowball),snowball,待定,
10.1190/1.1443079,The use of drill-bit energy as a downhole seismic source,1991,Geophysics,openalex_backward,(citation snowball),snowball,待定,
10.1071/eg04255,Seismic While Drilling: Basic Experiments Using a Percussion Drill as an Energy Source,2004,Exploration Geophysics,openalex_backward,(citation snowball),snowball,待定,
10.1190/1.1443199,Radiation pattern and seismic waves generated by a working roller-cone drill bit,1992,Geophysics,openalex_backward,(citation snowball),snowball,待定,
10.2118/19571-pa,Bit Whirl—A New Theory of PDC Bit Failure,1990,SPE Drilling Engineering,openalex_backward,(citation snowball),snowball,不相关,
10.1190/1.1897038,"Energy balance of a drill-bit seismic source, part 1: Rotary energy and radiation properties",2005,Geophysics,openalex_backward,(citation snowball),snowball,待定,
10.2516/ogst:2004027,"Seismic While Drilling (Swd) Techniques with Downhole Measurements, Introduced by Ifp and Its Partners in 1990-2000",2004,Oil & Gas Science and Technology – Revue d’IFP Energies nouvelles,openalex_backward,(citation snowball),snowball,待定,
10.3390/pr14182921,High-Density Seismic Signal Processing Methods for the Gongshanmiao 3D Oil Survey of the Lianggaoshan Formation in the Sichuan Basin: A Case Study,2026,Processes,openalex_forward,(citation snowball),snowball,待定,
10.1126/science.1164146,Lunar Global Shape and Polar Topography Derived from Kaguya-LALT Laser Altimetry,2009,Science,openalex_backward,(citation snowball),snowball,不相关,
10.1029/2011je004042,Investigation of scattering in lunar seismic coda,2012,Journal of Geophysical Research Atmospheres,openalex_backward,(citation snowball),snowball,待定,
10.1029/91jb03094,"A comparative study of scattering, intrinsic, and coda Q−1 for Hawaii, Long Valley, and central California between 1.5 and 15.0 Hz",1992,Journal of Geophysical Research Atmospheres,openalex_backward,(citation snowball),snowball,不相关,
10.1029/94gl00977,Frequency dependent crustal scattering and absorption at 5–160 Hz from coda decay observed at 2.5 km Depth,1994,Geophysical Research Letters,openalex_backward,(citation snowball),snowball,不相关,
10.1029/94jb01468,Separation of intrinsic and scattering attenuation in southern California using TERRAscope data,1994,Journal of Geophysical Research Atmospheres,openalex_backward,(citation snowball),snowball,不相关,
10.1111/j.1365-246x.2004.02307.x,Spatial variation of coda wave attenuation in northwestern Colombia,2004,Geophysical Journal International,openalex_backward,(citation snowball),snowball,不相关,
10.1007/bf00879499,Scattering and anelastic attenuation of seismic energy in northern Greece,1994,Pure and Applied Geophysics,openalex_backward,(citation snowball),snowball,相关,
10.1029/jb087ib06p04855,Seismic Q of the lunar upper mantle,1982,Journal of Geophysical Research Atmospheres,openalex_backward,(citation snowball),snowball,待定,
10.1029/2003gl018413,Estimation of S‐wave scattering coefficient in the mantle from envelope characteristics before and after the ScS arrival,2003,Geophysical Research Letters,openalex_backward,(citation snowball),snowball,不相关,
10.1029/98jb01757,Seismic attenuation above 10 Hz in southern California from coda waves recorded in the Cajon Pass borehole,1998,Journal of Geophysical Research Atmospheres,openalex_backward,(citation snowball),snowball,相关,
10.1190/1.1441379,Quantifying resolving power of seismic systems,1982,Geophysics,openalex_backward,(citation snowball),snowball,待定,
10.1029/89eo00156,"How good are our best models? Jackknifing, bootstrapping, and earthquake depth",1989,Eos,openalex_backward,(citation snowball),snowball,不相关,
10.1190/1.1440469,Resolution comparison of minimum-phase and zero-phase signals,1974,Geophysics,openalex_backward,(citation snowball),snowball,不相关,
10.1017/cbo9781139168359,Exploration Seismology,1995,Cambridge University Press eBooks,openalex_backward,(citation snowball),snowball,待定,
10.1190/int-2018-0086.1,3D vertical seismic profile acquired with distributed acoustic sensing on tubing installation: A case study from the CO2CRC Otway Project,2018,Interpretation,openalex_backward,(citation snowball),snowball,待定,
10.1785/0220190112,Distributed Acoustic Sensing Turns Fiber‐Optic Cables into Sensitive Seismic Antennas,2019,Seismological Research Letters,openalex_backward,(citation snowball),snowball,待定,
10.1002/9781119521808,Distributed Acoustic Sensing in Geophysics,2021,Geophysical monograph,openalex_backward,(citation snowball),snowball,待定,
10.17073/2500-0632-2022-06-10,Amplitude-frequency response of a helically-wound fiber distributed acoustic sensor (DAS),2023,Gornye nauki i tekhnologii = Mining Science and Technology (Russia),openalex_backward,(citation snowball),snowball,不相关,
10.1134/s0020441223050196,Possibilities and Prospects for the Use of Distributed Fiber Sensors in Geophysics,2023,Instruments and Experimental Techniques,openalex_backward,(citation snowball),snowball,待定,
10.1111/1365-2478.12158,"Review Paper: An outlook on the future of seismic imaging, Part III: Joint Migration Inversion",2014,Geophysical Prospecting,openalex_backward,(citation snowball),snowball,相关,
10.1111/1365-2478.12154,"Review Paper: An outlook on the future of seismic imaging, Part II: Full‐Wavefield Migration",2014,Geophysical Prospecting,openalex_backward,(citation snowball),snowball,待定,
10.1190/geo2015-0287.1,Closed-loop surface-related multiple elimination and its application to simultaneous data reconstruction,2015,Geophysics,openalex_backward,(citation snowball),snowball,待定,
10.1007/978-3-319-24574-4_28,U-Net: Convolutional Networks for Biomedical Image Segmentation,2015,Lecture notes in computer science,openalex_backward,(citation snowball),snowball,不相关,
10.1190/1.1443330,Adaptive surface-related multiple elimination,1992,Geophysics,openalex_backward,(citation snowball),snowball,待定,
10.1190/1.1444261,"Estimation of multiple scattering by iterative inversion; Part 1, Theoretical considerations",1997,Geophysics,openalex_backward,(citation snowball),snowball,相关,
10.1190/1.1444262,"Estimation of multiple scattering by iterative inversion; Part II, Practical aspects and examples",1997,Geophysics,openalex_backward,(citation snowball),snowball,相关,
10.1190/1.1822691,Inverse scattering series for multiple attenuation: An example with surface and internal multiples,1994,,openalex_backward,(citation snowball),snowball,相关,
10.1190/1.1444771,Surface-related multiple elimination on land seismic data—Strategies via case studies,2000,Geophysics,openalex_backward,(citation snowball),snowball,待定,
10.1016/j.jappgeo.2026.106376,Free surface multiple suppression based on improved Uformer network,2026,Journal of Applied Geophysics,openalex_forward,(citation snowball),snowball,相关,
10.1111/1365-2478.12114,Time‐lapse pre‐stack seismic data registration and inversion for CO2 sequestration study at Cranfield,2014,Geophysical Prospecting,openalex_backward,(citation snowball),snowball,相关,
10.1037/1082-989x.2.3.292,On the meaning and use of kurtosis.,1997,Psychological Methods,openalex_backward,(citation snowball),snowball,不相关,
10.1190/1.3184015,A method for estimating apparent displacement vectors from time-lapse seismic images,2009,Geophysics,openalex_backward,(citation snowball),snowball,待定,
10.1190/1.2433716,Shaping regularization in geophysical-estimation problems,2007,Geophysics,openalex_backward,(citation snowball),snowball,待定,
10.1190/1.3054136,Time-lapse image registration using the local similarity attribute,2009,Geophysics,openalex_backward,(citation snowball),snowball,不相关,
10.1190/segam2016-13773139.1,Seismic time-lapse image registration using amplitude-adjusted plane-wave destruction,2016,,openalex_backward,(citation snowball),snowball,待定,
10.1190/geo2018-0646.1,FaultSeg3D: Using synthetic data sets to train an end-to-end convolutional neural network for 3D seismic fault segmentation,2019,Geophysics,openalex_backward,(citation snowball),snowball,相关,
10.1190/geo2020-0459.1,Time-lapse image registration by high-resolution time-shift scan,2021,Geophysics,openalex_backward,(citation snowball),snowball,不相关,
10.1190/geo2021-0717.1,Reservoir multiparameter prediction method based on deep learning for CO2 geologic storage,2022,Geophysics,openalex_backward,(citation snowball),snowball,相关,
10.1016/0004-3702(81)90024-2,Determining optical flow,1981,Artificial Intelligence,openalex_backward,(citation snowball),snowball,不相关,
10.1190/1.1497316,"Seismic repeatability, normalized rms, and predictability",2002,The Leading Edge,openalex_backward,(citation snowball),snowball,待定,
10.1016/j.egypro.2011.02.274,"Monitoring a large volume CO2 injection: Year two results from SECARB project at Denbury’s Cranfield, Mississippi, USA",2011,Energy Procedia,openalex_backward,(citation snowball),snowball,不相关,
10.1190/1.2149624,Rocks under strain: Strain-induced time-lapse time shifts are observed for depleting reservoirs,2005,The Leading Edge,openalex_backward,(citation snowball),snowball,待定,
10.1023/b:visi.0000011205.11775.fd,Lucas-Kanade 20 Years On: A Unifying Framework,2004,International Journal of Computer Vision,openalex_backward,(citation snowball),snowball,不相关,
10.7122/151504-ms,Subsurface Monitoring of Large-Scale CO2 Injection at SECARBC's Phase III Cranfield Site,2012,Carbon Management Technology Conference,openalex_backward,(citation snowball),snowball,待定,
10.1016/j.jappgeo.2015.04.011,Statistical properties of the random noise in seismic data,2015,Journal of Applied Geophysics,openalex_backward,(citation snowball),snowball,相关,
10.1190/1.1437051,The Marmousi experience: Velocity model determination on a synthetic complex data set,1994,The Leading Edge,openalex_backward,(citation snowball),snowball,待定,
10.1016/j.physa.2011.04.009,Seismic denoising using curvelet analysis,2011,Physica A Statistical Mechanics and its Applications,openalex_backward,(citation snowball),snowball,相关,
10.1190/1.1444670,Signal and noise separation; art and science,1999,Geophysics,openalex_backward,(citation snowball),snowball,不相关,
10.1190/geo2013-0080.1,Random noise attenuation by f-x empirical-mode decomposition predictive filtering,2014,Geophysics,openalex_backward,(citation snowball),snowball,相关,
10.1073/pnas.0803205106,CUR matrix decompositions for improved data analysis,2009,Proceedings of the National Academy of Sciences,openalex_backward,(citation snowball),snowball,不相关,
10.1190/1.1581036,"Processing, inversion, and interpretation of a 2D seismic data set from the North Viking Graben, North Sea",2003,Geophysics,openalex_backward,(citation snowball),snowball,相关,
10.1190/1.1443014,Spatial prediction filtering in the t-x and f-x domains,1991,Geophysics,openalex_backward,(citation snowball),snowball,不相关,
10.1190/geo2015-0341.1,Sparse time-frequency representation for seismic noise reduction using low-rank and sparse decomposition,2016,Geophysics,openalex_backward,(citation snowball),snowball,相关,
10.1093/gji/ggw203,Analysis and models of pre-injection surface seismic array noise recorded at the Aquistore carbon storage site,2016,Geophysical Journal International,openalex_backward,(citation snowball),snowball,相关,
10.1111/j.1365-246x.1988.tb00475.x,Maximum Kurtosis Phase Correction,1988,Geophysical Journal International,openalex_backward,(citation snowball),snowball,不相关,
10.1007/b98858,Local Regression and Likelihood,1999,Statisctics and computing/Statistics and computing,openalex_backward,(citation snowball),snowball,不相关,
10.1190/1.1442240,Automatic phase correction of common-midpoint stacked data,1987,Geophysics,openalex_backward,(citation snowball),snowball,待定,
10.3997/2214-4609.201408619,Analyzing and zerophazing seismic data using the wavelet transform,1996,Proceedings,openalex_backward,(citation snowball),snowball,待定,
10.1190/1.2831936,Time-varying wavelet estimation and deconvolution by kurtosis maximization,2008,Geophysics,openalex_backward,(citation snowball),snowball,待定,
10.1190/1.3213533,Nonstationary phase estimation using regularized local kurtosis maximization,2009,Geophysics,openalex_backward,(citation snowball),snowball,不相关,
10.1007/s00024-015-1222-7,Current Challenges in Statistical Seismology,2016,Pure and Applied Geophysics,openalex_backward,(citation snowball),snowball,待定,
10.1007/s00024-016-1238-7,Source Wavelet Phase Extraction,2016,Pure and Applied Geophysics,openalex_backward,(citation snowball),snowball,待定,
10.1088/1742-2140/aa6ddf,Enhancement of temporal resolution using improved time-variant spectral whitening,2017,Journal of Geophysics and Engineering,openalex_forward,(citation snowball),snowball,不相关,
10.1088/1742-2140/aa8710,Stochastic Gabor reflectivity and acoustic impedance inversion,2017,Journal of Geophysics and Engineering,openalex_forward,(citation snowball),snowball,相关,
10.1016/j.still.2026.107160,Mapping mollic epipedon thickness via ground-penetrating radar based on the combined method of Variational Mode Decomposition and Average Envelope Amplitude,2026,Soil and Tillage Research,openalex_forward,(citation snowball),snowball,不相关,
10.12677/csa.2026.168277,Joint Entropy-Driven Improved Sparrow Search Optimized VMD for DAS Signal Denoising,2026,Computer Science and Application,openalex_forward,(citation snowball),snowball,相关,
10.1190/1.2954024,Microseismic imaging of a geothermal reservoir stimulation,2008,The Leading Edge,openalex_backward,(citation snowball),snowball,待定,
10.1016/j.jappgeo.2013.03.007,Noncausal f–x–y regularized nonstationary prediction filtering for random noise attenuation on 3D seismic data,2013,Journal of Applied Geophysics,openalex_backward,(citation snowball),snowball,相关,
10.1190/1.3380591,Seislet transform and seislet frame,2010,Geophysics,openalex_backward,(citation snowball),snowball,不相关,
10.2118/118537-jpt,Microseismic Monitoring: Inside and Out,2009,Journal of Petroleum Technology,openalex_backward,(citation snowball),snowball,待定,
10.1109/lsp.2013.2258912,Dictionary Training for Sparse Representation as Generalization of K-Means Clustering,2013,IEEE Signal Processing Letters,openalex_backward,(citation snowball),snowball,不相关,
10.1007/s00603-015-0733-y,"Discrimination of Mine Seismic Events and Blasts Using the Fisher Classifier, Naive Bayesian Classifier and Logistic Regression",2015,Rock Mechanics and Rock Engineering,openalex_backward,(citation snowball),snowball,待定,
10.1016/j.epsl.2011.02.048,Linking microseismic event observations with geomechanical models to minimise the risks of storing CO2 in geological formations,2011,Earth and Planetary Science Letters,openalex_backward,(citation snowball),snowball,待定,
10.1137/05064182x,Fast Discrete Curvelet Transforms,2006,Multiscale Modeling and Simulation,openalex_backward,(citation snowball),snowball,不相关,
10.1109/tit.2007.909108,Signal Recovery From Random Measurements Via Orthogonal Matching Pursuit,2007,IEEE Transactions on Information Theory,openalex_backward,(citation snowball),snowball,不相关,
10.1190/geo2011-0117.1,Random noise attenuation using f-x regularized nonstationary autoregression,2012,Geophysics,openalex_backward,(citation snowball),snowball,相关,
10.1186/s40623-024-02081-w,An adaptive parameter-free seismic data denoising approach by combining general cross-validation thresholding and pixel connectivity in synchrosqueezed domain,2024,Earth Planets and Space,openalex_forward,(citation snowball),snowball,相关,
10.38124/ijisrt/ijisrt24jun2025,Seismic Magnitude Forecasting through Machine Learning Paradigms: A Confluence of Predictive Models,2024,International Journal of Innovative Science and Research Technology (IJISRT),openalex_forward,(citation snowball),snowball,待定,
10.1109/tgrs.2025.3557328,Velocity Model Calibration Based on Distributed Acoustic Sensing Perforation Data,2025,IEEE Transactions on Geoscience and Remote Sensing,openalex_forward,(citation snowball),snowball,待定,
10.1093/gji/ggaf429,Enhancing machine learning based seismic inversion with noise-augmented training datasets,2025,Geophysical Journal International,openalex_forward,(citation snowball),snowball,相关,
10.1088/1742-6596/2895/1/012003,Advancing Offshore Wind Farm Site Assessments in Guangxi using Single-Channel Seismic Method,2024,Journal of Physics Conference Series,openalex_forward,(citation snowball),snowball,待定,
10.1785/0120240220,Mathematical Morphological Filtering with a Self-Adaptive Reconstruction Technique and Application to Local Seismic Data,2025,Bulletin of the Seismological Society of America,openalex_forward,(citation snowball),snowball,相关,
10.1007/s12145-026-02154-2,Prior-Driven unsupervised lightweight learning method for seismic signal denoising,2026,Earth Science Informatics,openalex_forward,(citation snowball),snowball,相关,
10.1109/access.2026.3731563,SDANet: A Stochastic Depth Attention Network for Unsupervised Seismic Denoising,2026,IEEE Access,openalex_forward,(citation snowball),snowball,相关,
10.1016/j.jrmge.2024.08.007,Enhancing subsurface seismic profiling with distributed acoustic sensing and optimization algorithms,2024,Journal of Rock Mechanics and Geotechnical Engineering,openalex_forward,(citation snowball),snowball,待定,
10.1109/tgrs.2019.2926772,Seismic Signal Denoising and Decomposition Using Deep Neural Networks,2019,IEEE Transactions on Geoscience and Remote Sensing,openalex_forward,(citation snowball),snowball,相关,
10.1093/gji/ggw492,Fast dictionary learning for noise attenuation of multidimensional seismic data,2017,Geophysical Journal International,openalex_forward,(citation snowball),snowball,相关,
10.14419/ijet.v7i2.16.11637,Image Denoising Using Discrete Wavelet Transform : A Theoretical Framework,2018,International Journal of Engineering & Technology,openalex_forward,(citation snowball),snowball,相关,
10.1111/j.1365-2478.2012.01062.x,Seismic data analysis using local time‐frequency decomposition,2012,Geophysical Prospecting,openalex_backward,(citation snowball),snowball,相关,
10.1007/978-94-009-1740-8,Regularization of Inverse Problems,1996,,openalex_backward,(citation snowball),snowball,不相关,
10.1190/1.9781560802648,Modern Spectral Analysis with Geophysical Applications,1995,Society of Exploration Geophysicists eBooks,openalex_backward,(citation snowball),snowball,待定,
10.1190/1.1820932,Empirical mode decomposition based time-frequency attributes,1999,,openalex_backward,(citation snowball),snowball,不相关,
10.1190/1.1820095,Using of the proni transform in processing of Chinese seismic data,1998,,openalex_backward,(citation snowball),snowball,待定,
10.1098/rspa.1998.0193,The empirical mode decomposition and the Hilbert spectrum for nonlinear and non-stationary time series analysis,1998,Proceedings of the Royal Society A Mathematical Physical and Engineering Sciences,openalex_backward,(citation snowball),snowball,不相关,
10.1190/geo2015-0489.1,Applications of variational mode decomposition in seismic time-frequency analysis,2016,Geophysics,openalex_forward,(citation snowball),snowball,相关,
10.1190/geo2013-0204.1,Applications of the synchrosqueezing transform in seismic time-frequency analysis,2014,Geophysics,openalex_forward,(citation snowball),snowball,待定,
10.1093/gji/ggaa186,Automatic microseismic event picking via unsupervised machine learning,2020,Geophysical Journal International,openalex_forward,(citation snowball),snowball,待定,
10.1109/tgrs.2017.2698342,Empirical Low-Rank Approximation for Seismic Noise Attenuation,2017,IEEE Transactions on Geoscience and Remote Sensing,openalex_forward,(citation snowball),snowball,相关,
10.1093/gji/ggx420,Automatic microseismic event picking via unsupervised machine learning,2017,Geophysical Journal International,openalex_forward,(citation snowball),snowball,待定,
10.1190/geo2015-0566.1,A simple method inspired by empirical mode decomposition for denoising seismic data,2016,Geophysics,openalex_forward,(citation snowball),snowball,相关,
10.1016/j.aiig.2021.11.001,The potential of self-supervised networks for random noise suppression in seismic data,2021,Artificial Intelligence in Geosciences,openalex_forward,(citation snowball),snowball,相关,
10.1111/1365-2478.12057,2D common‐offset traveltime based diffraction enhancement and imaging,2013,Geophysical Prospecting,openalex_backward,(citation snowball),snowball,待定,
10.1007/978-1-4613-0001-4,"Mathematics of Multidimensional Seismic Imaging, Migration, and Inversion",2001,Interdisciplinary applied mathematics,openalex_backward,(citation snowball),snowball,相关,
10.1190/1.9781560802082,Comparison of Seismic Inversion Methods on a Single Real Data Set,1998,Society of Exploration Geophysicists eBooks,openalex_backward,(citation snowball),snowball,相关,
10.1190/1.2370017,Separation and imaging of seismic diffractions using plane-wave decomposition,2006,,openalex_backward,(citation snowball),snowball,相关,
10.1190/1.1438694,New directions in fracture characterization,2000,The Leading Edge,openalex_backward,(citation snowball),snowball,不相关,
10.1111/j.1365-2478.2007.00718.x,Diffraction imaging in depth,2008,Geophysical Prospecting,openalex_backward,(citation snowball),snowball,待定,
10.1071/eg984263d,Signal/noise separation and velocity estimation,1984,Exploration Geophysics,openalex_backward,(citation snowball),snowball,不相关,
10.1190/1.1441600,Signal/noise separation and velocity estimation,1984,Geophysics,openalex_backward,(citation snowball),snowball,不相关,
10.1306/08121413151,Natural Fractures in shale: A review and new observations,2014,AAPG Bulletin,openalex_forward,(citation snowball),snowball,不相关,
10.1190/geo2018-0368.1,Coherent wavefield subtraction for diffraction separation,2019,Geophysics,openalex_forward,(citation snowball),snowball,相关,
10.1144/sp406.18,Fundamental controls on fluid flow in carbonates: current workflows to emerging technologies,2014,Geological Society London Special Publications,openalex_forward,(citation snowball),snowball,不相关,
10.1190/geo2013-0016.1,Diffraction imaging using shot and opening-angle gathers: A prestack time migration approach,2014,Geophysics,openalex_forward,(citation snowball),snowball,待定,
10.1093/gji/ggx291,Accessing the diffracted wavefield by coherent subtraction,2017,Geophysical Journal International,openalex_forward,(citation snowball),snowball,待定,
10.1190/geo2016-0141.1,Diffraction imaging and time-migration velocity analysis using oriented velocity continuation,2017,Geophysics,openalex_forward,(citation snowball),snowball,待定,
10.1111/1365-2478.12280,Poststack diffraction imaging using reverse-time migration,2015,Geophysical Prospecting,openalex_forward,(citation snowball),snowball,待定,
10.1190/geo2015-0692.1,Diffraction imaging method by Mahalanobis-based amplitude damping,2016,Geophysics,openalex_forward,(citation snowball),snowball,待定,
10.1093/gji/ggy529,Passive seismic imaging of subwavelength natural fractures: theory and 2-D synthetic and ultrasonic data tests,2018,Geophysical Journal International,openalex_forward,(citation snowball),snowball,待定,
10.1111/1365-2478.12889,Detection of point scatterers using diffraction imaging and deep learning,2019,Geophysical Prospecting,openalex_forward,(citation snowball),snowball,相关,
10.1190/1.1826626,Revealing geological discontinuities by plane reflector suppression,1996,,openalex_backward,(citation snowball),snowball,不相关,
10.1190/1.1443082,Velocity inversion by differential semblance optimization,1991,Geophysics,openalex_backward,(citation snowball),snowball,不相关,
10.1190/1.1437077,3-D seismic discontinuity for faults and stratigraphic features: The coherence cube,1995,The Leading Edge,openalex_backward,(citation snowball),snowball,待定,
10.1016/0016-7142(78)90005-4,Minimum entropy deconvolution,1978,Geoexploration,openalex_backward,(citation snowball),snowball,待定,
10.1190/geo2010-0229.1,Common-reflection-surface-based workflow for diffraction imaging,2011,Geophysics,openalex_forward,(citation snowball),snowball,待定,
10.1190/1.3511352,Full-azimuth subsurface angle domain wavefield decomposition and imaging Part I: Directional and reflection image gathers,2011,Geophysics,openalex_forward,(citation snowball),snowball,相关,
10.1190/1.3198210,Diffraction imaging by multifocusing,2009,Geophysics,openalex_forward,(citation snowball),snowball,待定,
10.1038/s41586-022-05147-5,Layered subsurface in Utopia Basin of Mars revealed by Zhurong rover radar,2022,Nature,openalex_forward,(citation snowball),snowball,待定,
10.1111/j.1365-2478.2010.00888.x,Extended imaging conditions for wave-equation migration,2010,Geophysical Prospecting,openalex_forward,(citation snowball),snowball,待定,
10.1190/1.3059318,"Separation, imaging, and velocity analysis of seismic diffractions using migrated dip-angle gathers",2008,,openalex_forward,(citation snowball),snowball,相关,
10.1111/j.1365-2478.2008.00773.x,Post‐stack velocity analysis in the dip‐angle domain using diffractions,2008,Geophysical Prospecting,openalex_forward,(citation snowball),snowball,待定,
10.1007/978-3-642-77008-1_25,Physical Meaning of the Coda Envelopes,1992,IAVCEI proceedings in volcanology,openalex_backward,(citation snowball),snowball,不相关,
10.1785/bssa0770041223,Energy-flux model of seismic coda: Separation of scattering and intrinsic attenuation,1987,Bulletin of the Seismological Society of America,openalex_backward,(citation snowball),snowball,相关,
10.3133/ofr75311,"HYPO71 (revised; a computer program for determining hypocenter, magnitude, and first motion pattern of local earthquakes",1975,Antarctica A Keystone in a Changing World,openalex_backward,(citation snowball),snowball,不相关,
10.1016/c2013-0-10906-3,Wave Propagation and Scattering in Random Media,1978,Elsevier eBooks,openalex_backward,(citation snowball),snowball,不相关,
10.1007/bf00876871,Attenuation of coda waves in northern Greece,1993,Pure and Applied Geophysics,openalex_backward,(citation snowball),snowball,不相关,
10.1007/bf00876882,Anisotropic radiation modelling of macroseismic intensities for estimation of the attenuation structure of the upper crust in Greece,1992,Pure and Applied Geophysics,openalex_backward,(citation snowball),snowball,相关,
10.1016/0031-9201(91)90064-o,Seismic albedo from the total seismic energy dependence on hypocentral distance in southern California,1991,Physics of The Earth and Planetary Interiors,openalex_backward,(citation snowball),snowball,待定,
10.1016/0040-1951(90)90155-2,Seismicity of the Aegean and surrounding area,1990,Tectonophysics,openalex_backward,(citation snowball),snowball,待定,
10.1029/91jb00192,"Mechanisms of seismic attenuation in the crust: Scattering and anelasticity in New York state, South Africa, and southern California",1991,Journal of Geophysical Research Atmospheres,openalex_backward,(citation snowball),snowball,相关,
10.1111/j.1365-246x.1985.tb05128.x,Multiple scattering and energy transfer of seismic waves -- separation of scattering effect from intrinsic attenuation -- I. Theoretical modelling,1985,Geophysical Journal International,openalex_backward,(citation snowball),snowball,相关,
10.1111/j.1365-246x.2009.04159.x,Comparison of stress-associated coda attenuation and intrinsic attenuation from ultrasonic measurements,2009,Geophysical Journal International,openalex_forward,(citation snowball),snowball,相关,
10.1785/0120010126,Source Spectral Scaling and Stress Release Estimates Using Strong-Motion Records in Greece,2002,Bulletin of the Seismological Society of America,openalex_forward,(citation snowball),snowball,不相关,
10.1111/j.1365-246x.2006.03117.x,The attenuation mechanism of seismic waves in northwestern Himalayas,2006,Geophysical Journal International,openalex_forward,(citation snowball),snowball,相关,
10.1029/2019jb018825,Coda and Intrinsic Attenuations From Ultrasonic Measurements in Tight Siltstones,2020,Journal of Geophysical Research Solid Earth,openalex_forward,(citation snowball),snowball,相关,
10.1016/s0031-9201(00)00196-5,"Scattering and anelastic attenuation of seismic energy in the vicinity of north anatolian fault zone, eastern Turkey",2000,Physics of The Earth and Planetary Interiors,openalex_forward,(citation snowball),snowball,相关,
10.1016/j.pepi.2010.03.007,Study of attenuation mechanism for Garwhal–Kumaun Himalayas from analysis of coda of local earthquakes,2010,Physics of The Earth and Planetary Interiors,openalex_forward,(citation snowball),snowball,不相关,
10.1016/s0040-1951(03)00136-7,Attenuation of shear-waves in the back-arc region of the Hellenic arc for frequencies from 0.6 to 16 Hz,2003,Tectonophysics,openalex_forward,(citation snowball),snowball,不相关,
10.1007/978-3-0348-8711-3_22,Intrinsic and Scattering Seismic Attenuation in W. Greece,1998,Birkhäuser Basel eBooks,openalex_forward,(citation snowball),snowball,相关,
10.1002/2015jb012641,Constraints on the heterogeneity spectrum of Earth's upper mantle,2016,Journal of Geophysical Research Solid Earth,openalex_forward,(citation snowball),snowball,不相关,
10.1029/gm037p0311,Implication of Attenuation for Studies of the Earthquake Source,2011,Geophysical monograph,openalex_backward,(citation snowball),snowball,不相关,
10.1785/bssa0860061845,"Large-amplitude Moho reflections ( SmS ) from Landers aftershocks, southern California",1996,Bulletin of the Seismological Society of America,openalex_backward,(citation snowball),snowball,待定,
10.1785/bssa0780020692,"High-frequency spectra observed at Anza, California: Implications forQstructure",1988,Bulletin of the Seismological Society of America,openalex_backward,(citation snowball),snowball,不相关,
10.1029/94jb02064,Estimation of nonisotropic scattering in western Japan using coda wave envelopes: Application of a multiple nonisotropic scattering model,1995,Journal of Geophysical Research Atmospheres,openalex_backward,(citation snowball),snowball,待定,
10.1029/95rg02074,Anelastic structure and evolution of the continental crust and upper mantle from seismic surface wave attenuation,1995,Reviews of Geophysics,openalex_backward,(citation snowball),snowball,相关,
10.1007/978-3-0348-9204-9_7,Rock-mass Characterization Using Intrinsic and Scattering Attenuation Estimates at Frequencies from 400 to 1600 Hz,1996,Birkhäuser Basel eBooks,openalex_backward,(citation snowball),snowball,不相关,
10.1029/2005jb003947,Attenuation models (QP and QS) in three dimensions of the southern California crust: Inferred fluid saturation at seismogenic depths,2006,Journal of Geophysical Research Atmospheres,openalex_forward,(citation snowball),snowball,不相关,
10.1029/2000jb900234,P wave attenuation structure in the fault area of the 1995 Kobe earthquake,2001,Journal of Geophysical Research Atmospheres,openalex_forward,(citation snowball),snowball,相关,
10.1785/0120020065,"A Comprehensive Study of the Observed Spectral Decay in Strong-Motion Accelerations Recorded in Guerrero, Mexico",2003,Bulletin of the Seismological Society of America,openalex_forward,(citation snowball),snowball,不相关,
10.1029/2003jb002875,Qp structure of Mount Etna: Constraints for the physics of the plumbing system,2005,Journal of Geophysical Research Atmospheres,openalex_forward,(citation snowball),snowball,不相关,
10.1111/j.1365-246x.2008.03888.x,"Geometrical attenuation, frequency dependence ofQ, and the absorption band problem",2008,Geophysical Journal International,openalex_forward,(citation snowball),snowball,不相关,
10.1029/2007jb005359,"Three‐dimensional attenuation structure of central and southern South Island, New Zealand, from local earthquakes",2008,Journal of Geophysical Research Atmospheres,openalex_forward,(citation snowball),snowball,不相关,
10.1002/2017jb014038,Crustal intrinsic and scattering attenuation of high‐frequency shear waves in the contiguous United States,2017,Journal of Geophysical Research Solid Earth,openalex_forward,(citation snowball),snowball,不相关,
10.1029/2003jb002758,"Seismic attenuation in a nonvolcanic swarm region beneath Wakayama, southwest Japan",2004,Journal of Geophysical Research Atmospheres,openalex_forward,(citation snowball),snowball,相关,
10.1029/2020gc008971,Rayleigh Wave Attenuation Tomography in the Crust of the Chinese Mainland,2020,Geochemistry Geophysics Geosystems,openalex_forward,(citation snowball),snowball,相关,
10.1016/0040-1951(85)90080-0,Seismic migration. Imaging of acoustic energy by wavefield extrapolation. A: theoretical aspects,1985,Tectonophysics,openalex_backward,(citation snowball),snowball,待定,
10.1190/1.1801945,Angle-domain common-image gathers for migration velocity analysis by wavefield-continuation imaging,2004,Geophysics,openalex_backward,(citation snowball),snowball,待定,
10.1111/j.1365-2478.2004.00447.x,Wave‐equation migration velocity analysis. I. Theory,2004,Geophysical Prospecting,openalex_backward,(citation snowball),snowball,待定,
10.1190/1.3238367,An overview of full-waveform inversion in exploration geophysics,2009,Geophysics,openalex_backward,(citation snowball),snowball,相关,
10.1190/geo2011-0148.1,"Combining full wavefield migration and full waveform inversion, a glance into the future of seismic imaging",2012,Geophysics,openalex_backward,(citation snowball),snowball,相关,
10.1190/segam2012-0275.1,Tomographic full waveform inversion (TFWI) by combining full waveform inversion with wave-equation migration velocity anaylisis,2012,,openalex_backward,(citation snowball),snowball,相关,
10.1016/j.earscirev.2018.02.008,Reverse time migration: A prospect of seismic imaging methodology,2018,Earth-Science Reviews,openalex_forward,(citation snowball),snowball,待定,
10.1190/geo2018-0085.1,Full-waveform inversion and joint migration inversion with an automatic directional total variation constraint,2018,Geophysics,openalex_forward,(citation snowball),snowball,相关,
10.1111/1365-2478.12360,Full‐wavefield migration: using surface and internal multiples in imaging,2016,Geophysical Prospecting,openalex_forward,(citation snowball),snowball,待定,
10.1190/tle34070744.1,From removing to using multiples in closed-loop imaging,2015,The Leading Edge,openalex_forward,(citation snowball),snowball,待定,
10.1002/nsg.12032,Application of ground penetrating radar to detect tunnel lining defects based on improved full waveform inversion and reverse time migration,2019,Near Surface Geophysics,openalex_forward,(citation snowball),snowball,相关,
10.3997/2214-4609.201600582,Simultaneous Time-lapse Imaging via Joint Migration and Inversion,2016,78th EAGE Conference and Exhibition 2016,openalex_forward,(citation snowball),snowball,相关,
10.1111/1365-2478.12703,Target‐level waveform inversion: a prospective application of the convolution‐type representation for the acoustic wavefield,2018,Geophysical Prospecting,openalex_forward,(citation snowball),snowball,相关,
10.1190/segam2016-13964374.1,Getting accurate time-lapse information using geology-constrained simultaneous joint migration-inversion,2016,,openalex_forward,(citation snowball),snowball,相关,
10.1190/segam2017-17778465.1,Simultaneous joint migration inversion for semicontinuous time-lapse seismic data,2017,,openalex_forward,(citation snowball),snowball,相关,
10.1190/segam2017-17782606.1,Full-wavefield estimation of angle-dependent reflectivity and migration velocity,2017,,openalex_forward,(citation snowball),snowball,待定,
10.1190/geo2013-0302.1,Marchenko imaging,2014,Geophysics,openalex_forward,(citation snowball),snowball,待定,
10.1190/geo2010-0312.1,Reverse time migration of multiples for subsalt imaging,2011,Geophysics,openalex_forward,(citation snowball),snowball,待定,
10.1190/1.3475413,A perspective on 3D surface-related multiple elimination,2010,Geophysics,openalex_forward,(citation snowball),snowball,待定,
10.1190/1.1820204,Wave equation prediction and removal of interbed multiples,1998,,openalex_forward,(citation snowball),snowball,相关,
10.1190/1.3494032,Nonequispaced curvelet transform for seismic data reconstruction: A sparsity-promoting approach,2010,Geophysics,openalex_forward,(citation snowball),snowball,待定,
10.1190/1.3521658,Seismic migration of blended shot records with surface-related multiple scattering,2011,Geophysics,openalex_forward,(citation snowball),snowball,待定,
10.1111/j.1365-246x.2007.03360.x,Non-linear primary-multiple separation with directional curvelet frames,2007,Geophysical Journal International,openalex_forward,(citation snowball),snowball,相关,
10.1190/geo2013-0156.1,Least-squares reverse time migration of multiples,2013,Geophysics,openalex_forward,(citation snowball),snowball,待定,
10.1190/1.2215359,Imaging of multiple reflections,2006,Geophysics,openalex_forward,(citation snowball),snowball,待定,
10.1190/geo2013-0307.1,Data-driven wavefield focusing and imaging with multidimensional deconvolution: Numerical examples for reflection data with internal multiples,2014,Geophysics,openalex_forward,(citation snowball),snowball,待定,
10.1111/j.1365-246x.2007.03698.x,Non-parametric seismic data recovery with curvelet frames,2008,Geophysical Journal International,openalex_forward,(citation snowball),snowball,待定,
10.1190/geo2017-0495.1,Deep-learning-based seismic data interpolation: A preliminary result,2018,Geophysics,openalex_forward,(citation snowball),snowball,待定,
10.1190/1.2799517,Curvelet-based seismic data processing: A multiscale and nonlinear approach,2007,Geophysics,openalex_forward,(citation snowball),snowball,待定,
10.1093/gji/ggv330,On Green's function retrieval by iterative substitution of the coupled Marchenko equations,2015,Geophysical Journal International,openalex_forward,(citation snowball),snowball,不相关,
10.1016/j.earscirev.2022.103963,Principles of seismic stratigraphy and seismic geomorphology I: Extracting geologic insights from seismic data,2022,Earth-Science Reviews,openalex_forward,(citation snowball),snowball,待定,
10.1190/geo2012-0097.1,Robust estimation of primaries by sparse inversion via one-norm minimization,2013,Geophysics,openalex_forward,(citation snowball),snowball,不相关,
10.1063/1.1664766,Formal Solutions of Inverse Scattering Problems,1969,Journal of Mathematical Physics,openalex_backward,(citation snowball),snowball,不相关,
10.1103/physrev.102.559,Calculation of the Scattering Potential from Reflection Coefficients,1956,Physical Review,openalex_backward,(citation snowball),snowball,待定,
10.1190/1.1440638,2-D multiple reflections,1976,Geophysics,openalex_backward,(citation snowball),snowball,待定,
10.1190/1.1889114,Examples of a nonlinear inversion method based on the T matrix of scattering theory: Application to multiple suppression,1991,,openalex_backward,(citation snowball),snowball,相关,
10.1190/1.1821916,Nonlinear inverse scattering for multiple suppression: Application to real data. Part I,1992,,openalex_backward,(citation snowball),snowball,相关,
10.1190/1.1444298,An inverse-scattering series method for attenuating multiples in seismic reflection data,1997,Geophysics,openalex_forward,(citation snowball),snowball,待定,
10.1088/0266-5611/19/6/r01,Inverse scattering series and seismic exploration,2003,Inverse Problems,openalex_forward,(citation snowball),snowball,待定,
10.1190/1.1444912,Elimination of free-surface related multiples without need of the source wavelet,2001,Geophysics,openalex_forward,(citation snowball),snowball,待定,
10.1190/1.1925753,Removal of internal multiples with the common-focus-point (CFP) approach: Part 1 — Explanation of the theory,2005,Geophysics,openalex_forward,(citation snowball),snowball,相关,
10.1190/1.3626496,Elimination of land internal multiples based on the inverse scattering series,2011,The Leading Edge,openalex_forward,(citation snowball),snowball,待定,
10.1190/geo2019-0327.1,A field data example of Marchenko multiple elimination,2019,Geophysics,openalex_forward,(citation snowball),snowball,待定,
10.1190/geo2016-0162.1,Elastic internal multiple analysis and attenuation using Marchenko and interferometric methods,2017,Geophysics,openalex_forward,(citation snowball),snowball,相关,
10.1190/geo2014-0486.1,Multiples: Signal or noise?,2016,Geophysics,openalex_forward,(citation snowball),snowball,相关,
10.1190/geo2015-0330.1,Relating source-receiver interferometry to an inverse-scattering series to derive a new method to estimate internal multiples,2016,Geophysics,openalex_forward,(citation snowball),snowball,待定,
10.1046/j.1365-2478.1998.00090.x,Robust multiple suppression using adaptive beamforming,1998,Geophysical Prospecting,openalex_backward,(citation snowball),snowball,相关,
10.1190/1.1441172,Wave field extrapolation techniques in seismic migration; a tutorial,1981,Geophysics,openalex_backward,(citation snowball),snowball,待定,
10.1007/s11001-020-09409-7,Feature extraction based on the convolutional neural network for adaptive multiple subtraction,2020,Marine Geophysical Research,openalex_backward,(citation snowball),snowball,相关,
10.1190/geo2020-0862.1,Migration using sea surface-related multiples: Challenges and opportunities,2021,Geophysics,openalex_backward,(citation snowball),snowball,待定,
10.1007/s11770-021-0883-5,Multiple-suppression method using the λ-f domain high-resolution parabolic Radon transform with curvature magnification,2021,Applied Geophysics,openalex_backward,(citation snowball),snowball,相关,
10.1093/jge/gxab056,Multichannel adaptive deconvolution based on streaming prediction-error filter,2021,Journal of Geophysics and Engineering,openalex_backward,(citation snowball),snowball,相关,
10.1109/tnnls.2022.3205421,DeepSeg: Deep Segmental Denoising Neural Network for Seismic Data,2022,IEEE Transactions on Neural Networks and Learning Systems,openalex_backward,(citation snowball),snowball,相关,
10.3390/jmse11010227,Seismic Multiple Attenuation in the Continent–Ocean Transition Zone of the Northern South China Sea,2023,Journal of Marine Science and Engineering,openalex_backward,(citation snowball),snowball,相关,
10.1016/j.jappgeo.2026.106502,Physics-coherence-constrained hybrid swin-conv-Transformer for unsupervised seismic external source coherent noise suppression,2026,Journal of Applied Geophysics,openalex_forward,(citation snowball),snowball,相关,
10.1093/acprof:oso/9780198528418.001.0001,Numerical Methods for Image Registration,2003,,openalex_backward,(citation snowball),snowball,不相关,
10.1190/1.1444731,"Time-lapse (4-D) seismic monitoring of primary production of turbidite reservoirs at South Timbalier Block 295, offshore Louisiana, Gulf of Mexico",2000,Geophysics,openalex_backward,(citation snowball),snowball,待定,
10.1190/1.2752175,V p / V s ratio versus differential stress and rock consolidation — A comparison between rock models and time-lapse AVO data,2007,Geophysics,openalex_backward,(citation snowball),snowball,相关,
10.1190/1.2212227,A methodology for 7D warping and deformation monitoring using time-lapse seismic data,2006,Geophysics,openalex_backward,(citation snowball),snowball,待定,
10.1016/0012-8252(81)90044-1,"Quantitative seismology, theory and methods",1981,Earth-Science Reviews,openalex_backward,(citation snowball),snowball,待定,
10.1190/1.2370185,Fast local cross-correlations of images,2006,,openalex_backward,(citation snowball),snowball,不相关,
10.1088/1742-2132/10/3/035011,A new stochastic inversion workflow for time-lapse data: hybrid starting model and double-difference inversion,2013,Journal of Geophysics and Engineering,openalex_backward,(citation snowball),snowball,不相关,
10.1190/geo2011-0502.1,A prestack basis pursuit seismic inversion,2012,Geophysics,openalex_forward,(citation snowball),snowball,相关,
10.1016/j.petrol.2018.06.035,Utilization of multiobjective optimization for pulse testing dataset from a CO2-EOR/sequestration field,2018,Journal of Petroleum Science and Engineering,openalex_forward,(citation snowball),snowball,不相关,
10.1111/1365-2478.13022,Review Paper: Methods of measurement for 4D seismic post‐stack time shifts,2020,Geophysical Prospecting,openalex_forward,(citation snowball),snowball,待定,
10.2118/182641-ms,Parallel Multiobjective Optimization for the Coupled Compositional /Geomechanical Modeling of Pulse Testing,2017,SPE Reservoir Simulation Conference,openalex_forward,(citation snowball),snowball,不相关,
10.1016/j.ijggc.2015.07.033,Study of seismic diffractions caused by a fracture zone at In Salah carbon dioxide storage project,2015,International journal of greenhouse gas control,openalex_forward,(citation snowball),snowball,待定,
10.1190/segam2016-13870797.1,Time-lapse image registration using the stratigraphic-coordinate system,2016,,openalex_forward,(citation snowball),snowball,不相关,
10.1109/iccv.2015.164,Holistically-Nested Edge Detection,2015,,openalex_backward,(citation snowball),snowball,不相关,
10.48550/arxiv.1412.6980,Adam: A Method for Stochastic Optimization,2014,arXiv (Cornell University),openalex_backward,(citation snowball),snowball,不相关,
10.1002/2014jb011265,Fluid accumulation along the Costa Rica subduction thrust and development of the seismogenic zone,2014,Journal of Geophysical Research Solid Earth,openalex_backward,(citation snowball),snowball,不相关,
10.1016/0191-8141(83)90054-8,Displacement distribution along minor fault traces,1983,Journal of Structural Geology,openalex_backward,(citation snowball),snowball,待定,
10.1121/1.5133944,Machine learning in acoustics: Theory and applications,2019,The Journal of the Acoustical Society of America,openalex_forward,(citation snowball),snowball,不相关,
10.1029/2021rg000742,Deep Learning for Geophysics: Current and Future Trends,2021,Reviews of Geophysics,openalex_forward,(citation snowball),snowball,相关,
10.1126/science.abm4470,Deep-learning seismology,2022,Science,openalex_forward,(citation snowball),snowball,待定,
10.3390/math10152733,"Survey on Synthetic Data Generation, Evaluation Methods and GANs",2022,Mathematics,openalex_forward,(citation snowball),snowball,不相关,
10.1190/geo2018-0668.1,Deep learning for denoising,2019,Geophysics,openalex_forward,(citation snowball),snowball,相关,
10.1016/j.tust.2020.103677,"BIM, machine learning and computer vision techniques in underground construction: Current status and future perspectives",2020,Tunnelling and Underground Space Technology,openalex_forward,(citation snowball),snowball,不相关,
10.1190/geo2019-0375.1,Building realistic structure models to train convolutional neural networks for seismic structural interpretation,2019,Geophysics,openalex_forward,(citation snowball),snowball,相关,
10.1093/gji/ggab010,Solving the frequency-domain acoustic VTI wave equation using physics-informed neural networks,2021,Geophysical Journal International,openalex_forward,(citation snowball),snowball,不相关,
10.1190/int-2018-0235.1,SaltSeg: Automatic 3D salt segmentation using a deep convolutional neural network,2019,Interpretation,openalex_forward,(citation snowball),snowball,相关,
10.1190/geo2018-0884.1,Deep learning for low-frequency extrapolation from multioffset seismic data,2019,Geophysics,openalex_forward,(citation snowball),snowball,相关,
10.1190/1.3304821,AVO modeling of pressure-saturation effects in Weyburn CO2 sequestration,2010,The Leading Edge,openalex_backward,(citation snowball),snowball,待定,
10.1016/j.ijggc.2015.06.002,Developments in public communications on CCS,2015,International journal of greenhouse gas control,openalex_backward,(citation snowball),snowball,不相关,
10.1088/0370-1298/65/5/307,The Elastic Behaviour of a Crystalline Aggregate,1952,Proceedings of the Physical Society Section A,openalex_backward,(citation snowball),snowball,待定,
10.1190/1.1444973,Discrimination between pressure and fluid saturation changes from time-lapse seismic data,2001,Geophysics,openalex_backward,(citation snowball),snowball,待定,
10.1190/1.3304820,Quantitative analysis of time-lapse seismic monitoring data at the Sleipner CO2 storage operation,2010,The Leading Edge,openalex_backward,(citation snowball),snowball,待定,
10.1007/s00254-007-0943-z,Time-lapse crosswell seismic and VSP monitoring of injected CO2 in a brine aquifer,2007,Environmental Geology,openalex_backward,(citation snowball),snowball,待定,
10.1190/1.1820970,Time lapse seismic monitoring of the Draugen field,1999,,openalex_backward,(citation snowball),snowball,待定,
10.1016/j.ijggc.2013.01.047,Toward quantitative CO2 storage estimates from time-lapse 3D seismic travel times: An example from the IEA GHG Weyburn–Midale CO2 monitoring and storage project,2013,International journal of greenhouse gas control,openalex_backward,(citation snowball),snowball,待定,
10.1002/ghg.1306,Upscaling and its application in numerical simulation of long‐term CO2 storage,2012,Greenhouse Gases Science and Technology,openalex_backward,(citation snowball),snowball,不相关,
10.1021/acs.energyfuels.5c02370,Advances in Machine-Learning-Driven CO 2 Geological Storage: A Comprehensive Review and Outlook,2025,Energy & Fuels,openalex_forward,(citation snowball),snowball,不相关,
10.1007/s13369-025-10329-0,A Review of Data-Driven Machine Learning Applications in Reservoir Petrophysics,2025,Arabian Journal for Science and Engineering,openalex_forward,(citation snowball),snowball,待定,
10.1109/tgrs.2024.3389780,CO 2 Seg: Automatic CO 2 Segmentation From 4-D Seismic Image Using Convolutional Vision Transformer,2024,IEEE Transactions on Geoscience and Remote Sensing,openalex_forward,(citation snowball),snowball,相关,
10.1109/tgrs.2023.3308966,Time-Lapse Seismic Matching for CO₂ Plume Detection via Correlation-Based Recurrent Attention Network,2023,IEEE Transactions on Geoscience and Remote Sensing,openalex_forward,(citation snowball),snowball,相关,
10.1190/image2024-4094186.1,High-resolution seismic reservoir monitoring with multitask and transfer learning,2024,,openalex_forward,(citation snowball),snowball,待定,
10.1007/s11804-024-00440-3,Time-Lapse Full-Waveform Inversion Using Cross-Correlation-Based Dynamic Time Warping,2024,Journal of Marine Science and Application,openalex_forward,(citation snowball),snowball,不相关,
10.1190/int-2024-0026.1,Rock-physics-guided convolutional neural network for elastic impedance inversion in onshore clastic reservoirs,2025,Interpretation,openalex_forward,(citation snowball),snowball,相关,
10.1190/tle44120944.1,"How to differentiate between CO2 and CH4 in the subsurface using rock physics? A case study from the Thrace Basin, Türkiye",2025,The Leading Edge,openalex_forward,(citation snowball),snowball,待定,
10.1109/tgrs.2026.3663411,Time–Frequency Domain Joint Seismic Inversion for Fractured Porous Media Based on the Exact Graebner Equation,2026,IEEE Transactions on Geoscience and Remote Sensing,openalex_forward,(citation snowball),snowball,相关,
10.1109/jacc.1967.4169042,Bounds on the efficiency of analog-to-digital conversion,1967,IEEE Transactions on Automatic Control,openalex_backward,(citation snowball),snowball,不相关,
10.1190/1.1500385,Seismic trace interpolation in the f-x-y domain,2002,Geophysics,openalex_backward,(citation snowball),snowball,待定,
10.1016/j.sigpro.2009.04.013,Improved bispectrum based tests for Gaussianity and linearity,2009,Signal Processing,openalex_backward,(citation snowball),snowball,不相关,
10.1109/tsp.2010.2043971,Testing Stationarity With Surrogates: A Time-Frequency Approach,2010,IEEE Transactions on Signal Processing,openalex_backward,(citation snowball),snowball,不相关,
10.1023/a:1021216313892,Statistical tests for regional seismic phase characterizations,2003,Journal of Seismology,openalex_backward,(citation snowball),snowball,待定,
10.1111/j.1467-9892.1982.tb00339.x,TESTING FOR GAUSSIANITY AND LINEARITY OF A STATIONARY TIME SERIES,1982,Journal of Time Series Analysis,openalex_backward,(citation snowball),snowball,不相关,
10.1007/s10712-019-09530-2,Automated Data Selection in the Tau–p Domain: Application to Passive Surface Wave Imaging,2019,Surveys in Geophysics,openalex_forward,(citation snowball),snowball,待定,
10.1109/tgrs.2019.2938836,Low-Frequency Desert Noise Intelligent Suppression in Seismic Data Based on Multiscale Geometric Analysis Convolutional Neural Network,2019,IEEE Transactions on Geoscience and Remote Sensing,openalex_forward,(citation snowball),snowball,相关,
10.1049/iet-gtd.2018.5780,Power‐quality disturbance recognition based on time‐frequency analysis and decision tree,2018,IET Generation Transmission & Distribution,openalex_forward,(citation snowball),snowball,不相关,
10.1016/j.cageo.2021.104802,Random noise attenuation in seismic data using Hankel sparse low-rank approximation,2021,Computers & Geosciences,openalex_forward,(citation snowball),snowball,相关,
10.1016/j.marpetgeo.2022.105980,Imaging of small-scale faults in seismic reflection data: Insights from seismic modelling of faults in outcrop,2022,Marine and Petroleum Geology,openalex_forward,(citation snowball),snowball,待定,
10.1109/tgrs.2022.3149545,Ground Truth-Free 3-D Seismic Random Noise Attenuation via Deep Tensor Convolutional Neural Networks in the Time-Frequency Domain,2022,IEEE Transactions on Geoscience and Remote Sensing,openalex_forward,(citation snowball),snowball,相关,
10.1109/tgrs.2019.2954949,Seismic Signal Enhancement and Noise Suppression Using Structure-Adaptive Nonlinear Complex Diffusion,2019,IEEE Transactions on Geoscience and Remote Sensing,openalex_forward,(citation snowball),snowball,相关,
10.1109/tgrs.2021.3086317,Low-Frequency Seismic Noise Reduction Based on Deep Complex Reaction–Diffusion Model,2021,IEEE Transactions on Geoscience and Remote Sensing,openalex_forward,(citation snowball),snowball,相关,
10.1109/tgrs.2023.3279866,Seismic Random Noise Suppression Model Based on Downsampling and Superresolution,2023,IEEE Transactions on Geoscience and Remote Sensing,openalex_forward,(citation snowball),snowball,相关,
10.1007/978-3-642-59223-2_9,Curve and Surface Fitting,1997,Monographs in visual communication,openalex_backward,(citation snowball),snowball,不相关,
10.1016/j.physa.2007.08.062,Optimal wavelet filter for suppression of coherent noise with an application to seismic data,2007,Physica A Statistical Mechanics and its Applications,openalex_backward,(citation snowball),snowball,相关,
10.1016/j.acha.2005.02.003,Continuous curvelet transform,2005,Applied and Computational Harmonic Analysis,openalex_backward,(citation snowball),snowball,不相关,
10.1016/s0378-4371(02)01379-1,Seismic ground roll time–frequency filtering using the gaussian wavelet transform,2003,Physica A Statistical Mechanics and its Applications,openalex_backward,(citation snowball),snowball,相关,
10.1016/j.physa.2006.04.095,Extremum criteria for optimal suppression of coherent noise in seismic data using the Karhunen–Loève transform,2006,Physica A Statistical Mechanics and its Applications,openalex_backward,(citation snowball),snowball,相关,
10.1007/s10596-008-9091-0,Karhunen–Loève spectral analysis in multiresolution decomposition,2008,Computational Geosciences,openalex_backward,(citation snowball),snowball,不相关,
10.1002/cpa.10116,New tight frames of curvelets and optimal representations of objects with piecewise C 2 singularities,2003,Communications on Pure and Applied Mathematics,openalex_backward,(citation snowball),snowball,不相关,
10.1190/1.1444290,Ground-roll suppression using the wavelet transform,1997,Geophysics,openalex_backward,(citation snowball),snowball,相关,
10.1016/j.ijmst.2017.09.001,Alternative techniques for forecasting mineral commodity prices,2017,International Journal of Mining Science and Technology,openalex_forward,(citation snowball),snowball,不相关,
10.1016/j.jisa.2023.103541,Towards improving the performance of blind image steganalyzer using third-order SPAM features and ensemble classifier,2023,Journal of Information Security and Applications,openalex_forward,(citation snowball),snowball,不相关,
10.1109/tgrs.2016.2618848,An Efficient Undersampled High-Resolution Radon Transform for Exploration Seismic Data Processing,2016,IEEE Transactions on Geoscience and Remote Sensing,openalex_forward,(citation snowball),snowball,待定,
10.1109/jstars.2017.2685628,Wavelet-Based Higher Order Correlative Stacking for Seismic Data Denoising in the Curvelet Domain,2017,IEEE Journal of Selected Topics in Applied Earth Observations and Remote Sensing,openalex_forward,(citation snowball),snowball,相关,
10.1016/j.gr.2021.12.004,"Magmatic, hydrothermal and ore element transfer processes of the southeastern Archean Superior Province implied from electrical resistivity structure",2021,Gondwana Research,openalex_forward,(citation snowball),snowball,不相关,
10.1016/j.cageo.2024.105519,Denoising sparker seismic data with Deep BiLSTM in fractional Fourier transform,2024,Computers & Geosciences,openalex_forward,(citation snowball),snowball,相关,
10.1016/j.jappgeo.2018.02.016,Ground roll attenuation by synchrosqueezed curvelet transform,2018,Journal of Applied Geophysics,openalex_forward,(citation snowball),snowball,相关,
10.1016/j.resourpol.2015.03.011,Forecasting metal prices with a curvelet based multiscale methodology,2015,Resources Policy,openalex_forward,(citation snowball),snowball,不相关,
10.1088/1742-2132/12/3/419,Curvelet domain denoising based on kurtosis characteristics,2015,Journal of Geophysics and Engineering,openalex_forward,(citation snowball),snowball,相关,
10.1007/s11770-010-0244-2,Seismic noise attenuation using nonstationary polynomial fitting,2011,Applied Geophysics,openalex_backward,(citation snowball),snowball,相关,
10.1134/s1061830907030096,Noise suppression and flaw detection of ultrasonic signals via empirical mode decomposition,2007,Russian Journal of Nondestructive Testing,openalex_backward,(citation snowball),snowball,相关,
10.1046/j.1365-2478.1997.00347.x,Improving the performance of f–x prediction filtering at low signal‐to‐noise ratios,1997,Geophysical Prospecting,openalex_backward,(citation snowball),snowball,不相关,
10.1007/s11770-009-0013-2,Noncausal spatial prediction filtering based on an ARMA model,2009,Applied Geophysics,openalex_backward,(citation snowball),snowball,不相关,
10.1007/s11770-011-0300-6,Seismic data denoising based on mixed time-frequency methods,2011,Applied Geophysics,openalex_backward,(citation snowball),snowball,相关,
10.1190/geo2015-0598.1,Automatic microseismic denoising and onset detection using the synchrosqueezed continuous wavelet transform,2016,Geophysics,openalex_forward,(citation snowball),snowball,相关,
10.1190/geo2015-0264.1,Damped multichannel singular spectrum analysis for 3D random noise attenuation,2016,Geophysics,openalex_forward,(citation snowball),snowball,相关,
10.1190/geo2013-0449.1,Iterative deblending of simultaneous-source seismic data using seislet-domain shaping regularization,2014,Geophysics,openalex_forward,(citation snowball),snowball,待定,
10.1190/geo2014-0525.1,Double-sparsity dictionary for seismic noise attenuation,2016,Geophysics,openalex_forward,(citation snowball),snowball,相关,
10.1109/tgrs.2017.2730228,Seismic Random Noise Attenuation Using Synchrosqueezed Wavelet Transform and Low-Rank Signal Matrix Approximation,2017,IEEE Transactions on Geoscience and Remote Sensing,openalex_forward,(citation snowball),snowball,相关,
10.1190/1.1889540,Lp -norm deconvolution,1989,,openalex_backward,(citation snowball),snowball,待定,
10.1190/1.9781560802624,Offset-Dependent Reflectivity—Theory and Practice of AVO Analysis,1993,Society of Exploration Geophysicists eBooks,openalex_backward,(citation snowball),snowball,待定,
10.1190/1.1440668,V p /V s ; a potential hydrocarbon indicator,1976,Geophysics,openalex_backward,(citation snowball),snowball,不相关,
10.1190/1.9781560801993,Seismic Amplitude Interpretation,2001,Society of Exploration Geophysicists and European Association of Geoscientists and Engineers eBooks,openalex_backward,(citation snowball),snowball,待定,
10.1190/1.1886142,Estimating porosity from 3D seismic inversion and 3D geostatistics,1997,,openalex_backward,(citation snowball),snowball,相关,
10.1190/1.1438434,"Trace-based and geostatistical inversion of 3-D seismic data for thin-sand delineation: An application in San Jorge Basin, Argentina",1999,The Leading Edge,openalex_backward,(citation snowball),snowball,相关,
10.1190/1.1815683,Estimation and interpretation of P and S impedance volumes from simultaneous inversion of P-wave offset seismic data,2000,,openalex_backward,(citation snowball),snowball,相关,
10.1111/j.1365-2478.1962.tb02016.x,REFLECTION AND TRANSMISSION COEFFICIENTS FOR PLANE LONGITUDINAL INCIDENT WAVES,1962,Geophysical Prospecting,openalex_backward,(citation snowball),snowball,待定,
10.1190/1.1891906,Amplitude versus offset: A review,1987,,openalex_backward,(citation snowball),snowball,待定,
10.1190/geo2016-0377.1,Deconvolutive Radon transform,2017,Geophysics,openalex_forward,(citation snowball),snowball,不相关,
10.1111/1365-2478.12580,Diffraction imaging by prestack reverse‐time migration in the dip‐angle domain,2017,Geophysical Prospecting,openalex_forward,(citation snowball),snowball,待定,
10.1190/geo2020-0847.1,Extraction of diffractions from seismic data using convolutional U-net and transfer learning,2021,Geophysics,openalex_forward,(citation snowball),snowball,相关,
10.1111/1365-2478.13443,Attenuating free‐surface multiples and ghost reflection from seismic data using a trace‐by‐trace convolutional neural network approach,2023,Geophysical Prospecting,openalex_forward,(citation snowball),snowball,相关,
10.1016/j.earscirev.2024.104792,Systematic literature review on seismic diffraction imaging,2024,Earth-Science Reviews,openalex_forward,(citation snowball),snowball,待定,
10.1029/2024ea003565,Low‐Frequency Reconstruction for Full Waveform Inversion by Unsupervised Learning,2024,Earth and Space Science,openalex_forward,(citation snowball),snowball,不相关,
10.1016/j.jappgeo.2016.11.003,Comparison between deterministic and statistical wavelet estimation methods through predictive deconvolution: Seismic to well tie example from the North Sea,2016,Journal of Applied Geophysics,openalex_forward,(citation snowball),snowball,相关,
10.1190/1.2399353,Sensitivity analysis of data-related factors controlling AVA simultaneous inversion of partially stacked seismic amplitude data: Application to deepwater hydrocarbon reservoirs in the central Gulf of Mexico,2006,Geophysics,openalex_forward,(citation snowball),snowball,相关,
10.9790/0990-02218696,Petro physical analysis of among hydrocarbon field fluid and lithofaciesusing Well Log Data,2014,IOSR Journal of Applied Geology and Geophysic,openalex_forward,(citation snowball),snowball,待定,
10.1201/9780203734032-20,A Nonlinear Squeezing of the Continuous Wavelet Transform Based on Auditory Nerve Models,2017,,openalex_backward,(citation snowball),snowball,待定,
10.1109/tsp.2004.823510,Signal Enhancement by Time-Frequency Peak Filtering,2004,IEEE Transactions on Signal Processing,openalex_backward,(citation snowball),snowball,不相关,
10.1201/9780203734032,WAVELETS in Medicine and Biology,2017,,openalex_backward,(citation snowball),snowball,待定,
10.1016/c2012-0-00024-5,Time-Frequency Signal Analysis and Processing: A Comprehensive Reference,2015,,openalex_backward,(citation snowball),snowball,不相关,
10.1142/s179353691100074x,ONE OR TWO FREQUENCIES? THE SYNCHROSQUEEZING ANSWERS,2011,Advances in Adaptive Data Analysis,openalex_backward,(citation snowball),snowball,不相关,
10.1190/1.1443920,Lateral prediction for noise attenuation by t-x and f-x techniques,1995,Geophysics,openalex_backward,(citation snowball),snowball,相关,
10.1016/0165-1684(91)90058-q,The SVD and reduced rank signal processing,1991,Signal Processing,openalex_backward,(citation snowball),snowball,不相关,
10.1190/geo2013-0382.1,Simultaneous dictionary learning and denoising for seismic data,2014,Geophysics,openalex_backward,(citation snowball),snowball,相关,
10.1109/tit.2014.2311661,"OptShrink: An Algorithm for Improved Low-Rank Signal Matrix Denoising by Optimal, Data-Driven Singular Value Shrinkage",2014,IEEE Transactions on Information Theory,openalex_backward,(citation snowball),snowball,相关,
10.1016/j.sigpro.2017.06.017,Simultaneous denoising and interpolation of 2D seismic data using data-driven non-negative dictionary learning,2017,Signal Processing,openalex_forward,(citation snowball),snowball,相关,
10.1190/geo2017-0084.1,Data-driven multitask sparse dictionary learning for noise attenuation of 3D seismic data,2017,Geophysics,openalex_forward,(citation snowball),snowball,相关,
10.1109/tgrs.2019.2928715,Seismic Noise Attenuation Using Unsupervised Sparse Feature Learning,2019,IEEE Transactions on Geoscience and Remote Sensing,openalex_forward,(citation snowball),snowball,相关,
10.1190/geo2018-0596.1,Dictionary learning based on dip patch selection training for random noise attenuation,2019,Geophysics,openalex_forward,(citation snowball),snowball,相关,
10.1016/j.jappgeo.2018.09.025,Automatic noise attenuation based on clustering and empirical wavelet transform,2018,Journal of Applied Geophysics,openalex_forward,(citation snowball),snowball,相关,
10.1109/lgrs.2021.3053760,Deep Learning Prior Model for Unsupervised Seismic Data Random Noise Attenuation,2021,IEEE Geoscience and Remote Sensing Letters,openalex_forward,(citation snowball),snowball,相关,
10.1016/j.dsp.2020.102934,Application of the local maximum synchrosqueezing transform for seismic data,2020,Digital Signal Processing,openalex_forward,(citation snowball),snowball,待定,
10.1093/gji/ggx422,Seismic noise attenuation using an online subspace tracking algorithm,2017,Geophysical Journal International,openalex_forward,(citation snowball),snowball,相关,
10.1201/b16841,Using R for Numerical Analysis in Science and Engineering,2014,,openalex_backward,(citation snowball),snowball,不相关,
10.1109/isspit.2003.1341103,Seismic signal denoising using model selection,2004,,openalex_backward,(citation snowball),snowball,相关,
10.1111/j.1365-2478.2010.00893.x,Testing the ability of surface arrays to monitor microseismic activity,2010,Geophysical Prospecting,openalex_backward,(citation snowball),snowball,待定,
10.1190/geo2015-0242.1,Surface microseismic imaging in the presence of high-velocity lithologic layers,2015,Geophysics,openalex_backward,(citation snowball),snowball,待定,
10.1190/geo2015-0068.1,Microseismic event location using the first and reflected arrivals,2015,Geophysics,openalex_backward,(citation snowball),snowball,待定,
10.1080/01621459.1993.10476414,"Deconvolution, Bandwidth, and the Trispectrum",1993,Journal of the American Statistical Association,openalex_backward,(citation snowball),snowball,待定,
10.1016/j.jappgeo.2014.04.013,Efficiency of complex trace analysis to attenuate ground-roll noise from seismic data,2014,Journal of Applied Geophysics,openalex_backward,(citation snowball),snowball,相关,
10.1093/gji/ggs031,A statistical strategy for ambient seismic wavefield analysis: investigating correlations to a hydrocarbon reservoir,2012,Geophysical Journal International,openalex_backward,(citation snowball),snowball,待定,
10.3997/2214-4609.20144485,Wind and Rain Induced Noise on Reflection Seismic Data,2011,Proceedings,openalex_backward,(citation snowball),snowball,相关,
10.1016/j.earscirev.2023.104371,Machine learning in microseismic monitoring,2023,Earth-Science Reviews,openalex_forward,(citation snowball),snowball,待定,
10.1109/tgrs.2022.3185794,Multi-Task Learning for Low-Frequency Extrapolation and Elastic Model Building From Seismic Data,2022,IEEE Transactions on Geoscience and Remote Sensing,openalex_forward,(citation snowball),snowball,待定,
10.1002/2017jb014488,Microseismic Monitoring of Stimulating Shale Gas Reservoir in SW China: 1. An Improved Matching and Locating Technique for Downhole Monitoring,2018,Journal of Geophysical Research Solid Earth,openalex_forward,(citation snowball),snowball,待定,
10.1093/gji/ggx518,Microseismic source locations with deconvolution migration,2017,Geophysical Journal International,openalex_forward,(citation snowball),snowball,待定,
10.1093/gji/ggy132,Automated seismic waveform location using multichannel coherency migration (MCM)–I: theory,2018,Geophysical Journal International,openalex_forward,(citation snowball),snowball,待定,
10.1016/j.ijggc.2018.02.007,Assessing the potential to use repeated ambient noise seismic tomography to detect CO2 leaks: Application to the Aquistore storage site,2018,International journal of greenhouse gas control,openalex_forward,(citation snowball),snowball,相关,
10.1016/j.ijggc.2018.05.016,Is CO2 injection at Aquistore aseismic? A combined seismological and geomechanical study of early injection operations,2018,International journal of greenhouse gas control,openalex_forward,(citation snowball),snowball,待定,
10.3389/feart.2022.1053279,"Transfer learning for self-supervised, blind-spot seismic denoising",2022,Frontiers in Earth Science,openalex_forward,(citation snowball),snowball,相关,
10.1190/geo2022-0371.1,Trace-wise coherent noise suppression via a self-supervised blind-trace deep-learning scheme,2023,Geophysics,openalex_forward,(citation snowball),snowball,相关,
